as_of_date,country,iso3,country_evidence_tier,strict_insured_loss_screen,el_nino_episode_s,peril_or_event,el_nino_link_strength,economic_loss_reported,insured_loss_reported,loss_currency,loss_and_attribution_notes,event_source_url,company_name,ticker,us_trading_venue,security_type,issuer_home_country,insurance_role,life_insurance,property_insurance,natural_catastrophe_or_reinsurance,agriculture_insurance,operation_source_url,massive_access_status,massive_access_basis,massive_ticker_overview_url,ticker_verification_notes,screen_methodology,episode_universe,completeness_note,attached_report_used
2026-09-13,United States,USA,STRICT,Yes,1997-1998,Winter storms; floods; tornadoes,High,$4bn direct losses,>$375m derived lower bound,USD,"The source reports 15 insurance catastrophes, each above $25m, implying an aggregate lower bound above $375m; this is a derived minimum, not a published total.",https://repository.library.noaa.gov/view/noaa/17481,Chubb Limited,CB,NYSE,Common stock,Switzerland,Direct insurer,No,Yes,Yes,Yes,https://www.chubb.com/latam-microsites/latam-amigo-seguro.html,Coverage-inferred; not API-key queried,Active U.S. exchange/OTC security; Massive advertises all U.S. exchange and OTC stock coverage. Confirm entitlement for the user's plan.,https://api.massive.com/v3/reference/tickers/CB,Active U.S. listing independently checked on 2026-09-13.,STRICT requires a documented El Nino/ENSO-linked country event with at least US$100m equivalent insured loss (or a defensible lower bound). SEVERE_PROTECTION_GAP covers severe impact where comparable insured-loss data was unavailable.,1997-1998; 2002-2003; 2004-2005; 2006-2007; 2009-2010; 2014-2016; 2018-2019; 2023-2024. Some weak episodes produced no country passing the strict public-data screen.,"Best-effort public-source screen; no free source provides an exhaustive global insured-loss database plus licensing roster linked to Massive. Includes every qualifying issuer found, not a legal guarantee of completeness.",No
2026-09-13,United States,USA,STRICT,Yes,1997-1998,Winter storms; floods; tornadoes,High,$4bn direct losses,>$375m derived lower bound,USD,"The source reports 15 insurance catastrophes, each above $25m, implying an aggregate lower bound above $375m; this is a derived minimum, not a published total.",https://repository.library.noaa.gov/view/noaa/17481,"American International Group, Inc.",AIG,NYSE,Common stock,United States,Direct insurer,No,Yes,Yes,Yes,https://www.aig.com/home/about,Coverage-inferred; not API-key queried,Active U.S. exchange/OTC security; Massive advertises all U.S. exchange and OTC stock coverage. Confirm entitlement for the user's plan.,https://api.massive.com/v3/reference/tickers/AIG,Active U.S. listing independently checked on 2026-09-13.,STRICT requires a documented El Nino/ENSO-linked country event with at least US$100m equivalent insured loss (or a defensible lower bound). SEVERE_PROTECTION_GAP covers severe impact where comparable insured-loss data was unavailable.,1997-1998; 2002-2003; 2004-2005; 2006-2007; 2009-2010; 2014-2016; 2018-2019; 2023-2024. Some weak episodes produced no country passing the strict public-data screen.,"Best-effort public-source screen; no free source provides an exhaustive global insured-loss database plus licensing roster linked to Massive. Includes every qualifying issuer found, not a legal guarantee of completeness.",No
2026-09-13,United States,USA,STRICT,Yes,1997-1998,Winter storms; floods; tornadoes,High,$4bn direct losses,>$375m derived lower bound,USD,"The source reports 15 insurance catastrophes, each above $25m, implying an aggregate lower bound above $375m; this is a derived minimum, not a published total.",https://repository.library.noaa.gov/view/noaa/17481,"MetLife, Inc.",MET,NYSE,Common stock,United States,Direct insurer,Yes,Limited,No,No,https://www.metlife.com/about-us/corporate-profile/,Coverage-inferred; not API-key queried,Active U.S. exchange/OTC security; Massive advertises all U.S. exchange and OTC stock coverage. Confirm entitlement for the user's plan.,https://api.massive.com/v3/reference/tickers/MET,Active U.S. listing independently checked on 2026-09-13.,STRICT requires a documented El Nino/ENSO-linked country event with at least US$100m equivalent insured loss (or a defensible lower bound). SEVERE_PROTECTION_GAP covers severe impact where comparable insured-loss data was unavailable.,1997-1998; 2002-2003; 2004-2005; 2006-2007; 2009-2010; 2014-2016; 2018-2019; 2023-2024. Some weak episodes produced no country passing the strict public-data screen.,"Best-effort public-source screen; no free source provides an exhaustive global insured-loss database plus licensing roster linked to Massive. Includes every qualifying issuer found, not a legal guarantee of completeness.",No
2026-09-13,United States,USA,STRICT,Yes,1997-1998,Winter storms; floods; tornadoes,High,$4bn direct losses,>$375m derived lower bound,USD,"The source reports 15 insurance catastrophes, each above $25m, implying an aggregate lower bound above $375m; this is a derived minimum, not a published total.",https://repository.library.noaa.gov/view/noaa/17481,"Prudential Financial, Inc.",PRU,NYSE,Common stock,United States,Direct insurer,Yes,No,No,No,https://www.prudential.com/about,Coverage-inferred; not API-key queried,Active U.S. exchange/OTC security; Massive advertises all U.S. exchange and OTC stock coverage. Confirm entitlement for the user's plan.,https://api.massive.com/v3/reference/tickers/PRU,Active U.S. listing independently checked on 2026-09-13.,STRICT requires a documented El Nino/ENSO-linked country event with at least US$100m equivalent insured loss (or a defensible lower bound). SEVERE_PROTECTION_GAP covers severe impact where comparable insured-loss data was unavailable.,1997-1998; 2002-2003; 2004-2005; 2006-2007; 2009-2010; 2014-2016; 2018-2019; 2023-2024. Some weak episodes produced no country passing the strict public-data screen.,"Best-effort public-source screen; no free source provides an exhaustive global insured-loss database plus licensing roster linked to Massive. Includes every qualifying issuer found, not a legal guarantee of completeness.",No
2026-09-13,United States,USA,STRICT,Yes,1997-1998,Winter storms; floods; tornadoes,High,$4bn direct losses,>$375m derived lower bound,USD,"The source reports 15 insurance catastrophes, each above $25m, implying an aggregate lower bound above $375m; this is a derived minimum, not a published total.",https://repository.library.noaa.gov/view/noaa/17481,The Allstate Corporation,ALL,NYSE,Common stock,United States,Direct insurer,No,Yes,Yes,No,https://www.allstate.com/home-insurance,Coverage-inferred; not API-key queried,Active U.S. exchange/OTC security; Massive advertises all U.S. exchange and OTC stock coverage. Confirm entitlement for the user's plan.,https://api.massive.com/v3/reference/tickers/ALL,Active U.S. listing independently checked on 2026-09-13.,STRICT requires a documented El Nino/ENSO-linked country event with at least US$100m equivalent insured loss (or a defensible lower bound). SEVERE_PROTECTION_GAP covers severe impact where comparable insured-loss data was unavailable.,1997-1998; 2002-2003; 2004-2005; 2006-2007; 2009-2010; 2014-2016; 2018-2019; 2023-2024. Some weak episodes produced no country passing the strict public-data screen.,"Best-effort public-source screen; no free source provides an exhaustive global insured-loss database plus licensing roster linked to Massive. Includes every qualifying issuer found, not a legal guarantee of completeness.",No
2026-09-13,United States,USA,STRICT,Yes,1997-1998,Winter storms; floods; tornadoes,High,$4bn direct losses,>$375m derived lower bound,USD,"The source reports 15 insurance catastrophes, each above $25m, implying an aggregate lower bound above $375m; this is a derived minimum, not a published total.",https://repository.library.noaa.gov/view/noaa/17481,"The Travelers Companies, Inc.",TRV,NYSE,Common stock,United States,Direct insurer,No,Yes,Yes,No,https://www.travelers.com/home-insurance,Coverage-inferred; not API-key queried,Active U.S. exchange/OTC security; Massive advertises all U.S. exchange and OTC stock coverage. Confirm entitlement for the user's plan.,https://api.massive.com/v3/reference/tickers/TRV,Active U.S. listing independently checked on 2026-09-13.,STRICT requires a documented El Nino/ENSO-linked country event with at least US$100m equivalent insured loss (or a defensible lower bound). SEVERE_PROTECTION_GAP covers severe impact where comparable insured-loss data was unavailable.,1997-1998; 2002-2003; 2004-2005; 2006-2007; 2009-2010; 2014-2016; 2018-2019; 2023-2024. Some weak episodes produced no country passing the strict public-data screen.,"Best-effort public-source screen; no free source provides an exhaustive global insured-loss database plus licensing roster linked to Massive. Includes every qualifying issuer found, not a legal guarantee of completeness.",No
2026-09-13,United States,USA,STRICT,Yes,1997-1998,Winter storms; floods; tornadoes,High,$4bn direct losses,>$375m derived lower bound,USD,"The source reports 15 insurance catastrophes, each above $25m, implying an aggregate lower bound above $375m; this is a derived minimum, not a published total.",https://repository.library.noaa.gov/view/noaa/17481,The Progressive Corporation,PGR,NYSE,Common stock,United States,Direct insurer,No,Yes,Yes,No,https://www.progressive.com/homeowners/,Coverage-inferred; not API-key queried,Active U.S. exchange/OTC security; Massive advertises all U.S. exchange and OTC stock coverage. Confirm entitlement for the user's plan.,https://api.massive.com/v3/reference/tickers/PGR,Active U.S. listing independently checked on 2026-09-13.,STRICT requires a documented El Nino/ENSO-linked country event with at least US$100m equivalent insured loss (or a defensible lower bound). SEVERE_PROTECTION_GAP covers severe impact where comparable insured-loss data was unavailable.,1997-1998; 2002-2003; 2004-2005; 2006-2007; 2009-2010; 2014-2016; 2018-2019; 2023-2024. Some weak episodes produced no country passing the strict public-data screen.,"Best-effort public-source screen; no free source provides an exhaustive global insured-loss database plus licensing roster linked to Massive. Includes every qualifying issuer found, not a legal guarantee of completeness.",No
2026-09-13,United States,USA,STRICT,Yes,1997-1998,Winter storms; floods; tornadoes,High,$4bn direct losses,>$375m derived lower bound,USD,"The source reports 15 insurance catastrophes, each above $25m, implying an aggregate lower bound above $375m; this is a derived minimum, not a published total.",https://repository.library.noaa.gov/view/noaa/17481,"The Hartford Financial Services Group, Inc.",HIG,NYSE,Common stock,United States,Direct insurer,Limited,Yes,Yes,No,https://www.thehartford.com/about-us,Coverage-inferred; not API-key queried,Active U.S. exchange/OTC security; Massive advertises all U.S. exchange and OTC stock coverage. Confirm entitlement for the user's plan.,https://api.massive.com/v3/reference/tickers/HIG,Active U.S. listing independently checked on 2026-09-13.,STRICT requires a documented El Nino/ENSO-linked country event with at least US$100m equivalent insured loss (or a defensible lower bound). SEVERE_PROTECTION_GAP covers severe impact where comparable insured-loss data was unavailable.,1997-1998; 2002-2003; 2004-2005; 2006-2007; 2009-2010; 2014-2016; 2018-2019; 2023-2024. Some weak episodes produced no country passing the strict public-data screen.,"Best-effort public-source screen; no free source provides an exhaustive global insured-loss database plus licensing roster linked to Massive. Includes every qualifying issuer found, not a legal guarantee of completeness.",No
2026-09-13,United States,USA,STRICT,Yes,1997-1998,Winter storms; floods; tornadoes,High,$4bn direct losses,>$375m derived lower bound,USD,"The source reports 15 insurance catastrophes, each above $25m, implying an aggregate lower bound above $375m; this is a derived minimum, not a published total.",https://repository.library.noaa.gov/view/noaa/17481,CNA Financial Corporation,CNA,NYSE,Common stock,United States,Direct insurer,No,Yes,Yes,No,https://www.cna.com/web/guest/cna/about,Coverage-inferred; not API-key queried,Active U.S. exchange/OTC security; Massive advertises all U.S. exchange and OTC stock coverage. Confirm entitlement for the user's plan.,https://api.massive.com/v3/reference/tickers/CNA,Active U.S. listing independently checked on 2026-09-13.,STRICT requires a documented El Nino/ENSO-linked country event with at least US$100m equivalent insured loss (or a defensible lower bound). SEVERE_PROTECTION_GAP covers severe impact where comparable insured-loss data was unavailable.,1997-1998; 2002-2003; 2004-2005; 2006-2007; 2009-2010; 2014-2016; 2018-2019; 2023-2024. Some weak episodes produced no country passing the strict public-data screen.,"Best-effort public-source screen; no free source provides an exhaustive global insured-loss database plus licensing roster linked to Massive. Includes every qualifying issuer found, not a legal guarantee of completeness.",No
2026-09-13,United States,USA,STRICT,Yes,1997-1998,Winter storms; floods; tornadoes,High,$4bn direct losses,>$375m derived lower bound,USD,"The source reports 15 insurance catastrophes, each above $25m, implying an aggregate lower bound above $375m; this is a derived minimum, not a published total.",https://repository.library.noaa.gov/view/noaa/17481,Arch Capital Group Ltd.,ACGL,Nasdaq,Common stock,Bermuda,Insurer and reinsurer,No,Yes,Yes,Yes,https://www.archgroup.com/about/,Coverage-inferred; not API-key queried,Active U.S. exchange/OTC security; Massive advertises all U.S. exchange and OTC stock coverage. Confirm entitlement for the user's plan.,https://api.massive.com/v3/reference/tickers/ACGL,Active U.S. listing independently checked on 2026-09-13.,STRICT requires a documented El Nino/ENSO-linked country event with at least US$100m equivalent insured loss (or a defensible lower bound). SEVERE_PROTECTION_GAP covers severe impact where comparable insured-loss data was unavailable.,1997-1998; 2002-2003; 2004-2005; 2006-2007; 2009-2010; 2014-2016; 2018-2019; 2023-2024. Some weak episodes produced no country passing the strict public-data screen.,"Best-effort public-source screen; no free source provides an exhaustive global insured-loss database plus licensing roster linked to Massive. Includes every qualifying issuer found, not a legal guarantee of completeness.",No
2026-09-13,United States,USA,STRICT,Yes,1997-1998,Winter storms; floods; tornadoes,High,$4bn direct losses,>$375m derived lower bound,USD,"The source reports 15 insurance catastrophes, each above $25m, implying an aggregate lower bound above $375m; this is a derived minimum, not a published total.",https://repository.library.noaa.gov/view/noaa/17481,"Everest Group, Ltd.",EG,NYSE,Common stock,Bermuda,Insurer and reinsurer,No,Yes,Yes,Yes,https://www.everestglobal.com/us-en/about-us,Coverage-inferred; not API-key queried,Active U.S. exchange/OTC security; Massive advertises all U.S. exchange and OTC stock coverage. Confirm entitlement for the user's plan.,https://api.massive.com/v3/reference/tickers/EG,Active U.S. listing independently checked on 2026-09-13.,STRICT requires a documented El Nino/ENSO-linked country event with at least US$100m equivalent insured loss (or a defensible lower bound). SEVERE_PROTECTION_GAP covers severe impact where comparable insured-loss data was unavailable.,1997-1998; 2002-2003; 2004-2005; 2006-2007; 2009-2010; 2014-2016; 2018-2019; 2023-2024. Some weak episodes produced no country passing the strict public-data screen.,"Best-effort public-source screen; no free source provides an exhaustive global insured-loss database plus licensing roster linked to Massive. Includes every qualifying issuer found, not a legal guarantee of completeness.",No
2026-09-13,United States,USA,STRICT,Yes,1997-1998,Winter storms; floods; tornadoes,High,$4bn direct losses,>$375m derived lower bound,USD,"The source reports 15 insurance catastrophes, each above $25m, implying an aggregate lower bound above $375m; this is a derived minimum, not a published total.",https://repository.library.noaa.gov/view/noaa/17481,RenaissanceRe Holdings Ltd.,RNR,NYSE,Common stock,Bermuda,Reinsurer,No,Yes,Yes,No,https://www.renre.com/about-us/,Coverage-inferred; not API-key queried,Active U.S. exchange/OTC security; Massive advertises all U.S. exchange and OTC stock coverage. Confirm entitlement for the user's plan.,https://api.massive.com/v3/reference/tickers/RNR,Active U.S. listing independently checked on 2026-09-13.,STRICT requires a documented El Nino/ENSO-linked country event with at least US$100m equivalent insured loss (or a defensible lower bound). SEVERE_PROTECTION_GAP covers severe impact where comparable insured-loss data was unavailable.,1997-1998; 2002-2003; 2004-2005; 2006-2007; 2009-2010; 2014-2016; 2018-2019; 2023-2024. Some weak episodes produced no country passing the strict public-data screen.,"Best-effort public-source screen; no free source provides an exhaustive global insured-loss database plus licensing roster linked to Massive. Includes every qualifying issuer found, not a legal guarantee of completeness.",No
2026-09-13,United States,USA,STRICT,Yes,1997-1998,Winter storms; floods; tornadoes,High,$4bn direct losses,>$375m derived lower bound,USD,"The source reports 15 insurance catastrophes, each above $25m, implying an aggregate lower bound above $375m; this is a derived minimum, not a published total.",https://repository.library.noaa.gov/view/noaa/17481,AXIS Capital Holdings Limited,AXS,NYSE,Common stock,Bermuda,Insurer and reinsurer,No,Yes,Yes,Yes,https://www.axiscapital.com/about-axis,Coverage-inferred; not API-key queried,Active U.S. exchange/OTC security; Massive advertises all U.S. exchange and OTC stock coverage. Confirm entitlement for the user's plan.,https://api.massive.com/v3/reference/tickers/AXS,Active U.S. listing independently checked on 2026-09-13.,STRICT requires a documented El Nino/ENSO-linked country event with at least US$100m equivalent insured loss (or a defensible lower bound). SEVERE_PROTECTION_GAP covers severe impact where comparable insured-loss data was unavailable.,1997-1998; 2002-2003; 2004-2005; 2006-2007; 2009-2010; 2014-2016; 2018-2019; 2023-2024. Some weak episodes produced no country passing the strict public-data screen.,"Best-effort public-source screen; no free source provides an exhaustive global insured-loss database plus licensing roster linked to Massive. Includes every qualifying issuer found, not a legal guarantee of completeness.",No
2026-09-13,United States,USA,STRICT,Yes,1997-1998,Winter storms; floods; tornadoes,High,$4bn direct losses,>$375m derived lower bound,USD,"The source reports 15 insurance catastrophes, each above $25m, implying an aggregate lower bound above $375m; this is a derived minimum, not a published total.",https://repository.library.noaa.gov/view/noaa/17481,Markel Group Inc.,MKL,NYSE,Common stock,United States,Insurer and reinsurer,No,Yes,Yes,Yes,https://www.markel.com/about-markel,Coverage-inferred; not API-key queried,Active U.S. exchange/OTC security; Massive advertises all U.S. exchange and OTC stock coverage. Confirm entitlement for the user's plan.,https://api.massive.com/v3/reference/tickers/MKL,Active U.S. listing independently checked on 2026-09-13.,STRICT requires a documented El Nino/ENSO-linked country event with at least US$100m equivalent insured loss (or a defensible lower bound). SEVERE_PROTECTION_GAP covers severe impact where comparable insured-loss data was unavailable.,1997-1998; 2002-2003; 2004-2005; 2006-2007; 2009-2010; 2014-2016; 2018-2019; 2023-2024. Some weak episodes produced no country passing the strict public-data screen.,"Best-effort public-source screen; no free source provides an exhaustive global insured-loss database plus licensing roster linked to Massive. Includes every qualifying issuer found, not a legal guarantee of completeness.",No
2026-09-13,United States,USA,STRICT,Yes,1997-1998,Winter storms; floods; tornadoes,High,$4bn direct losses,>$375m derived lower bound,USD,"The source reports 15 insurance catastrophes, each above $25m, implying an aggregate lower bound above $375m; this is a derived minimum, not a published total.",https://repository.library.noaa.gov/view/noaa/17481,W. R. Berkley Corporation,WRB,NYSE,Common stock,United States,Direct insurer,No,Yes,Yes,No,https://www.berkley.com/about-us,Coverage-inferred; not API-key queried,Active U.S. exchange/OTC security; Massive advertises all U.S. exchange and OTC stock coverage. Confirm entitlement for the user's plan.,https://api.massive.com/v3/reference/tickers/WRB,Active U.S. listing independently checked on 2026-09-13.,STRICT requires a documented El Nino/ENSO-linked country event with at least US$100m equivalent insured loss (or a defensible lower bound). SEVERE_PROTECTION_GAP covers severe impact where comparable insured-loss data was unavailable.,1997-1998; 2002-2003; 2004-2005; 2006-2007; 2009-2010; 2014-2016; 2018-2019; 2023-2024. Some weak episodes produced no country passing the strict public-data screen.,"Best-effort public-source screen; no free source provides an exhaustive global insured-loss database plus licensing roster linked to Massive. Includes every qualifying issuer found, not a legal guarantee of completeness.",No
2026-09-13,United States,USA,STRICT,Yes,1997-1998,Winter storms; floods; tornadoes,High,$4bn direct losses,>$375m derived lower bound,USD,"The source reports 15 insurance catastrophes, each above $25m, implying an aggregate lower bound above $375m; this is a derived minimum, not a published total.",https://repository.library.noaa.gov/view/noaa/17481,Cincinnati Financial Corporation,CINF,Nasdaq,Common stock,United States,Direct insurer,Yes,Yes,Yes,No,https://www.cinfin.com/about-us,Coverage-inferred; not API-key queried,Active U.S. exchange/OTC security; Massive advertises all U.S. exchange and OTC stock coverage. Confirm entitlement for the user's plan.,https://api.massive.com/v3/reference/tickers/CINF,Active U.S. listing independently checked on 2026-09-13.,STRICT requires a documented El Nino/ENSO-linked country event with at least US$100m equivalent insured loss (or a defensible lower bound). SEVERE_PROTECTION_GAP covers severe impact where comparable insured-loss data was unavailable.,1997-1998; 2002-2003; 2004-2005; 2006-2007; 2009-2010; 2014-2016; 2018-2019; 2023-2024. Some weak episodes produced no country passing the strict public-data screen.,"Best-effort public-source screen; no free source provides an exhaustive global insured-loss database plus licensing roster linked to Massive. Includes every qualifying issuer found, not a legal guarantee of completeness.",No
2026-09-13,United States,USA,STRICT,Yes,1997-1998,Winter storms; floods; tornadoes,High,$4bn direct losses,>$375m derived lower bound,USD,"The source reports 15 insurance catastrophes, each above $25m, implying an aggregate lower bound above $375m; this is a derived minimum, not a published total.",https://repository.library.noaa.gov/view/noaa/17481,"American Financial Group, Inc.",AFG,NYSE,Common stock,United States,Direct insurer,No,Yes,Yes,Yes,https://www.afginc.com/about-us,Coverage-inferred; not API-key queried,Active U.S. exchange/OTC security; Massive advertises all U.S. exchange and OTC stock coverage. Confirm entitlement for the user's plan.,https://api.massive.com/v3/reference/tickers/AFG,Active U.S. listing independently checked on 2026-09-13.,STRICT requires a documented El Nino/ENSO-linked country event with at least US$100m equivalent insured loss (or a defensible lower bound). SEVERE_PROTECTION_GAP covers severe impact where comparable insured-loss data was unavailable.,1997-1998; 2002-2003; 2004-2005; 2006-2007; 2009-2010; 2014-2016; 2018-2019; 2023-2024. Some weak episodes produced no country passing the strict public-data screen.,"Best-effort public-source screen; no free source provides an exhaustive global insured-loss database plus licensing roster linked to Massive. Includes every qualifying issuer found, not a legal guarantee of completeness.",No
2026-09-13,United States,USA,STRICT,Yes,1997-1998,Winter storms; floods; tornadoes,High,$4bn direct losses,>$375m derived lower bound,USD,"The source reports 15 insurance catastrophes, each above $25m, implying an aggregate lower bound above $375m; this is a derived minimum, not a published total.",https://repository.library.noaa.gov/view/noaa/17481,"Assurant, Inc.",AIZ,NYSE,Common stock,United States,Direct insurer,No,Yes,Yes,No,https://www.assurant.com/about-us,Coverage-inferred; not API-key queried,Active U.S. exchange/OTC security; Massive advertises all U.S. exchange and OTC stock coverage. Confirm entitlement for the user's plan.,https://api.massive.com/v3/reference/tickers/AIZ,Active U.S. listing independently checked on 2026-09-13.,STRICT requires a documented El Nino/ENSO-linked country event with at least US$100m equivalent insured loss (or a defensible lower bound). SEVERE_PROTECTION_GAP covers severe impact where comparable insured-loss data was unavailable.,1997-1998; 2002-2003; 2004-2005; 2006-2007; 2009-2010; 2014-2016; 2018-2019; 2023-2024. Some weak episodes produced no country passing the strict public-data screen.,"Best-effort public-source screen; no free source provides an exhaustive global insured-loss database plus licensing roster linked to Massive. Includes every qualifying issuer found, not a legal guarantee of completeness.",No
2026-09-13,United States,USA,STRICT,Yes,1997-1998,Winter storms; floods; tornadoes,High,$4bn direct losses,>$375m derived lower bound,USD,"The source reports 15 insurance catastrophes, each above $25m, implying an aggregate lower bound above $375m; this is a derived minimum, not a published total.",https://repository.library.noaa.gov/view/noaa/17481,"Palomar Holdings, Inc.",PLMR,Nasdaq,Common stock,United States,Direct insurer,No,Yes,Yes,No,https://palomar.com/about-us/,Coverage-inferred; not API-key queried,Active U.S. exchange/OTC security; Massive advertises all U.S. exchange and OTC stock coverage. Confirm entitlement for the user's plan.,https://api.massive.com/v3/reference/tickers/PLMR,Active U.S. listing independently checked on 2026-09-13.,STRICT requires a documented El Nino/ENSO-linked country event with at least US$100m equivalent insured loss (or a defensible lower bound). SEVERE_PROTECTION_GAP covers severe impact where comparable insured-loss data was unavailable.,1997-1998; 2002-2003; 2004-2005; 2006-2007; 2009-2010; 2014-2016; 2018-2019; 2023-2024. Some weak episodes produced no country passing the strict public-data screen.,"Best-effort public-source screen; no free source provides an exhaustive global insured-loss database plus licensing roster linked to Massive. Includes every qualifying issuer found, not a legal guarantee of completeness.",No
2026-09-13,United States,USA,STRICT,Yes,1997-1998,Winter storms; floods; tornadoes,High,$4bn direct losses,>$375m derived lower bound,USD,"The source reports 15 insurance catastrophes, each above $25m, implying an aggregate lower bound above $375m; this is a derived minimum, not a published total.",https://repository.library.noaa.gov/view/noaa/17481,"HCI Group, Inc.",HCI,NYSE,Common stock,United States,Direct insurer,No,Yes,Yes,No,https://www.hcigroup.com/,Coverage-inferred; not API-key queried,Active U.S. exchange/OTC security; Massive advertises all U.S. exchange and OTC stock coverage. Confirm entitlement for the user's plan.,https://api.massive.com/v3/reference/tickers/HCI,Active U.S. listing independently checked on 2026-09-13.,STRICT requires a documented El Nino/ENSO-linked country event with at least US$100m equivalent insured loss (or a defensible lower bound). SEVERE_PROTECTION_GAP covers severe impact where comparable insured-loss data was unavailable.,1997-1998; 2002-2003; 2004-2005; 2006-2007; 2009-2010; 2014-2016; 2018-2019; 2023-2024. Some weak episodes produced no country passing the strict public-data screen.,"Best-effort public-source screen; no free source provides an exhaustive global insured-loss database plus licensing roster linked to Massive. Includes every qualifying issuer found, not a legal guarantee of completeness.",No
2026-09-13,United States,USA,STRICT,Yes,1997-1998,Winter storms; floods; tornadoes,High,$4bn direct losses,>$375m derived lower bound,USD,"The source reports 15 insurance catastrophes, each above $25m, implying an aggregate lower bound above $375m; this is a derived minimum, not a published total.",https://repository.library.noaa.gov/view/noaa/17481,"Universal Insurance Holdings, Inc.",UVE,NYSE,Common stock,United States,Direct insurer,No,Yes,Yes,No,https://universalinsuranceholdings.com/,Coverage-inferred; not API-key queried,Active U.S. exchange/OTC security; Massive advertises all U.S. exchange and OTC stock coverage. Confirm entitlement for the user's plan.,https://api.massive.com/v3/reference/tickers/UVE,Active U.S. listing independently checked on 2026-09-13.,STRICT requires a documented El Nino/ENSO-linked country event with at least US$100m equivalent insured loss (or a defensible lower bound). SEVERE_PROTECTION_GAP covers severe impact where comparable insured-loss data was unavailable.,1997-1998; 2002-2003; 2004-2005; 2006-2007; 2009-2010; 2014-2016; 2018-2019; 2023-2024. Some weak episodes produced no country passing the strict public-data screen.,"Best-effort public-source screen; no free source provides an exhaustive global insured-loss database plus licensing roster linked to Massive. Includes every qualifying issuer found, not a legal guarantee of completeness.",No
2026-09-13,United States,USA,STRICT,Yes,1997-1998,Winter storms; floods; tornadoes,High,$4bn direct losses,>$375m derived lower bound,USD,"The source reports 15 insurance catastrophes, each above $25m, implying an aggregate lower bound above $375m; this is a derived minimum, not a published total.",https://repository.library.noaa.gov/view/noaa/17481,Mercury General Corporation,MCY,NYSE,Common stock,United States,Direct insurer,No,Yes,Yes,No,https://www.mercuryinsurance.com/about/,Coverage-inferred; not API-key queried,Active U.S. exchange/OTC security; Massive advertises all U.S. exchange and OTC stock coverage. Confirm entitlement for the user's plan.,https://api.massive.com/v3/reference/tickers/MCY,Active U.S. listing independently checked on 2026-09-13.,STRICT requires a documented El Nino/ENSO-linked country event with at least US$100m equivalent insured loss (or a defensible lower bound). SEVERE_PROTECTION_GAP covers severe impact where comparable insured-loss data was unavailable.,1997-1998; 2002-2003; 2004-2005; 2006-2007; 2009-2010; 2014-2016; 2018-2019; 2023-2024. Some weak episodes produced no country passing the strict public-data screen.,"Best-effort public-source screen; no free source provides an exhaustive global insured-loss database plus licensing roster linked to Massive. Includes every qualifying issuer found, not a legal guarantee of completeness.",No
2026-09-13,United States,USA,STRICT,Yes,1997-1998,Winter storms; floods; tornadoes,High,$4bn direct losses,>$375m derived lower bound,USD,"The source reports 15 insurance catastrophes, each above $25m, implying an aggregate lower bound above $375m; this is a derived minimum, not a published total.",https://repository.library.noaa.gov/view/noaa/17481,"Lemonade, Inc.",LMND,NYSE,Common stock,United States,Direct insurer,Yes,Yes,Yes,No,https://www.lemonade.com/,Coverage-inferred; not API-key queried,Active U.S. exchange/OTC security; Massive advertises all U.S. exchange and OTC stock coverage. Confirm entitlement for the user's plan.,https://api.massive.com/v3/reference/tickers/LMND,Active U.S. listing independently checked on 2026-09-13.,STRICT requires a documented El Nino/ENSO-linked country event with at least US$100m equivalent insured loss (or a defensible lower bound). SEVERE_PROTECTION_GAP covers severe impact where comparable insured-loss data was unavailable.,1997-1998; 2002-2003; 2004-2005; 2006-2007; 2009-2010; 2014-2016; 2018-2019; 2023-2024. Some weak episodes produced no country passing the strict public-data screen.,"Best-effort public-source screen; no free source provides an exhaustive global insured-loss database plus licensing roster linked to Massive. Includes every qualifying issuer found, not a legal guarantee of completeness.",No
2026-09-13,United States,USA,STRICT,Yes,1997-1998,Winter storms; floods; tornadoes,High,$4bn direct losses,>$375m derived lower bound,USD,"The source reports 15 insurance catastrophes, each above $25m, implying an aggregate lower bound above $375m; this is a derived minimum, not a published total.",https://repository.library.noaa.gov/view/noaa/17481,"Root, Inc.",ROOT,Nasdaq,Common stock,United States,Direct insurer,No,Yes,Limited,No,https://www.joinroot.com/,Coverage-inferred; not API-key queried,Active U.S. exchange/OTC security; Massive advertises all U.S. exchange and OTC stock coverage. Confirm entitlement for the user's plan.,https://api.massive.com/v3/reference/tickers/ROOT,Active U.S. listing independently checked on 2026-09-13.,STRICT requires a documented El Nino/ENSO-linked country event with at least US$100m equivalent insured loss (or a defensible lower bound). SEVERE_PROTECTION_GAP covers severe impact where comparable insured-loss data was unavailable.,1997-1998; 2002-2003; 2004-2005; 2006-2007; 2009-2010; 2014-2016; 2018-2019; 2023-2024. Some weak episodes produced no country passing the strict public-data screen.,"Best-effort public-source screen; no free source provides an exhaustive global insured-loss database plus licensing roster linked to Massive. Includes every qualifying issuer found, not a legal guarantee of completeness.",No
2026-09-13,United States,USA,STRICT,Yes,1997-1998,Winter storms; floods; tornadoes,High,$4bn direct losses,>$375m derived lower bound,USD,"The source reports 15 insurance catastrophes, each above $25m, implying an aggregate lower bound above $375m; this is a derived minimum, not a published total.",https://repository.library.noaa.gov/view/noaa/17481,"Kinsale Capital Group, Inc.",KNSL,NYSE,Common stock,United States,Direct insurer,No,Yes,Yes,No,https://www.kinsalecapitalgroup.com/,Coverage-inferred; not API-key queried,Active U.S. exchange/OTC security; Massive advertises all U.S. exchange and OTC stock coverage. Confirm entitlement for the user's plan.,https://api.massive.com/v3/reference/tickers/KNSL,Active U.S. listing independently checked on 2026-09-13.,STRICT requires a documented El Nino/ENSO-linked country event with at least US$100m equivalent insured loss (or a defensible lower bound). SEVERE_PROTECTION_GAP covers severe impact where comparable insured-loss data was unavailable.,1997-1998; 2002-2003; 2004-2005; 2006-2007; 2009-2010; 2014-2016; 2018-2019; 2023-2024. Some weak episodes produced no country passing the strict public-data screen.,"Best-effort public-source screen; no free source provides an exhaustive global insured-loss database plus licensing roster linked to Massive. Includes every qualifying issuer found, not a legal guarantee of completeness.",No
2026-09-13,United States,USA,STRICT,Yes,1997-1998,Winter storms; floods; tornadoes,High,$4bn direct losses,>$375m derived lower bound,USD,"The source reports 15 insurance catastrophes, each above $25m, implying an aggregate lower bound above $375m; this is a derived minimum, not a published total.",https://repository.library.noaa.gov/view/noaa/17481,"The Hanover Insurance Group, Inc.",THG,NYSE,Common stock,United States,Direct insurer,No,Yes,Yes,No,https://www.hanover.com/about-hanover,Coverage-inferred; not API-key queried,Active U.S. exchange/OTC security; Massive advertises all U.S. exchange and OTC stock coverage. Confirm entitlement for the user's plan.,https://api.massive.com/v3/reference/tickers/THG,Active U.S. listing independently checked on 2026-09-13.,STRICT requires a documented El Nino/ENSO-linked country event with at least US$100m equivalent insured loss (or a defensible lower bound). SEVERE_PROTECTION_GAP covers severe impact where comparable insured-loss data was unavailable.,1997-1998; 2002-2003; 2004-2005; 2006-2007; 2009-2010; 2014-2016; 2018-2019; 2023-2024. Some weak episodes produced no country passing the strict public-data screen.,"Best-effort public-source screen; no free source provides an exhaustive global insured-loss database plus licensing roster linked to Massive. Includes every qualifying issuer found, not a legal guarantee of completeness.",No
2026-09-13,United States,USA,STRICT,Yes,1997-1998,Winter storms; floods; tornadoes,High,$4bn direct losses,>$375m derived lower bound,USD,"The source reports 15 insurance catastrophes, each above $25m, implying an aggregate lower bound above $375m; this is a derived minimum, not a published total.",https://repository.library.noaa.gov/view/noaa/17481,"Selective Insurance Group, Inc.",SIGI,Nasdaq,Common stock,United States,Direct insurer,No,Yes,Yes,No,https://www.selective.com/about-selective,Coverage-inferred; not API-key queried,Active U.S. exchange/OTC security; Massive advertises all U.S. exchange and OTC stock coverage. Confirm entitlement for the user's plan.,https://api.massive.com/v3/reference/tickers/SIGI,Active U.S. listing independently checked on 2026-09-13.,STRICT requires a documented El Nino/ENSO-linked country event with at least US$100m equivalent insured loss (or a defensible lower bound). SEVERE_PROTECTION_GAP covers severe impact where comparable insured-loss data was unavailable.,1997-1998; 2002-2003; 2004-2005; 2006-2007; 2009-2010; 2014-2016; 2018-2019; 2023-2024. Some weak episodes produced no country passing the strict public-data screen.,"Best-effort public-source screen; no free source provides an exhaustive global insured-loss database plus licensing roster linked to Massive. Includes every qualifying issuer found, not a legal guarantee of completeness.",No
2026-09-13,United States,USA,STRICT,Yes,1997-1998,Winter storms; floods; tornadoes,High,$4bn direct losses,>$375m derived lower bound,USD,"The source reports 15 insurance catastrophes, each above $25m, implying an aggregate lower bound above $375m; this is a derived minimum, not a published total.",https://repository.library.noaa.gov/view/noaa/17481,Allianz SE,ALIZY,OTC,Unsponsored ADR,Germany,Insurer and reinsurer,Yes,Yes,Yes,Yes,https://www.allianz.com/en/about-us/company/contact.html,Coverage-inferred; not API-key queried,Active U.S. exchange/OTC security; Massive advertises all U.S. exchange and OTC stock coverage. Confirm entitlement for the user's plan.,https://api.massive.com/v3/reference/tickers/ALIZY,Contemporaneous U.S. OTC/ADR quotation or issuer/depositary-program evidence found; verify active=true in Massive before production use.,STRICT requires a documented El Nino/ENSO-linked country event with at least US$100m equivalent insured loss (or a defensible lower bound). SEVERE_PROTECTION_GAP covers severe impact where comparable insured-loss data was unavailable.,1997-1998; 2002-2003; 2004-2005; 2006-2007; 2009-2010; 2014-2016; 2018-2019; 2023-2024. Some weak episodes produced no country passing the strict public-data screen.,"Best-effort public-source screen; no free source provides an exhaustive global insured-loss database plus licensing roster linked to Massive. Includes every qualifying issuer found, not a legal guarantee of completeness.",No
2026-09-13,United States,USA,STRICT,Yes,1997-1998,Winter storms; floods; tornadoes,High,$4bn direct losses,>$375m derived lower bound,USD,"The source reports 15 insurance catastrophes, each above $25m, implying an aggregate lower bound above $375m; this is a derived minimum, not a published total.",https://repository.library.noaa.gov/view/noaa/17481,AXA SA,AXAHY,OTCQX,Sponsored ADR,France,Insurer and reinsurer,Yes,Yes,Yes,Yes,https://www.axa.com/en/about-us/axa-world-map,Coverage-inferred; not API-key queried,Active U.S. exchange/OTC security; Massive advertises all U.S. exchange and OTC stock coverage. Confirm entitlement for the user's plan.,https://api.massive.com/v3/reference/tickers/AXAHY,Contemporaneous U.S. OTC/ADR quotation or issuer/depositary-program evidence found; verify active=true in Massive before production use.,STRICT requires a documented El Nino/ENSO-linked country event with at least US$100m equivalent insured loss (or a defensible lower bound). SEVERE_PROTECTION_GAP covers severe impact where comparable insured-loss data was unavailable.,1997-1998; 2002-2003; 2004-2005; 2006-2007; 2009-2010; 2014-2016; 2018-2019; 2023-2024. Some weak episodes produced no country passing the strict public-data screen.,"Best-effort public-source screen; no free source provides an exhaustive global insured-loss database plus licensing roster linked to Massive. Includes every qualifying issuer found, not a legal guarantee of completeness.",No
2026-09-13,United States,USA,STRICT,Yes,1997-1998,Winter storms; floods; tornadoes,High,$4bn direct losses,>$375m derived lower bound,USD,"The source reports 15 insurance catastrophes, each above $25m, implying an aggregate lower bound above $375m; this is a derived minimum, not a published total.",https://repository.library.noaa.gov/view/noaa/17481,Zurich Insurance Group Ltd,ZURVY,OTCQX,Sponsored Level I ADR,Switzerland,Insurer and reinsurer,Yes,Yes,Yes,Yes,https://www.zurich.com/media/news-releases/2023/2023-0310-01,Coverage-inferred; not API-key queried,Active U.S. exchange/OTC security; Massive advertises all U.S. exchange and OTC stock coverage. Confirm entitlement for the user's plan.,https://api.massive.com/v3/reference/tickers/ZURVY,Contemporaneous U.S. OTC/ADR quotation or issuer/depositary-program evidence found; verify active=true in Massive before production use.,STRICT requires a documented El Nino/ENSO-linked country event with at least US$100m equivalent insured loss (or a defensible lower bound). SEVERE_PROTECTION_GAP covers severe impact where comparable insured-loss data was unavailable.,1997-1998; 2002-2003; 2004-2005; 2006-2007; 2009-2010; 2014-2016; 2018-2019; 2023-2024. Some weak episodes produced no country passing the strict public-data screen.,"Best-effort public-source screen; no free source provides an exhaustive global insured-loss database plus licensing roster linked to Massive. Includes every qualifying issuer found, not a legal guarantee of completeness.",No
2026-09-13,United States,USA,STRICT,Yes,1997-1998,Winter storms; floods; tornadoes,High,$4bn direct losses,>$375m derived lower bound,USD,"The source reports 15 insurance catastrophes, each above $25m, implying an aggregate lower bound above $375m; this is a derived minimum, not a published total.",https://repository.library.noaa.gov/view/noaa/17481,Muenchener Rueckversicherungs-Gesellschaft AG (Munich Re),MURGY,OTC,ADR,Germany,Reinsurer and primary insurer,Yes,Yes,Yes,Yes,https://www.munichre.com/en/company/about-munich-re.html,Coverage-inferred; not API-key queried,Active U.S. exchange/OTC security; Massive advertises all U.S. exchange and OTC stock coverage. Confirm entitlement for the user's plan.,https://api.massive.com/v3/reference/tickers/MURGY,Contemporaneous U.S. OTC/ADR quotation or issuer/depositary-program evidence found; verify active=true in Massive before production use.,STRICT requires a documented El Nino/ENSO-linked country event with at least US$100m equivalent insured loss (or a defensible lower bound). SEVERE_PROTECTION_GAP covers severe impact where comparable insured-loss data was unavailable.,1997-1998; 2002-2003; 2004-2005; 2006-2007; 2009-2010; 2014-2016; 2018-2019; 2023-2024. Some weak episodes produced no country passing the strict public-data screen.,"Best-effort public-source screen; no free source provides an exhaustive global insured-loss database plus licensing roster linked to Massive. Includes every qualifying issuer found, not a legal guarantee of completeness.",No
2026-09-13,United States,USA,STRICT,Yes,1997-1998,Winter storms; floods; tornadoes,High,$4bn direct losses,>$375m derived lower bound,USD,"The source reports 15 insurance catastrophes, each above $25m, implying an aggregate lower bound above $375m; this is a derived minimum, not a published total.",https://repository.library.noaa.gov/view/noaa/17481,Swiss Re Ltd,SSREY,OTC,Sponsored Level I ADR,Switzerland,Reinsurer,Yes,Yes,Yes,Yes,https://www.swissre.com/investors/shares/ADR-programme.html,Coverage-inferred; not API-key queried,Active U.S. exchange/OTC security; Massive advertises all U.S. exchange and OTC stock coverage. Confirm entitlement for the user's plan.,https://api.massive.com/v3/reference/tickers/SSREY,Contemporaneous U.S. OTC/ADR quotation or issuer/depositary-program evidence found; verify active=true in Massive before production use.,STRICT requires a documented El Nino/ENSO-linked country event with at least US$100m equivalent insured loss (or a defensible lower bound). SEVERE_PROTECTION_GAP covers severe impact where comparable insured-loss data was unavailable.,1997-1998; 2002-2003; 2004-2005; 2006-2007; 2009-2010; 2014-2016; 2018-2019; 2023-2024. Some weak episodes produced no country passing the strict public-data screen.,"Best-effort public-source screen; no free source provides an exhaustive global insured-loss database plus licensing roster linked to Massive. Includes every qualifying issuer found, not a legal guarantee of completeness.",No
2026-09-13,United States,USA,STRICT,Yes,1997-1998,Winter storms; floods; tornadoes,High,$4bn direct losses,>$375m derived lower bound,USD,"The source reports 15 insurance catastrophes, each above $25m, implying an aggregate lower bound above $375m; this is a derived minimum, not a published total.",https://repository.library.noaa.gov/view/noaa/17481,Hannover Rueck SE,HVRRY,OTC,ADR,Germany,Reinsurer,Yes,Yes,Yes,Yes,https://www.hannover-re.com/en/investors/share/,Coverage-inferred; not API-key queried,Active U.S. exchange/OTC security; Massive advertises all U.S. exchange and OTC stock coverage. Confirm entitlement for the user's plan.,https://api.massive.com/v3/reference/tickers/HVRRY,Contemporaneous U.S. OTC/ADR quotation or issuer/depositary-program evidence found; verify active=true in Massive before production use.,STRICT requires a documented El Nino/ENSO-linked country event with at least US$100m equivalent insured loss (or a defensible lower bound). SEVERE_PROTECTION_GAP covers severe impact where comparable insured-loss data was unavailable.,1997-1998; 2002-2003; 2004-2005; 2006-2007; 2009-2010; 2014-2016; 2018-2019; 2023-2024. Some weak episodes produced no country passing the strict public-data screen.,"Best-effort public-source screen; no free source provides an exhaustive global insured-loss database plus licensing roster linked to Massive. Includes every qualifying issuer found, not a legal guarantee of completeness.",No
2026-09-13,United States,USA,STRICT,Yes,1997-1998,Winter storms; floods; tornadoes,High,$4bn direct losses,>$375m derived lower bound,USD,"The source reports 15 insurance catastrophes, each above $25m, implying an aggregate lower bound above $375m; this is a derived minimum, not a published total.",https://repository.library.noaa.gov/view/noaa/17481,MAPFRE S.A.,MPFRY,OTC,ADR,Spain,Insurer and reinsurer,Yes,Yes,Yes,Yes,https://www.mapfre.com/en/,Coverage-inferred; not API-key queried,Active U.S. exchange/OTC security; Massive advertises all U.S. exchange and OTC stock coverage. Confirm entitlement for the user's plan.,https://api.massive.com/v3/reference/tickers/MPFRY,Contemporaneous U.S. OTC/ADR quotation or issuer/depositary-program evidence found; verify active=true in Massive before production use.,STRICT requires a documented El Nino/ENSO-linked country event with at least US$100m equivalent insured loss (or a defensible lower bound). SEVERE_PROTECTION_GAP covers severe impact where comparable insured-loss data was unavailable.,1997-1998; 2002-2003; 2004-2005; 2006-2007; 2009-2010; 2014-2016; 2018-2019; 2023-2024. Some weak episodes produced no country passing the strict public-data screen.,"Best-effort public-source screen; no free source provides an exhaustive global insured-loss database plus licensing roster linked to Massive. Includes every qualifying issuer found, not a legal guarantee of completeness.",No
2026-09-13,Peru,PER,STRICT,Yes,1997-1998,Flooding; landslides; fisheries and agriculture disruption,High,$2.6bn public-infrastructure/economic damage,$150m reported insured,USD,The insured amount is a secondary historical estimate and should be rechecked against a licensed catastrophe database before trading use.,https://www.undrr.org/news/lessons-learned-1997-98-el-nino-once-burned-twice-shy,Credicorp Ltd. (via Pacifico Seguros),BAP,NYSE,Common stock,Bermuda/Peru,Insurance holding subsidiary,Yes,Yes,Yes,Yes,https://www.credicorp.gcs-web.com/about-credicorp,Coverage-inferred; not API-key queried,Active U.S. exchange/OTC security; Massive advertises all U.S. exchange and OTC stock coverage. Confirm entitlement for the user's plan.,https://api.massive.com/v3/reference/tickers/BAP,Active U.S. listing independently checked on 2026-09-13.,STRICT requires a documented El Nino/ENSO-linked country event with at least US$100m equivalent insured loss (or a defensible lower bound). SEVERE_PROTECTION_GAP covers severe impact where comparable insured-loss data was unavailable.,1997-1998; 2002-2003; 2004-2005; 2006-2007; 2009-2010; 2014-2016; 2018-2019; 2023-2024. Some weak episodes produced no country passing the strict public-data screen.,"Best-effort public-source screen; no free source provides an exhaustive global insured-loss database plus licensing roster linked to Massive. Includes every qualifying issuer found, not a legal guarantee of completeness.",No
2026-09-13,Peru,PER,STRICT,Yes,1997-1998,Flooding; landslides; fisheries and agriculture disruption,High,$2.6bn public-infrastructure/economic damage,$150m reported insured,USD,The insured amount is a secondary historical estimate and should be rechecked against a licensed catastrophe database before trading use.,https://www.undrr.org/news/lessons-learned-1997-98-el-nino-once-burned-twice-shy,Intercorp Financial Services Inc. (via Interseguro),IFS,NYSE,Common stock,Peru,Insurance holding subsidiary,Yes,Limited,No,No,https://www.ifs.com.pe/,Coverage-inferred; not API-key queried,Active U.S. exchange/OTC security; Massive advertises all U.S. exchange and OTC stock coverage. Confirm entitlement for the user's plan.,https://api.massive.com/v3/reference/tickers/IFS,Active U.S. listing independently checked on 2026-09-13.,STRICT requires a documented El Nino/ENSO-linked country event with at least US$100m equivalent insured loss (or a defensible lower bound). SEVERE_PROTECTION_GAP covers severe impact where comparable insured-loss data was unavailable.,1997-1998; 2002-2003; 2004-2005; 2006-2007; 2009-2010; 2014-2016; 2018-2019; 2023-2024. Some weak episodes produced no country passing the strict public-data screen.,"Best-effort public-source screen; no free source provides an exhaustive global insured-loss database plus licensing roster linked to Massive. Includes every qualifying issuer found, not a legal guarantee of completeness.",No
2026-09-13,Peru,PER,STRICT,Yes,1997-1998,Flooding; landslides; fisheries and agriculture disruption,High,$2.6bn public-infrastructure/economic damage,$150m reported insured,USD,The insured amount is a secondary historical estimate and should be rechecked against a licensed catastrophe database before trading use.,https://www.undrr.org/news/lessons-learned-1997-98-el-nino-once-burned-twice-shy,Chubb Limited,CB,NYSE,Common stock,Switzerland,Direct insurer,No,Yes,Yes,Yes,https://www.chubb.com/latam-microsites/latam-amigo-seguro.html,Coverage-inferred; not API-key queried,Active U.S. exchange/OTC security; Massive advertises all U.S. exchange and OTC stock coverage. Confirm entitlement for the user's plan.,https://api.massive.com/v3/reference/tickers/CB,Active U.S. listing independently checked on 2026-09-13.,STRICT requires a documented El Nino/ENSO-linked country event with at least US$100m equivalent insured loss (or a defensible lower bound). SEVERE_PROTECTION_GAP covers severe impact where comparable insured-loss data was unavailable.,1997-1998; 2002-2003; 2004-2005; 2006-2007; 2009-2010; 2014-2016; 2018-2019; 2023-2024. Some weak episodes produced no country passing the strict public-data screen.,"Best-effort public-source screen; no free source provides an exhaustive global insured-loss database plus licensing roster linked to Massive. Includes every qualifying issuer found, not a legal guarantee of completeness.",No
2026-09-13,Peru,PER,STRICT,Yes,1997-1998,Flooding; landslides; fisheries and agriculture disruption,High,$2.6bn public-infrastructure/economic damage,$150m reported insured,USD,The insured amount is a secondary historical estimate and should be rechecked against a licensed catastrophe database before trading use.,https://www.undrr.org/news/lessons-learned-1997-98-el-nino-once-burned-twice-shy,MAPFRE S.A.,MPFRY,OTC,ADR,Spain,Insurer and reinsurer,Yes,Yes,Yes,Yes,https://www.mapfre.com/en/,Coverage-inferred; not API-key queried,Active U.S. exchange/OTC security; Massive advertises all U.S. exchange and OTC stock coverage. Confirm entitlement for the user's plan.,https://api.massive.com/v3/reference/tickers/MPFRY,Contemporaneous U.S. OTC/ADR quotation or issuer/depositary-program evidence found; verify active=true in Massive before production use.,STRICT requires a documented El Nino/ENSO-linked country event with at least US$100m equivalent insured loss (or a defensible lower bound). SEVERE_PROTECTION_GAP covers severe impact where comparable insured-loss data was unavailable.,1997-1998; 2002-2003; 2004-2005; 2006-2007; 2009-2010; 2014-2016; 2018-2019; 2023-2024. Some weak episodes produced no country passing the strict public-data screen.,"Best-effort public-source screen; no free source provides an exhaustive global insured-loss database plus licensing roster linked to Massive. Includes every qualifying issuer found, not a legal guarantee of completeness.",No
2026-09-13,Ecuador,ECU,SEVERE_PROTECTION_GAP,No,1997-1998; 2023-2024,Flooding; landslides; agriculture and infrastructure loss,High,Severe national economic and social losses,Not found at country-event level,,IDB documents severe 1997-98 impacts; WMO documents renewed coastal flooding in 2023. Public insured-loss evidence did not meet the strict screen.,https://publications.iadb.org/en/economic-and-social-effects-el-nino-ecuador-1997-1998,Chubb Limited,CB,NYSE,Common stock,Switzerland,Direct insurer,No,Yes,Yes,Yes,https://www.chubb.com/latam-microsites/latam-amigo-seguro.html,Coverage-inferred; not API-key queried,Active U.S. exchange/OTC security; Massive advertises all U.S. exchange and OTC stock coverage. Confirm entitlement for the user's plan.,https://api.massive.com/v3/reference/tickers/CB,Active U.S. listing independently checked on 2026-09-13.,STRICT requires a documented El Nino/ENSO-linked country event with at least US$100m equivalent insured loss (or a defensible lower bound). SEVERE_PROTECTION_GAP covers severe impact where comparable insured-loss data was unavailable.,1997-1998; 2002-2003; 2004-2005; 2006-2007; 2009-2010; 2014-2016; 2018-2019; 2023-2024. Some weak episodes produced no country passing the strict public-data screen.,"Best-effort public-source screen; no free source provides an exhaustive global insured-loss database plus licensing roster linked to Massive. Includes every qualifying issuer found, not a legal guarantee of completeness.",No
2026-09-13,Ecuador,ECU,SEVERE_PROTECTION_GAP,No,1997-1998; 2023-2024,Flooding; landslides; agriculture and infrastructure loss,High,Severe national economic and social losses,Not found at country-event level,,IDB documents severe 1997-98 impacts; WMO documents renewed coastal flooding in 2023. Public insured-loss evidence did not meet the strict screen.,https://publications.iadb.org/en/economic-and-social-effects-el-nino-ecuador-1997-1998,Zurich Insurance Group Ltd,ZURVY,OTCQX,Sponsored Level I ADR,Switzerland,Insurer and reinsurer,Yes,Yes,Yes,Yes,https://www.zurich.com/media/news-releases/2023/2023-0310-01,Coverage-inferred; not API-key queried,Active U.S. exchange/OTC security; Massive advertises all U.S. exchange and OTC stock coverage. Confirm entitlement for the user's plan.,https://api.massive.com/v3/reference/tickers/ZURVY,Contemporaneous U.S. OTC/ADR quotation or issuer/depositary-program evidence found; verify active=true in Massive before production use.,STRICT requires a documented El Nino/ENSO-linked country event with at least US$100m equivalent insured loss (or a defensible lower bound). SEVERE_PROTECTION_GAP covers severe impact where comparable insured-loss data was unavailable.,1997-1998; 2002-2003; 2004-2005; 2006-2007; 2009-2010; 2014-2016; 2018-2019; 2023-2024. Some weak episodes produced no country passing the strict public-data screen.,"Best-effort public-source screen; no free source provides an exhaustive global insured-loss database plus licensing roster linked to Massive. Includes every qualifying issuer found, not a legal guarantee of completeness.",No
2026-09-13,Ecuador,ECU,SEVERE_PROTECTION_GAP,No,1997-1998; 2023-2024,Flooding; landslides; agriculture and infrastructure loss,High,Severe national economic and social losses,Not found at country-event level,,IDB documents severe 1997-98 impacts; WMO documents renewed coastal flooding in 2023. Public insured-loss evidence did not meet the strict screen.,https://publications.iadb.org/en/economic-and-social-effects-el-nino-ecuador-1997-1998,MAPFRE S.A.,MPFRY,OTC,ADR,Spain,Insurer and reinsurer,Yes,Yes,Yes,Yes,https://www.mapfre.com/en/,Coverage-inferred; not API-key queried,Active U.S. exchange/OTC security; Massive advertises all U.S. exchange and OTC stock coverage. Confirm entitlement for the user's plan.,https://api.massive.com/v3/reference/tickers/MPFRY,Contemporaneous U.S. OTC/ADR quotation or issuer/depositary-program evidence found; verify active=true in Massive before production use.,STRICT requires a documented El Nino/ENSO-linked country event with at least US$100m equivalent insured loss (or a defensible lower bound). SEVERE_PROTECTION_GAP covers severe impact where comparable insured-loss data was unavailable.,1997-1998; 2002-2003; 2004-2005; 2006-2007; 2009-2010; 2014-2016; 2018-2019; 2023-2024. Some weak episodes produced no country passing the strict public-data screen.,"Best-effort public-source screen; no free source provides an exhaustive global insured-loss database plus licensing roster linked to Massive. Includes every qualifying issuer found, not a legal guarantee of completeness.",No
2026-09-13,Indonesia,IDN,SEVERE_PROTECTION_GAP,No,1997-1998; 2014-2016; 2018-2019,Peat and forest fires; haze; drought,High,$4.5bn-$19.7bn (1997-98); $16.1bn (2015); $5.2bn (2019),Not found at country-event level,,Academic synthesis and World Bank estimates show very large economic losses; no comparable public insured-loss total was found.,https://pmc.ncbi.nlm.nih.gov/articles/PMC8639972/,Allianz SE,ALIZY,OTC,Unsponsored ADR,Germany,Insurer and reinsurer,Yes,Yes,Yes,Yes,https://www.allianz.com/en/about-us/company/contact.html,Coverage-inferred; not API-key queried,Active U.S. exchange/OTC security; Massive advertises all U.S. exchange and OTC stock coverage. Confirm entitlement for the user's plan.,https://api.massive.com/v3/reference/tickers/ALIZY,Contemporaneous U.S. OTC/ADR quotation or issuer/depositary-program evidence found; verify active=true in Massive before production use.,STRICT requires a documented El Nino/ENSO-linked country event with at least US$100m equivalent insured loss (or a defensible lower bound). SEVERE_PROTECTION_GAP covers severe impact where comparable insured-loss data was unavailable.,1997-1998; 2002-2003; 2004-2005; 2006-2007; 2009-2010; 2014-2016; 2018-2019; 2023-2024. Some weak episodes produced no country passing the strict public-data screen.,"Best-effort public-source screen; no free source provides an exhaustive global insured-loss database plus licensing roster linked to Massive. Includes every qualifying issuer found, not a legal guarantee of completeness.",No
2026-09-13,Indonesia,IDN,SEVERE_PROTECTION_GAP,No,1997-1998; 2014-2016; 2018-2019,Peat and forest fires; haze; drought,High,$4.5bn-$19.7bn (1997-98); $16.1bn (2015); $5.2bn (2019),Not found at country-event level,,Academic synthesis and World Bank estimates show very large economic losses; no comparable public insured-loss total was found.,https://pmc.ncbi.nlm.nih.gov/articles/PMC8639972/,AXA SA,AXAHY,OTCQX,Sponsored ADR,France,Insurer and reinsurer,Yes,Yes,Yes,Yes,https://www.axa.com/en/about-us/axa-world-map,Coverage-inferred; not API-key queried,Active U.S. exchange/OTC security; Massive advertises all U.S. exchange and OTC stock coverage. Confirm entitlement for the user's plan.,https://api.massive.com/v3/reference/tickers/AXAHY,Contemporaneous U.S. OTC/ADR quotation or issuer/depositary-program evidence found; verify active=true in Massive before production use.,STRICT requires a documented El Nino/ENSO-linked country event with at least US$100m equivalent insured loss (or a defensible lower bound). SEVERE_PROTECTION_GAP covers severe impact where comparable insured-loss data was unavailable.,1997-1998; 2002-2003; 2004-2005; 2006-2007; 2009-2010; 2014-2016; 2018-2019; 2023-2024. Some weak episodes produced no country passing the strict public-data screen.,"Best-effort public-source screen; no free source provides an exhaustive global insured-loss database plus licensing roster linked to Massive. Includes every qualifying issuer found, not a legal guarantee of completeness.",No
2026-09-13,Indonesia,IDN,SEVERE_PROTECTION_GAP,No,1997-1998; 2014-2016; 2018-2019,Peat and forest fires; haze; drought,High,$4.5bn-$19.7bn (1997-98); $16.1bn (2015); $5.2bn (2019),Not found at country-event level,,Academic synthesis and World Bank estimates show very large economic losses; no comparable public insured-loss total was found.,https://pmc.ncbi.nlm.nih.gov/articles/PMC8639972/,Zurich Insurance Group Ltd,ZURVY,OTCQX,Sponsored Level I ADR,Switzerland,Insurer and reinsurer,Yes,Yes,Yes,Yes,https://www.zurich.com/media/news-releases/2023/2023-0310-01,Coverage-inferred; not API-key queried,Active U.S. exchange/OTC security; Massive advertises all U.S. exchange and OTC stock coverage. Confirm entitlement for the user's plan.,https://api.massive.com/v3/reference/tickers/ZURVY,Contemporaneous U.S. OTC/ADR quotation or issuer/depositary-program evidence found; verify active=true in Massive before production use.,STRICT requires a documented El Nino/ENSO-linked country event with at least US$100m equivalent insured loss (or a defensible lower bound). SEVERE_PROTECTION_GAP covers severe impact where comparable insured-loss data was unavailable.,1997-1998; 2002-2003; 2004-2005; 2006-2007; 2009-2010; 2014-2016; 2018-2019; 2023-2024. Some weak episodes produced no country passing the strict public-data screen.,"Best-effort public-source screen; no free source provides an exhaustive global insured-loss database plus licensing roster linked to Massive. Includes every qualifying issuer found, not a legal guarantee of completeness.",No
2026-09-13,Indonesia,IDN,SEVERE_PROTECTION_GAP,No,1997-1998; 2014-2016; 2018-2019,Peat and forest fires; haze; drought,High,$4.5bn-$19.7bn (1997-98); $16.1bn (2015); $5.2bn (2019),Not found at country-event level,,Academic synthesis and World Bank estimates show very large economic losses; no comparable public insured-loss total was found.,https://pmc.ncbi.nlm.nih.gov/articles/PMC8639972/,AIA Group Limited,AAGIY,OTC,Sponsored ADR,Hong Kong,Direct insurer,Yes,No,No,No,https://www.aia.com/en/about-aia/overview,Coverage-inferred; not API-key queried,Active U.S. exchange/OTC security; Massive advertises all U.S. exchange and OTC stock coverage. Confirm entitlement for the user's plan.,https://api.massive.com/v3/reference/tickers/AAGIY,Contemporaneous U.S. OTC/ADR quotation or issuer/depositary-program evidence found; verify active=true in Massive before production use.,STRICT requires a documented El Nino/ENSO-linked country event with at least US$100m equivalent insured loss (or a defensible lower bound). SEVERE_PROTECTION_GAP covers severe impact where comparable insured-loss data was unavailable.,1997-1998; 2002-2003; 2004-2005; 2006-2007; 2009-2010; 2014-2016; 2018-2019; 2023-2024. Some weak episodes produced no country passing the strict public-data screen.,"Best-effort public-source screen; no free source provides an exhaustive global insured-loss database plus licensing roster linked to Massive. Includes every qualifying issuer found, not a legal guarantee of completeness.",No
2026-09-13,Indonesia,IDN,SEVERE_PROTECTION_GAP,No,1997-1998; 2014-2016; 2018-2019,Peat and forest fires; haze; drought,High,$4.5bn-$19.7bn (1997-98); $16.1bn (2015); $5.2bn (2019),Not found at country-event level,,Academic synthesis and World Bank estimates show very large economic losses; no comparable public insured-loss total was found.,https://pmc.ncbi.nlm.nih.gov/articles/PMC8639972/,Prudential plc,PUK,NYSE,ADR,United Kingdom,Direct insurer,Yes,No,No,No,https://www.prudentialplc.com/en/about-us/our-markets,Coverage-inferred; not API-key queried,Active U.S. exchange/OTC security; Massive advertises all U.S. exchange and OTC stock coverage. Confirm entitlement for the user's plan.,https://api.massive.com/v3/reference/tickers/PUK,Active U.S. listing independently checked on 2026-09-13.,STRICT requires a documented El Nino/ENSO-linked country event with at least US$100m equivalent insured loss (or a defensible lower bound). SEVERE_PROTECTION_GAP covers severe impact where comparable insured-loss data was unavailable.,1997-1998; 2002-2003; 2004-2005; 2006-2007; 2009-2010; 2014-2016; 2018-2019; 2023-2024. Some weak episodes produced no country passing the strict public-data screen.,"Best-effort public-source screen; no free source provides an exhaustive global insured-loss database plus licensing roster linked to Massive. Includes every qualifying issuer found, not a legal guarantee of completeness.",No
2026-09-13,Australia,AUS,STRICT,Yes,2002-2003; 2006-2007; 2009-2010; 2018-2019,"Drought; heat; bushfire, including Canberra 2003",Medium,A$350m Canberra loss estimate,A$350m,AUD,"Canberra occurred during the 2002-03 El Nino; ignition and exposure also mattered, so attribution is associative rather than exclusive.",https://knowledge.aidr.org.au/resources/bushfire-canberra-2003/,QBE Insurance Group Limited,QBIEY,OTC,Sponsored Level I ADR,Australia,Insurer and reinsurer,No,Yes,Yes,Yes,https://www.qbe.com/investor-relations/shareholder-information/american-depositary-receipts,Coverage-inferred; not API-key queried,Active U.S. exchange/OTC security; Massive advertises all U.S. exchange and OTC stock coverage. Confirm entitlement for the user's plan.,https://api.massive.com/v3/reference/tickers/QBIEY,Contemporaneous U.S. OTC/ADR quotation or issuer/depositary-program evidence found; verify active=true in Massive before production use.,STRICT requires a documented El Nino/ENSO-linked country event with at least US$100m equivalent insured loss (or a defensible lower bound). SEVERE_PROTECTION_GAP covers severe impact where comparable insured-loss data was unavailable.,1997-1998; 2002-2003; 2004-2005; 2006-2007; 2009-2010; 2014-2016; 2018-2019; 2023-2024. Some weak episodes produced no country passing the strict public-data screen.,"Best-effort public-source screen; no free source provides an exhaustive global insured-loss database plus licensing roster linked to Massive. Includes every qualifying issuer found, not a legal guarantee of completeness.",No
2026-09-13,Australia,AUS,STRICT,Yes,2002-2003; 2006-2007; 2009-2010; 2018-2019,"Drought; heat; bushfire, including Canberra 2003",Medium,A$350m Canberra loss estimate,A$350m,AUD,"Canberra occurred during the 2002-03 El Nino; ignition and exposure also mattered, so attribution is associative rather than exclusive.",https://knowledge.aidr.org.au/resources/bushfire-canberra-2003/,Insurance Australia Group Limited,IAUGY,OTC,ADR,Australia,Direct insurer,No,Yes,Yes,No,https://www.iag.com.au/about-us,Coverage-inferred; not API-key queried,Active U.S. exchange/OTC security; Massive advertises all U.S. exchange and OTC stock coverage. Confirm entitlement for the user's plan.,https://api.massive.com/v3/reference/tickers/IAUGY,Contemporaneous U.S. OTC/ADR quotation or issuer/depositary-program evidence found; verify active=true in Massive before production use.,STRICT requires a documented El Nino/ENSO-linked country event with at least US$100m equivalent insured loss (or a defensible lower bound). SEVERE_PROTECTION_GAP covers severe impact where comparable insured-loss data was unavailable.,1997-1998; 2002-2003; 2004-2005; 2006-2007; 2009-2010; 2014-2016; 2018-2019; 2023-2024. Some weak episodes produced no country passing the strict public-data screen.,"Best-effort public-source screen; no free source provides an exhaustive global insured-loss database plus licensing roster linked to Massive. Includes every qualifying issuer found, not a legal guarantee of completeness.",No
2026-09-13,Australia,AUS,STRICT,Yes,2002-2003; 2006-2007; 2009-2010; 2018-2019,"Drought; heat; bushfire, including Canberra 2003",Medium,A$350m Canberra loss estimate,A$350m,AUD,"Canberra occurred during the 2002-03 El Nino; ignition and exposure also mattered, so attribution is associative rather than exclusive.",https://knowledge.aidr.org.au/resources/bushfire-canberra-2003/,Suncorp Group Limited,SNMCY,OTC,ADR,Australia,Direct insurer,No,Yes,Yes,No,https://www.suncorpgroup.com.au/about,Coverage-inferred; not API-key queried,Active U.S. exchange/OTC security; Massive advertises all U.S. exchange and OTC stock coverage. Confirm entitlement for the user's plan.,https://api.massive.com/v3/reference/tickers/SNMCY,Contemporaneous U.S. OTC/ADR quotation or issuer/depositary-program evidence found; verify active=true in Massive before production use.,STRICT requires a documented El Nino/ENSO-linked country event with at least US$100m equivalent insured loss (or a defensible lower bound). SEVERE_PROTECTION_GAP covers severe impact where comparable insured-loss data was unavailable.,1997-1998; 2002-2003; 2004-2005; 2006-2007; 2009-2010; 2014-2016; 2018-2019; 2023-2024. Some weak episodes produced no country passing the strict public-data screen.,"Best-effort public-source screen; no free source provides an exhaustive global insured-loss database plus licensing roster linked to Massive. Includes every qualifying issuer found, not a legal guarantee of completeness.",No
2026-09-13,Australia,AUS,STRICT,Yes,2002-2003; 2006-2007; 2009-2010; 2018-2019,"Drought; heat; bushfire, including Canberra 2003",Medium,A$350m Canberra loss estimate,A$350m,AUD,"Canberra occurred during the 2002-03 El Nino; ignition and exposure also mattered, so attribution is associative rather than exclusive.",https://knowledge.aidr.org.au/resources/bushfire-canberra-2003/,"American International Group, Inc.",AIG,NYSE,Common stock,United States,Direct insurer,No,Yes,Yes,Yes,https://www.aig.com/home/about,Coverage-inferred; not API-key queried,Active U.S. exchange/OTC security; Massive advertises all U.S. exchange and OTC stock coverage. Confirm entitlement for the user's plan.,https://api.massive.com/v3/reference/tickers/AIG,Active U.S. listing independently checked on 2026-09-13.,STRICT requires a documented El Nino/ENSO-linked country event with at least US$100m equivalent insured loss (or a defensible lower bound). SEVERE_PROTECTION_GAP covers severe impact where comparable insured-loss data was unavailable.,1997-1998; 2002-2003; 2004-2005; 2006-2007; 2009-2010; 2014-2016; 2018-2019; 2023-2024. Some weak episodes produced no country passing the strict public-data screen.,"Best-effort public-source screen; no free source provides an exhaustive global insured-loss database plus licensing roster linked to Massive. Includes every qualifying issuer found, not a legal guarantee of completeness.",No
2026-09-13,Australia,AUS,STRICT,Yes,2002-2003; 2006-2007; 2009-2010; 2018-2019,"Drought; heat; bushfire, including Canberra 2003",Medium,A$350m Canberra loss estimate,A$350m,AUD,"Canberra occurred during the 2002-03 El Nino; ignition and exposure also mattered, so attribution is associative rather than exclusive.",https://knowledge.aidr.org.au/resources/bushfire-canberra-2003/,Allianz SE,ALIZY,OTC,Unsponsored ADR,Germany,Insurer and reinsurer,Yes,Yes,Yes,Yes,https://www.allianz.com/en/about-us/company/contact.html,Coverage-inferred; not API-key queried,Active U.S. exchange/OTC security; Massive advertises all U.S. exchange and OTC stock coverage. Confirm entitlement for the user's plan.,https://api.massive.com/v3/reference/tickers/ALIZY,Contemporaneous U.S. OTC/ADR quotation or issuer/depositary-program evidence found; verify active=true in Massive before production use.,STRICT requires a documented El Nino/ENSO-linked country event with at least US$100m equivalent insured loss (or a defensible lower bound). SEVERE_PROTECTION_GAP covers severe impact where comparable insured-loss data was unavailable.,1997-1998; 2002-2003; 2004-2005; 2006-2007; 2009-2010; 2014-2016; 2018-2019; 2023-2024. Some weak episodes produced no country passing the strict public-data screen.,"Best-effort public-source screen; no free source provides an exhaustive global insured-loss database plus licensing roster linked to Massive. Includes every qualifying issuer found, not a legal guarantee of completeness.",No
2026-09-13,Australia,AUS,STRICT,Yes,2002-2003; 2006-2007; 2009-2010; 2018-2019,"Drought; heat; bushfire, including Canberra 2003",Medium,A$350m Canberra loss estimate,A$350m,AUD,"Canberra occurred during the 2002-03 El Nino; ignition and exposure also mattered, so attribution is associative rather than exclusive.",https://knowledge.aidr.org.au/resources/bushfire-canberra-2003/,Zurich Insurance Group Ltd,ZURVY,OTCQX,Sponsored Level I ADR,Switzerland,Insurer and reinsurer,Yes,Yes,Yes,Yes,https://www.zurich.com/media/news-releases/2023/2023-0310-01,Coverage-inferred; not API-key queried,Active U.S. exchange/OTC security; Massive advertises all U.S. exchange and OTC stock coverage. Confirm entitlement for the user's plan.,https://api.massive.com/v3/reference/tickers/ZURVY,Contemporaneous U.S. OTC/ADR quotation or issuer/depositary-program evidence found; verify active=true in Massive before production use.,STRICT requires a documented El Nino/ENSO-linked country event with at least US$100m equivalent insured loss (or a defensible lower bound). SEVERE_PROTECTION_GAP covers severe impact where comparable insured-loss data was unavailable.,1997-1998; 2002-2003; 2004-2005; 2006-2007; 2009-2010; 2014-2016; 2018-2019; 2023-2024. Some weak episodes produced no country passing the strict public-data screen.,"Best-effort public-source screen; no free source provides an exhaustive global insured-loss database plus licensing roster linked to Massive. Includes every qualifying issuer found, not a legal guarantee of completeness.",No
2026-09-13,Canada,CAN,STRICT,Yes,2014-2016,Fort McMurray wildfire,Medium,Multi-billion-dollar fire loss,C$3.5bn original; about C$4.8bn in 2025 dollars,CAD,"El Nino contributed to warm/dry background conditions, while local weather, fuels and ignition were also important.",https://www.statcan.gc.ca/o1/en/plus/6868-wildfires-and-costliest-natural-disasters-canada,Manulife Financial Corporation,MFC,NYSE,Common stock,Canada,Direct insurer,Yes,No,No,No,https://www.manulife.com/en/about.html,Coverage-inferred; not API-key queried,Active U.S. exchange/OTC security; Massive advertises all U.S. exchange and OTC stock coverage. Confirm entitlement for the user's plan.,https://api.massive.com/v3/reference/tickers/MFC,Active U.S. listing independently checked on 2026-09-13.,STRICT requires a documented El Nino/ENSO-linked country event with at least US$100m equivalent insured loss (or a defensible lower bound). SEVERE_PROTECTION_GAP covers severe impact where comparable insured-loss data was unavailable.,1997-1998; 2002-2003; 2004-2005; 2006-2007; 2009-2010; 2014-2016; 2018-2019; 2023-2024. Some weak episodes produced no country passing the strict public-data screen.,"Best-effort public-source screen; no free source provides an exhaustive global insured-loss database plus licensing roster linked to Massive. Includes every qualifying issuer found, not a legal guarantee of completeness.",No
2026-09-13,Canada,CAN,STRICT,Yes,2014-2016,Fort McMurray wildfire,Medium,Multi-billion-dollar fire loss,C$3.5bn original; about C$4.8bn in 2025 dollars,CAD,"El Nino contributed to warm/dry background conditions, while local weather, fuels and ignition were also important.",https://www.statcan.gc.ca/o1/en/plus/6868-wildfires-and-costliest-natural-disasters-canada,Sun Life Financial Inc.,SLF,NYSE,Common stock,Canada,Direct insurer,Yes,No,No,No,https://www.sunlife.com/en/about-us/,Coverage-inferred; not API-key queried,Active U.S. exchange/OTC security; Massive advertises all U.S. exchange and OTC stock coverage. Confirm entitlement for the user's plan.,https://api.massive.com/v3/reference/tickers/SLF,Active U.S. listing independently checked on 2026-09-13.,STRICT requires a documented El Nino/ENSO-linked country event with at least US$100m equivalent insured loss (or a defensible lower bound). SEVERE_PROTECTION_GAP covers severe impact where comparable insured-loss data was unavailable.,1997-1998; 2002-2003; 2004-2005; 2006-2007; 2009-2010; 2014-2016; 2018-2019; 2023-2024. Some weak episodes produced no country passing the strict public-data screen.,"Best-effort public-source screen; no free source provides an exhaustive global insured-loss database plus licensing roster linked to Massive. Includes every qualifying issuer found, not a legal guarantee of completeness.",No
2026-09-13,Canada,CAN,STRICT,Yes,2014-2016,Fort McMurray wildfire,Medium,Multi-billion-dollar fire loss,C$3.5bn original; about C$4.8bn in 2025 dollars,CAD,"El Nino contributed to warm/dry background conditions, while local weather, fuels and ignition were also important.",https://www.statcan.gc.ca/o1/en/plus/6868-wildfires-and-costliest-natural-disasters-canada,Intact Financial Corporation,IFCZF,OTC,Foreign ordinary,Canada,Insurer and reinsurer,No,Yes,Yes,No,https://www.intactfc.com/English/about-us/default.aspx,Coverage-inferred; not API-key queried,Active U.S. exchange/OTC security; Massive advertises all U.S. exchange and OTC stock coverage. Confirm entitlement for the user's plan.,https://api.massive.com/v3/reference/tickers/IFCZF,Contemporaneous U.S. OTC/ADR quotation or issuer/depositary-program evidence found; verify active=true in Massive before production use.,STRICT requires a documented El Nino/ENSO-linked country event with at least US$100m equivalent insured loss (or a defensible lower bound). SEVERE_PROTECTION_GAP covers severe impact where comparable insured-loss data was unavailable.,1997-1998; 2002-2003; 2004-2005; 2006-2007; 2009-2010; 2014-2016; 2018-2019; 2023-2024. Some weak episodes produced no country passing the strict public-data screen.,"Best-effort public-source screen; no free source provides an exhaustive global insured-loss database plus licensing roster linked to Massive. Includes every qualifying issuer found, not a legal guarantee of completeness.",No
2026-09-13,Canada,CAN,STRICT,Yes,2014-2016,Fort McMurray wildfire,Medium,Multi-billion-dollar fire loss,C$3.5bn original; about C$4.8bn in 2025 dollars,CAD,"El Nino contributed to warm/dry background conditions, while local weather, fuels and ignition were also important.",https://www.statcan.gc.ca/o1/en/plus/6868-wildfires-and-costliest-natural-disasters-canada,Fairfax Financial Holdings Limited,FRFHF,OTC,Foreign ordinary,Canada,Insurance holding company,No,Yes,Yes,Yes,https://www.fairfax.ca/,Coverage-inferred; not API-key queried,Active U.S. exchange/OTC security; Massive advertises all U.S. exchange and OTC stock coverage. Confirm entitlement for the user's plan.,https://api.massive.com/v3/reference/tickers/FRFHF,Contemporaneous U.S. OTC/ADR quotation or issuer/depositary-program evidence found; verify active=true in Massive before production use.,STRICT requires a documented El Nino/ENSO-linked country event with at least US$100m equivalent insured loss (or a defensible lower bound). SEVERE_PROTECTION_GAP covers severe impact where comparable insured-loss data was unavailable.,1997-1998; 2002-2003; 2004-2005; 2006-2007; 2009-2010; 2014-2016; 2018-2019; 2023-2024. Some weak episodes produced no country passing the strict public-data screen.,"Best-effort public-source screen; no free source provides an exhaustive global insured-loss database plus licensing roster linked to Massive. Includes every qualifying issuer found, not a legal guarantee of completeness.",No
2026-09-13,Canada,CAN,STRICT,Yes,2014-2016,Fort McMurray wildfire,Medium,Multi-billion-dollar fire loss,C$3.5bn original; about C$4.8bn in 2025 dollars,CAD,"El Nino contributed to warm/dry background conditions, while local weather, fuels and ignition were also important.",https://www.statcan.gc.ca/o1/en/plus/6868-wildfires-and-costliest-natural-disasters-canada,Great-West Lifeco Inc.,GWLIF,OTC,Foreign ordinary,Canada,Insurance holding company,Yes,No,No,No,https://www.greatwestlifeco.com/who-we-are.html,Coverage-inferred; not API-key queried,Active U.S. exchange/OTC security; Massive advertises all U.S. exchange and OTC stock coverage. Confirm entitlement for the user's plan.,https://api.massive.com/v3/reference/tickers/GWLIF,Contemporaneous U.S. OTC/ADR quotation or issuer/depositary-program evidence found; verify active=true in Massive before production use.,STRICT requires a documented El Nino/ENSO-linked country event with at least US$100m equivalent insured loss (or a defensible lower bound). SEVERE_PROTECTION_GAP covers severe impact where comparable insured-loss data was unavailable.,1997-1998; 2002-2003; 2004-2005; 2006-2007; 2009-2010; 2014-2016; 2018-2019; 2023-2024. Some weak episodes produced no country passing the strict public-data screen.,"Best-effort public-source screen; no free source provides an exhaustive global insured-loss database plus licensing roster linked to Massive. Includes every qualifying issuer found, not a legal guarantee of completeness.",No
2026-09-13,Canada,CAN,STRICT,Yes,2014-2016,Fort McMurray wildfire,Medium,Multi-billion-dollar fire loss,C$3.5bn original; about C$4.8bn in 2025 dollars,CAD,"El Nino contributed to warm/dry background conditions, while local weather, fuels and ignition were also important.",https://www.statcan.gc.ca/o1/en/plus/6868-wildfires-and-costliest-natural-disasters-canada,Chubb Limited,CB,NYSE,Common stock,Switzerland,Direct insurer,No,Yes,Yes,Yes,https://www.chubb.com/latam-microsites/latam-amigo-seguro.html,Coverage-inferred; not API-key queried,Active U.S. exchange/OTC security; Massive advertises all U.S. exchange and OTC stock coverage. Confirm entitlement for the user's plan.,https://api.massive.com/v3/reference/tickers/CB,Active U.S. listing independently checked on 2026-09-13.,STRICT requires a documented El Nino/ENSO-linked country event with at least US$100m equivalent insured loss (or a defensible lower bound). SEVERE_PROTECTION_GAP covers severe impact where comparable insured-loss data was unavailable.,1997-1998; 2002-2003; 2004-2005; 2006-2007; 2009-2010; 2014-2016; 2018-2019; 2023-2024. Some weak episodes produced no country passing the strict public-data screen.,"Best-effort public-source screen; no free source provides an exhaustive global insured-loss database plus licensing roster linked to Massive. Includes every qualifying issuer found, not a legal guarantee of completeness.",No
2026-09-13,Canada,CAN,STRICT,Yes,2014-2016,Fort McMurray wildfire,Medium,Multi-billion-dollar fire loss,C$3.5bn original; about C$4.8bn in 2025 dollars,CAD,"El Nino contributed to warm/dry background conditions, while local weather, fuels and ignition were also important.",https://www.statcan.gc.ca/o1/en/plus/6868-wildfires-and-costliest-natural-disasters-canada,"American International Group, Inc.",AIG,NYSE,Common stock,United States,Direct insurer,No,Yes,Yes,Yes,https://www.aig.com/home/about,Coverage-inferred; not API-key queried,Active U.S. exchange/OTC security; Massive advertises all U.S. exchange and OTC stock coverage. Confirm entitlement for the user's plan.,https://api.massive.com/v3/reference/tickers/AIG,Active U.S. listing independently checked on 2026-09-13.,STRICT requires a documented El Nino/ENSO-linked country event with at least US$100m equivalent insured loss (or a defensible lower bound). SEVERE_PROTECTION_GAP covers severe impact where comparable insured-loss data was unavailable.,1997-1998; 2002-2003; 2004-2005; 2006-2007; 2009-2010; 2014-2016; 2018-2019; 2023-2024. Some weak episodes produced no country passing the strict public-data screen.,"Best-effort public-source screen; no free source provides an exhaustive global insured-loss database plus licensing roster linked to Massive. Includes every qualifying issuer found, not a legal guarantee of completeness.",No
2026-09-13,Canada,CAN,STRICT,Yes,2014-2016,Fort McMurray wildfire,Medium,Multi-billion-dollar fire loss,C$3.5bn original; about C$4.8bn in 2025 dollars,CAD,"El Nino contributed to warm/dry background conditions, while local weather, fuels and ignition were also important.",https://www.statcan.gc.ca/o1/en/plus/6868-wildfires-and-costliest-natural-disasters-canada,Allianz SE,ALIZY,OTC,Unsponsored ADR,Germany,Insurer and reinsurer,Yes,Yes,Yes,Yes,https://www.allianz.com/en/about-us/company/contact.html,Coverage-inferred; not API-key queried,Active U.S. exchange/OTC security; Massive advertises all U.S. exchange and OTC stock coverage. Confirm entitlement for the user's plan.,https://api.massive.com/v3/reference/tickers/ALIZY,Contemporaneous U.S. OTC/ADR quotation or issuer/depositary-program evidence found; verify active=true in Massive before production use.,STRICT requires a documented El Nino/ENSO-linked country event with at least US$100m equivalent insured loss (or a defensible lower bound). SEVERE_PROTECTION_GAP covers severe impact where comparable insured-loss data was unavailable.,1997-1998; 2002-2003; 2004-2005; 2006-2007; 2009-2010; 2014-2016; 2018-2019; 2023-2024. Some weak episodes produced no country passing the strict public-data screen.,"Best-effort public-source screen; no free source provides an exhaustive global insured-loss database plus licensing roster linked to Massive. Includes every qualifying issuer found, not a legal guarantee of completeness.",No
2026-09-13,Canada,CAN,STRICT,Yes,2014-2016,Fort McMurray wildfire,Medium,Multi-billion-dollar fire loss,C$3.5bn original; about C$4.8bn in 2025 dollars,CAD,"El Nino contributed to warm/dry background conditions, while local weather, fuels and ignition were also important.",https://www.statcan.gc.ca/o1/en/plus/6868-wildfires-and-costliest-natural-disasters-canada,Zurich Insurance Group Ltd,ZURVY,OTCQX,Sponsored Level I ADR,Switzerland,Insurer and reinsurer,Yes,Yes,Yes,Yes,https://www.zurich.com/media/news-releases/2023/2023-0310-01,Coverage-inferred; not API-key queried,Active U.S. exchange/OTC security; Massive advertises all U.S. exchange and OTC stock coverage. Confirm entitlement for the user's plan.,https://api.massive.com/v3/reference/tickers/ZURVY,Contemporaneous U.S. OTC/ADR quotation or issuer/depositary-program evidence found; verify active=true in Massive before production use.,STRICT requires a documented El Nino/ENSO-linked country event with at least US$100m equivalent insured loss (or a defensible lower bound). SEVERE_PROTECTION_GAP covers severe impact where comparable insured-loss data was unavailable.,1997-1998; 2002-2003; 2004-2005; 2006-2007; 2009-2010; 2014-2016; 2018-2019; 2023-2024. Some weak episodes produced no country passing the strict public-data screen.,"Best-effort public-source screen; no free source provides an exhaustive global insured-loss database plus licensing roster linked to Massive. Includes every qualifying issuer found, not a legal guarantee of completeness.",No
2026-09-13,China,CHN,STRICT,Yes,2014-2016,June-July 2016 floods,Medium,$20bn,$300m,USD,"Guardian/Munich Re figures show a large protection gap; the event followed the strong 2015-16 El Nino, but the loss is not attributed solely to ENSO.",https://www.theguardian.com/business/2017/jan/04/insurers-paid-out-50bn-natural-disaster-claims-2016,"Ping An Insurance (Group) Company of China, Ltd.",PNGAY,OTC,Sponsored ADR,China,Insurance holding company,Yes,Yes,Yes,Yes,https://group.pingan.com/about_us.html,Coverage-inferred; not API-key queried,Active U.S. exchange/OTC security; Massive advertises all U.S. exchange and OTC stock coverage. Confirm entitlement for the user's plan.,https://api.massive.com/v3/reference/tickers/PNGAY,Contemporaneous U.S. OTC/ADR quotation or issuer/depositary-program evidence found; verify active=true in Massive before production use.,STRICT requires a documented El Nino/ENSO-linked country event with at least US$100m equivalent insured loss (or a defensible lower bound). SEVERE_PROTECTION_GAP covers severe impact where comparable insured-loss data was unavailable.,1997-1998; 2002-2003; 2004-2005; 2006-2007; 2009-2010; 2014-2016; 2018-2019; 2023-2024. Some weak episodes produced no country passing the strict public-data screen.,"Best-effort public-source screen; no free source provides an exhaustive global insured-loss database plus licensing roster linked to Massive. Includes every qualifying issuer found, not a legal guarantee of completeness.",No
2026-09-13,China,CHN,STRICT,Yes,2014-2016,June-July 2016 floods,Medium,$20bn,$300m,USD,"Guardian/Munich Re figures show a large protection gap; the event followed the strong 2015-16 El Nino, but the loss is not attributed solely to ENSO.",https://www.theguardian.com/business/2017/jan/04/insurers-paid-out-50bn-natural-disaster-claims-2016,PICC Property and Casualty Company Limited,PPCCY,OTC,ADR,China,Direct insurer,No,Yes,Yes,Yes,https://property.picc.com/,Coverage-inferred; not API-key queried,Active U.S. exchange/OTC security; Massive advertises all U.S. exchange and OTC stock coverage. Confirm entitlement for the user's plan.,https://api.massive.com/v3/reference/tickers/PPCCY,Contemporaneous U.S. OTC/ADR quotation or issuer/depositary-program evidence found; verify active=true in Massive before production use.,STRICT requires a documented El Nino/ENSO-linked country event with at least US$100m equivalent insured loss (or a defensible lower bound). SEVERE_PROTECTION_GAP covers severe impact where comparable insured-loss data was unavailable.,1997-1998; 2002-2003; 2004-2005; 2006-2007; 2009-2010; 2014-2016; 2018-2019; 2023-2024. Some weak episodes produced no country passing the strict public-data screen.,"Best-effort public-source screen; no free source provides an exhaustive global insured-loss database plus licensing roster linked to Massive. Includes every qualifying issuer found, not a legal guarantee of completeness.",No
2026-09-13,China,CHN,STRICT,Yes,2014-2016,June-July 2016 floods,Medium,$20bn,$300m,USD,"Guardian/Munich Re figures show a large protection gap; the event followed the strong 2015-16 El Nino, but the loss is not attributed solely to ENSO.",https://www.theguardian.com/business/2017/jan/04/insurers-paid-out-50bn-natural-disaster-claims-2016,"China Pacific Insurance (Group) Co., Ltd.",CHPXY,OTC,ADR,China,Insurance holding company,Yes,Yes,Yes,Yes,https://www.cpic.com.cn/c/2021-05-31/1624125.shtml,Coverage-inferred; not API-key queried,Active U.S. exchange/OTC security; Massive advertises all U.S. exchange and OTC stock coverage. Confirm entitlement for the user's plan.,https://api.massive.com/v3/reference/tickers/CHPXY,Contemporaneous U.S. OTC/ADR quotation or issuer/depositary-program evidence found; verify active=true in Massive before production use.,STRICT requires a documented El Nino/ENSO-linked country event with at least US$100m equivalent insured loss (or a defensible lower bound). SEVERE_PROTECTION_GAP covers severe impact where comparable insured-loss data was unavailable.,1997-1998; 2002-2003; 2004-2005; 2006-2007; 2009-2010; 2014-2016; 2018-2019; 2023-2024. Some weak episodes produced no country passing the strict public-data screen.,"Best-effort public-source screen; no free source provides an exhaustive global insured-loss database plus licensing roster linked to Massive. Includes every qualifying issuer found, not a legal guarantee of completeness.",No
2026-09-13,China,CHN,STRICT,Yes,2014-2016,June-July 2016 floods,Medium,$20bn,$300m,USD,"Guardian/Munich Re figures show a large protection gap; the event followed the strong 2015-16 El Nino, but the loss is not attributed solely to ENSO.",https://www.theguardian.com/business/2017/jan/04/insurers-paid-out-50bn-natural-disaster-claims-2016,China Life Insurance Company Limited,LFCHY,OTC,ADR,China,Direct insurer,Yes,No,No,No,https://www.e-chinalife.com/,Coverage-inferred; not API-key queried,Active U.S. exchange/OTC security; Massive advertises all U.S. exchange and OTC stock coverage. Confirm entitlement for the user's plan.,https://api.massive.com/v3/reference/tickers/LFCHY,Contemporaneous U.S. OTC/ADR quotation or issuer/depositary-program evidence found; verify active=true in Massive before production use.,STRICT requires a documented El Nino/ENSO-linked country event with at least US$100m equivalent insured loss (or a defensible lower bound). SEVERE_PROTECTION_GAP covers severe impact where comparable insured-loss data was unavailable.,1997-1998; 2002-2003; 2004-2005; 2006-2007; 2009-2010; 2014-2016; 2018-2019; 2023-2024. Some weak episodes produced no country passing the strict public-data screen.,"Best-effort public-source screen; no free source provides an exhaustive global insured-loss database plus licensing roster linked to Massive. Includes every qualifying issuer found, not a legal guarantee of completeness.",No
2026-09-13,China,CHN,STRICT,Yes,2014-2016,June-July 2016 floods,Medium,$20bn,$300m,USD,"Guardian/Munich Re figures show a large protection gap; the event followed the strong 2015-16 El Nino, but the loss is not attributed solely to ENSO.",https://www.theguardian.com/business/2017/jan/04/insurers-paid-out-50bn-natural-disaster-claims-2016,AIA Group Limited,AAGIY,OTC,Sponsored ADR,Hong Kong,Direct insurer,Yes,No,No,No,https://www.aia.com/en/about-aia/overview,Coverage-inferred; not API-key queried,Active U.S. exchange/OTC security; Massive advertises all U.S. exchange and OTC stock coverage. Confirm entitlement for the user's plan.,https://api.massive.com/v3/reference/tickers/AAGIY,Contemporaneous U.S. OTC/ADR quotation or issuer/depositary-program evidence found; verify active=true in Massive before production use.,STRICT requires a documented El Nino/ENSO-linked country event with at least US$100m equivalent insured loss (or a defensible lower bound). SEVERE_PROTECTION_GAP covers severe impact where comparable insured-loss data was unavailable.,1997-1998; 2002-2003; 2004-2005; 2006-2007; 2009-2010; 2014-2016; 2018-2019; 2023-2024. Some weak episodes produced no country passing the strict public-data screen.,"Best-effort public-source screen; no free source provides an exhaustive global insured-loss database plus licensing roster linked to Massive. Includes every qualifying issuer found, not a legal guarantee of completeness.",No
2026-09-13,China,CHN,STRICT,Yes,2014-2016,June-July 2016 floods,Medium,$20bn,$300m,USD,"Guardian/Munich Re figures show a large protection gap; the event followed the strong 2015-16 El Nino, but the loss is not attributed solely to ENSO.",https://www.theguardian.com/business/2017/jan/04/insurers-paid-out-50bn-natural-disaster-claims-2016,Prudential plc,PUK,NYSE,ADR,United Kingdom,Direct insurer,Yes,No,No,No,https://www.prudentialplc.com/en/about-us/our-markets,Coverage-inferred; not API-key queried,Active U.S. exchange/OTC security; Massive advertises all U.S. exchange and OTC stock coverage. Confirm entitlement for the user's plan.,https://api.massive.com/v3/reference/tickers/PUK,Active U.S. listing independently checked on 2026-09-13.,STRICT requires a documented El Nino/ENSO-linked country event with at least US$100m equivalent insured loss (or a defensible lower bound). SEVERE_PROTECTION_GAP covers severe impact where comparable insured-loss data was unavailable.,1997-1998; 2002-2003; 2004-2005; 2006-2007; 2009-2010; 2014-2016; 2018-2019; 2023-2024. Some weak episodes produced no country passing the strict public-data screen.,"Best-effort public-source screen; no free source provides an exhaustive global insured-loss database plus licensing roster linked to Massive. Includes every qualifying issuer found, not a legal guarantee of completeness.",No
2026-09-13,China,CHN,STRICT,Yes,2014-2016,June-July 2016 floods,Medium,$20bn,$300m,USD,"Guardian/Munich Re figures show a large protection gap; the event followed the strong 2015-16 El Nino, but the loss is not attributed solely to ENSO.",https://www.theguardian.com/business/2017/jan/04/insurers-paid-out-50bn-natural-disaster-claims-2016,Allianz SE,ALIZY,OTC,Unsponsored ADR,Germany,Insurer and reinsurer,Yes,Yes,Yes,Yes,https://www.allianz.com/en/about-us/company/contact.html,Coverage-inferred; not API-key queried,Active U.S. exchange/OTC security; Massive advertises all U.S. exchange and OTC stock coverage. Confirm entitlement for the user's plan.,https://api.massive.com/v3/reference/tickers/ALIZY,Contemporaneous U.S. OTC/ADR quotation or issuer/depositary-program evidence found; verify active=true in Massive before production use.,STRICT requires a documented El Nino/ENSO-linked country event with at least US$100m equivalent insured loss (or a defensible lower bound). SEVERE_PROTECTION_GAP covers severe impact where comparable insured-loss data was unavailable.,1997-1998; 2002-2003; 2004-2005; 2006-2007; 2009-2010; 2014-2016; 2018-2019; 2023-2024. Some weak episodes produced no country passing the strict public-data screen.,"Best-effort public-source screen; no free source provides an exhaustive global insured-loss database plus licensing roster linked to Massive. Includes every qualifying issuer found, not a legal guarantee of completeness.",No
2026-09-13,China,CHN,STRICT,Yes,2014-2016,June-July 2016 floods,Medium,$20bn,$300m,USD,"Guardian/Munich Re figures show a large protection gap; the event followed the strong 2015-16 El Nino, but the loss is not attributed solely to ENSO.",https://www.theguardian.com/business/2017/jan/04/insurers-paid-out-50bn-natural-disaster-claims-2016,AXA SA,AXAHY,OTCQX,Sponsored ADR,France,Insurer and reinsurer,Yes,Yes,Yes,Yes,https://www.axa.com/en/about-us/axa-world-map,Coverage-inferred; not API-key queried,Active U.S. exchange/OTC security; Massive advertises all U.S. exchange and OTC stock coverage. Confirm entitlement for the user's plan.,https://api.massive.com/v3/reference/tickers/AXAHY,Contemporaneous U.S. OTC/ADR quotation or issuer/depositary-program evidence found; verify active=true in Massive before production use.,STRICT requires a documented El Nino/ENSO-linked country event with at least US$100m equivalent insured loss (or a defensible lower bound). SEVERE_PROTECTION_GAP covers severe impact where comparable insured-loss data was unavailable.,1997-1998; 2002-2003; 2004-2005; 2006-2007; 2009-2010; 2014-2016; 2018-2019; 2023-2024. Some weak episodes produced no country passing the strict public-data screen.,"Best-effort public-source screen; no free source provides an exhaustive global insured-loss database plus licensing roster linked to Massive. Includes every qualifying issuer found, not a legal guarantee of completeness.",No
2026-09-13,China,CHN,STRICT,Yes,2014-2016,June-July 2016 floods,Medium,$20bn,$300m,USD,"Guardian/Munich Re figures show a large protection gap; the event followed the strong 2015-16 El Nino, but the loss is not attributed solely to ENSO.",https://www.theguardian.com/business/2017/jan/04/insurers-paid-out-50bn-natural-disaster-claims-2016,"American International Group, Inc.",AIG,NYSE,Common stock,United States,Direct insurer,No,Yes,Yes,Yes,https://www.aig.com/home/about,Coverage-inferred; not API-key queried,Active U.S. exchange/OTC security; Massive advertises all U.S. exchange and OTC stock coverage. Confirm entitlement for the user's plan.,https://api.massive.com/v3/reference/tickers/AIG,Active U.S. listing independently checked on 2026-09-13.,STRICT requires a documented El Nino/ENSO-linked country event with at least US$100m equivalent insured loss (or a defensible lower bound). SEVERE_PROTECTION_GAP covers severe impact where comparable insured-loss data was unavailable.,1997-1998; 2002-2003; 2004-2005; 2006-2007; 2009-2010; 2014-2016; 2018-2019; 2023-2024. Some weak episodes produced no country passing the strict public-data screen.,"Best-effort public-source screen; no free source provides an exhaustive global insured-loss database plus licensing roster linked to Massive. Includes every qualifying issuer found, not a legal guarantee of completeness.",No
2026-09-13,South Africa,ZAF,SEVERE_PROTECTION_GAP,No,2014-2016,Severe drought; crop losses,High,Severe national agricultural loss; regional drought contributed to multi-billion-dollar losses,Not found at country-event level,,FAO and USDA document the strongest drought in decades and major maize losses; public country-level insured loss was insufficient.,https://www.fao.org/africa/news-stories/news-detail/South-Africa-faces-worst-drought-in-25-years/en,Sanlam Limited,SLLDY,OTC,ADR,South Africa,Insurance holding company,Yes,Yes,Yes,Yes,https://www.sanlam.com/about/Pages/default.aspx,Coverage-inferred; not API-key queried,Active U.S. exchange/OTC security; Massive advertises all U.S. exchange and OTC stock coverage. Confirm entitlement for the user's plan.,https://api.massive.com/v3/reference/tickers/SLLDY,Contemporaneous U.S. OTC/ADR quotation or issuer/depositary-program evidence found; verify active=true in Massive before production use.,STRICT requires a documented El Nino/ENSO-linked country event with at least US$100m equivalent insured loss (or a defensible lower bound). SEVERE_PROTECTION_GAP covers severe impact where comparable insured-loss data was unavailable.,1997-1998; 2002-2003; 2004-2005; 2006-2007; 2009-2010; 2014-2016; 2018-2019; 2023-2024. Some weak episodes produced no country passing the strict public-data screen.,"Best-effort public-source screen; no free source provides an exhaustive global insured-loss database plus licensing roster linked to Massive. Includes every qualifying issuer found, not a legal guarantee of completeness.",No
2026-09-13,South Africa,ZAF,SEVERE_PROTECTION_GAP,No,2014-2016,Severe drought; crop losses,High,Severe national agricultural loss; regional drought contributed to multi-billion-dollar losses,Not found at country-event level,,FAO and USDA document the strongest drought in decades and major maize losses; public country-level insured loss was insufficient.,https://www.fao.org/africa/news-stories/news-detail/South-Africa-faces-worst-drought-in-25-years/en,Old Mutual Limited,ODMTY,OTC,ADR,South Africa,Insurance holding company,Yes,Yes,Limited,Yes,https://www.oldmutual.com/about-us/,Coverage-inferred; not API-key queried,Active U.S. exchange/OTC security; Massive advertises all U.S. exchange and OTC stock coverage. Confirm entitlement for the user's plan.,https://api.massive.com/v3/reference/tickers/ODMTY,Contemporaneous U.S. OTC/ADR quotation or issuer/depositary-program evidence found; verify active=true in Massive before production use.,STRICT requires a documented El Nino/ENSO-linked country event with at least US$100m equivalent insured loss (or a defensible lower bound). SEVERE_PROTECTION_GAP covers severe impact where comparable insured-loss data was unavailable.,1997-1998; 2002-2003; 2004-2005; 2006-2007; 2009-2010; 2014-2016; 2018-2019; 2023-2024. Some weak episodes produced no country passing the strict public-data screen.,"Best-effort public-source screen; no free source provides an exhaustive global insured-loss database plus licensing roster linked to Massive. Includes every qualifying issuer found, not a legal guarantee of completeness.",No
2026-09-13,South Africa,ZAF,SEVERE_PROTECTION_GAP,No,2014-2016,Severe drought; crop losses,High,Severe national agricultural loss; regional drought contributed to multi-billion-dollar losses,Not found at country-event level,,FAO and USDA document the strongest drought in decades and major maize losses; public country-level insured loss was insufficient.,https://www.fao.org/africa/news-stories/news-detail/South-Africa-faces-worst-drought-in-25-years/en,Santam Limited,SNTAY,OTC,ADR,South Africa,Direct insurer,No,Yes,Yes,Yes,https://www.santam.co.za/about-us/,Coverage-inferred; not API-key queried,Active U.S. exchange/OTC security; Massive advertises all U.S. exchange and OTC stock coverage. Confirm entitlement for the user's plan.,https://api.massive.com/v3/reference/tickers/SNTAY,Contemporaneous U.S. OTC/ADR quotation or issuer/depositary-program evidence found; verify active=true in Massive before production use.,STRICT requires a documented El Nino/ENSO-linked country event with at least US$100m equivalent insured loss (or a defensible lower bound). SEVERE_PROTECTION_GAP covers severe impact where comparable insured-loss data was unavailable.,1997-1998; 2002-2003; 2004-2005; 2006-2007; 2009-2010; 2014-2016; 2018-2019; 2023-2024. Some weak episodes produced no country passing the strict public-data screen.,"Best-effort public-source screen; no free source provides an exhaustive global insured-loss database plus licensing roster linked to Massive. Includes every qualifying issuer found, not a legal guarantee of completeness.",No
2026-09-13,South Africa,ZAF,SEVERE_PROTECTION_GAP,No,2014-2016,Severe drought; crop losses,High,Severe national agricultural loss; regional drought contributed to multi-billion-dollar losses,Not found at country-event level,,FAO and USDA document the strongest drought in decades and major maize losses; public country-level insured loss was insufficient.,https://www.fao.org/africa/news-stories/news-detail/South-Africa-faces-worst-drought-in-25-years/en,Allianz SE,ALIZY,OTC,Unsponsored ADR,Germany,Insurer and reinsurer,Yes,Yes,Yes,Yes,https://www.allianz.com/en/about-us/company/contact.html,Coverage-inferred; not API-key queried,Active U.S. exchange/OTC security; Massive advertises all U.S. exchange and OTC stock coverage. Confirm entitlement for the user's plan.,https://api.massive.com/v3/reference/tickers/ALIZY,Contemporaneous U.S. OTC/ADR quotation or issuer/depositary-program evidence found; verify active=true in Massive before production use.,STRICT requires a documented El Nino/ENSO-linked country event with at least US$100m equivalent insured loss (or a defensible lower bound). SEVERE_PROTECTION_GAP covers severe impact where comparable insured-loss data was unavailable.,1997-1998; 2002-2003; 2004-2005; 2006-2007; 2009-2010; 2014-2016; 2018-2019; 2023-2024. Some weak episodes produced no country passing the strict public-data screen.,"Best-effort public-source screen; no free source provides an exhaustive global insured-loss database plus licensing roster linked to Massive. Includes every qualifying issuer found, not a legal guarantee of completeness.",No
2026-09-13,Philippines,PHL,SEVERE_PROTECTION_GAP,No,2014-2016; 2018-2019; 2023-2024,Drought; crop and water-supply losses,High,Severe agricultural and livelihood losses,Not found at country-event level,,Included for documented severe El Nino exposure and insurance protection gap; no comparable public country-event insured-loss total was found.,https://wmo.int/topics/el-nino-la-nina,AIA Group Limited,AAGIY,OTC,Sponsored ADR,Hong Kong,Direct insurer,Yes,No,No,No,https://www.aia.com/en/about-aia/overview,Coverage-inferred; not API-key queried,Active U.S. exchange/OTC security; Massive advertises all U.S. exchange and OTC stock coverage. Confirm entitlement for the user's plan.,https://api.massive.com/v3/reference/tickers/AAGIY,Contemporaneous U.S. OTC/ADR quotation or issuer/depositary-program evidence found; verify active=true in Massive before production use.,STRICT requires a documented El Nino/ENSO-linked country event with at least US$100m equivalent insured loss (or a defensible lower bound). SEVERE_PROTECTION_GAP covers severe impact where comparable insured-loss data was unavailable.,1997-1998; 2002-2003; 2004-2005; 2006-2007; 2009-2010; 2014-2016; 2018-2019; 2023-2024. Some weak episodes produced no country passing the strict public-data screen.,"Best-effort public-source screen; no free source provides an exhaustive global insured-loss database plus licensing roster linked to Massive. Includes every qualifying issuer found, not a legal guarantee of completeness.",No
2026-09-13,Philippines,PHL,SEVERE_PROTECTION_GAP,No,2014-2016; 2018-2019; 2023-2024,Drought; crop and water-supply losses,High,Severe agricultural and livelihood losses,Not found at country-event level,,Included for documented severe El Nino exposure and insurance protection gap; no comparable public country-event insured-loss total was found.,https://wmo.int/topics/el-nino-la-nina,Prudential plc,PUK,NYSE,ADR,United Kingdom,Direct insurer,Yes,No,No,No,https://www.prudentialplc.com/en/about-us/our-markets,Coverage-inferred; not API-key queried,Active U.S. exchange/OTC security; Massive advertises all U.S. exchange and OTC stock coverage. Confirm entitlement for the user's plan.,https://api.massive.com/v3/reference/tickers/PUK,Active U.S. listing independently checked on 2026-09-13.,STRICT requires a documented El Nino/ENSO-linked country event with at least US$100m equivalent insured loss (or a defensible lower bound). SEVERE_PROTECTION_GAP covers severe impact where comparable insured-loss data was unavailable.,1997-1998; 2002-2003; 2004-2005; 2006-2007; 2009-2010; 2014-2016; 2018-2019; 2023-2024. Some weak episodes produced no country passing the strict public-data screen.,"Best-effort public-source screen; no free source provides an exhaustive global insured-loss database plus licensing roster linked to Massive. Includes every qualifying issuer found, not a legal guarantee of completeness.",No
2026-09-13,Philippines,PHL,SEVERE_PROTECTION_GAP,No,2014-2016; 2018-2019; 2023-2024,Drought; crop and water-supply losses,High,Severe agricultural and livelihood losses,Not found at country-event level,,Included for documented severe El Nino exposure and insurance protection gap; no comparable public country-event insured-loss total was found.,https://wmo.int/topics/el-nino-la-nina,Manulife Financial Corporation,MFC,NYSE,Common stock,Canada,Direct insurer,Yes,No,No,No,https://www.manulife.com/en/about.html,Coverage-inferred; not API-key queried,Active U.S. exchange/OTC security; Massive advertises all U.S. exchange and OTC stock coverage. Confirm entitlement for the user's plan.,https://api.massive.com/v3/reference/tickers/MFC,Active U.S. listing independently checked on 2026-09-13.,STRICT requires a documented El Nino/ENSO-linked country event with at least US$100m equivalent insured loss (or a defensible lower bound). SEVERE_PROTECTION_GAP covers severe impact where comparable insured-loss data was unavailable.,1997-1998; 2002-2003; 2004-2005; 2006-2007; 2009-2010; 2014-2016; 2018-2019; 2023-2024. Some weak episodes produced no country passing the strict public-data screen.,"Best-effort public-source screen; no free source provides an exhaustive global insured-loss database plus licensing roster linked to Massive. Includes every qualifying issuer found, not a legal guarantee of completeness.",No
2026-09-13,Philippines,PHL,SEVERE_PROTECTION_GAP,No,2014-2016; 2018-2019; 2023-2024,Drought; crop and water-supply losses,High,Severe agricultural and livelihood losses,Not found at country-event level,,Included for documented severe El Nino exposure and insurance protection gap; no comparable public country-event insured-loss total was found.,https://wmo.int/topics/el-nino-la-nina,Sun Life Financial Inc.,SLF,NYSE,Common stock,Canada,Direct insurer,Yes,No,No,No,https://www.sunlife.com/en/about-us/,Coverage-inferred; not API-key queried,Active U.S. exchange/OTC security; Massive advertises all U.S. exchange and OTC stock coverage. Confirm entitlement for the user's plan.,https://api.massive.com/v3/reference/tickers/SLF,Active U.S. listing independently checked on 2026-09-13.,STRICT requires a documented El Nino/ENSO-linked country event with at least US$100m equivalent insured loss (or a defensible lower bound). SEVERE_PROTECTION_GAP covers severe impact where comparable insured-loss data was unavailable.,1997-1998; 2002-2003; 2004-2005; 2006-2007; 2009-2010; 2014-2016; 2018-2019; 2023-2024. Some weak episodes produced no country passing the strict public-data screen.,"Best-effort public-source screen; no free source provides an exhaustive global insured-loss database plus licensing roster linked to Massive. Includes every qualifying issuer found, not a legal guarantee of completeness.",No
2026-09-13,Philippines,PHL,SEVERE_PROTECTION_GAP,No,2014-2016; 2018-2019; 2023-2024,Drought; crop and water-supply losses,High,Severe agricultural and livelihood losses,Not found at country-event level,,Included for documented severe El Nino exposure and insurance protection gap; no comparable public country-event insured-loss total was found.,https://wmo.int/topics/el-nino-la-nina,Allianz SE,ALIZY,OTC,Unsponsored ADR,Germany,Insurer and reinsurer,Yes,Yes,Yes,Yes,https://www.allianz.com/en/about-us/company/contact.html,Coverage-inferred; not API-key queried,Active U.S. exchange/OTC security; Massive advertises all U.S. exchange and OTC stock coverage. Confirm entitlement for the user's plan.,https://api.massive.com/v3/reference/tickers/ALIZY,Contemporaneous U.S. OTC/ADR quotation or issuer/depositary-program evidence found; verify active=true in Massive before production use.,STRICT requires a documented El Nino/ENSO-linked country event with at least US$100m equivalent insured loss (or a defensible lower bound). SEVERE_PROTECTION_GAP covers severe impact where comparable insured-loss data was unavailable.,1997-1998; 2002-2003; 2004-2005; 2006-2007; 2009-2010; 2014-2016; 2018-2019; 2023-2024. Some weak episodes produced no country passing the strict public-data screen.,"Best-effort public-source screen; no free source provides an exhaustive global insured-loss database plus licensing roster linked to Massive. Includes every qualifying issuer found, not a legal guarantee of completeness.",No
2026-09-13,Philippines,PHL,SEVERE_PROTECTION_GAP,No,2014-2016; 2018-2019; 2023-2024,Drought; crop and water-supply losses,High,Severe agricultural and livelihood losses,Not found at country-event level,,Included for documented severe El Nino exposure and insurance protection gap; no comparable public country-event insured-loss total was found.,https://wmo.int/topics/el-nino-la-nina,AXA SA,AXAHY,OTCQX,Sponsored ADR,France,Insurer and reinsurer,Yes,Yes,Yes,Yes,https://www.axa.com/en/about-us/axa-world-map,Coverage-inferred; not API-key queried,Active U.S. exchange/OTC security; Massive advertises all U.S. exchange and OTC stock coverage. Confirm entitlement for the user's plan.,https://api.massive.com/v3/reference/tickers/AXAHY,Contemporaneous U.S. OTC/ADR quotation or issuer/depositary-program evidence found; verify active=true in Massive before production use.,STRICT requires a documented El Nino/ENSO-linked country event with at least US$100m equivalent insured loss (or a defensible lower bound). SEVERE_PROTECTION_GAP covers severe impact where comparable insured-loss data was unavailable.,1997-1998; 2002-2003; 2004-2005; 2006-2007; 2009-2010; 2014-2016; 2018-2019; 2023-2024. Some weak episodes produced no country passing the strict public-data screen.,"Best-effort public-source screen; no free source provides an exhaustive global insured-loss database plus licensing roster linked to Massive. Includes every qualifying issuer found, not a legal guarantee of completeness.",No
2026-09-13,Kenya,KEN,SEVERE_PROTECTION_GAP,No,1997-1998; 2014-2016,Flooding and drought; agriculture and infrastructure disruption,Medium,Severe humanitarian and economic disruption,Not found at country-event level,,ENSO affects East African short rains and northern dry seasons; country-event insured-loss evidence was not found.,https://wmo.int/topics/el-nino-la-nina,Sanlam Limited,SLLDY,OTC,ADR,South Africa,Insurance holding company,Yes,Yes,Yes,Yes,https://www.sanlam.com/about/Pages/default.aspx,Coverage-inferred; not API-key queried,Active U.S. exchange/OTC security; Massive advertises all U.S. exchange and OTC stock coverage. Confirm entitlement for the user's plan.,https://api.massive.com/v3/reference/tickers/SLLDY,Contemporaneous U.S. OTC/ADR quotation or issuer/depositary-program evidence found; verify active=true in Massive before production use.,STRICT requires a documented El Nino/ENSO-linked country event with at least US$100m equivalent insured loss (or a defensible lower bound). SEVERE_PROTECTION_GAP covers severe impact where comparable insured-loss data was unavailable.,1997-1998; 2002-2003; 2004-2005; 2006-2007; 2009-2010; 2014-2016; 2018-2019; 2023-2024. Some weak episodes produced no country passing the strict public-data screen.,"Best-effort public-source screen; no free source provides an exhaustive global insured-loss database plus licensing roster linked to Massive. Includes every qualifying issuer found, not a legal guarantee of completeness.",No
2026-09-13,Kenya,KEN,SEVERE_PROTECTION_GAP,No,1997-1998; 2014-2016,Flooding and drought; agriculture and infrastructure disruption,Medium,Severe humanitarian and economic disruption,Not found at country-event level,,ENSO affects East African short rains and northern dry seasons; country-event insured-loss evidence was not found.,https://wmo.int/topics/el-nino-la-nina,Old Mutual Limited,ODMTY,OTC,ADR,South Africa,Insurance holding company,Yes,Yes,Limited,Yes,https://www.oldmutual.com/about-us/,Coverage-inferred; not API-key queried,Active U.S. exchange/OTC security; Massive advertises all U.S. exchange and OTC stock coverage. Confirm entitlement for the user's plan.,https://api.massive.com/v3/reference/tickers/ODMTY,Contemporaneous U.S. OTC/ADR quotation or issuer/depositary-program evidence found; verify active=true in Massive before production use.,STRICT requires a documented El Nino/ENSO-linked country event with at least US$100m equivalent insured loss (or a defensible lower bound). SEVERE_PROTECTION_GAP covers severe impact where comparable insured-loss data was unavailable.,1997-1998; 2002-2003; 2004-2005; 2006-2007; 2009-2010; 2014-2016; 2018-2019; 2023-2024. Some weak episodes produced no country passing the strict public-data screen.,"Best-effort public-source screen; no free source provides an exhaustive global insured-loss database plus licensing roster linked to Massive. Includes every qualifying issuer found, not a legal guarantee of completeness.",No
2026-09-13,Belize,BLZ,SEVERE_PROTECTION_GAP,No,1997-1998; 2014-2016; 2023-2024,Drought; agriculture and water stress,Medium,Regional severe livelihood and agricultural losses,Not found at country-event level,,Central America report covers all seven countries and highlights major Dry Corridor impacts; Belize-specific insured loss was not found.,How_did_Central_America_cope_with_El_Nin(1).pdf,Sagicor Financial Company Ltd.,SGCFF,OTC,Foreign ordinary,Bermuda/Canada,Insurance holding company,Yes,Yes,Yes,No,https://www.sagicor.com/,Coverage-inferred; not API-key queried,Active U.S. exchange/OTC security; Massive advertises all U.S. exchange and OTC stock coverage. Confirm entitlement for the user's plan.,https://api.massive.com/v3/reference/tickers/SGCFF,Contemporaneous U.S. OTC/ADR quotation or issuer/depositary-program evidence found; verify active=true in Massive before production use.,STRICT requires a documented El Nino/ENSO-linked country event with at least US$100m equivalent insured loss (or a defensible lower bound). SEVERE_PROTECTION_GAP covers severe impact where comparable insured-loss data was unavailable.,1997-1998; 2002-2003; 2004-2005; 2006-2007; 2009-2010; 2014-2016; 2018-2019; 2023-2024. Some weak episodes produced no country passing the strict public-data screen.,"Best-effort public-source screen; no free source provides an exhaustive global insured-loss database plus licensing roster linked to Massive. Includes every qualifying issuer found, not a legal guarantee of completeness.",How_did_Central_America_cope_with_El_Nin(1).pdf
2026-09-13,Guatemala,GTM,SEVERE_PROTECTION_GAP,No,1997-1998; 2014-2016; 2023-2024,Drought; crop loss; 1997-98 forest fires,High,"Regional ECLAC estimate: $2.904bn damages plus $1.111bn losses, 1972-2010 El Nino-related disasters",Not found at country-event level,USD,Attached report identifies Guatemala among the most affected Dry Corridor countries and reports 1997-98 fires.,How_did_Central_America_cope_with_El_Nin(1).pdf,MAPFRE S.A.,MPFRY,OTC,ADR,Spain,Insurer and reinsurer,Yes,Yes,Yes,Yes,https://www.mapfre.com/en/,Coverage-inferred; not API-key queried,Active U.S. exchange/OTC security; Massive advertises all U.S. exchange and OTC stock coverage. Confirm entitlement for the user's plan.,https://api.massive.com/v3/reference/tickers/MPFRY,Contemporaneous U.S. OTC/ADR quotation or issuer/depositary-program evidence found; verify active=true in Massive before production use.,STRICT requires a documented El Nino/ENSO-linked country event with at least US$100m equivalent insured loss (or a defensible lower bound). SEVERE_PROTECTION_GAP covers severe impact where comparable insured-loss data was unavailable.,1997-1998; 2002-2003; 2004-2005; 2006-2007; 2009-2010; 2014-2016; 2018-2019; 2023-2024. Some weak episodes produced no country passing the strict public-data screen.,"Best-effort public-source screen; no free source provides an exhaustive global insured-loss database plus licensing roster linked to Massive. Includes every qualifying issuer found, not a legal guarantee of completeness.",How_did_Central_America_cope_with_El_Nin(1).pdf
2026-09-13,El Salvador,SLV,SEVERE_PROTECTION_GAP,No,1997-1998; 2014-2016; 2023-2024,Drought; maize and bean losses; food insecurity,High,"Regional ECLAC estimate: $2.904bn damages plus $1.111bn losses, 1972-2010 El Nino-related disasters",Not found at country-event level,USD,Attached report identifies El Salvador among the most affected Dry Corridor countries.,How_did_Central_America_cope_with_El_Nin(1).pdf,MAPFRE S.A.,MPFRY,OTC,ADR,Spain,Insurer and reinsurer,Yes,Yes,Yes,Yes,https://www.mapfre.com/en/,Coverage-inferred; not API-key queried,Active U.S. exchange/OTC security; Massive advertises all U.S. exchange and OTC stock coverage. Confirm entitlement for the user's plan.,https://api.massive.com/v3/reference/tickers/MPFRY,Contemporaneous U.S. OTC/ADR quotation or issuer/depositary-program evidence found; verify active=true in Massive before production use.,STRICT requires a documented El Nino/ENSO-linked country event with at least US$100m equivalent insured loss (or a defensible lower bound). SEVERE_PROTECTION_GAP covers severe impact where comparable insured-loss data was unavailable.,1997-1998; 2002-2003; 2004-2005; 2006-2007; 2009-2010; 2014-2016; 2018-2019; 2023-2024. Some weak episodes produced no country passing the strict public-data screen.,"Best-effort public-source screen; no free source provides an exhaustive global insured-loss database plus licensing roster linked to Massive. Includes every qualifying issuer found, not a legal guarantee of completeness.",How_did_Central_America_cope_with_El_Nin(1).pdf
2026-09-13,Honduras,HND,SEVERE_PROTECTION_GAP,No,1997-1998; 2014-2016; 2023-2024,Drought; crop loss; 1997-98 forest fires,High,"Regional ECLAC estimate: $2.904bn damages plus $1.111bn losses, 1972-2010 El Nino-related disasters",Not found at country-event level,USD,Attached report identifies Honduras among the most affected Dry Corridor countries and reports 1997-98 fires.,How_did_Central_America_cope_with_El_Nin(1).pdf,MAPFRE S.A.,MPFRY,OTC,ADR,Spain,Insurer and reinsurer,Yes,Yes,Yes,Yes,https://www.mapfre.com/en/,Coverage-inferred; not API-key queried,Active U.S. exchange/OTC security; Massive advertises all U.S. exchange and OTC stock coverage. Confirm entitlement for the user's plan.,https://api.massive.com/v3/reference/tickers/MPFRY,Contemporaneous U.S. OTC/ADR quotation or issuer/depositary-program evidence found; verify active=true in Massive before production use.,STRICT requires a documented El Nino/ENSO-linked country event with at least US$100m equivalent insured loss (or a defensible lower bound). SEVERE_PROTECTION_GAP covers severe impact where comparable insured-loss data was unavailable.,1997-1998; 2002-2003; 2004-2005; 2006-2007; 2009-2010; 2014-2016; 2018-2019; 2023-2024. Some weak episodes produced no country passing the strict public-data screen.,"Best-effort public-source screen; no free source provides an exhaustive global insured-loss database plus licensing roster linked to Massive. Includes every qualifying issuer found, not a legal guarantee of completeness.",How_did_Central_America_cope_with_El_Nin(1).pdf
2026-09-13,Nicaragua,NIC,SEVERE_PROTECTION_GAP,No,1997-1998; 2014-2016; 2023-2024,Drought; crop loss; 1997-98 forest fires,High,"Regional ECLAC estimate: $2.904bn damages plus $1.111bn losses, 1972-2010 El Nino-related disasters",Not found at country-event level,USD,Attached report identifies Nicaragua among the most affected Dry Corridor countries and reports 1997-98 fires.,How_did_Central_America_cope_with_El_Nin(1).pdf,MAPFRE S.A.,MPFRY,OTC,ADR,Spain,Insurer and reinsurer,Yes,Yes,Yes,Yes,https://www.mapfre.com/en/,Coverage-inferred; not API-key queried,Active U.S. exchange/OTC security; Massive advertises all U.S. exchange and OTC stock coverage. Confirm entitlement for the user's plan.,https://api.massive.com/v3/reference/tickers/MPFRY,Contemporaneous U.S. OTC/ADR quotation or issuer/depositary-program evidence found; verify active=true in Massive before production use.,STRICT requires a documented El Nino/ENSO-linked country event with at least US$100m equivalent insured loss (or a defensible lower bound). SEVERE_PROTECTION_GAP covers severe impact where comparable insured-loss data was unavailable.,1997-1998; 2002-2003; 2004-2005; 2006-2007; 2009-2010; 2014-2016; 2018-2019; 2023-2024. Some weak episodes produced no country passing the strict public-data screen.,"Best-effort public-source screen; no free source provides an exhaustive global insured-loss database plus licensing roster linked to Massive. Includes every qualifying issuer found, not a legal guarantee of completeness.",How_did_Central_America_cope_with_El_Nin(1).pdf
2026-09-13,Costa Rica,CRI,SEVERE_PROTECTION_GAP,No,1997-1998; 2014-2016; 2023-2024,Drought; water scarcity; agriculture loss,High,58% agricultural loss reported for 1997-98,Not found at country-event level,,Attached report records water scarcity and a 58% agricultural-loss figure for Costa Rica in 1997-98.,How_did_Central_America_cope_with_El_Nin(1).pdf,MAPFRE S.A.,MPFRY,OTC,ADR,Spain,Insurer and reinsurer,Yes,Yes,Yes,Yes,https://www.mapfre.com/en/,Coverage-inferred; not API-key queried,Active U.S. exchange/OTC security; Massive advertises all U.S. exchange and OTC stock coverage. Confirm entitlement for the user's plan.,https://api.massive.com/v3/reference/tickers/MPFRY,Contemporaneous U.S. OTC/ADR quotation or issuer/depositary-program evidence found; verify active=true in Massive before production use.,STRICT requires a documented El Nino/ENSO-linked country event with at least US$100m equivalent insured loss (or a defensible lower bound). SEVERE_PROTECTION_GAP covers severe impact where comparable insured-loss data was unavailable.,1997-1998; 2002-2003; 2004-2005; 2006-2007; 2009-2010; 2014-2016; 2018-2019; 2023-2024. Some weak episodes produced no country passing the strict public-data screen.,"Best-effort public-source screen; no free source provides an exhaustive global insured-loss database plus licensing roster linked to Massive. Includes every qualifying issuer found, not a legal guarantee of completeness.",How_did_Central_America_cope_with_El_Nin(1).pdf
2026-09-13,Panama,PAN,SEVERE_PROTECTION_GAP,No,1997-1998; 2014-2016; 2023-2024,Drought; water scarcity; Panama Canal restrictions,High,Major trade and water-supply disruption,Not found at country-event level,,Attached report records 1997-98 water scarcity; WMO says El Nino and rising demand were major factors in 2023 Canal restrictions.,https://wmo.int/news/media-centre/el-nino-and-climate-change-impacts-slam-latin-america-and-caribbean-2023,Chubb Limited,CB,NYSE,Common stock,Switzerland,Direct insurer,No,Yes,Yes,Yes,https://www.chubb.com/latam-microsites/latam-amigo-seguro.html,Coverage-inferred; not API-key queried,Active U.S. exchange/OTC security; Massive advertises all U.S. exchange and OTC stock coverage. Confirm entitlement for the user's plan.,https://api.massive.com/v3/reference/tickers/CB,Active U.S. listing independently checked on 2026-09-13.,STRICT requires a documented El Nino/ENSO-linked country event with at least US$100m equivalent insured loss (or a defensible lower bound). SEVERE_PROTECTION_GAP covers severe impact where comparable insured-loss data was unavailable.,1997-1998; 2002-2003; 2004-2005; 2006-2007; 2009-2010; 2014-2016; 2018-2019; 2023-2024. Some weak episodes produced no country passing the strict public-data screen.,"Best-effort public-source screen; no free source provides an exhaustive global insured-loss database plus licensing roster linked to Massive. Includes every qualifying issuer found, not a legal guarantee of completeness.",How_did_Central_America_cope_with_El_Nin(1).pdf
2026-09-13,Panama,PAN,SEVERE_PROTECTION_GAP,No,1997-1998; 2014-2016; 2023-2024,Drought; water scarcity; Panama Canal restrictions,High,Major trade and water-supply disruption,Not found at country-event level,,Attached report records 1997-98 water scarcity; WMO says El Nino and rising demand were major factors in 2023 Canal restrictions.,https://wmo.int/news/media-centre/el-nino-and-climate-change-impacts-slam-latin-america-and-caribbean-2023,Sagicor Financial Company Ltd.,SGCFF,OTC,Foreign ordinary,Bermuda/Canada,Insurance holding company,Yes,Yes,Yes,No,https://www.sagicor.com/,Coverage-inferred; not API-key queried,Active U.S. exchange/OTC security; Massive advertises all U.S. exchange and OTC stock coverage. Confirm entitlement for the user's plan.,https://api.massive.com/v3/reference/tickers/SGCFF,Contemporaneous U.S. OTC/ADR quotation or issuer/depositary-program evidence found; verify active=true in Massive before production use.,STRICT requires a documented El Nino/ENSO-linked country event with at least US$100m equivalent insured loss (or a defensible lower bound). SEVERE_PROTECTION_GAP covers severe impact where comparable insured-loss data was unavailable.,1997-1998; 2002-2003; 2004-2005; 2006-2007; 2009-2010; 2014-2016; 2018-2019; 2023-2024. Some weak episodes produced no country passing the strict public-data screen.,"Best-effort public-source screen; no free source provides an exhaustive global insured-loss database plus licensing roster linked to Massive. Includes every qualifying issuer found, not a legal guarantee of completeness.",How_did_Central_America_cope_with_El_Nin(1).pdf
2026-09-13,Panama,PAN,SEVERE_PROTECTION_GAP,No,1997-1998; 2014-2016; 2023-2024,Drought; water scarcity; Panama Canal restrictions,High,Major trade and water-supply disruption,Not found at country-event level,,Attached report records 1997-98 water scarcity; WMO says El Nino and rising demand were major factors in 2023 Canal restrictions.,https://wmo.int/news/media-centre/el-nino-and-climate-change-impacts-slam-latin-america-and-caribbean-2023,MAPFRE S.A.,MPFRY,OTC,ADR,Spain,Insurer and reinsurer,Yes,Yes,Yes,Yes,https://www.mapfre.com/en/,Coverage-inferred; not API-key queried,Active U.S. exchange/OTC security; Massive advertises all U.S. exchange and OTC stock coverage. Confirm entitlement for the user's plan.,https://api.massive.com/v3/reference/tickers/MPFRY,Contemporaneous U.S. OTC/ADR quotation or issuer/depositary-program evidence found; verify active=true in Massive before production use.,STRICT requires a documented El Nino/ENSO-linked country event with at least US$100m equivalent insured loss (or a defensible lower bound). SEVERE_PROTECTION_GAP covers severe impact where comparable insured-loss data was unavailable.,1997-1998; 2002-2003; 2004-2005; 2006-2007; 2009-2010; 2014-2016; 2018-2019; 2023-2024. Some weak episodes produced no country passing the strict public-data screen.,"Best-effort public-source screen; no free source provides an exhaustive global insured-loss database plus licensing roster linked to Massive. Includes every qualifying issuer found, not a legal guarantee of completeness.",How_did_Central_America_cope_with_El_Nin(1).pdf
2026-09-13,Mexico,MEX,STRICT,Yes,2023-2024,Hurricane Otis; drought and extreme heat,Medium,$12bn WMO/EM-DAT damage estimate,MXN50bn-MXN110bn property insured loss,MXN,WMO says El Nino exacerbated 2023 regional extremes; Otis attribution is multi-factor and not solely ENSO.,https://alert.risksolutions.verisk.com/hurricane-otis-post-landfall-alert/,Chubb Limited,CB,NYSE,Common stock,Switzerland,Direct insurer,No,Yes,Yes,Yes,https://www.chubb.com/latam-microsites/latam-amigo-seguro.html,Coverage-inferred; not API-key queried,Active U.S. exchange/OTC security; Massive advertises all U.S. exchange and OTC stock coverage. Confirm entitlement for the user's plan.,https://api.massive.com/v3/reference/tickers/CB,Active U.S. listing independently checked on 2026-09-13.,STRICT requires a documented El Nino/ENSO-linked country event with at least US$100m equivalent insured loss (or a defensible lower bound). SEVERE_PROTECTION_GAP covers severe impact where comparable insured-loss data was unavailable.,1997-1998; 2002-2003; 2004-2005; 2006-2007; 2009-2010; 2014-2016; 2018-2019; 2023-2024. Some weak episodes produced no country passing the strict public-data screen.,"Best-effort public-source screen; no free source provides an exhaustive global insured-loss database plus licensing roster linked to Massive. Includes every qualifying issuer found, not a legal guarantee of completeness.",No
2026-09-13,Mexico,MEX,STRICT,Yes,2023-2024,Hurricane Otis; drought and extreme heat,Medium,$12bn WMO/EM-DAT damage estimate,MXN50bn-MXN110bn property insured loss,MXN,WMO says El Nino exacerbated 2023 regional extremes; Otis attribution is multi-factor and not solely ENSO.,https://alert.risksolutions.verisk.com/hurricane-otis-post-landfall-alert/,"American International Group, Inc.",AIG,NYSE,Common stock,United States,Direct insurer,No,Yes,Yes,Yes,https://www.aig.com/home/about,Coverage-inferred; not API-key queried,Active U.S. exchange/OTC security; Massive advertises all U.S. exchange and OTC stock coverage. Confirm entitlement for the user's plan.,https://api.massive.com/v3/reference/tickers/AIG,Active U.S. listing independently checked on 2026-09-13.,STRICT requires a documented El Nino/ENSO-linked country event with at least US$100m equivalent insured loss (or a defensible lower bound). SEVERE_PROTECTION_GAP covers severe impact where comparable insured-loss data was unavailable.,1997-1998; 2002-2003; 2004-2005; 2006-2007; 2009-2010; 2014-2016; 2018-2019; 2023-2024. Some weak episodes produced no country passing the strict public-data screen.,"Best-effort public-source screen; no free source provides an exhaustive global insured-loss database plus licensing roster linked to Massive. Includes every qualifying issuer found, not a legal guarantee of completeness.",No
2026-09-13,Mexico,MEX,STRICT,Yes,2023-2024,Hurricane Otis; drought and extreme heat,Medium,$12bn WMO/EM-DAT damage estimate,MXN50bn-MXN110bn property insured loss,MXN,WMO says El Nino exacerbated 2023 regional extremes; Otis attribution is multi-factor and not solely ENSO.,https://alert.risksolutions.verisk.com/hurricane-otis-post-landfall-alert/,"MetLife, Inc.",MET,NYSE,Common stock,United States,Direct insurer,Yes,Limited,No,No,https://www.metlife.com/about-us/corporate-profile/,Coverage-inferred; not API-key queried,Active U.S. exchange/OTC security; Massive advertises all U.S. exchange and OTC stock coverage. Confirm entitlement for the user's plan.,https://api.massive.com/v3/reference/tickers/MET,Active U.S. listing independently checked on 2026-09-13.,STRICT requires a documented El Nino/ENSO-linked country event with at least US$100m equivalent insured loss (or a defensible lower bound). SEVERE_PROTECTION_GAP covers severe impact where comparable insured-loss data was unavailable.,1997-1998; 2002-2003; 2004-2005; 2006-2007; 2009-2010; 2014-2016; 2018-2019; 2023-2024. Some weak episodes produced no country passing the strict public-data screen.,"Best-effort public-source screen; no free source provides an exhaustive global insured-loss database plus licensing roster linked to Massive. Includes every qualifying issuer found, not a legal guarantee of completeness.",No
2026-09-13,Mexico,MEX,STRICT,Yes,2023-2024,Hurricane Otis; drought and extreme heat,Medium,$12bn WMO/EM-DAT damage estimate,MXN50bn-MXN110bn property insured loss,MXN,WMO says El Nino exacerbated 2023 regional extremes; Otis attribution is multi-factor and not solely ENSO.,https://alert.risksolutions.verisk.com/hurricane-otis-post-landfall-alert/,Allianz SE,ALIZY,OTC,Unsponsored ADR,Germany,Insurer and reinsurer,Yes,Yes,Yes,Yes,https://www.allianz.com/en/about-us/company/contact.html,Coverage-inferred; not API-key queried,Active U.S. exchange/OTC security; Massive advertises all U.S. exchange and OTC stock coverage. Confirm entitlement for the user's plan.,https://api.massive.com/v3/reference/tickers/ALIZY,Contemporaneous U.S. OTC/ADR quotation or issuer/depositary-program evidence found; verify active=true in Massive before production use.,STRICT requires a documented El Nino/ENSO-linked country event with at least US$100m equivalent insured loss (or a defensible lower bound). SEVERE_PROTECTION_GAP covers severe impact where comparable insured-loss data was unavailable.,1997-1998; 2002-2003; 2004-2005; 2006-2007; 2009-2010; 2014-2016; 2018-2019; 2023-2024. Some weak episodes produced no country passing the strict public-data screen.,"Best-effort public-source screen; no free source provides an exhaustive global insured-loss database plus licensing roster linked to Massive. Includes every qualifying issuer found, not a legal guarantee of completeness.",No
2026-09-13,Mexico,MEX,STRICT,Yes,2023-2024,Hurricane Otis; drought and extreme heat,Medium,$12bn WMO/EM-DAT damage estimate,MXN50bn-MXN110bn property insured loss,MXN,WMO says El Nino exacerbated 2023 regional extremes; Otis attribution is multi-factor and not solely ENSO.,https://alert.risksolutions.verisk.com/hurricane-otis-post-landfall-alert/,AXA SA,AXAHY,OTCQX,Sponsored ADR,France,Insurer and reinsurer,Yes,Yes,Yes,Yes,https://www.axa.com/en/about-us/axa-world-map,Coverage-inferred; not API-key queried,Active U.S. exchange/OTC security; Massive advertises all U.S. exchange and OTC stock coverage. Confirm entitlement for the user's plan.,https://api.massive.com/v3/reference/tickers/AXAHY,Contemporaneous U.S. OTC/ADR quotation or issuer/depositary-program evidence found; verify active=true in Massive before production use.,STRICT requires a documented El Nino/ENSO-linked country event with at least US$100m equivalent insured loss (or a defensible lower bound). SEVERE_PROTECTION_GAP covers severe impact where comparable insured-loss data was unavailable.,1997-1998; 2002-2003; 2004-2005; 2006-2007; 2009-2010; 2014-2016; 2018-2019; 2023-2024. Some weak episodes produced no country passing the strict public-data screen.,"Best-effort public-source screen; no free source provides an exhaustive global insured-loss database plus licensing roster linked to Massive. Includes every qualifying issuer found, not a legal guarantee of completeness.",No
2026-09-13,Mexico,MEX,STRICT,Yes,2023-2024,Hurricane Otis; drought and extreme heat,Medium,$12bn WMO/EM-DAT damage estimate,MXN50bn-MXN110bn property insured loss,MXN,WMO says El Nino exacerbated 2023 regional extremes; Otis attribution is multi-factor and not solely ENSO.,https://alert.risksolutions.verisk.com/hurricane-otis-post-landfall-alert/,Zurich Insurance Group Ltd,ZURVY,OTCQX,Sponsored Level I ADR,Switzerland,Insurer and reinsurer,Yes,Yes,Yes,Yes,https://www.zurich.com/media/news-releases/2023/2023-0310-01,Coverage-inferred; not API-key queried,Active U.S. exchange/OTC security; Massive advertises all U.S. exchange and OTC stock coverage. Confirm entitlement for the user's plan.,https://api.massive.com/v3/reference/tickers/ZURVY,Contemporaneous U.S. OTC/ADR quotation or issuer/depositary-program evidence found; verify active=true in Massive before production use.,STRICT requires a documented El Nino/ENSO-linked country event with at least US$100m equivalent insured loss (or a defensible lower bound). SEVERE_PROTECTION_GAP covers severe impact where comparable insured-loss data was unavailable.,1997-1998; 2002-2003; 2004-2005; 2006-2007; 2009-2010; 2014-2016; 2018-2019; 2023-2024. Some weak episodes produced no country passing the strict public-data screen.,"Best-effort public-source screen; no free source provides an exhaustive global insured-loss database plus licensing roster linked to Massive. Includes every qualifying issuer found, not a legal guarantee of completeness.",No
2026-09-13,Mexico,MEX,STRICT,Yes,2023-2024,Hurricane Otis; drought and extreme heat,Medium,$12bn WMO/EM-DAT damage estimate,MXN50bn-MXN110bn property insured loss,MXN,WMO says El Nino exacerbated 2023 regional extremes; Otis attribution is multi-factor and not solely ENSO.,https://alert.risksolutions.verisk.com/hurricane-otis-post-landfall-alert/,MAPFRE S.A.,MPFRY,OTC,ADR,Spain,Insurer and reinsurer,Yes,Yes,Yes,Yes,https://www.mapfre.com/en/,Coverage-inferred; not API-key queried,Active U.S. exchange/OTC security; Massive advertises all U.S. exchange and OTC stock coverage. Confirm entitlement for the user's plan.,https://api.massive.com/v3/reference/tickers/MPFRY,Contemporaneous U.S. OTC/ADR quotation or issuer/depositary-program evidence found; verify active=true in Massive before production use.,STRICT requires a documented El Nino/ENSO-linked country event with at least US$100m equivalent insured loss (or a defensible lower bound). SEVERE_PROTECTION_GAP covers severe impact where comparable insured-loss data was unavailable.,1997-1998; 2002-2003; 2004-2005; 2006-2007; 2009-2010; 2014-2016; 2018-2019; 2023-2024. Some weak episodes produced no country passing the strict public-data screen.,"Best-effort public-source screen; no free source provides an exhaustive global insured-loss database plus licensing roster linked to Massive. Includes every qualifying issuer found, not a legal guarantee of completeness.",No
2026-09-13,Brazil,BRA,STRICT,Yes,1997-1998; 2023-2024,Rio Grande do Sul floods; drought; fires,High,$7bn for 2024 Rio Grande do Sul floods,$2bn,USD,World Weather Attribution estimated El Nino increased rainfall probability 2-5x; Munich Re supplied loss figures.,https://www.munichre.com/en/company/media-relations/media-information-and-corporate-news/media-information/2025/natural-disaster-figures-2024.html,Chubb Limited,CB,NYSE,Common stock,Switzerland,Direct insurer,No,Yes,Yes,Yes,https://www.chubb.com/latam-microsites/latam-amigo-seguro.html,Coverage-inferred; not API-key queried,Active U.S. exchange/OTC security; Massive advertises all U.S. exchange and OTC stock coverage. Confirm entitlement for the user's plan.,https://api.massive.com/v3/reference/tickers/CB,Active U.S. listing independently checked on 2026-09-13.,STRICT requires a documented El Nino/ENSO-linked country event with at least US$100m equivalent insured loss (or a defensible lower bound). SEVERE_PROTECTION_GAP covers severe impact where comparable insured-loss data was unavailable.,1997-1998; 2002-2003; 2004-2005; 2006-2007; 2009-2010; 2014-2016; 2018-2019; 2023-2024. Some weak episodes produced no country passing the strict public-data screen.,"Best-effort public-source screen; no free source provides an exhaustive global insured-loss database plus licensing roster linked to Massive. Includes every qualifying issuer found, not a legal guarantee of completeness.",No
2026-09-13,Brazil,BRA,STRICT,Yes,1997-1998; 2023-2024,Rio Grande do Sul floods; drought; fires,High,$7bn for 2024 Rio Grande do Sul floods,$2bn,USD,World Weather Attribution estimated El Nino increased rainfall probability 2-5x; Munich Re supplied loss figures.,https://www.munichre.com/en/company/media-relations/media-information-and-corporate-news/media-information/2025/natural-disaster-figures-2024.html,Banco Bradesco S.A. (via Bradesco Seguros),BBD,NYSE,ADR,Brazil,Insurance holding subsidiary,Yes,Yes,Yes,Yes,https://www.bradescoseguros.com.br/,Coverage-inferred; not API-key queried,Active U.S. exchange/OTC security; Massive advertises all U.S. exchange and OTC stock coverage. Confirm entitlement for the user's plan.,https://api.massive.com/v3/reference/tickers/BBD,Active U.S. listing independently checked on 2026-09-13.,STRICT requires a documented El Nino/ENSO-linked country event with at least US$100m equivalent insured loss (or a defensible lower bound). SEVERE_PROTECTION_GAP covers severe impact where comparable insured-loss data was unavailable.,1997-1998; 2002-2003; 2004-2005; 2006-2007; 2009-2010; 2014-2016; 2018-2019; 2023-2024. Some weak episodes produced no country passing the strict public-data screen.,"Best-effort public-source screen; no free source provides an exhaustive global insured-loss database plus licensing roster linked to Massive. Includes every qualifying issuer found, not a legal guarantee of completeness.",No
2026-09-13,Brazil,BRA,STRICT,Yes,1997-1998; 2023-2024,Rio Grande do Sul floods; drought; fires,High,$7bn for 2024 Rio Grande do Sul floods,$2bn,USD,World Weather Attribution estimated El Nino increased rainfall probability 2-5x; Munich Re supplied loss figures.,https://www.munichre.com/en/company/media-relations/media-information-and-corporate-news/media-information/2025/natural-disaster-figures-2024.html,Itau Unibanco Holding S.A. (insurance operations),ITUB,NYSE,ADR,Brazil,Insurance holding subsidiary,Yes,Yes,Yes,Yes,https://www.itau.com.br/seguros,Coverage-inferred; not API-key queried,Active U.S. exchange/OTC security; Massive advertises all U.S. exchange and OTC stock coverage. Confirm entitlement for the user's plan.,https://api.massive.com/v3/reference/tickers/ITUB,Active U.S. listing independently checked on 2026-09-13.,STRICT requires a documented El Nino/ENSO-linked country event with at least US$100m equivalent insured loss (or a defensible lower bound). SEVERE_PROTECTION_GAP covers severe impact where comparable insured-loss data was unavailable.,1997-1998; 2002-2003; 2004-2005; 2006-2007; 2009-2010; 2014-2016; 2018-2019; 2023-2024. Some weak episodes produced no country passing the strict public-data screen.,"Best-effort public-source screen; no free source provides an exhaustive global insured-loss database plus licensing roster linked to Massive. Includes every qualifying issuer found, not a legal guarantee of completeness.",No
2026-09-13,Brazil,BRA,STRICT,Yes,1997-1998; 2023-2024,Rio Grande do Sul floods; drought; fires,High,$7bn for 2024 Rio Grande do Sul floods,$2bn,USD,World Weather Attribution estimated El Nino increased rainfall probability 2-5x; Munich Re supplied loss figures.,https://www.munichre.com/en/company/media-relations/media-information-and-corporate-news/media-information/2025/natural-disaster-figures-2024.html,BB Seguridade Participacoes S.A.,BBSEY,OTC,Level I ADR,Brazil,Insurance holding company,Yes,Yes,Yes,Yes,https://www.bbseguridaderi.com.br/en/bb-seguridade/about-us/,Coverage-inferred; not API-key queried,Active U.S. exchange/OTC security; Massive advertises all U.S. exchange and OTC stock coverage. Confirm entitlement for the user's plan.,https://api.massive.com/v3/reference/tickers/BBSEY,Contemporaneous U.S. OTC/ADR quotation or issuer/depositary-program evidence found; verify active=true in Massive before production use.,STRICT requires a documented El Nino/ENSO-linked country event with at least US$100m equivalent insured loss (or a defensible lower bound). SEVERE_PROTECTION_GAP covers severe impact where comparable insured-loss data was unavailable.,1997-1998; 2002-2003; 2004-2005; 2006-2007; 2009-2010; 2014-2016; 2018-2019; 2023-2024. Some weak episodes produced no country passing the strict public-data screen.,"Best-effort public-source screen; no free source provides an exhaustive global insured-loss database plus licensing roster linked to Massive. Includes every qualifying issuer found, not a legal guarantee of completeness.",No
2026-09-13,Brazil,BRA,STRICT,Yes,1997-1998; 2023-2024,Rio Grande do Sul floods; drought; fires,High,$7bn for 2024 Rio Grande do Sul floods,$2bn,USD,World Weather Attribution estimated El Nino increased rainfall probability 2-5x; Munich Re supplied loss figures.,https://www.munichre.com/en/company/media-relations/media-information-and-corporate-news/media-information/2025/natural-disaster-figures-2024.html,Allianz SE,ALIZY,OTC,Unsponsored ADR,Germany,Insurer and reinsurer,Yes,Yes,Yes,Yes,https://www.allianz.com/en/about-us/company/contact.html,Coverage-inferred; not API-key queried,Active U.S. exchange/OTC security; Massive advertises all U.S. exchange and OTC stock coverage. Confirm entitlement for the user's plan.,https://api.massive.com/v3/reference/tickers/ALIZY,Contemporaneous U.S. OTC/ADR quotation or issuer/depositary-program evidence found; verify active=true in Massive before production use.,STRICT requires a documented El Nino/ENSO-linked country event with at least US$100m equivalent insured loss (or a defensible lower bound). SEVERE_PROTECTION_GAP covers severe impact where comparable insured-loss data was unavailable.,1997-1998; 2002-2003; 2004-2005; 2006-2007; 2009-2010; 2014-2016; 2018-2019; 2023-2024. Some weak episodes produced no country passing the strict public-data screen.,"Best-effort public-source screen; no free source provides an exhaustive global insured-loss database plus licensing roster linked to Massive. Includes every qualifying issuer found, not a legal guarantee of completeness.",No
2026-09-13,Brazil,BRA,STRICT,Yes,1997-1998; 2023-2024,Rio Grande do Sul floods; drought; fires,High,$7bn for 2024 Rio Grande do Sul floods,$2bn,USD,World Weather Attribution estimated El Nino increased rainfall probability 2-5x; Munich Re supplied loss figures.,https://www.munichre.com/en/company/media-relations/media-information-and-corporate-news/media-information/2025/natural-disaster-figures-2024.html,AXA SA,AXAHY,OTCQX,Sponsored ADR,France,Insurer and reinsurer,Yes,Yes,Yes,Yes,https://www.axa.com/en/about-us/axa-world-map,Coverage-inferred; not API-key queried,Active U.S. exchange/OTC security; Massive advertises all U.S. exchange and OTC stock coverage. Confirm entitlement for the user's plan.,https://api.massive.com/v3/reference/tickers/AXAHY,Contemporaneous U.S. OTC/ADR quotation or issuer/depositary-program evidence found; verify active=true in Massive before production use.,STRICT requires a documented El Nino/ENSO-linked country event with at least US$100m equivalent insured loss (or a defensible lower bound). SEVERE_PROTECTION_GAP covers severe impact where comparable insured-loss data was unavailable.,1997-1998; 2002-2003; 2004-2005; 2006-2007; 2009-2010; 2014-2016; 2018-2019; 2023-2024. Some weak episodes produced no country passing the strict public-data screen.,"Best-effort public-source screen; no free source provides an exhaustive global insured-loss database plus licensing roster linked to Massive. Includes every qualifying issuer found, not a legal guarantee of completeness.",No
2026-09-13,Brazil,BRA,STRICT,Yes,1997-1998; 2023-2024,Rio Grande do Sul floods; drought; fires,High,$7bn for 2024 Rio Grande do Sul floods,$2bn,USD,World Weather Attribution estimated El Nino increased rainfall probability 2-5x; Munich Re supplied loss figures.,https://www.munichre.com/en/company/media-relations/media-information-and-corporate-news/media-information/2025/natural-disaster-figures-2024.html,Zurich Insurance Group Ltd,ZURVY,OTCQX,Sponsored Level I ADR,Switzerland,Insurer and reinsurer,Yes,Yes,Yes,Yes,https://www.zurich.com/media/news-releases/2023/2023-0310-01,Coverage-inferred; not API-key queried,Active U.S. exchange/OTC security; Massive advertises all U.S. exchange and OTC stock coverage. Confirm entitlement for the user's plan.,https://api.massive.com/v3/reference/tickers/ZURVY,Contemporaneous U.S. OTC/ADR quotation or issuer/depositary-program evidence found; verify active=true in Massive before production use.,STRICT requires a documented El Nino/ENSO-linked country event with at least US$100m equivalent insured loss (or a defensible lower bound). SEVERE_PROTECTION_GAP covers severe impact where comparable insured-loss data was unavailable.,1997-1998; 2002-2003; 2004-2005; 2006-2007; 2009-2010; 2014-2016; 2018-2019; 2023-2024. Some weak episodes produced no country passing the strict public-data screen.,"Best-effort public-source screen; no free source provides an exhaustive global insured-loss database plus licensing roster linked to Massive. Includes every qualifying issuer found, not a legal guarantee of completeness.",No
2026-09-13,Brazil,BRA,STRICT,Yes,1997-1998; 2023-2024,Rio Grande do Sul floods; drought; fires,High,$7bn for 2024 Rio Grande do Sul floods,$2bn,USD,World Weather Attribution estimated El Nino increased rainfall probability 2-5x; Munich Re supplied loss figures.,https://www.munichre.com/en/company/media-relations/media-information-and-corporate-news/media-information/2025/natural-disaster-figures-2024.html,MAPFRE S.A.,MPFRY,OTC,ADR,Spain,Insurer and reinsurer,Yes,Yes,Yes,Yes,https://www.mapfre.com/en/,Coverage-inferred; not API-key queried,Active U.S. exchange/OTC security; Massive advertises all U.S. exchange and OTC stock coverage. Confirm entitlement for the user's plan.,https://api.massive.com/v3/reference/tickers/MPFRY,Contemporaneous U.S. OTC/ADR quotation or issuer/depositary-program evidence found; verify active=true in Massive before production use.,STRICT requires a documented El Nino/ENSO-linked country event with at least US$100m equivalent insured loss (or a defensible lower bound). SEVERE_PROTECTION_GAP covers severe impact where comparable insured-loss data was unavailable.,1997-1998; 2002-2003; 2004-2005; 2006-2007; 2009-2010; 2014-2016; 2018-2019; 2023-2024. Some weak episodes produced no country passing the strict public-data screen.,"Best-effort public-source screen; no free source provides an exhaustive global insured-loss database plus licensing roster linked to Massive. Includes every qualifying issuer found, not a legal guarantee of completeness.",No
2026-09-13,Chile,CHL,SEVERE_PROTECTION_GAP,No,2023-2024,Valparaiso-region wildfires; heat and drought,High,At least $1bn economic loss,Not found at country-event level,USD,WMO and Gallagher identify El Nino as a contributor; public country-event insured loss did not meet the strict screen.,https://wmo.int/media/news/wildfires-cause-huge-loss-life-chile-amid-heatwaves-floods-other-parts-south-america,Chubb Limited,CB,NYSE,Common stock,Switzerland,Direct insurer,No,Yes,Yes,Yes,https://www.chubb.com/latam-microsites/latam-amigo-seguro.html,Coverage-inferred; not API-key queried,Active U.S. exchange/OTC security; Massive advertises all U.S. exchange and OTC stock coverage. Confirm entitlement for the user's plan.,https://api.massive.com/v3/reference/tickers/CB,Active U.S. listing independently checked on 2026-09-13.,STRICT requires a documented El Nino/ENSO-linked country event with at least US$100m equivalent insured loss (or a defensible lower bound). SEVERE_PROTECTION_GAP covers severe impact where comparable insured-loss data was unavailable.,1997-1998; 2002-2003; 2004-2005; 2006-2007; 2009-2010; 2014-2016; 2018-2019; 2023-2024. Some weak episodes produced no country passing the strict public-data screen.,"Best-effort public-source screen; no free source provides an exhaustive global insured-loss database plus licensing roster linked to Massive. Includes every qualifying issuer found, not a legal guarantee of completeness.",No
2026-09-13,Chile,CHL,SEVERE_PROTECTION_GAP,No,2023-2024,Valparaiso-region wildfires; heat and drought,High,At least $1bn economic loss,Not found at country-event level,USD,WMO and Gallagher identify El Nino as a contributor; public country-event insured loss did not meet the strict screen.,https://wmo.int/media/news/wildfires-cause-huge-loss-life-chile-amid-heatwaves-floods-other-parts-south-america,"MetLife, Inc.",MET,NYSE,Common stock,United States,Direct insurer,Yes,Limited,No,No,https://www.metlife.com/about-us/corporate-profile/,Coverage-inferred; not API-key queried,Active U.S. exchange/OTC security; Massive advertises all U.S. exchange and OTC stock coverage. Confirm entitlement for the user's plan.,https://api.massive.com/v3/reference/tickers/MET,Active U.S. listing independently checked on 2026-09-13.,STRICT requires a documented El Nino/ENSO-linked country event with at least US$100m equivalent insured loss (or a defensible lower bound). SEVERE_PROTECTION_GAP covers severe impact where comparable insured-loss data was unavailable.,1997-1998; 2002-2003; 2004-2005; 2006-2007; 2009-2010; 2014-2016; 2018-2019; 2023-2024. Some weak episodes produced no country passing the strict public-data screen.,"Best-effort public-source screen; no free source provides an exhaustive global insured-loss database plus licensing roster linked to Massive. Includes every qualifying issuer found, not a legal guarantee of completeness.",No
2026-09-13,Chile,CHL,SEVERE_PROTECTION_GAP,No,2023-2024,Valparaiso-region wildfires; heat and drought,High,At least $1bn economic loss,Not found at country-event level,USD,WMO and Gallagher identify El Nino as a contributor; public country-event insured loss did not meet the strict screen.,https://wmo.int/media/news/wildfires-cause-huge-loss-life-chile-amid-heatwaves-floods-other-parts-south-america,Banco de Chile (insurance brokerage/distribution),BCH,NYSE,ADR,Chile,Bancassurance distributor,Yes,Yes,Limited,No,https://portales.bancochile.cl/personas/seguros,Coverage-inferred; not API-key queried,Active U.S. exchange/OTC security; Massive advertises all U.S. exchange and OTC stock coverage. Confirm entitlement for the user's plan.,https://api.massive.com/v3/reference/tickers/BCH,Active U.S. listing independently checked on 2026-09-13.,STRICT requires a documented El Nino/ENSO-linked country event with at least US$100m equivalent insured loss (or a defensible lower bound). SEVERE_PROTECTION_GAP covers severe impact where comparable insured-loss data was unavailable.,1997-1998; 2002-2003; 2004-2005; 2006-2007; 2009-2010; 2014-2016; 2018-2019; 2023-2024. Some weak episodes produced no country passing the strict public-data screen.,"Best-effort public-source screen; no free source provides an exhaustive global insured-loss database plus licensing roster linked to Massive. Includes every qualifying issuer found, not a legal guarantee of completeness.",No
2026-09-13,Chile,CHL,SEVERE_PROTECTION_GAP,No,2023-2024,Valparaiso-region wildfires; heat and drought,High,At least $1bn economic loss,Not found at country-event level,USD,WMO and Gallagher identify El Nino as a contributor; public country-event insured loss did not meet the strict screen.,https://wmo.int/media/news/wildfires-cause-huge-loss-life-chile-amid-heatwaves-floods-other-parts-south-america,Banco Santander-Chile (insurance distribution),BSAC,NYSE,ADR,Chile,Bancassurance distributor,Yes,Yes,Limited,No,https://banco.santander.cl/personas/seguros,Coverage-inferred; not API-key queried,Active U.S. exchange/OTC security; Massive advertises all U.S. exchange and OTC stock coverage. Confirm entitlement for the user's plan.,https://api.massive.com/v3/reference/tickers/BSAC,Active U.S. listing independently checked on 2026-09-13.,STRICT requires a documented El Nino/ENSO-linked country event with at least US$100m equivalent insured loss (or a defensible lower bound). SEVERE_PROTECTION_GAP covers severe impact where comparable insured-loss data was unavailable.,1997-1998; 2002-2003; 2004-2005; 2006-2007; 2009-2010; 2014-2016; 2018-2019; 2023-2024. Some weak episodes produced no country passing the strict public-data screen.,"Best-effort public-source screen; no free source provides an exhaustive global insured-loss database plus licensing roster linked to Massive. Includes every qualifying issuer found, not a legal guarantee of completeness.",No
2026-09-13,Chile,CHL,SEVERE_PROTECTION_GAP,No,2023-2024,Valparaiso-region wildfires; heat and drought,High,At least $1bn economic loss,Not found at country-event level,USD,WMO and Gallagher identify El Nino as a contributor; public country-event insured loss did not meet the strict screen.,https://wmo.int/media/news/wildfires-cause-huge-loss-life-chile-amid-heatwaves-floods-other-parts-south-america,Grupo de Inversiones Suramericana S.A. (via Seguros SURA),GIVSY,OTC,ADR,Colombia,Insurance holding company,Yes,Yes,Yes,Yes,https://www.gruposura.com/en/our-investments/sura-asset-management-and-suramericana/,Coverage-inferred; not API-key queried,Active U.S. exchange/OTC security; Massive advertises all U.S. exchange and OTC stock coverage. Confirm entitlement for the user's plan.,https://api.massive.com/v3/reference/tickers/GIVSY,Contemporaneous U.S. OTC/ADR quotation or issuer/depositary-program evidence found; verify active=true in Massive before production use.,STRICT requires a documented El Nino/ENSO-linked country event with at least US$100m equivalent insured loss (or a defensible lower bound). SEVERE_PROTECTION_GAP covers severe impact where comparable insured-loss data was unavailable.,1997-1998; 2002-2003; 2004-2005; 2006-2007; 2009-2010; 2014-2016; 2018-2019; 2023-2024. Some weak episodes produced no country passing the strict public-data screen.,"Best-effort public-source screen; no free source provides an exhaustive global insured-loss database plus licensing roster linked to Massive. Includes every qualifying issuer found, not a legal guarantee of completeness.",No
2026-09-13,Chile,CHL,SEVERE_PROTECTION_GAP,No,2023-2024,Valparaiso-region wildfires; heat and drought,High,At least $1bn economic loss,Not found at country-event level,USD,WMO and Gallagher identify El Nino as a contributor; public country-event insured loss did not meet the strict screen.,https://wmo.int/media/news/wildfires-cause-huge-loss-life-chile-amid-heatwaves-floods-other-parts-south-america,Zurich Insurance Group Ltd,ZURVY,OTCQX,Sponsored Level I ADR,Switzerland,Insurer and reinsurer,Yes,Yes,Yes,Yes,https://www.zurich.com/media/news-releases/2023/2023-0310-01,Coverage-inferred; not API-key queried,Active U.S. exchange/OTC security; Massive advertises all U.S. exchange and OTC stock coverage. Confirm entitlement for the user's plan.,https://api.massive.com/v3/reference/tickers/ZURVY,Contemporaneous U.S. OTC/ADR quotation or issuer/depositary-program evidence found; verify active=true in Massive before production use.,STRICT requires a documented El Nino/ENSO-linked country event with at least US$100m equivalent insured loss (or a defensible lower bound). SEVERE_PROTECTION_GAP covers severe impact where comparable insured-loss data was unavailable.,1997-1998; 2002-2003; 2004-2005; 2006-2007; 2009-2010; 2014-2016; 2018-2019; 2023-2024. Some weak episodes produced no country passing the strict public-data screen.,"Best-effort public-source screen; no free source provides an exhaustive global insured-loss database plus licensing roster linked to Massive. Includes every qualifying issuer found, not a legal guarantee of completeness.",No
2026-09-13,Chile,CHL,SEVERE_PROTECTION_GAP,No,2023-2024,Valparaiso-region wildfires; heat and drought,High,At least $1bn economic loss,Not found at country-event level,USD,WMO and Gallagher identify El Nino as a contributor; public country-event insured loss did not meet the strict screen.,https://wmo.int/media/news/wildfires-cause-huge-loss-life-chile-amid-heatwaves-floods-other-parts-south-america,MAPFRE S.A.,MPFRY,OTC,ADR,Spain,Insurer and reinsurer,Yes,Yes,Yes,Yes,https://www.mapfre.com/en/,Coverage-inferred; not API-key queried,Active U.S. exchange/OTC security; Massive advertises all U.S. exchange and OTC stock coverage. Confirm entitlement for the user's plan.,https://api.massive.com/v3/reference/tickers/MPFRY,Contemporaneous U.S. OTC/ADR quotation or issuer/depositary-program evidence found; verify active=true in Massive before production use.,STRICT requires a documented El Nino/ENSO-linked country event with at least US$100m equivalent insured loss (or a defensible lower bound). SEVERE_PROTECTION_GAP covers severe impact where comparable insured-loss data was unavailable.,1997-1998; 2002-2003; 2004-2005; 2006-2007; 2009-2010; 2014-2016; 2018-2019; 2023-2024. Some weak episodes produced no country passing the strict public-data screen.,"Best-effort public-source screen; no free source provides an exhaustive global insured-loss database plus licensing roster linked to Massive. Includes every qualifying issuer found, not a legal guarantee of completeness.",No
2026-09-13,United Arab Emirates,ARE,STRICT,Yes,2023-2024,April 2024 Gulf floods,Medium,Multi-billion-dollar property and business interruption loss,$1.8bn-$2.3bn,USD,Gallagher Re estimate; El Nino was one contributor alongside climate change and urban exposure.,https://www.artemis.bm/news/uae-flooding-property-insurance-loss-seen-up-to-us-2-3bn-by-gallagher-re/,"American International Group, Inc.",AIG,NYSE,Common stock,United States,Direct insurer,No,Yes,Yes,Yes,https://www.aig.com/home/about,Coverage-inferred; not API-key queried,Active U.S. exchange/OTC security; Massive advertises all U.S. exchange and OTC stock coverage. Confirm entitlement for the user's plan.,https://api.massive.com/v3/reference/tickers/AIG,Active U.S. listing independently checked on 2026-09-13.,STRICT requires a documented El Nino/ENSO-linked country event with at least US$100m equivalent insured loss (or a defensible lower bound). SEVERE_PROTECTION_GAP covers severe impact where comparable insured-loss data was unavailable.,1997-1998; 2002-2003; 2004-2005; 2006-2007; 2009-2010; 2014-2016; 2018-2019; 2023-2024. Some weak episodes produced no country passing the strict public-data screen.,"Best-effort public-source screen; no free source provides an exhaustive global insured-loss database plus licensing roster linked to Massive. Includes every qualifying issuer found, not a legal guarantee of completeness.",No
2026-09-13,United Arab Emirates,ARE,STRICT,Yes,2023-2024,April 2024 Gulf floods,Medium,Multi-billion-dollar property and business interruption loss,$1.8bn-$2.3bn,USD,Gallagher Re estimate; El Nino was one contributor alongside climate change and urban exposure.,https://www.artemis.bm/news/uae-flooding-property-insurance-loss-seen-up-to-us-2-3bn-by-gallagher-re/,Allianz SE,ALIZY,OTC,Unsponsored ADR,Germany,Insurer and reinsurer,Yes,Yes,Yes,Yes,https://www.allianz.com/en/about-us/company/contact.html,Coverage-inferred; not API-key queried,Active U.S. exchange/OTC security; Massive advertises all U.S. exchange and OTC stock coverage. Confirm entitlement for the user's plan.,https://api.massive.com/v3/reference/tickers/ALIZY,Contemporaneous U.S. OTC/ADR quotation or issuer/depositary-program evidence found; verify active=true in Massive before production use.,STRICT requires a documented El Nino/ENSO-linked country event with at least US$100m equivalent insured loss (or a defensible lower bound). SEVERE_PROTECTION_GAP covers severe impact where comparable insured-loss data was unavailable.,1997-1998; 2002-2003; 2004-2005; 2006-2007; 2009-2010; 2014-2016; 2018-2019; 2023-2024. Some weak episodes produced no country passing the strict public-data screen.,"Best-effort public-source screen; no free source provides an exhaustive global insured-loss database plus licensing roster linked to Massive. Includes every qualifying issuer found, not a legal guarantee of completeness.",No
2026-09-13,United Arab Emirates,ARE,STRICT,Yes,2023-2024,April 2024 Gulf floods,Medium,Multi-billion-dollar property and business interruption loss,$1.8bn-$2.3bn,USD,Gallagher Re estimate; El Nino was one contributor alongside climate change and urban exposure.,https://www.artemis.bm/news/uae-flooding-property-insurance-loss-seen-up-to-us-2-3bn-by-gallagher-re/,Zurich Insurance Group Ltd,ZURVY,OTCQX,Sponsored Level I ADR,Switzerland,Insurer and reinsurer,Yes,Yes,Yes,Yes,https://www.zurich.com/media/news-releases/2023/2023-0310-01,Coverage-inferred; not API-key queried,Active U.S. exchange/OTC security; Massive advertises all U.S. exchange and OTC stock coverage. Confirm entitlement for the user's plan.,https://api.massive.com/v3/reference/tickers/ZURVY,Contemporaneous U.S. OTC/ADR quotation or issuer/depositary-program evidence found; verify active=true in Massive before production use.,STRICT requires a documented El Nino/ENSO-linked country event with at least US$100m equivalent insured loss (or a defensible lower bound). SEVERE_PROTECTION_GAP covers severe impact where comparable insured-loss data was unavailable.,1997-1998; 2002-2003; 2004-2005; 2006-2007; 2009-2010; 2014-2016; 2018-2019; 2023-2024. Some weak episodes produced no country passing the strict public-data screen.,"Best-effort public-source screen; no free source provides an exhaustive global insured-loss database plus licensing roster linked to Massive. Includes every qualifying issuer found, not a legal guarantee of completeness.",No
2026-09-13,Malawi,MWI,SEVERE_PROTECTION_GAP,No,2014-2016; 2023-2024,Drought; crop failure; food insecurity,High,Severe national agricultural and humanitarian losses,Not found at country-event level,,Southern African drought is a canonical El Nino impact; insurance penetration leaves a material protection gap.,https://wmo.int/topics/el-nino-la-nina,Sanlam Limited,SLLDY,OTC,ADR,South Africa,Insurance holding company,Yes,Yes,Yes,Yes,https://www.sanlam.com/about/Pages/default.aspx,Coverage-inferred; not API-key queried,Active U.S. exchange/OTC security; Massive advertises all U.S. exchange and OTC stock coverage. Confirm entitlement for the user's plan.,https://api.massive.com/v3/reference/tickers/SLLDY,Contemporaneous U.S. OTC/ADR quotation or issuer/depositary-program evidence found; verify active=true in Massive before production use.,STRICT requires a documented El Nino/ENSO-linked country event with at least US$100m equivalent insured loss (or a defensible lower bound). SEVERE_PROTECTION_GAP covers severe impact where comparable insured-loss data was unavailable.,1997-1998; 2002-2003; 2004-2005; 2006-2007; 2009-2010; 2014-2016; 2018-2019; 2023-2024. Some weak episodes produced no country passing the strict public-data screen.,"Best-effort public-source screen; no free source provides an exhaustive global insured-loss database plus licensing roster linked to Massive. Includes every qualifying issuer found, not a legal guarantee of completeness.",No
2026-09-13,Malawi,MWI,SEVERE_PROTECTION_GAP,No,2014-2016; 2023-2024,Drought; crop failure; food insecurity,High,Severe national agricultural and humanitarian losses,Not found at country-event level,,Southern African drought is a canonical El Nino impact; insurance penetration leaves a material protection gap.,https://wmo.int/topics/el-nino-la-nina,Old Mutual Limited,ODMTY,OTC,ADR,South Africa,Insurance holding company,Yes,Yes,Limited,Yes,https://www.oldmutual.com/about-us/,Coverage-inferred; not API-key queried,Active U.S. exchange/OTC security; Massive advertises all U.S. exchange and OTC stock coverage. Confirm entitlement for the user's plan.,https://api.massive.com/v3/reference/tickers/ODMTY,Contemporaneous U.S. OTC/ADR quotation or issuer/depositary-program evidence found; verify active=true in Massive before production use.,STRICT requires a documented El Nino/ENSO-linked country event with at least US$100m equivalent insured loss (or a defensible lower bound). SEVERE_PROTECTION_GAP covers severe impact where comparable insured-loss data was unavailable.,1997-1998; 2002-2003; 2004-2005; 2006-2007; 2009-2010; 2014-2016; 2018-2019; 2023-2024. Some weak episodes produced no country passing the strict public-data screen.,"Best-effort public-source screen; no free source provides an exhaustive global insured-loss database plus licensing roster linked to Massive. Includes every qualifying issuer found, not a legal guarantee of completeness.",No
2026-09-13,Zambia,ZMB,SEVERE_PROTECTION_GAP,No,2014-2016; 2023-2024,Drought; crop and hydropower losses,High,Severe national agricultural and power-sector losses,Not found at country-event level,,Included for severe documented southern-African El Nino drought impacts; public insured-loss evidence was insufficient.,https://wmo.int/topics/el-nino-la-nina,Sanlam Limited,SLLDY,OTC,ADR,South Africa,Insurance holding company,Yes,Yes,Yes,Yes,https://www.sanlam.com/about/Pages/default.aspx,Coverage-inferred; not API-key queried,Active U.S. exchange/OTC security; Massive advertises all U.S. exchange and OTC stock coverage. Confirm entitlement for the user's plan.,https://api.massive.com/v3/reference/tickers/SLLDY,Contemporaneous U.S. OTC/ADR quotation or issuer/depositary-program evidence found; verify active=true in Massive before production use.,STRICT requires a documented El Nino/ENSO-linked country event with at least US$100m equivalent insured loss (or a defensible lower bound). SEVERE_PROTECTION_GAP covers severe impact where comparable insured-loss data was unavailable.,1997-1998; 2002-2003; 2004-2005; 2006-2007; 2009-2010; 2014-2016; 2018-2019; 2023-2024. Some weak episodes produced no country passing the strict public-data screen.,"Best-effort public-source screen; no free source provides an exhaustive global insured-loss database plus licensing roster linked to Massive. Includes every qualifying issuer found, not a legal guarantee of completeness.",No
2026-09-13,Zambia,ZMB,SEVERE_PROTECTION_GAP,No,2014-2016; 2023-2024,Drought; crop and hydropower losses,High,Severe national agricultural and power-sector losses,Not found at country-event level,,Included for severe documented southern-African El Nino drought impacts; public insured-loss evidence was insufficient.,https://wmo.int/topics/el-nino-la-nina,Old Mutual Limited,ODMTY,OTC,ADR,South Africa,Insurance holding company,Yes,Yes,Limited,Yes,https://www.oldmutual.com/about-us/,Coverage-inferred; not API-key queried,Active U.S. exchange/OTC security; Massive advertises all U.S. exchange and OTC stock coverage. Confirm entitlement for the user's plan.,https://api.massive.com/v3/reference/tickers/ODMTY,Contemporaneous U.S. OTC/ADR quotation or issuer/depositary-program evidence found; verify active=true in Massive before production use.,STRICT requires a documented El Nino/ENSO-linked country event with at least US$100m equivalent insured loss (or a defensible lower bound). SEVERE_PROTECTION_GAP covers severe impact where comparable insured-loss data was unavailable.,1997-1998; 2002-2003; 2004-2005; 2006-2007; 2009-2010; 2014-2016; 2018-2019; 2023-2024. Some weak episodes produced no country passing the strict public-data screen.,"Best-effort public-source screen; no free source provides an exhaustive global insured-loss database plus licensing roster linked to Massive. Includes every qualifying issuer found, not a legal guarantee of completeness.",No
2026-09-13,Zimbabwe,ZWE,SEVERE_PROTECTION_GAP,No,2014-2016; 2023-2024,Drought; crop failure; food insecurity,High,Severe national agricultural and humanitarian losses,Not found at country-event level,,Included for severe documented southern-African El Nino drought impacts; public insured-loss evidence was insufficient.,https://wmo.int/topics/el-nino-la-nina,Sanlam Limited,SLLDY,OTC,ADR,South Africa,Insurance holding company,Yes,Yes,Yes,Yes,https://www.sanlam.com/about/Pages/default.aspx,Coverage-inferred; not API-key queried,Active U.S. exchange/OTC security; Massive advertises all U.S. exchange and OTC stock coverage. Confirm entitlement for the user's plan.,https://api.massive.com/v3/reference/tickers/SLLDY,Contemporaneous U.S. OTC/ADR quotation or issuer/depositary-program evidence found; verify active=true in Massive before production use.,STRICT requires a documented El Nino/ENSO-linked country event with at least US$100m equivalent insured loss (or a defensible lower bound). SEVERE_PROTECTION_GAP covers severe impact where comparable insured-loss data was unavailable.,1997-1998; 2002-2003; 2004-2005; 2006-2007; 2009-2010; 2014-2016; 2018-2019; 2023-2024. Some weak episodes produced no country passing the strict public-data screen.,"Best-effort public-source screen; no free source provides an exhaustive global insured-loss database plus licensing roster linked to Massive. Includes every qualifying issuer found, not a legal guarantee of completeness.",No
2026-09-13,Zimbabwe,ZWE,SEVERE_PROTECTION_GAP,No,2014-2016; 2023-2024,Drought; crop failure; food insecurity,High,Severe national agricultural and humanitarian losses,Not found at country-event level,,Included for severe documented southern-African El Nino drought impacts; public insured-loss evidence was insufficient.,https://wmo.int/topics/el-nino-la-nina,Old Mutual Limited,ODMTY,OTC,ADR,South Africa,Insurance holding company,Yes,Yes,Limited,Yes,https://www.oldmutual.com/about-us/,Coverage-inferred; not API-key queried,Active U.S. exchange/OTC security; Massive advertises all U.S. exchange and OTC stock coverage. Confirm entitlement for the user's plan.,https://api.massive.com/v3/reference/tickers/ODMTY,Contemporaneous U.S. OTC/ADR quotation or issuer/depositary-program evidence found; verify active=true in Massive before production use.,STRICT requires a documented El Nino/ENSO-linked country event with at least US$100m equivalent insured loss (or a defensible lower bound). SEVERE_PROTECTION_GAP covers severe impact where comparable insured-loss data was unavailable.,1997-1998; 2002-2003; 2004-2005; 2006-2007; 2009-2010; 2014-2016; 2018-2019; 2023-2024. Some weak episodes produced no country passing the strict public-data screen.,"Best-effort public-source screen; no free source provides an exhaustive global insured-loss database plus licensing roster linked to Massive. Includes every qualifying issuer found, not a legal guarantee of completeness.",No
