rule,centered_month,information_month,entry_date,exit_date,horizon_days,ONI,dONI,strength,train_n,train_mean_spread,direction,direction_label,cop_return,xle_return,spread_return,model_gross_return,regime,xle_trailing_126d_return,xle_volatility_20d,is_test
S1 Strong level,2015-05,2015-07,2015-08-03,2015-08-03,1,1.0,0.09999999999999998,Strong 1.0–1.4,0,,,Insufficient training,-0.0018072289156625398,-0.010489510489510523,0.008682281573847983,,"Energy downtrend, high volatility",-0.0693224692962221,0.21192920053303027,False
S1 Strong level,2015-06,2015-08,2015-09-01,2015-09-01,1,1.2,0.19999999999999996,Strong 1.0–1.4,1,0.008682281573847983,,Insufficient training,-0.008719119784098006,-0.006664600123992392,-0.0020545196601056137,,"Energy downtrend, high volatility",-0.1452129243272421,0.40075746399513396,False
S1 Strong level,2015-07,2015-09,2015-10-01,2015-10-01,1,1.4,0.19999999999999996,Strong 1.0–1.4,2,0.0033138809568711847,,Insufficient training,-0.01088519203121796,-0.010648596321393922,-0.000236595709824039,,"Energy downtrend, high volatility",-0.1996255332129966,0.26339031097000015,False
S1 Strong level,2015-08,2015-10,2015-11-02,2015-11-02,1,1.7,0.30000000000000004,Very strong 1.5–1.9,3,0.0021303887346394434,1.0,Long COP / short XLE,0.03660377358490563,0.029577048210588597,0.007026725374317033,0.0035133626871585166,"Energy downtrend, high volatility",-0.16519570697879715,0.2467578911886116,False
S1 Strong level,2015-09,2015-11,2015-12-01,2015-12-01,1,2.0,0.30000000000000004,Extreme ≥2.0,4,0.003354472894558841,1.0,Long COP / short XLE,0.002754315093646653,0.007050528789659394,-0.004296213696012741,-0.0021481068480063703,"Energy downtrend, high volatility",-0.12365325094185686,0.25367759399563405,False
S1 Strong level,2015-10,2015-12,2016-01-04,2016-01-04,1,2.3,0.2999999999999998,Extreme ≥2.0,5,0.0018243355764445246,1.0,Long COP / short XLE,0.010127127774186784,0.002327127659574435,0.007800000114612349,0.0039000000573061744,"Energy downtrend, high volatility",-0.1770077704084153,0.31699869012749293,False
S1 Strong level,2015-11,2016-01,2016-02-01,2016-02-01,1,2.5,0.20000000000000018,Extreme ≥2.0,6,0.002820279666139162,1.0,Long COP / short XLE,0.009414225941422494,-8.735150244587597e-05,0.00950157744386837,0.004750788721934185,"Energy downtrend, high volatility",-0.16548689221475,0.45225457747446907,False
S1 Strong level,2015-12,2016-02,2016-03-01,2016-03-01,1,2.6,0.10000000000000009,Extreme ≥2.0,7,0.0037747507772433347,1.0,Long COP / short XLE,0.011447020839448152,0.01895401895401916,-0.007506998114571006,-0.003753499057285503,"Energy downtrend, high volatility",-0.10507829680825687,0.3239366461194944,False
S1 Strong level,2016-01,2016-03,2016-04-01,2016-04-01,1,2.5,-0.10000000000000009,Extreme ≥2.0,8,0.002364532165766542,1.0,Long COP / short XLE,0.00990099009900991,0.003946070371588339,0.00595491972742157,0.002977459863710785,"Energy uptrend, high volatility",0.05211410952349649,0.24815211344629062,False
S1 Strong level,2016-02,2016-04,2016-05-02,2016-05-02,1,2.2,-0.2999999999999998,Extreme ≥2.0,9,0.002763464117061545,1.0,Long COP / short XLE,-0.014928511354079022,0.0007420599584448961,-0.015670571312523918,-0.007835285656261959,"Energy uptrend, high volatility",0.020193141823793503,0.21604248566127512,False
S1 Strong level,2016-03,2016-05,2016-06-01,2016-06-01,1,1.7,-0.5000000000000002,Very strong 1.5–1.9,10,0.0009200605741029988,1.0,Long COP / short XLE,0.015909614941203687,0.01011778918755657,0.005791825753647117,0.0028959128768235587,"Energy uptrend, high volatility",0.0029164461998738567,0.1743690634882541,False
S1 Strong level,2016-04,2016-06,2016-07-01,2016-07-01,1,1.1,-0.5999999999999999,Strong 1.0–1.4,11,0.0013629483176979186,1.0,Long COP / short XLE,-0.007753705815279455,0.006455399061032763,-0.014209104876312217,-0.007104552438156109,"Energy uptrend, high volatility",0.15195116974877254,0.26911408964981987,False
S1 Strong level,2018-11,2019-01,2019-02-01,2019-02-01,1,1.0,0.19999999999999996,Strong 1.0–1.4,12,6.5277218197074e-05,1.0,Long COP / short XLE,0.004975124378109541,0.006514657980456029,-0.0015395336023464878,-0.0007697668011732439,"Energy downtrend, high volatility",-0.1594603867061406,0.20094214613750863,False
S1 Strong level,2018-12,2019-02,2019-03-01,2019-03-01,1,1.1,0.10000000000000009,Strong 1.0–1.4,13,-5.816976799858461e-05,-1.0,Long XLE / short COP,0.01233661330591862,0.012957317073170938,-0.0006207037672523175,0.00031035188362615873,"Energy downtrend, low volatility",-0.11684058417788978,0.15835460085881012,False
S1 Strong level,2019-01,2019-03,2019-04-01,2019-04-01,1,1.0,-0.10000000000000009,Strong 1.0–1.4,14,-9.835076794527981e-05,-1.0,Long XLE / short COP,0.002963401985479397,0.006460336538461453,-0.003496934552982056,0.001748467276491028,"Energy downtrend, high volatility",-0.11431357955505528,0.17463665377502027,False
S1 Strong level,2023-07,2023-09,2023-10-02,2023-10-02,1,1.0,0.30000000000000004,Strong 1.0–1.4,15,-0.0003249230202810649,-1.0,Long XLE / short COP,-0.026114437791084466,-0.018610834164174084,-0.007503603626910382,0.003751801813455191,"Energy uptrend, high volatility",0.11683917562323654,0.20841994980178302,True
S1 Strong level,2023-08,2023-10,2023-11-01,2023-11-01,1,1.3,0.30000000000000004,Strong 1.0–1.4,16,-0.0007735905581953972,-1.0,Long XLE / short COP,-0.023518580515567433,-0.008631750845678354,-0.014886829669889079,0.0074434148349445395,"Energy uptrend, high volatility",0.07546863659629555,0.24172431105719422,True
S1 Strong level,2023-09,2023-11,2023-12-01,2023-12-01,1,1.5,0.19999999999999996,Very strong 1.5–1.9,17,-0.0016037810941773784,-1.0,Long XLE / short COP,0.0017386768669043207,0.006392045454545414,-0.0046533685876410935,0.0023266842938205468,"Energy uptrend, low volatility",0.1086662892331709,0.19942055098948733,True
S1 Strong level,2023-10,2023-12,2024-01-02,2024-01-02,1,1.7,0.19999999999999996,Very strong 1.5–1.9,18,-0.0017732026215920293,-1.0,Long XLE / short COP,0.00358453529060343,0.0036716806822219006,-8.714539161847057e-05,4.3572695809235285e-05,"Energy uptrend, low volatility",0.0503618506636061,0.18749763189145263,True
S1 Strong level,2023-11,2024-01,2024-02-01,2024-02-01,1,1.9,0.19999999999999996,Very strong 1.5–1.9,19,-0.0016844627673828947,-1.0,Long XLE / short COP,-0.008545486914723233,-0.006077940650697111,-0.0024675462640261214,0.0012337731320130607,"Energy downtrend, low volatility",-0.025834392837683184,0.20226579759569602,True
S1 Strong level,2023-12,2024-02,2024-03-01,2024-03-01,1,2.0,0.10000000000000009,Extreme ≥2.0,20,-0.001723616942215056,-1.0,Long XLE / short COP,0.0038664323374340004,0.0043798985707699245,-0.0005134662333359241,0.00025673311666796206,"Energy downtrend, low volatility",-0.009310470739447685,0.1557419186189925,True
S1 Strong level,2024-01,2024-03,2024-04-01,2024-04-01,1,1.8,-0.19999999999999996,Very strong 1.5–1.9,21,-0.0016659907179827165,-1.0,Long XLE / short COP,0.005312500000000053,0.004435526454747096,0.000876973545252957,-0.0004384867726264785,"Energy uptrend, low volatility",0.04261672824314222,0.10936680779990915,True
S1 Strong level,2024-02,2024-04,2024-05-01,2024-05-01,1,1.5,-0.30000000000000004,Very strong 1.5–1.9,22,-0.0015504014332901857,-1.0,Long XLE / short COP,-0.005916213623281097,-0.014562587000749527,0.00864637337746843,-0.004323186688734215,"Energy uptrend, low volatility",0.12455885044422454,0.15866667262004114,True
S1 Strong level,2024-03,2024-05,2024-06-03,2024-06-03,1,1.2,-0.30000000000000004,Strong 1.0–1.4,23,-0.001107063398039811,-1.0,Long XLE / short COP,-0.020557371408911118,-0.02293034772311331,0.002372976314202191,-0.0011864881571010955,"Energy uptrend, low volatility",0.12884747463031543,0.1646939065699731,True
S1 Strong level,2026-06,2026-08,2026-09-01,2026-09-01,1,1.4,0.4999999999999999,Strong 1.0–1.4,24,-0.000962061743363061,-1.0,Long XLE / short COP,0.008814814814814831,-0.0015415446277170508,0.010356359442531882,-0.005178179721265941,"Energy uptrend, high volatility",0.13659619826264446,0.2344337844623667,True
S1 Strong level,2015-05,2015-07,2015-08-03,2015-08-04,2,1.0,0.09999999999999998,Strong 1.0–1.4,0,,,Insufficient training,0.0014056224899599012,-0.013840326340326392,0.015245948830286293,,"Energy downtrend, high volatility",-0.0693224692962221,0.21192920053303027,False
S1 Strong level,2015-06,2015-08,2015-09-01,2015-09-02,2,1.2,0.19999999999999996,Strong 1.0–1.4,1,0.015245948830286293,,Insufficient training,0.00041519618019503213,0.002479851208927686,-0.0020646550287326537,,"Energy downtrend, high volatility",-0.1452129243272421,0.40075746399513396,False
S1 Strong level,2015-07,2015-09,2015-10-01,2015-10-02,2,1.4,0.19999999999999996,Strong 1.0–1.4,2,0.00659064690077682,,Insufficient training,0.05134524543027319,0.030171022910616463,0.021174222519656727,,"Energy downtrend, high volatility",-0.1996255332129966,0.26339031097000015,False
S1 Strong level,2015-08,2015-10,2015-11-02,2015-11-03,2,1.7,0.30000000000000004,Very strong 1.5–1.9,3,0.011451838773736789,1.0,Long COP / short XLE,0.07037735849056581,0.05590062111801242,0.014476737372553394,0.007238368686276697,"Energy downtrend, high volatility",-0.16519570697879715,0.2467578911886116,False
S1 Strong level,2015-09,2015-11,2015-12-01,2015-12-02,2,2.0,0.30000000000000004,Extreme ≥2.0,4,0.01220806342344094,1.0,Long COP / short XLE,-0.03507161219243493,-0.024089306698002244,-0.010982305494432687,-0.0054911527472163435,"Energy downtrend, high volatility",-0.12365325094185686,0.25367759399563405,False
S1 Strong level,2015-10,2015-12,2016-01-04,2016-01-05,2,2.3,0.2999999999999998,Extreme ≥2.0,5,0.007569989639866215,1.0,Long COP / short XLE,0.02133160956690383,0.006150265957446832,0.015181343609456999,0.007590671804728499,"Energy downtrend, high volatility",-0.1770077704084153,0.31699869012749293,False
S1 Strong level,2015-11,2016-01,2016-02-01,2016-02-02,2,2.5,0.20000000000000018,Extreme ≥2.0,6,0.008838548634798013,1.0,Long COP / short XLE,-0.04314853556485354,-0.03336827393431174,-0.009780261630541798,-0.004890130815270899,"Energy downtrend, high volatility",-0.16548689221475,0.45225457747446907,False
S1 Strong level,2015-12,2016-02,2016-03-01,2016-03-02,2,2.6,0.10000000000000009,Extreme ≥2.0,7,0.006178718596892325,1.0,Long COP / short XLE,0.07103023187555024,0.04387504387504393,0.027155188000506314,0.013577594000253157,"Energy downtrend, high volatility",-0.10507829680825687,0.3239366461194944,False
S1 Strong level,2016-01,2016-03,2016-04-01,2016-04-04,2,2.5,-0.10000000000000009,Extreme ≥2.0,8,0.008800777272344074,1.0,Long COP / short XLE,-0.007362274689007298,-0.00346596514304498,-0.0038963095459623176,-0.0019481547729811588,"Energy uptrend, high volatility",0.05211410952349649,0.24815211344629062,False
S1 Strong level,2016-02,2016-04,2016-05-02,2016-05-03,2,2.2,-0.2999999999999998,Extreme ≥2.0,9,0.007389989848087808,1.0,Long COP / short XLE,-0.052144659377628244,-0.022855446720094763,-0.02928921265753348,-0.01464460632876674,"Energy uptrend, high volatility",0.020193141823793503,0.21604248566127512,False
S1 Strong level,2016-03,2016-05,2016-06-01,2016-06-02,2,1.7,-0.5000000000000002,Very strong 1.5–1.9,10,0.003722069597525679,1.0,Long COP / short XLE,0.02328798708784885,0.008758683177287674,0.014529303910561175,0.007264651955280588,"Energy uptrend, high volatility",0.0029164461998738567,0.1743690634882541,False
S1 Strong level,2016-04,2016-06,2016-07-01,2016-07-05,2,1.1,-0.5999999999999999,Strong 1.0–1.4,11,0.00470454544416527,1.0,Long COP / short XLE,-0.04903078677309003,-0.01379107981220662,-0.03523970696088341,-0.017619853480441705,"Energy uptrend, high volatility",0.15195116974877254,0.26911408964981987,False
S1 Strong level,2018-11,2019-01,2019-02-01,2019-02-04,2,1.0,0.19999999999999996,Strong 1.0–1.4,12,0.0013758577437445463,1.0,Long COP / short XLE,0.023266022827041377,0.008841321544904801,0.014424701282136576,0.007212350641068288,"Energy downtrend, high volatility",-0.1594603867061406,0.20094214613750863,False
S1 Strong level,2018-12,2019-02,2019-03-01,2019-03-04,2,1.1,0.10000000000000009,Strong 1.0–1.4,13,0.002379614939005472,1.0,Long COP / short XLE,0.026582464385372262,0.014786585365853755,0.011795879019518507,0.0058979395097592535,"Energy downtrend, low volatility",-0.11684058417788978,0.15835460085881012,False
S1 Strong level,2019-01,2019-03,2019-04-01,2019-04-02,2,1.0,-0.10000000000000009,Strong 1.0–1.4,14,0.0030522052304706886,1.0,Long COP / short XLE,-0.016891391317232274,-0.0004507211538461453,-0.01644067016338613,-0.008220335081693064,"Energy downtrend, high volatility",-0.11431357955505528,0.17463665377502027,False
S1 Strong level,2023-07,2023-09,2023-10-02,2023-10-03,2,1.0,0.30000000000000004,Strong 1.0–1.4,15,0.0017526802042135672,1.0,Long COP / short XLE,-0.02195608782435121,-0.019275506812894583,-0.0026805810114566286,-0.0013402905057283143,"Energy uptrend, high volatility",0.11683917562323654,0.20841994980178302,True
S1 Strong level,2023-08,2023-10,2023-11-01,2023-11-02,2,1.3,0.30000000000000004,Strong 1.0–1.4,16,0.00147560137823418,1.0,Long COP / short XLE,0.02125878808168724,0.02134608655079906,-8.729846911181838e-05,-4.364923455590919e-05,"Energy uptrend, high volatility",0.07546863659629555,0.24172431105719422,True
S1 Strong level,2023-09,2023-11,2023-12-01,2023-12-04,2,1.5,0.19999999999999996,Very strong 1.5–1.9,17,0.0013836660930961803,1.0,Long COP / short XLE,-0.004346692167260691,0.0017755681818181213,-0.006122260349078812,-0.003061130174539406,"Energy uptrend, low volatility",0.1086662892331709,0.19942055098948733,True
S1 Strong level,2023-10,2023-12,2024-01-02,2024-01-03,2,1.7,0.19999999999999996,Very strong 1.5–1.9,18,0.0009666701796420139,1.0,Long COP / short XLE,0.02355551762396524,0.02001658178372634,0.0035389358402388993,0.0017694679201194496,"Energy uptrend, low volatility",0.0503618506636061,0.18749763189145263,True
S1 Strong level,2023-11,2024-01,2024-02-01,2024-02-02,2,1.9,0.19999999999999996,Very strong 1.5–1.9,19,0.0011020525828313236,1.0,Long COP / short XLE,-0.01522164856685071,-0.0046478369681802745,-0.010573811598670435,-0.0052869057993352175,"Energy downtrend, low volatility",-0.025834392837683184,0.20226579759569602,True
S1 Strong level,2023-12,2024-02,2024-03-01,2024-03-04,2,2.0,0.10000000000000009,Extreme ≥2.0,20,0.0005182593737562358,1.0,Long COP / short XLE,-0.01898066783831287,-0.006339326878746054,-0.012641340959566816,-0.006320670479783408,"Energy downtrend, low volatility",-0.009310470739447685,0.1557419186189925,True
S1 Strong level,2024-01,2024-03,2024-04-01,2024-04-02,2,1.8,-0.19999999999999996,Very strong 1.5–1.9,21,-0.00010838826116390954,-1.0,Long XLE / short COP,0.020859374999999902,0.018481360228112864,0.002378014771887038,-0.001189007385943519,"Energy uptrend, low volatility",0.04261672824314222,0.10936680779990915,True
S1 Strong level,2024-02,2024-04,2024-05-01,2024-05-02,2,1.5,-0.30000000000000004,Very strong 1.5–1.9,22,4.630058520224437e-06,1.0,Long COP / short XLE,-0.022625519667412886,-0.008887461184280965,-0.01373805848313192,-0.00686902924156596,"Energy uptrend, low volatility",0.12455885044422454,0.15866667262004114,True
S1 Strong level,2024-03,2024-05,2024-06-03,2024-06-04,2,1.2,-0.30000000000000004,Strong 1.0–1.4,23,-0.0005928781389429123,-1.0,Long XLE / short COP,-0.03431962841906089,-0.03229626439875122,-0.0020233640203096703,0.0010116820101548352,"Energy uptrend, low volatility",0.12884747463031543,0.1646939065699731,True
S1 Strong level,2026-06,2026-08,2026-09-01,2026-09-02,2,1.4,0.4999999999999999,Strong 1.0–1.4,24,-0.0006524817173331939,-1.0,Long XLE / short COP,0.016296296296296253,0.003545552643749117,0.012750743652547136,-0.006375371826273568,"Energy uptrend, high volatility",0.13659619826264446,0.2344337844623667,True
S1 Strong level,2015-05,2015-07,2015-08-03,2015-08-07,5,1.0,0.09999999999999998,Strong 1.0–1.4,0,,,Insufficient training,-0.01927710843373487,-0.023455710955710973,0.004178602521976105,,"Energy downtrend, high volatility",-0.0693224692962221,0.21192920053303027,False
S1 Strong level,2015-06,2015-08,2015-09-01,2015-09-08,5,1.2,0.19999999999999996,Strong 1.0–1.4,1,0.004178602521976105,,Insufficient training,0.00602034461282952,0.004184748915065262,0.0018355956977642585,,"Energy downtrend, high volatility",-0.1452129243272421,0.40075746399513396,False
S1 Strong level,2015-07,2015-09,2015-10-01,2015-10-07,5,1.4,0.19999999999999996,Strong 1.0–1.4,2,0.0030070991098701816,,Insufficient training,0.13514068597247908,0.09858018715714745,0.03656049881533163,,"Energy downtrend, high volatility",-0.1996255332129966,0.26339031097000015,False
S1 Strong level,2015-08,2015-10,2015-11-02,2015-11-06,5,1.7,0.30000000000000004,Very strong 1.5–1.9,3,0.014191565678357332,1.0,Long COP / short XLE,0.052264150943396315,0.032238982549541495,0.02002516839385482,0.01001258419692741,"Energy downtrend, high volatility",-0.16519570697879715,0.2467578911886116,False
S1 Strong level,2015-09,2015-11,2015-12-01,2015-12-07,5,2.0,0.30000000000000004,Extreme ≥2.0,4,0.015649966357231704,1.0,Long COP / short XLE,-0.10044069041498349,-0.08578143360752033,-0.014659256807463161,-0.007329628403731581,"Energy downtrend, high volatility",-0.12365325094185686,0.25367759399563405,False
S1 Strong level,2015-10,2015-12,2016-01-04,2016-01-08,5,2.3,0.2999999999999998,Extreme ≥2.0,5,0.009588121724292731,1.0,Long COP / short XLE,-0.0672268907563024,-0.0683178191489362,0.0010909283926338054,0.0005454641963169027,"Energy downtrend, high volatility",-0.1770077704084153,0.31699869012749293,False
S1 Strong level,2015-11,2016-01,2016-02-01,2016-02-05,5,2.5,0.20000000000000018,Extreme ≥2.0,6,0.00817192283568291,1.0,Long COP / short XLE,-0.13964435146443532,-0.022711390635918982,-0.11693296082851634,-0.05846648041425817,"Energy downtrend, high volatility",-0.16548689221475,0.45225457747446907,False
S1 Strong level,2015-12,2016-02,2016-03-01,2016-03-07,5,2.6,0.10000000000000009,Extreme ≥2.0,7,-0.00970020340205984,-1.0,Long XLE / short COP,0.215145289110654,0.09494559494559485,0.12019969416505916,-0.06009984708252958,"Energy downtrend, high volatility",-0.10507829680825687,0.3239366461194944,False
S1 Strong level,2016-01,2016-03,2016-04-01,2016-04-07,5,2.5,-0.10000000000000009,Extreme ≥2.0,8,0.006537283793830034,1.0,Long COP / short XLE,0.023356181772023366,0.005261427162117638,0.018094754609905728,0.009047377304952864,"Energy uptrend, high volatility",0.05211410952349649,0.24815211344629062,False
S1 Strong level,2016-02,2016-04,2016-05-02,2016-05-06,5,2.2,-0.2999999999999998,Extreme ≥2.0,9,0.007821447217838444,1.0,Long COP / short XLE,-0.10092514718250611,-0.03131493024636378,-0.06961021693614233,-0.034805108468071166,"Energy uptrend, high volatility",0.020193141823793503,0.21604248566127512,False
S1 Strong level,2016-03,2016-05,2016-06-01,2016-06-07,5,1.7,-0.5000000000000002,Very strong 1.5–1.9,10,7.828080244036695e-05,1.0,Long COP / short XLE,0.0961494120359696,0.05028692237994581,0.0458624896560238,0.0229312448280119,"Energy uptrend, high volatility",0.0029164461998738567,0.1743690634882541,False
S1 Strong level,2016-04,2016-06,2016-07-01,2016-07-08,5,1.1,-0.5999999999999999,Strong 1.0–1.4,11,0.004240481607311588,1.0,Long COP / short XLE,-0.03534777651083243,-0.006602112676056482,-0.028745663834775947,-0.014372831917387974,"Energy uptrend, high volatility",0.15195116974877254,0.26911408964981987,False
S1 Strong level,2018-11,2019-01,2019-02-01,2019-02-07,5,1.0,0.19999999999999996,Strong 1.0–1.4,12,0.0014916361538042933,1.0,Long COP / short XLE,-0.012584138132864964,-0.019233752132775006,0.006649613999910042,0.003324806999955021,"Energy downtrend, high volatility",-0.1594603867061406,0.20094214613750863,False
S1 Strong level,2018-12,2019-02,2019-03-01,2019-03-07,5,1.1,0.10000000000000009,Strong 1.0–1.4,13,0.0018884036804278125,1.0,Long COP / short XLE,-0.0020561022176529553,-0.007317073170731381,0.0052609709530784254,0.0026304854765392127,"Energy downtrend, low volatility",-0.11684058417788978,0.15835460085881012,False
S1 Strong level,2019-01,2019-03,2019-04-01,2019-04-05,5,1.0,-0.10000000000000009,Strong 1.0–1.4,14,0.002129301342759999,1.0,Long COP / short XLE,-0.020299303600533336,0.01577524038461542,-0.036074543985148755,-0.018037271992574377,"Energy downtrend, high volatility",-0.11431357955505528,0.17463665377502027,False
S1 Strong level,2023-07,2023-09,2023-10-02,2023-10-06,5,1.0,0.30000000000000004,Strong 1.0–1.4,15,-0.00041762167910058454,-1.0,Long XLE / short COP,-0.0408349966733198,-0.05029356375318483,0.009458567079865032,-0.004729283539932516,"Energy uptrend, high volatility",0.11683917562323654,0.20841994980178302,True
S1 Strong level,2023-08,2023-10,2023-11-01,2023-11-07,5,1.3,0.30000000000000004,Strong 1.0–1.4,16,0.00019964011833476653,1.0,Long COP / short XLE,-0.03540341479745557,-0.022512539367782414,-0.012890875429673154,-0.006445437714836577,"Energy uptrend, high volatility",0.07546863659629555,0.24172431105719422,True
S1 Strong level,2023-09,2023-11,2023-12-01,2023-12-07,5,1.5,0.19999999999999996,Very strong 1.5–1.9,17,-0.0005703902080186406,-1.0,Long XLE / short COP,-0.03633834651829959,-0.03705018939393945,0.0007118428756398565,-0.00035592143781992824,"Energy uptrend, low volatility",0.1086662892331709,0.19942055098948733,True
S1 Strong level,2023-10,2023-12,2024-01-02,2024-01-08,5,1.7,0.19999999999999996,Very strong 1.5–1.9,18,-0.0004991550367042796,-1.0,Long XLE / short COP,-0.022787402918835853,-0.008646215800070856,-0.014141187118764997,0.007070593559382499,"Energy uptrend, low volatility",0.0503618506636061,0.18749763189145263,True
S1 Strong level,2023-11,2024-01,2024-02-01,2024-02-07,5,1.9,0.19999999999999996,Very strong 1.5–1.9,19,-0.001217156725233791,-1.0,Long XLE / short COP,-0.00017803097739010898,-0.001906804910022819,0.00172877393263271,-0.000864386966316355,"Energy downtrend, low volatility",-0.025834392837683184,0.20226579759569602,True
S1 Strong level,2023-12,2024-02,2024-03-01,2024-03-07,5,2.0,0.10000000000000009,Extreme ≥2.0,20,-0.001069860192340466,-1.0,Long XLE / short COP,-0.009314586994727536,0.012678653757492109,-0.021993240752219645,0.010996620376109822,"Energy downtrend, low volatility",-0.009310470739447685,0.1557419186189925,True
S1 Strong level,2024-01,2024-03,2024-04-01,2024-04-05,5,1.8,-0.19999999999999996,Very strong 1.5–1.9,21,-0.002066211647572808,-1.0,Long XLE / short COP,0.04312499999999986,0.03580103495617282,0.007323965043827041,-0.0036619825219135205,"Energy uptrend, low volatility",0.04261672824314222,0.10936680779990915,True
S1 Strong level,2024-02,2024-04,2024-05-01,2024-05-07,5,1.5,-0.30000000000000004,Very strong 1.5–1.9,22,-0.0016393854343273602,-1.0,Long XLE / short COP,-0.012312120243044622,-0.0019274012206874636,-0.010384719022357158,0.005192359511178579,"Energy uptrend, low volatility",0.12455885044422454,0.15866667262004114,True
S1 Strong level,2024-03,2024-05,2024-06-03,2024-06-07,5,1.2,-0.30000000000000004,Strong 1.0–1.4,23,-0.0020196173294590907,-1.0,Long XLE / short COP,-0.03664200928952355,-0.031219722252126436,-0.005422287037397111,0.0027111435186985555,"Energy uptrend, low volatility",0.12884747463031543,0.1646939065699731,True
S1 Strong level,2026-06,2026-08,2026-09-01,2026-09-08,5,1.4,0.4999999999999999,Strong 1.0–1.4,24,-0.0021613952339565082,-1.0,Long XLE / short COP,0.00029629629629646104,-0.0015415446277168288,0.0018378409240132898,-0.0009189204620066449,"Energy uptrend, high volatility",0.13659619826264446,0.2344337844623667,True
S1 Strong level,2015-05,2015-07,2015-08-03,2015-08-14,10,1.0,0.09999999999999998,Strong 1.0–1.4,0,,,Insufficient training,-0.000602409638554291,0.010198135198135061,-0.010800544836689352,,"Energy downtrend, high volatility",-0.0693224692962221,0.21192920053303027,False
S1 Strong level,2015-06,2015-08,2015-09-01,2015-09-15,10,1.2,0.19999999999999996,Strong 1.0–1.4,1,-0.010800544836689352,,Insufficient training,-0.018476230018684148,-0.015499070055796649,-0.002977159962887499,,"Energy downtrend, high volatility",-0.1452129243272421,0.40075746399513396,False
S1 Strong level,2015-07,2015-09,2015-10-01,2015-10-14,10,1.4,0.19999999999999996,Strong 1.0–1.4,2,-0.0068888523997884255,,Insufficient training,0.13904292462517964,0.09583736689254585,0.04320555773263379,,"Energy downtrend, high volatility",-0.1996255332129966,0.26339031097000015,False
S1 Strong level,2015-08,2015-10,2015-11-02,2015-11-13,10,1.7,0.30000000000000004,Very strong 1.5–1.9,3,0.009809284311018981,1.0,Long COP / short XLE,-0.022075471698113303,-0.024253179532682356,0.0021777078345690537,0.0010888539172845269,"Energy downtrend, high volatility",-0.16519570697879715,0.2467578911886116,False
S1 Strong level,2015-09,2015-11,2015-12-01,2015-12-14,10,2.0,0.30000000000000004,Extreme ≥2.0,4,0.007901390191906499,1.0,Long COP / short XLE,-0.09052515607785538,-0.10722679200940055,0.016701635931545167,0.008350817965772583,"Energy downtrend, high volatility",-0.12365325094185686,0.25367759399563405,False
S1 Strong level,2015-10,2015-12,2016-01-04,2016-01-15,10,2.3,0.2999999999999998,Extreme ≥2.0,5,0.009661439339834233,1.0,Long COP / short XLE,-0.15190691661279865,-0.09657579787234027,-0.055331118740458374,-0.027665559370229187,"Energy downtrend, high volatility",-0.1770077704084153,0.31699869012749293,False
S1 Strong level,2015-11,2016-01,2016-02-01,2016-02-12,10,2.5,0.20000000000000018,Extreme ≥2.0,6,-0.0011706536735478685,-1.0,Long XLE / short COP,-0.13289752235107644,-0.03424178895877028,-0.09865573339230616,0.04932786669615308,"Energy downtrend, high volatility",-0.16548689221475,0.45225457747446907,False
S1 Strong level,2015-12,2016-02,2016-03-01,2016-03-14,10,2.6,0.10000000000000009,Extreme ≥2.0,7,-0.015097093633370482,-1.0,Long XLE / short COP,0.174346932785441,0.08722358722358758,0.08712334556185342,-0.04356167278092671,"Energy downtrend, high volatility",-0.10507829680825687,0.3239366461194944,False
S1 Strong level,2016-01,2016-03,2016-04-01,2016-04-14,10,2.5,-0.10000000000000009,Extreme ≥2.0,8,-0.002319538733967494,-1.0,Long XLE / short COP,0.12261995430312256,0.05902663597500779,0.06359331832811477,-0.031796659164057384,"Energy uptrend, high volatility",0.05211410952349649,0.24815211344629062,False
S1 Strong level,2016-02,2016-04,2016-05-02,2016-05-13,10,2.2,-0.2999999999999998,Extreme ≥2.0,9,0.005004112050708313,1.0,Long COP / short XLE,-0.095458368376787,-0.03547046601365389,-0.059987902363133117,-0.029993951181566558,"Energy uptrend, high volatility",0.020193141823793503,0.21604248566127512,False
S1 Strong level,2016-03,2016-05,2016-06-01,2016-06-14,10,1.7,-0.5000000000000002,Very strong 1.5–1.9,10,-0.00149508939067583,-1.0,Long XLE / short COP,0.02190454231035277,0.01374207188160681,0.00816247042874596,-0.00408123521437298,"Energy uptrend, high volatility",0.0029164461998738567,0.1743690634882541,False
S1 Strong level,2016-04,2016-06,2016-07-01,2016-07-15,10,1.1,-0.5999999999999999,Strong 1.0–1.4,11,-0.0006171294070920309,-1.0,Long XLE / short COP,-0.020752565564424064,0.015698356807511527,-0.03645092237193559,0.018225461185967795,"Energy uptrend, high volatility",0.15195116974877254,0.26911408964981987,False
S1 Strong level,2018-11,2019-01,2019-02-01,2019-02-14,10,1.0,0.19999999999999996,Strong 1.0–1.4,12,-0.0036032788208289943,-1.0,Long XLE / short COP,0.01577513526100094,0.0093066542577942,0.006468481003206739,-0.0032342405016033693,"Energy downtrend, high volatility",-0.1594603867061406,0.20094214613750863,False
S1 Strong level,2018-12,2019-02,2019-03-01,2019-03-14,10,1.1,0.10000000000000009,Strong 1.0–1.4,13,-0.0028285280651339376,-1.0,Long XLE / short COP,-0.01571449552063464,0.006859756097560954,-0.022574251618195595,0.011287125809097798,"Energy downtrend, low volatility",-0.11684058417788978,0.15835460085881012,False
S1 Strong level,2019-01,2019-03,2019-04-01,2019-04-12,10,1.0,-0.10000000000000009,Strong 1.0–1.4,14,-0.004238936890352628,-1.0,Long XLE / short COP,-0.0017780411912872163,0.015024038461538547,-0.016802079652825763,0.008401039826412882,"Energy downtrend, high volatility",-0.11431357955505528,0.17463665377502027,False
S1 Strong level,2023-07,2023-09,2023-10-02,2023-10-13,10,1.0,0.30000000000000004,Strong 1.0–1.4,15,-0.00507647974118417,-1.0,Long XLE / short COP,0.03842315369261473,-0.007532956685499359,0.04595611037811409,-0.022978055189057045,"Energy uptrend, high volatility",0.11683917562323654,0.20841994980178302,True
S1 Strong level,2023-08,2023-10,2023-11-01,2023-11-14,10,1.3,0.30000000000000004,Strong 1.0–1.4,16,-0.0018869428587280287,-1.0,Long XLE / short COP,-0.02811428696798457,-0.011314592324740413,-0.016799694643244156,0.008399847321622078,"Energy uptrend, high volatility",0.07546863659629555,0.24172431105719422,True
S1 Strong level,2023-09,2023-11,2023-12-01,2023-12-14,10,1.5,0.19999999999999996,Very strong 1.5–1.9,17,-0.00276416355193486,-1.0,Long XLE / short COP,-0.0006954707467617949,0.003196022727272707,-0.003891493474034502,0.001945746737017251,"Energy uptrend, low volatility",0.1086662892331709,0.19942055098948733,True
S1 Strong level,2023-10,2023-12,2024-01-02,2024-01-16,10,1.7,0.19999999999999996,Very strong 1.5–1.9,18,-0.0028267929920515068,-1.0,Long XLE / short COP,-0.07280020483058802,-0.04406016818666314,-0.028740036643924882,0.014370018321962441,"Energy uptrend, low volatility",0.0503618506636061,0.18749763189145263,True
S1 Strong level,2023-11,2024-01,2024-02-01,2024-02-14,10,1.9,0.19999999999999996,Very strong 1.5–1.9,19,-0.004190647921097474,-1.0,Long XLE / short COP,-0.0197614384902971,-0.007269693719461956,-0.012491744770835145,0.006245872385417572,"Energy downtrend, low volatility",-0.025834392837683184,0.20226579759569602,True
S1 Strong level,2023-12,2024-02,2024-03-01,2024-03-14,10,2.0,0.10000000000000009,Extreme ≥2.0,20,-0.004605702763584357,-1.0,Long XLE / short COP,0.052548330404218024,0.05221300138312612,0.0003353290210919013,-0.00016766451054595066,"Energy downtrend, low volatility",-0.009310470739447685,0.1557419186189925,True
S1 Strong level,2024-01,2024-03,2024-04-01,2024-04-12,10,1.8,-0.19999999999999996,Very strong 1.5–1.9,21,-0.004370415535742631,-1.0,Long XLE / short COP,0.02499999999999969,0.01520751927341868,0.00979248072658101,-0.004896240363290505,"Energy uptrend, low volatility",0.04261672824314222,0.10936680779990915,True
S1 Strong level,2024-02,2024-04,2024-05-01,2024-05-14,10,1.5,-0.30000000000000004,Very strong 1.5–1.9,22,-0.0037266475238188286,-1.0,Long XLE / short COP,-0.02610782220533825,0.0033194132134062304,-0.02942723541874448,0.01471361770937224,"Energy uptrend, low volatility",0.12455885044422454,0.15866667262004114,True
S1 Strong level,2024-03,2024-05,2024-06-03,2024-06-14,10,1.2,-0.30000000000000004,Strong 1.0–1.4,23,-0.004844064388815596,-1.0,Long XLE / short COP,-0.05909169103733003,-0.05221229411131445,-0.00687939692601558,0.00343969846300779,"Energy uptrend, low volatility",0.12884747463031543,0.1646939065699731,True
S1 Strong level,2026-06,2026-08,2026-09-01,,10,1.4,0.4999999999999999,Strong 1.0–1.4,24,-0.004928869911198929,-1.0,Long XLE / short COP,,,,,"Energy uptrend, high volatility",0.13659619826264446,0.2344337844623667,True
S1 Strong level,2015-05,2015-07,2015-08-03,2015-08-28,20,1.0,0.09999999999999998,Strong 1.0–1.4,0,,,Insufficient training,-0.05983935742971935,-0.042103729603729545,-0.017735627825989808,,"Energy downtrend, high volatility",-0.0693224692962221,0.21192920053303027,False
S1 Strong level,2015-06,2015-08,2015-09-01,2015-09-29,20,1.2,0.19999999999999996,Strong 1.0–1.4,1,-0.017735627825989808,,Insufficient training,-0.033215694415611896,-0.0662890273265061,0.033073332910894204,,"Energy downtrend, high volatility",-0.1452129243272421,0.40075746399513396,False
S1 Strong level,2015-07,2015-09,2015-10-01,2015-10-28,20,1.4,0.19999999999999996,Strong 1.0–1.4,2,0.007668852542452198,,Insufficient training,0.1101802589049834,0.08502742820264575,0.025152830702337647,,"Energy downtrend, high volatility",-0.1996255332129966,0.26339031097000015,False
S1 Strong level,2015-08,2015-10,2015-11-02,2015-11-30,20,1.7,0.30000000000000004,Very strong 1.5–1.9,3,0.013496845262414014,1.0,Long COP / short XLE,0.01981132075471681,0.005915409642117675,0.013895911112599135,0.006947955556299568,"Energy downtrend, high volatility",-0.16519570697879715,0.2467578911886116,False
S1 Strong level,2015-09,2015-11,2015-12-01,2015-12-29,20,2.0,0.30000000000000004,Extreme ≥2.0,4,0.013596611724960295,1.0,Long COP / short XLE,-0.12284245317664355,-0.09765833724929429,-0.02518411592734926,-0.01259205796367463,"Energy downtrend, high volatility",-0.12365325094185686,0.25367759399563405,False
S1 Strong level,2015-10,2015-12,2016-01-04,2016-02-01,20,2.3,0.2999999999999998,Extreme ≥2.0,5,0.005840466194498383,1.0,Long COP / short XLE,-0.16828269769446214,-0.04862034574468077,-0.11966235194978136,-0.05983117597489068,"Energy downtrend, high volatility",-0.1770077704084153,0.31699869012749293,False
S1 Strong level,2015-11,2016-01,2016-02-01,2016-02-29,20,2.5,0.20000000000000018,Extreme ≥2.0,5,0.005840466194498383,1.0,Long COP / short XLE,-0.10838672283090955,-0.01153039832285141,-0.09685632450805814,-0.04842816225402907,"Energy downtrend, high volatility",-0.16548689221475,0.45225457747446907,False
S1 Strong level,2015-12,2016-02,2016-03-01,2016-03-29,20,2.6,0.10000000000000009,Extreme ≥2.0,7,-0.026759477926478228,-1.0,Long XLE / short COP,0.16289991194599263,0.09231950927840038,0.07058040266759225,-0.03529020133379612,"Energy downtrend, high volatility",-0.10507829680825687,0.3239366461194944,False
S1 Strong level,2016-01,2016-03,2016-04-01,2016-04-28,20,2.5,-0.10000000000000009,Extreme ≥2.0,8,-0.014591992852219418,-1.0,Long XLE / short COP,0.21020563594821007,0.11164090759618528,0.09856472835202479,-0.049282364176012394,"Energy uptrend, high volatility",0.05211410952349649,0.24815211344629062,False
S1 Strong level,2016-02,2016-04,2016-05-02,2016-05-27,20,2.2,-0.2999999999999998,Extreme ≥2.0,9,-0.0020190238295256175,-1.0,Long XLE / short COP,-0.06253762279439679,-0.0037102997922230374,-0.05882732300217375,0.029413661501086874,"Energy uptrend, high volatility",0.020193141823793503,0.21604248566127512,False
S1 Strong level,2016-03,2016-05,2016-06-01,2016-06-28,20,1.7,-0.5000000000000002,Very strong 1.5–1.9,10,-0.00769985374679043,-1.0,Long XLE / short COP,-0.03274152640073802,0.009868558137548611,-0.04261008453828663,0.021305042269143315,"Energy uptrend, high volatility",0.0029164461998738567,0.1743690634882541,False
S1 Strong level,2016-04,2016-06,2016-07-01,2016-07-29,20,1.1,-0.5999999999999999,Strong 1.0–1.4,11,-0.010873511091471904,-1.0,Long XLE / short COP,-0.06342850982771753,-0.011443661971831331,-0.051984847855886196,0.025992423927943098,"Energy uptrend, high volatility",0.15195116974877254,0.26911408964981987,False
S1 Strong level,2018-11,2019-01,2019-02-01,2019-03-01,20,1.0,0.19999999999999996,Strong 1.0–1.4,12,-0.01429945582183976,-1.0,Long XLE / short COP,0.01327612262721889,0.03071195905072166,-0.01743583642350277,0.008717918211751385,"Energy downtrend, high volatility",-0.1594603867061406,0.20094214613750863,False
S1 Strong level,2018-12,2019-02,2019-03-01,2019-03-28,20,1.1,0.10000000000000009,Strong 1.0–1.4,12,-0.01429945582183976,-1.0,Long XLE / short COP,-0.01042737553238382,0.01736549581892155,-0.02779287135130537,0.013896435675652685,"Energy downtrend, low volatility",-0.11684058417788978,0.15835460085881012,False
S1 Strong level,2019-01,2019-03,2019-04-01,2019-04-29,20,1.0,-0.10000000000000009,Strong 1.0–1.4,14,-0.015487298402634662,-1.0,Long XLE / short COP,-0.07171432804859956,-0.006009615384615308,-0.06570471266398425,0.03285235633199213,"Energy downtrend, high volatility",-0.11431357955505528,0.17463665377502027,False
S1 Strong level,2023-07,2023-09,2023-10-02,2023-10-27,20,1.0,0.30000000000000004,Strong 1.0–1.4,15,-0.01883512602005797,-1.0,Long XLE / short COP,-0.020292747837657887,-0.062479228979727686,0.0421864811420698,-0.0210932405710349,"Energy uptrend, high volatility",0.11683917562323654,0.20841994980178302,True
S1 Strong level,2023-08,2023-10,2023-11-01,2023-11-29,20,1.3,0.30000000000000004,Strong 1.0–1.4,16,-0.015021275572424983,-1.0,Long XLE / short COP,-0.041320627364905604,-0.019946343170418768,-0.021374284194486837,0.010687142097243418,"Energy uptrend, high volatility",0.07546863659629555,0.24172431105719422,True
S1 Strong level,2023-09,2023-11,2023-12-01,2023-12-29,20,1.5,0.19999999999999996,Very strong 1.5–1.9,17,-0.015394981961958033,-1.0,Long XLE / short COP,0.009041119707902334,0.001880920754228077,0.007160198953674257,-0.0035800994768371286,"Energy uptrend, low volatility",0.1086662892331709,0.19942055098948733,True
S1 Strong level,2023-10,2023-12,2024-01-02,2024-01-30,20,1.7,0.19999999999999996,Very strong 1.5–1.9,18,-0.014141916355534016,-1.0,Long XLE / short COP,-0.026627976444482337,0.006751154802795423,-0.03337913124727776,0.01668956562363888,"Energy uptrend, low volatility",0.0503618506636061,0.18749763189145263,True
S1 Strong level,2023-11,2024-01,2024-02-01,2024-02-29,20,1.9,0.19999999999999996,Very strong 1.5–1.9,19,-0.01515440134983632,-1.0,Long XLE / short COP,0.008819847085825616,0.026576093433439585,-0.01775624634761397,0.008878123173806984,"Energy downtrend, low volatility",-0.025834392837683184,0.20226579759569602,True
S1 Strong level,2023-12,2024-02,2024-03-01,2024-03-28,20,2.0,0.10000000000000009,Extreme ≥2.0,20,-0.015284493599725201,-1.0,Long XLE / short COP,0.11845342706502704,0.09693714523823238,0.02151628182679466,-0.01075814091339733,"Energy downtrend, low volatility",-0.009310470739447685,0.1557419186189925,True
S1 Strong level,2024-01,2024-03,2024-04-01,2024-04-26,20,1.8,-0.19999999999999996,Very strong 1.5–1.9,21,-0.013532075722271875,-1.0,Long XLE / short COP,0.01749999999999985,0.011088816136867186,0.006411183863132663,-0.0032055919315663317,"Energy uptrend, low volatility",0.04261672824314222,0.10936680779990915,True
S1 Strong level,2024-02,2024-04,2024-05-01,2024-05-29,20,1.5,-0.30000000000000004,Very strong 1.5–1.9,22,-0.012625563922935306,-1.0,Long XLE / short COP,-0.07269436970559517,-0.029018096155905226,-0.04367627354968995,0.021838136774844974,"Energy uptrend, low volatility",0.12455885044422454,0.15866667262004114,True
S1 Strong level,2024-03,2024-05,2024-06-03,2024-07-01,20,1.2,-0.30000000000000004,Strong 1.0–1.4,23,-0.013975594776272464,-1.0,Long XLE / short COP,-0.01634268019955243,-0.01050475296660014,-0.005837927232952289,0.0029189636164761446,"Energy uptrend, low volatility",0.12884747463031543,0.1646939065699731,True
S1 Strong level,2026-06,2026-08,2026-09-01,,20,1.4,0.4999999999999999,Strong 1.0–1.4,24,-0.013636525295300789,-1.0,Long XLE / short COP,,,,,"Energy uptrend, high volatility",0.13659619826264446,0.2344337844623667,True
S1 Strong level,2015-05,2015-07,2015-08-03,2015-09-28,40,1.0,0.09999999999999998,Strong 1.0–1.4,0,,,Insufficient training,-0.07931726907630554,-0.12101232675406981,0.04169505767776427,,"Energy downtrend, high volatility",-0.0693224692962221,0.21192920053303027,False
S1 Strong level,2015-06,2015-08,2015-09-01,2015-10-27,40,1.2,0.19999999999999996,Strong 1.0–1.4,0,,,Insufficient training,0.0874521331915965,0.027410016594566766,0.06004211659702974,,"Energy downtrend, high volatility",-0.1452129243272421,0.40075746399513396,False
S1 Strong level,2015-07,2015-09,2015-10-01,2015-11-25,40,1.4,0.19999999999999996,Strong 1.0–1.4,1,0.04169505767776427,,Insufficient training,0.13182606822746523,0.1013230074217486,0.03050306080571663,,"Energy downtrend, high volatility",-0.1996255332129966,0.26339031097000015,False
S1 Strong level,2015-08,2015-10,2015-11-02,2015-12-29,40,1.7,0.30000000000000004,Very strong 1.5–1.9,2,0.050868587137397,,Insufficient training,-0.09867924528301897,-0.0915199585911266,-0.007159286691892364,,"Energy downtrend, high volatility",-0.16519570697879715,0.2467578911886116,False
S1 Strong level,2015-09,2015-11,2015-12-01,2016-01-28,40,2.0,0.30000000000000004,Extreme ≥2.0,3,0.044080078360170215,1.0,Long COP / short XLE,-0.30187293426368,-0.16155011589978774,-0.14032281836389227,-0.07016140918194613,"Energy downtrend, high volatility",-0.12365325094185686,0.25367759399563405,False
S1 Strong level,2015-10,2015-12,2016-01-04,2016-03-01,40,2.3,0.2999999999999998,Extreme ≥2.0,4,0.03127023709715457,1.0,Long COP / short XLE,-0.25166489721069396,-0.03490691489361708,-0.21675798231707688,-0.10837899115853844,"Energy downtrend, high volatility",-0.1770077704084153,0.31699869012749293,False
S1 Strong level,2015-11,2016-01,2016-02-01,2016-03-29,40,2.5,0.20000000000000018,Extreme ≥2.0,5,-0.003048373995054798,-1.0,Long XLE / short COP,0.04421277095593723,0.08735789026350882,-0.04314511930757159,0.021572559653785794,"Energy downtrend, high volatility",-0.16548689221475,0.45225457747446907,False
S1 Strong level,2015-12,2016-02,2016-03-01,2016-04-26,40,2.6,0.10000000000000009,Extreme ≥2.0,5,-0.003048373995054798,-1.0,Long XLE / short COP,0.4112122101555611,0.1904161642378681,0.22079604591769297,-0.11039802295884649,"Energy downtrend, high volatility",-0.10507829680825687,0.3239366461194944,False
S1 Strong level,2016-01,2016-03,2016-04-01,2016-05-26,40,2.5,-0.10000000000000009,Extreme ≥2.0,7,-0.039306424514274636,-1.0,Long XLE / short COP,0.1421177455504239,0.10309108845774362,0.03902665709268027,-0.019513328546340136,"Energy uptrend, high volatility",0.05211410952349649,0.24815211344629062,False
S1 Strong level,2016-02,2016-04,2016-05-02,2016-06-27,40,2.2,-0.2999999999999998,Extreme ≥2.0,8,-0.006793615710278686,-1.0,Long XLE / short COP,-0.13761074345940694,-0.034405586237129526,-0.10320515722227741,0.051602578611138705,"Energy uptrend, high volatility",0.020193141823793503,0.21604248566127512,False
S1 Strong level,2016-03,2016-05,2016-06-01,2016-07-27,40,1.7,-0.5000000000000002,Very strong 1.5–1.9,9,-0.0017024742877276905,-1.0,Long XLE / short COP,-0.07046135276448484,0.013668484981834927,-0.08412983774631977,0.042064918873159884,"Energy uptrend, high volatility",0.0029164461998738567,0.1743690634882541,False
S1 Strong level,2016-04,2016-06,2016-07-01,2016-08-26,40,1.1,-0.5999999999999999,Strong 1.0–1.4,10,-0.011852742581182662,-1.0,Long XLE / short COP,-0.02947148372641928,0.017899061032862873,-0.04737054475928215,0.023685272379641076,"Energy uptrend, high volatility",0.15195116974877254,0.26911408964981987,False
S1 Strong level,2018-11,2019-01,2019-02-01,2019-03-29,40,1.0,0.19999999999999996,Strong 1.0–1.4,12,-0.020835650693119045,-1.0,Long XLE / short COP,-0.01891704012562634,0.0336341322787963,-0.05255117240442264,0.02627558620221132,"Energy downtrend, high volatility",-0.1594603867061406,0.20094214613750863,False
S1 Strong level,2018-12,2019-02,2019-03-01,2019-04-26,40,1.1,0.10000000000000009,Strong 1.0–1.4,12,-0.020835650693119045,-1.0,Long XLE / short COP,-0.07798501982669981,0.017365495818921772,-0.09535051564562158,0.04767525782281079,"Energy downtrend, low volatility",-0.11684058417788978,0.15835460085881012,False
S1 Strong level,2019-01,2019-03,2019-04-01,2019-05-28,40,1.0,-0.10000000000000009,Strong 1.0–1.4,13,-0.023275306209373167,-1.0,Long XLE / short COP,-0.10585584647816515,-0.08383413461538447,-0.02202171186278068,0.01101085593139034,"Energy downtrend, high volatility",-0.11431357955505528,0.17463665377502027,False
S1 Strong level,2023-07,2023-09,2023-10-02,2023-11-27,40,1.0,0.30000000000000004,Strong 1.0–1.4,15,-0.02799674721535023,-1.0,Long XLE / short COP,-0.04044257762791559,-0.06247922897972813,0.022036651351812542,-0.011018325675906271,"Energy uptrend, high volatility",0.11683917562323654,0.20841994980178302,True
S1 Strong level,2023-08,2023-10,2023-11-01,2023-12-28,40,1.3,0.30000000000000004,Strong 1.0–1.4,15,-0.02799674721535023,-1.0,Long XLE / short COP,-0.02003907245776504,-0.010489785722700762,-0.009549286735064277,0.004774643367532139,"Energy uptrend, high volatility",0.07546863659629555,0.24172431105719422,True
S1 Strong level,2023-09,2023-11,2023-12-01,2024-01-30,40,1.5,0.19999999999999996,Very strong 1.5–1.9,16,-0.024869659804902557,-1.0,Long XLE / short COP,-0.008519516647831349,0.015742822806648515,-0.024262339454479864,0.012131169727239932,"Energy uptrend, low volatility",0.1086662892331709,0.19942055098948733,True
S1 Strong level,2023-10,2023-12,2024-01-02,2024-02-28,40,1.7,0.19999999999999996,Very strong 1.5–1.9,17,-0.023968461389029718,-1.0,Long XLE / short COP,-0.037063172244532705,0.015278929290536203,-0.05234210153506891,0.026171050767534454,"Energy uptrend, low volatility",0.0503618506636061,0.18749763189145263,True
S1 Strong level,2023-11,2024-01,2024-02-01,2024-03-28,40,1.9,0.19999999999999996,Very strong 1.5–1.9,18,-0.02398478794822139,-1.0,Long XLE / short COP,0.14095068541926392,0.13419457419698344,0.006756111222280481,-0.0033780556111402404,"Energy downtrend, low volatility",-0.025834392837683184,0.20226579759569602,True
S1 Strong level,2023-12,2024-02,2024-03-01,2024-04-26,40,2.0,0.10000000000000009,Extreme ≥2.0,19,-0.02547727813700284,-1.0,Long XLE / short COP,0.14446397188049276,0.11239023710526785,0.032073734775224905,-0.016036867387612452,"Energy downtrend, low volatility",-0.009310470739447685,0.1557419186189925,True
S1 Strong level,2024-01,2024-03,2024-04-01,2024-05-24,40,1.8,-0.19999999999999996,Very strong 1.5–1.9,20,-0.023865608669038675,-1.0,Long XLE / short COP,-0.07812355810639049,-0.035061780547049004,-0.043061777559341485,0.021530888779670743,"Energy uptrend, low volatility",0.04261672824314222,0.10936680779990915,True
S1 Strong level,2024-02,2024-04,2024-05-01,2024-06-27,40,1.5,-0.30000000000000004,Very strong 1.5–1.9,21,-0.021201830409788028,-1.0,Long XLE / short COP,-0.0829932955778453,-0.02011906005359132,-0.06287423552425397,0.03143711776212699,"Energy uptrend, low volatility",0.12455885044422454,0.15866667262004114,True
S1 Strong level,2024-03,2024-05,2024-06-03,2024-07-30,40,1.2,-0.30000000000000004,Strong 1.0–1.4,22,-0.022195464371131367,-1.0,Long XLE / short COP,-0.054618957509030897,0.007071807342545977,-0.061690764851576874,0.030845382425788437,"Energy uptrend, low volatility",0.12884747463031543,0.1646939065699731,True
S1 Strong level,2026-06,2026-08,2026-09-01,,40,1.4,0.4999999999999999,Strong 1.0–1.4,24,-0.025536050689196704,-1.0,Long XLE / short COP,,,,,"Energy uptrend, high volatility",0.13659619826264446,0.2344337844623667,True
S1 Strong level,2015-05,2015-07,2015-08-03,2015-10-26,60,1.0,0.09999999999999998,Strong 1.0–1.4,0,,,Insufficient training,0.07749902379752571,-0.02251521106468779,0.1000142348622135,,"Energy downtrend, high volatility",-0.0693224692962221,0.21192920053303027,False
S1 Strong level,2015-06,2015-08,2015-09-01,2015-11-24,60,1.2,0.19999999999999996,Strong 1.0–1.4,0,,,Insufficient training,0.16381992664266032,0.07472803377470827,0.08909189286795205,,"Energy downtrend, high volatility",-0.1452129243272421,0.40075746399513396,False
S1 Strong level,2015-07,2015-09,2015-10-01,2015-12-24,60,1.4,0.19999999999999996,Strong 1.0–1.4,0,,,Insufficient training,0.01131718748018673,0.0025472198862932505,0.00876996759389348,,"Energy downtrend, high volatility",-0.1996255332129966,0.26339031097000015,False
S1 Strong level,2015-08,2015-10,2015-11-02,2016-01-28,60,1.7,0.30000000000000004,Very strong 1.5–1.9,1,0.1000142348622135,,Insufficient training,-0.28264150943396227,-0.1558463751916236,-0.12679513424233868,,"Energy downtrend, high volatility",-0.16519570697879715,0.2467578911886116,False
S1 Strong level,2015-09,2015-11,2015-12-01,2016-02-26,60,2.0,0.30000000000000004,Extreme ≥2.0,2,0.09455306386508278,,Insufficient training,-0.36857205523283043,-0.15161798325574394,-0.2169540719770865,,"Energy downtrend, high volatility",-0.12365325094185686,0.25367759399563405,False
S1 Strong level,2015-10,2015-12,2016-01-04,2016-03-30,60,2.3,0.2999999999999998,Extreme ≥2.0,3,0.065958698441353,1.0,Long COP / short XLE,-0.12962069298330303,0.036576047491144514,-0.16619674047444755,-0.08309837023722377,"Energy downtrend, high volatility",-0.1770077704084153,0.31699869012749293,False
S1 Strong level,2015-11,2016-01,2016-02-01,2016-04-26,60,2.5,0.20000000000000018,Extreme ≥2.0,4,0.017770240270430088,1.0,Long COP / short XLE,0.2671819794942325,0.18500896293280444,0.08217301656142806,0.04108650828071403,"Energy downtrend, high volatility",-0.16548689221475,0.45225457747446907,False
S1 Strong level,2015-12,2016-02,2016-03-01,2016-05-24,60,2.6,0.10000000000000009,Extreme ≥2.0,5,-0.02917462217907323,-1.0,Long XLE / short COP,0.2829671911124094,0.17221083908322843,0.110756352029181,-0.0553781760145905,"Energy downtrend, high volatility",-0.10507829680825687,0.3239366461194944,False
S1 Strong level,2016-01,2016-03,2016-04-01,2016-06-24,60,2.5,-0.10000000000000009,Extreme ≥2.0,6,-0.05201164189496895,-1.0,Long XLE / short COP,0.10228533591352096,0.10515807779551789,-0.002872741881996932,0.001436370940998466,"Energy uptrend, high volatility",0.05211410952349649,0.24815211344629062,False
S1 Strong level,2016-02,2016-04,2016-05-02,2016-07-26,60,2.2,-0.2999999999999998,Extreme ≥2.0,7,-0.03284240497262652,-1.0,Long XLE / short COP,-0.13214463580282776,0.006076481542841794,-0.13822111734566955,0.06911055867283478,"Energy uptrend, high volatility",0.020193141823793503,0.21604248566127512,False
S1 Strong level,2016-03,2016-05,2016-06-01,2016-08-24,60,1.7,-0.5000000000000002,Very strong 1.5–1.9,8,-0.01489256034740058,-1.0,Long XLE / short COP,-0.003419508728781162,0.06109157199852855,-0.06451108072730971,0.032255540363654855,"Energy uptrend, high volatility",0.0029164461998738567,0.1743690634882541,False
S1 Strong level,2016-04,2016-06,2016-07-01,2016-09-26,60,1.1,-0.5999999999999999,Strong 1.0–1.4,9,-0.01355702496235573,-1.0,Long XLE / short COP,-0.08178365907166185,-0.006017480754306748,-0.0757661783173551,0.03788308915867755,"Energy uptrend, high volatility",0.15195116974877254,0.26911408964981987,False
S1 Strong level,2018-11,2019-01,2019-02-01,2019-04-29,60,1.0,0.19999999999999996,Strong 1.0–1.4,12,-0.03337596675429466,-1.0,Long XLE / short COP,-0.07904034407956928,0.03425944028380501,-0.11329978436337429,0.056649892181687145,"Energy downtrend, high volatility",-0.1594603867061406,0.20094214613750863,False
S1 Strong level,2018-12,2019-02,2019-03-01,2019-05-24,60,1.1,0.10000000000000009,Strong 1.0–1.4,12,-0.03337596675429466,-1.0,Long XLE / short COP,-0.11624391907199882,-0.05330622391479989,-0.06293769515719894,0.03146884757859947,"Energy downtrend, low volatility",-0.11684058417788978,0.15835460085881012,False
S1 Strong level,2019-01,2019-03,2019-04-01,2019-06-25,60,1.0,-0.10000000000000009,Strong 1.0–1.4,12,-0.03337596675429466,-1.0,Long XLE / short COP,-0.11002504486261355,-0.05263287873246636,-0.05739216613014719,0.028696083065073597,"Energy downtrend, high volatility",-0.11431357955505528,0.17463665377502027,False
S1 Strong level,2023-07,2023-09,2023-10-02,2023-12-26,60,1.0,0.30000000000000004,Strong 1.0–1.4,15,-0.042276083113483756,-1.0,Long XLE / short COP,-0.005169647990196036,-0.04146760644651981,0.036297958456323776,-0.018148979228161888,"Energy uptrend, high volatility",0.11683917562323654,0.20841994980178302,True
S1 Strong level,2023-08,2023-10,2023-11-01,2024-01-29,60,1.3,0.30000000000000004,Strong 1.0–1.4,15,-0.042276083113483756,-1.0,Long XLE / short COP,-0.06125631318700964,-0.00931221793229553,-0.05194409525471411,0.025972047627357053,"Energy uptrend, high volatility",0.07546863659629555,0.24172431105719422,True
S1 Strong level,2023-09,2023-11,2023-12-01,2024-02-28,60,1.5,0.19999999999999996,Very strong 1.5–1.9,15,-0.042276083113483756,-1.0,Long XLE / short COP,-0.019148847186750806,0.024346762011598466,-0.04349560919834927,0.021747804599174636,"Energy uptrend, low volatility",0.1086662892331709,0.19942055098948733,True
S1 Strong level,2023-10,2023-12,2024-01-02,2024-03-27,60,1.7,0.19999999999999996,Very strong 1.5–1.9,16,-0.037365205515370786,-1.0,Long XLE / short COP,0.0901366229248799,0.11515022353231052,-0.02501360060743063,0.012506800303715315,"Energy uptrend, low volatility",0.0503618506636061,0.18749763189145263,True
S1 Strong level,2023-11,2024-01,2024-02-01,2024-04-26,60,1.9,0.19999999999999996,Very strong 1.5–1.9,17,-0.03822278726474392,-1.0,Long XLE / short COP,0.16748442228947935,0.1501725297491705,0.01731189254030885,-0.008655946270154424,"Energy downtrend, low volatility",-0.025834392837683184,0.20226579759569602,True
S1 Strong level,2023-12,2024-02,2024-03-01,2024-05-24,60,2.0,0.10000000000000009,Extreme ≥2.0,18,-0.038515721816610886,-1.0,Long XLE / short COP,0.036908475943604024,0.06161579239929349,-0.024707316455689465,0.012353658227844733,"Energy downtrend, low volatility",-0.009310470739447685,0.1557419186189925,True
S1 Strong level,2024-01,2024-03,2024-04-01,2024-06-25,60,1.8,-0.19999999999999996,Very strong 1.5–1.9,19,-0.03780508385823298,-1.0,Long XLE / short COP,-0.09589277566442478,-0.02622785330497346,-0.06966492235945132,0.03483246117972566,"Energy uptrend, low volatility",0.04261672824314222,0.10936680779990915,True
S1 Strong level,2024-02,2024-04,2024-05-01,2024-07-26,60,1.5,-0.30000000000000004,Very strong 1.5–1.9,20,-0.035049235038305884,-1.0,Long XLE / short COP,-0.10801646703307788,-0.005118680025776867,-0.10289778700730101,0.051448893503650506,"Energy uptrend, low volatility",0.12455885044422454,0.15866667262004114,True
S1 Strong level,2024-03,2024-05,2024-06-03,2024-08-27,60,1.2,-0.30000000000000004,Strong 1.0–1.4,21,-0.034556762724847964,-1.0,Long XLE / short COP,-0.02608796196661467,-0.019727022264608762,-0.006360939702005908,0.003180469851002954,"Energy uptrend, low volatility",0.12884747463031543,0.1646939065699731,True
S1 Strong level,2026-06,2026-08,2026-09-01,,60,1.4,0.4999999999999999,Strong 1.0–1.4,24,-0.03769231942877356,-1.0,Long XLE / short COP,,,,,"Energy uptrend, high volatility",0.13659619826264446,0.2344337844623667,True
S2 Very strong,2015-08,2015-10,2015-11-02,2015-11-02,1,1.7,0.30000000000000004,Very strong 1.5–1.9,0,,,Insufficient training,0.03660377358490563,0.029577048210588597,0.007026725374317033,,"Energy downtrend, high volatility",-0.16519570697879715,0.2467578911886116,False
S2 Very strong,2015-09,2015-11,2015-12-01,2015-12-01,1,2.0,0.30000000000000004,Extreme ≥2.0,1,0.007026725374317033,,Insufficient training,0.002754315093646653,0.007050528789659394,-0.004296213696012741,,"Energy downtrend, high volatility",-0.12365325094185686,0.25367759399563405,False
S2 Very strong,2015-10,2015-12,2016-01-04,2016-01-04,1,2.3,0.2999999999999998,Extreme ≥2.0,2,0.0013652558391521463,,Insufficient training,0.010127127774186784,0.002327127659574435,0.007800000114612349,,"Energy downtrend, high volatility",-0.1770077704084153,0.31699869012749293,False
S2 Very strong,2015-11,2016-01,2016-02-01,2016-02-01,1,2.5,0.20000000000000018,Extreme ≥2.0,3,0.0035101705976388806,1.0,Long COP / short XLE,0.009414225941422494,-8.735150244587597e-05,0.00950157744386837,0.004750788721934185,"Energy downtrend, high volatility",-0.16548689221475,0.45225457747446907,False
S2 Very strong,2015-12,2016-02,2016-03-01,2016-03-01,1,2.6,0.10000000000000009,Extreme ≥2.0,4,0.005008022309196253,1.0,Long COP / short XLE,0.011447020839448152,0.01895401895401916,-0.007506998114571006,-0.003753499057285503,"Energy downtrend, high volatility",-0.10507829680825687,0.3239366461194944,False
S2 Very strong,2016-01,2016-03,2016-04-01,2016-04-01,1,2.5,-0.10000000000000009,Extreme ≥2.0,5,0.002505018224442801,1.0,Long COP / short XLE,0.00990099009900991,0.003946070371588339,0.00595491972742157,0.002977459863710785,"Energy uptrend, high volatility",0.05211410952349649,0.24815211344629062,False
S2 Very strong,2016-02,2016-04,2016-05-02,2016-05-02,1,2.2,-0.2999999999999998,Extreme ≥2.0,6,0.0030800018082725957,1.0,Long COP / short XLE,-0.014928511354079022,0.0007420599584448961,-0.015670571312523918,-0.007835285656261959,"Energy uptrend, high volatility",0.020193141823793503,0.21604248566127512,False
S2 Very strong,2016-03,2016-05,2016-06-01,2016-06-01,1,1.7,-0.5000000000000002,Very strong 1.5–1.9,7,0.00040134850530166536,1.0,Long COP / short XLE,0.015909614941203687,0.01011778918755657,0.005791825753647117,0.0028959128768235587,"Energy uptrend, high volatility",0.0029164461998738567,0.1743690634882541,False
S2 Very strong,2023-09,2023-11,2023-12-01,2023-12-01,1,1.5,0.19999999999999996,Very strong 1.5–1.9,8,0.0010751581613448469,1.0,Long COP / short XLE,0.0017386768669043207,0.006392045454545414,-0.0046533685876410935,-0.0023266842938205468,"Energy uptrend, low volatility",0.1086662892331709,0.19942055098948733,True
S2 Very strong,2023-10,2023-12,2024-01-02,2024-01-02,1,1.7,0.19999999999999996,Very strong 1.5–1.9,9,0.00043865518923529793,1.0,Long COP / short XLE,0.00358453529060343,0.0036716806822219006,-8.714539161847057e-05,-4.3572695809235285e-05,"Energy uptrend, low volatility",0.0503618506636061,0.18749763189145263,True
S2 Very strong,2023-11,2024-01,2024-02-01,2024-02-01,1,1.9,0.19999999999999996,Very strong 1.5–1.9,10,0.0003860751311499211,1.0,Long COP / short XLE,-0.008545486914723233,-0.006077940650697111,-0.0024675462640261214,-0.0012337731320130607,"Energy downtrend, low volatility",-0.025834392837683184,0.20226579759569602,True
S2 Very strong,2023-12,2024-02,2024-03-01,2024-03-01,1,2.0,0.10000000000000009,Extreme ≥2.0,11,0.00012665500431573542,1.0,Long COP / short XLE,0.0038664323374340004,0.0043798985707699245,-0.0005134662333359241,-0.00025673311666796206,"Energy downtrend, low volatility",-0.009310470739447685,0.1557419186189925,True
S2 Very strong,2024-01,2024-03,2024-04-01,2024-04-01,1,1.8,-0.19999999999999996,Very strong 1.5–1.9,12,7.331156784476378e-05,1.0,Long COP / short XLE,0.005312500000000053,0.004435526454747096,0.000876973545252957,0.0004384867726264785,"Energy uptrend, low volatility",0.04261672824314222,0.10936680779990915,True
S2 Very strong,2024-02,2024-04,2024-05-01,2024-05-01,1,1.5,-0.30000000000000004,Very strong 1.5–1.9,13,0.00013513171995308633,1.0,Long COP / short XLE,-0.005916213623281097,-0.014562587000749527,0.00864637337746843,0.004323186688734215,"Energy uptrend, low volatility",0.12455885044422454,0.15866667262004114,True
S2 Very strong,2015-08,2015-10,2015-11-02,2015-11-03,2,1.7,0.30000000000000004,Very strong 1.5–1.9,0,,,Insufficient training,0.07037735849056581,0.05590062111801242,0.014476737372553394,,"Energy downtrend, high volatility",-0.16519570697879715,0.2467578911886116,False
S2 Very strong,2015-09,2015-11,2015-12-01,2015-12-02,2,2.0,0.30000000000000004,Extreme ≥2.0,1,0.014476737372553394,,Insufficient training,-0.03507161219243493,-0.024089306698002244,-0.010982305494432687,,"Energy downtrend, high volatility",-0.12365325094185686,0.25367759399563405,False
S2 Very strong,2015-10,2015-12,2016-01-04,2016-01-05,2,2.3,0.2999999999999998,Extreme ≥2.0,2,0.0017472159390603537,,Insufficient training,0.02133160956690383,0.006150265957446832,0.015181343609456999,,"Energy downtrend, high volatility",-0.1770077704084153,0.31699869012749293,False
S2 Very strong,2015-11,2016-01,2016-02-01,2016-02-02,2,2.5,0.20000000000000018,Extreme ≥2.0,3,0.006225258495859236,1.0,Long COP / short XLE,-0.04314853556485354,-0.03336827393431174,-0.009780261630541798,-0.004890130815270899,"Energy downtrend, high volatility",-0.16548689221475,0.45225457747446907,False
S2 Very strong,2015-12,2016-02,2016-03-01,2016-03-02,2,2.6,0.10000000000000009,Extreme ≥2.0,4,0.002223878464258977,1.0,Long COP / short XLE,0.07103023187555024,0.04387504387504393,0.027155188000506314,0.013577594000253157,"Energy downtrend, high volatility",-0.10507829680825687,0.3239366461194944,False
S2 Very strong,2016-01,2016-03,2016-04-01,2016-04-04,2,2.5,-0.10000000000000009,Extreme ≥2.0,5,0.007210140371508444,1.0,Long COP / short XLE,-0.007362274689007298,-0.00346596514304498,-0.0038963095459623176,-0.0019481547729811588,"Energy uptrend, high volatility",0.05211410952349649,0.24815211344629062,False
S2 Very strong,2016-02,2016-04,2016-05-02,2016-05-03,2,2.2,-0.2999999999999998,Extreme ≥2.0,6,0.0053590653852633174,1.0,Long COP / short XLE,-0.052144659377628244,-0.022855446720094763,-0.02928921265753348,-0.01464460632876674,"Energy uptrend, high volatility",0.020193141823793503,0.21604248566127512,False
S2 Very strong,2016-03,2016-05,2016-06-01,2016-06-02,2,1.7,-0.5000000000000002,Very strong 1.5–1.9,7,0.0004093113791494891,1.0,Long COP / short XLE,0.02328798708784885,0.008758683177287674,0.014529303910561175,0.007264651955280588,"Energy uptrend, high volatility",0.0029164461998738567,0.1743690634882541,False
S2 Very strong,2023-09,2023-11,2023-12-01,2023-12-04,2,1.5,0.19999999999999996,Very strong 1.5–1.9,8,0.00217431044557595,1.0,Long COP / short XLE,-0.004346692167260691,0.0017755681818181213,-0.006122260349078812,-0.003061130174539406,"Energy uptrend, low volatility",0.1086662892331709,0.19942055098948733,True
S2 Very strong,2023-10,2023-12,2024-01-02,2024-01-03,2,1.7,0.19999999999999996,Very strong 1.5–1.9,9,0.0012524692461698653,1.0,Long COP / short XLE,0.02355551762396524,0.02001658178372634,0.0035389358402388993,0.0017694679201194496,"Energy uptrend, low volatility",0.0503618506636061,0.18749763189145263,True
S2 Very strong,2023-11,2024-01,2024-02-01,2024-02-02,2,1.9,0.19999999999999996,Very strong 1.5–1.9,10,0.0014811159055767686,1.0,Long COP / short XLE,-0.01522164856685071,-0.0046478369681802745,-0.010573811598670435,-0.0052869057993352175,"Energy downtrend, low volatility",-0.025834392837683184,0.20226579759569602,True
S2 Very strong,2023-12,2024-02,2024-03-01,2024-03-04,2,2.0,0.10000000000000009,Extreme ≥2.0,11,0.0003852134051906592,1.0,Long COP / short XLE,-0.01898066783831287,-0.006339326878746054,-0.012641340959566816,-0.006320670479783408,"Energy downtrend, low volatility",-0.009310470739447685,0.1557419186189925,True
S2 Very strong,2024-01,2024-03,2024-04-01,2024-04-02,2,1.8,-0.19999999999999996,Very strong 1.5–1.9,12,-0.0007003327918724637,-1.0,Long XLE / short COP,0.020859374999999902,0.018481360228112864,0.002378014771887038,-0.001189007385943519,"Energy uptrend, low volatility",0.04261672824314222,0.10936680779990915,True
S2 Very strong,2024-02,2024-04,2024-05-01,2024-05-02,2,1.5,-0.30000000000000004,Very strong 1.5–1.9,13,-0.0004635368254294251,-1.0,Long XLE / short COP,-0.022625519667412886,-0.008887461184280965,-0.01373805848313192,0.00686902924156596,"Energy uptrend, low volatility",0.12455885044422454,0.15866667262004114,True
S2 Very strong,2015-08,2015-10,2015-11-02,2015-11-06,5,1.7,0.30000000000000004,Very strong 1.5–1.9,0,,,Insufficient training,0.052264150943396315,0.032238982549541495,0.02002516839385482,,"Energy downtrend, high volatility",-0.16519570697879715,0.2467578911886116,False
S2 Very strong,2015-09,2015-11,2015-12-01,2015-12-07,5,2.0,0.30000000000000004,Extreme ≥2.0,1,0.02002516839385482,,Insufficient training,-0.10044069041498349,-0.08578143360752033,-0.014659256807463161,,"Energy downtrend, high volatility",-0.12365325094185686,0.25367759399563405,False
S2 Very strong,2015-10,2015-12,2016-01-04,2016-01-08,5,2.3,0.2999999999999998,Extreme ≥2.0,2,0.0026829557931958292,,Insufficient training,-0.0672268907563024,-0.0683178191489362,0.0010909283926338054,,"Energy downtrend, high volatility",-0.1770077704084153,0.31699869012749293,False
S2 Very strong,2015-11,2016-01,2016-02-01,2016-02-05,5,2.5,0.20000000000000018,Extreme ≥2.0,3,0.002152279993008488,1.0,Long COP / short XLE,-0.13964435146443532,-0.022711390635918982,-0.11693296082851634,-0.05846648041425817,"Energy downtrend, high volatility",-0.16548689221475,0.45225457747446907,False
S2 Very strong,2015-12,2016-02,2016-03-01,2016-03-07,5,2.6,0.10000000000000009,Extreme ≥2.0,4,-0.02761903021237272,-1.0,Long XLE / short COP,0.215145289110654,0.09494559494559485,0.12019969416505916,-0.06009984708252958,"Energy downtrend, high volatility",-0.10507829680825687,0.3239366461194944,False
S2 Very strong,2016-01,2016-03,2016-04-01,2016-04-07,5,2.5,-0.10000000000000009,Extreme ≥2.0,5,0.0019447146631136557,1.0,Long COP / short XLE,0.023356181772023366,0.005261427162117638,0.018094754609905728,0.009047377304952864,"Energy uptrend, high volatility",0.05211410952349649,0.24815211344629062,False
S2 Very strong,2016-02,2016-04,2016-05-02,2016-05-06,5,2.2,-0.2999999999999998,Extreme ≥2.0,6,0.004636387987579001,1.0,Long COP / short XLE,-0.10092514718250611,-0.03131493024636378,-0.06961021693614233,-0.034805108468071166,"Energy uptrend, high volatility",0.020193141823793503,0.21604248566127512,False
S2 Very strong,2016-03,2016-05,2016-06-01,2016-06-07,5,1.7,-0.5000000000000002,Very strong 1.5–1.9,7,-0.0059702698586669035,-1.0,Long XLE / short COP,0.0961494120359696,0.05028692237994581,0.0458624896560238,-0.0229312448280119,"Energy uptrend, high volatility",0.0029164461998738567,0.1743690634882541,False
S2 Very strong,2023-09,2023-11,2023-12-01,2023-12-07,5,1.5,0.19999999999999996,Very strong 1.5–1.9,8,0.0005088250806694339,1.0,Long COP / short XLE,-0.03633834651829959,-0.03705018939393945,0.0007118428756398565,0.00035592143781992824,"Energy uptrend, low volatility",0.1086662892331709,0.19942055098948733,True
S2 Very strong,2023-10,2023-12,2024-01-02,2024-01-08,5,1.7,0.19999999999999996,Very strong 1.5–1.9,9,0.0005313826134439253,1.0,Long COP / short XLE,-0.022787402918835853,-0.008646215800070856,-0.014141187118764997,-0.007070593559382499,"Energy uptrend, low volatility",0.0503618506636061,0.18749763189145263,True
S2 Very strong,2023-11,2024-01,2024-02-01,2024-02-07,5,1.9,0.19999999999999996,Very strong 1.5–1.9,10,-0.000935874359776967,-1.0,Long XLE / short COP,-0.00017803097739010898,-0.001906804910022819,0.00172877393263271,-0.000864386966316355,"Energy downtrend, low volatility",-0.025834392837683184,0.20226579759569602,True
S2 Very strong,2023-12,2024-02,2024-03-01,2024-03-07,5,2.0,0.10000000000000009,Extreme ≥2.0,11,-0.0006936336059215418,-1.0,Long XLE / short COP,-0.009314586994727536,0.012678653757492109,-0.021993240752219645,0.010996620376109822,"Energy downtrend, low volatility",-0.009310470739447685,0.1557419186189925,True
S2 Very strong,2024-01,2024-03,2024-04-01,2024-04-05,5,1.8,-0.19999999999999996,Very strong 1.5–1.9,12,-0.0024686008681130502,-1.0,Long XLE / short COP,0.04312499999999986,0.03580103495617282,0.007323965043827041,-0.0036619825219135205,"Energy uptrend, low volatility",0.04261672824314222,0.10936680779990915,True
S2 Very strong,2024-02,2024-04,2024-05-01,2024-05-07,5,1.5,-0.30000000000000004,Very strong 1.5–1.9,13,-0.0017153265671945818,-1.0,Long XLE / short COP,-0.012312120243044622,-0.0019274012206874636,-0.010384719022357158,0.005192359511178579,"Energy uptrend, low volatility",0.12455885044422454,0.15866667262004114,True
S2 Very strong,2015-08,2015-10,2015-11-02,2015-11-13,10,1.7,0.30000000000000004,Very strong 1.5–1.9,0,,,Insufficient training,-0.022075471698113303,-0.024253179532682356,0.0021777078345690537,,"Energy downtrend, high volatility",-0.16519570697879715,0.2467578911886116,False
S2 Very strong,2015-09,2015-11,2015-12-01,2015-12-14,10,2.0,0.30000000000000004,Extreme ≥2.0,1,0.0021777078345690537,,Insufficient training,-0.09052515607785538,-0.10722679200940055,0.016701635931545167,,"Energy downtrend, high volatility",-0.12365325094185686,0.25367759399563405,False
S2 Very strong,2015-10,2015-12,2016-01-04,2016-01-15,10,2.3,0.2999999999999998,Extreme ≥2.0,2,0.00943967188305711,,Insufficient training,-0.15190691661279865,-0.09657579787234027,-0.055331118740458374,,"Energy downtrend, high volatility",-0.1770077704084153,0.31699869012749293,False
S2 Very strong,2015-11,2016-01,2016-02-01,2016-02-12,10,2.5,0.20000000000000018,Extreme ≥2.0,3,-0.012150591658114718,-1.0,Long XLE / short COP,-0.13289752235107644,-0.03424178895877028,-0.09865573339230616,0.04932786669615308,"Energy downtrend, high volatility",-0.16548689221475,0.45225457747446907,False
S2 Very strong,2015-12,2016-02,2016-03-01,2016-03-14,10,2.6,0.10000000000000009,Extreme ≥2.0,4,-0.03377687709166258,-1.0,Long XLE / short COP,0.174346932785441,0.08722358722358758,0.08712334556185342,-0.04356167278092671,"Energy downtrend, high volatility",-0.10507829680825687,0.3239366461194944,False
S2 Very strong,2016-01,2016-03,2016-04-01,2016-04-14,10,2.5,-0.10000000000000009,Extreme ≥2.0,5,-0.00959683256095938,-1.0,Long XLE / short COP,0.12261995430312256,0.05902663597500779,0.06359331832811477,-0.031796659164057384,"Energy uptrend, high volatility",0.05211410952349649,0.24815211344629062,False
S2 Very strong,2016-02,2016-04,2016-05-02,2016-05-13,10,2.2,-0.2999999999999998,Extreme ≥2.0,6,0.0026015259205529793,1.0,Long COP / short XLE,-0.095458368376787,-0.03547046601365389,-0.059987902363133117,-0.029993951181566558,"Energy uptrend, high volatility",0.020193141823793503,0.21604248566127512,False
S2 Very strong,2016-03,2016-05,2016-06-01,2016-06-14,10,1.7,-0.5000000000000002,Very strong 1.5–1.9,7,-0.006339820977116463,-1.0,Long XLE / short COP,0.02190454231035277,0.01374207188160681,0.00816247042874596,-0.00408123521437298,"Energy uptrend, high volatility",0.0029164461998738567,0.1743690634882541,False
S2 Very strong,2023-09,2023-11,2023-12-01,2023-12-14,10,1.5,0.19999999999999996,Very strong 1.5–1.9,8,-0.00452703455138366,-1.0,Long XLE / short COP,-0.0006954707467617949,0.003196022727272707,-0.003891493474034502,0.001945746737017251,"Energy uptrend, low volatility",0.1086662892331709,0.19942055098948733,True
S2 Very strong,2023-10,2023-12,2024-01-02,2024-01-16,10,1.7,0.19999999999999996,Very strong 1.5–1.9,9,-0.0044564188761226425,-1.0,Long XLE / short COP,-0.07280020483058802,-0.04406016818666314,-0.028740036643924882,0.014370018321962441,"Energy uptrend, low volatility",0.0503618506636061,0.18749763189145263,True
S2 Very strong,2023-11,2024-01,2024-02-01,2024-02-14,10,1.9,0.19999999999999996,Very strong 1.5–1.9,10,-0.006884780652902866,-1.0,Long XLE / short COP,-0.0197614384902971,-0.007269693719461956,-0.012491744770835145,0.006245872385417572,"Energy downtrend, low volatility",-0.025834392837683184,0.20226579759569602,True
S2 Very strong,2023-12,2024-02,2024-03-01,2024-03-14,10,2.0,0.10000000000000009,Extreme ≥2.0,11,-0.007394504663623983,-1.0,Long XLE / short COP,0.052548330404218024,0.05221300138312612,0.0003353290210919013,-0.00016766451054595066,"Energy downtrend, low volatility",-0.009310470739447685,0.1557419186189925,True
S2 Very strong,2024-01,2024-03,2024-04-01,2024-04-12,10,1.8,-0.19999999999999996,Very strong 1.5–1.9,12,-0.0067503518565643255,-1.0,Long XLE / short COP,0.02499999999999969,0.01520751927341868,0.00979248072658101,-0.004896240363290505,"Energy uptrend, low volatility",0.04261672824314222,0.10936680779990915,True
S2 Very strong,2024-02,2024-04,2024-05-01,2024-05-14,10,1.5,-0.30000000000000004,Very strong 1.5–1.9,13,-0.005477826273245454,-1.0,Long XLE / short COP,-0.02610782220533825,0.0033194132134062304,-0.02942723541874448,0.01471361770937224,"Energy uptrend, low volatility",0.12455885044422454,0.15866667262004114,True
S2 Very strong,2015-08,2015-10,2015-11-02,2015-11-30,20,1.7,0.30000000000000004,Very strong 1.5–1.9,0,,,Insufficient training,0.01981132075471681,0.005915409642117675,0.013895911112599135,,"Energy downtrend, high volatility",-0.16519570697879715,0.2467578911886116,False
S2 Very strong,2015-09,2015-11,2015-12-01,2015-12-29,20,2.0,0.30000000000000004,Extreme ≥2.0,1,0.013895911112599135,,Insufficient training,-0.12284245317664355,-0.09765833724929429,-0.02518411592734926,,"Energy downtrend, high volatility",-0.12365325094185686,0.25367759399563405,False
S2 Very strong,2015-10,2015-12,2016-01-04,2016-02-01,20,2.3,0.2999999999999998,Extreme ≥2.0,2,-0.005644102407375062,,Insufficient training,-0.16828269769446214,-0.04862034574468077,-0.11966235194978136,,"Energy downtrend, high volatility",-0.1770077704084153,0.31699869012749293,False
S2 Very strong,2015-11,2016-01,2016-02-01,2016-02-29,20,2.5,0.20000000000000018,Extreme ≥2.0,2,-0.005644102407375062,,Insufficient training,-0.10838672283090955,-0.01153039832285141,-0.09685632450805814,,"Energy downtrend, high volatility",-0.16548689221475,0.45225457747446907,False
S2 Very strong,2015-12,2016-02,2016-03-01,2016-03-29,20,2.6,0.10000000000000009,Extreme ≥2.0,4,-0.05695172031814741,-1.0,Long XLE / short COP,0.16289991194599263,0.09231950927840038,0.07058040266759225,-0.03529020133379612,"Energy downtrend, high volatility",-0.10507829680825687,0.3239366461194944,False
S2 Very strong,2016-01,2016-03,2016-04-01,2016-04-28,20,2.5,-0.10000000000000009,Extreme ≥2.0,5,-0.03144529572099948,-1.0,Long XLE / short COP,0.21020563594821007,0.11164090759618528,0.09856472835202479,-0.049282364176012394,"Energy uptrend, high volatility",0.05211410952349649,0.24815211344629062,False
S2 Very strong,2016-02,2016-04,2016-05-02,2016-05-27,20,2.2,-0.2999999999999998,Extreme ≥2.0,6,-0.009776958375495434,-1.0,Long XLE / short COP,-0.06253762279439679,-0.0037102997922230374,-0.05882732300217375,0.029413661501086874,"Energy uptrend, high volatility",0.020193141823793503,0.21604248566127512,False
S2 Very strong,2016-03,2016-05,2016-06-01,2016-06-28,20,1.7,-0.5000000000000002,Very strong 1.5–1.9,7,-0.016784153322163764,-1.0,Long XLE / short COP,-0.03274152640073802,0.009868558137548611,-0.04261008453828663,0.021305042269143315,"Energy uptrend, high volatility",0.0029164461998738567,0.1743690634882541,False
S2 Very strong,2023-09,2023-11,2023-12-01,2023-12-29,20,1.5,0.19999999999999996,Very strong 1.5–1.9,8,-0.020012394724179122,-1.0,Long XLE / short COP,0.009041119707902334,0.001880920754228077,0.007160198953674257,-0.0035800994768371286,"Energy uptrend, low volatility",0.1086662892331709,0.19942055098948733,True
S2 Very strong,2023-10,2023-12,2024-01-02,2024-01-30,20,1.7,0.19999999999999996,Very strong 1.5–1.9,9,-0.01699321764886208,-1.0,Long XLE / short COP,-0.026627976444482337,0.006751154802795423,-0.03337913124727776,0.01668956562363888,"Energy uptrend, low volatility",0.0503618506636061,0.18749763189145263,True
S2 Very strong,2023-11,2024-01,2024-02-01,2024-02-29,20,1.9,0.19999999999999996,Very strong 1.5–1.9,10,-0.018631809008703648,-1.0,Long XLE / short COP,0.008819847085825616,0.026576093433439585,-0.01775624634761397,0.008878123173806984,"Energy downtrend, low volatility",-0.025834392837683184,0.20226579759569602,True
S2 Very strong,2023-12,2024-02,2024-03-01,2024-03-28,20,2.0,0.10000000000000009,Extreme ≥2.0,11,-0.01855221240315004,-1.0,Long XLE / short COP,0.11845342706502704,0.09693714523823238,0.02151628182679466,-0.01075814091339733,"Energy downtrend, low volatility",-0.009310470739447685,0.1557419186189925,True
S2 Very strong,2024-01,2024-03,2024-04-01,2024-04-26,20,1.8,-0.19999999999999996,Very strong 1.5–1.9,12,-0.015213171217321316,-1.0,Long XLE / short COP,0.01749999999999985,0.011088816136867186,0.006411183863132663,-0.0032055919315663317,"Energy uptrend, low volatility",0.04261672824314222,0.10936680779990915,True
S2 Very strong,2024-02,2024-04,2024-05-01,2024-05-29,20,1.5,-0.30000000000000004,Very strong 1.5–1.9,13,-0.013549759288055626,-1.0,Long XLE / short COP,-0.07269436970559517,-0.029018096155905226,-0.04367627354968995,0.021838136774844974,"Energy uptrend, low volatility",0.12455885044422454,0.15866667262004114,True
S2 Very strong,2015-08,2015-10,2015-11-02,2015-12-29,40,1.7,0.30000000000000004,Very strong 1.5–1.9,0,,,Insufficient training,-0.09867924528301897,-0.0915199585911266,-0.007159286691892364,,"Energy downtrend, high volatility",-0.16519570697879715,0.2467578911886116,False
S2 Very strong,2015-09,2015-11,2015-12-01,2016-01-28,40,2.0,0.30000000000000004,Extreme ≥2.0,0,,,Insufficient training,-0.30187293426368,-0.16155011589978774,-0.14032281836389227,,"Energy downtrend, high volatility",-0.12365325094185686,0.25367759399563405,False
S2 Very strong,2015-10,2015-12,2016-01-04,2016-03-01,40,2.3,0.2999999999999998,Extreme ≥2.0,1,-0.007159286691892364,,Insufficient training,-0.25166489721069396,-0.03490691489361708,-0.21675798231707688,,"Energy downtrend, high volatility",-0.1770077704084153,0.31699869012749293,False
S2 Very strong,2015-11,2016-01,2016-02-01,2016-03-29,40,2.5,0.20000000000000018,Extreme ≥2.0,2,-0.07374105252789231,,Insufficient training,0.04421277095593723,0.08735789026350882,-0.04314511930757159,,"Energy downtrend, high volatility",-0.16548689221475,0.45225457747446907,False
S2 Very strong,2015-12,2016-02,2016-03-01,2016-04-26,40,2.6,0.10000000000000009,Extreme ≥2.0,2,-0.07374105252789231,,Insufficient training,0.4112122101555611,0.1904161642378681,0.22079604591769297,,"Energy downtrend, high volatility",-0.10507829680825687,0.3239366461194944,False
S2 Very strong,2016-01,2016-03,2016-04-01,2016-05-26,40,2.5,-0.10000000000000009,Extreme ≥2.0,4,-0.10184630167010827,-1.0,Long XLE / short COP,0.1421177455504239,0.10309108845774362,0.03902665709268027,-0.019513328546340136,"Energy uptrend, high volatility",0.05211410952349649,0.24815211344629062,False
S2 Very strong,2016-02,2016-04,2016-05-02,2016-06-27,40,2.2,-0.2999999999999998,Extreme ≥2.0,5,-0.037317832152548025,-1.0,Long XLE / short COP,-0.13761074345940694,-0.034405586237129526,-0.10320515722227741,0.051602578611138705,"Energy uptrend, high volatility",0.020193141823793503,0.21604248566127512,False
S2 Very strong,2016-03,2016-05,2016-06-01,2016-07-27,40,1.7,-0.5000000000000002,Very strong 1.5–1.9,6,-0.02459375061167664,-1.0,Long XLE / short COP,-0.07046135276448484,0.013668484981834927,-0.08412983774631977,0.042064918873159884,"Energy uptrend, high volatility",0.0029164461998738567,0.1743690634882541,False
S2 Very strong,2023-09,2023-11,2023-12-01,2024-01-30,40,1.5,0.19999999999999996,Very strong 1.5–1.9,8,-0.04186218732983213,-1.0,Long XLE / short COP,-0.008519516647831349,0.015742822806648515,-0.024262339454479864,0.012131169727239932,"Energy uptrend, low volatility",0.1086662892331709,0.19942055098948733,True
S2 Very strong,2023-10,2023-12,2024-01-02,2024-02-28,40,1.7,0.19999999999999996,Very strong 1.5–1.9,8,-0.04186218732983213,-1.0,Long XLE / short COP,-0.037063172244532705,0.015278929290536203,-0.05234210153506891,0.026171050767534454,"Energy uptrend, low volatility",0.0503618506636061,0.18749763189145263,True
S2 Very strong,2023-11,2024-01,2024-02-01,2024-03-28,40,1.9,0.19999999999999996,Very strong 1.5–1.9,9,-0.03990664867701521,-1.0,Long XLE / short COP,0.14095068541926392,0.13419457419698344,0.006756111222280481,-0.0033780556111402404,"Energy downtrend, low volatility",-0.025834392837683184,0.20226579759569602,True
S2 Very strong,2023-12,2024-02,2024-03-01,2024-04-26,40,2.0,0.10000000000000009,Extreme ≥2.0,10,-0.04115019396282058,-1.0,Long XLE / short COP,0.14446397188049276,0.11239023710526785,0.032073734775224905,-0.016036867387612452,"Energy downtrend, low volatility",-0.009310470739447685,0.1557419186189925,True
S2 Very strong,2024-01,2024-03,2024-04-01,2024-05-24,40,1.8,-0.19999999999999996,Very strong 1.5–1.9,11,-0.036795075309629575,-1.0,Long XLE / short COP,-0.07812355810639049,-0.035061780547049004,-0.043061777559341485,0.021530888779670743,"Energy uptrend, low volatility",0.04261672824314222,0.10936680779990915,True
S2 Very strong,2024-02,2024-04,2024-05-01,2024-06-27,40,1.5,-0.30000000000000004,Very strong 1.5–1.9,12,-0.031056007802558367,-1.0,Long XLE / short COP,-0.0829932955778453,-0.02011906005359132,-0.06287423552425397,0.03143711776212699,"Energy uptrend, low volatility",0.12455885044422454,0.15866667262004114,True
S2 Very strong,2015-08,2015-10,2015-11-02,2016-01-28,60,1.7,0.30000000000000004,Very strong 1.5–1.9,0,,,Insufficient training,-0.28264150943396227,-0.1558463751916236,-0.12679513424233868,,"Energy downtrend, high volatility",-0.16519570697879715,0.2467578911886116,False
S2 Very strong,2015-09,2015-11,2015-12-01,2016-02-26,60,2.0,0.30000000000000004,Extreme ≥2.0,0,,,Insufficient training,-0.36857205523283043,-0.15161798325574394,-0.2169540719770865,,"Energy downtrend, high volatility",-0.12365325094185686,0.25367759399563405,False
S2 Very strong,2015-10,2015-12,2016-01-04,2016-03-30,60,2.3,0.2999999999999998,Extreme ≥2.0,0,,,Insufficient training,-0.12962069298330303,0.036576047491144514,-0.16619674047444755,,"Energy downtrend, high volatility",-0.1770077704084153,0.31699869012749293,False
S2 Very strong,2015-11,2016-01,2016-02-01,2016-04-26,60,2.5,0.20000000000000018,Extreme ≥2.0,1,-0.12679513424233868,,Insufficient training,0.2671819794942325,0.18500896293280444,0.08217301656142806,,"Energy downtrend, high volatility",-0.16548689221475,0.45225457747446907,False
S2 Very strong,2015-12,2016-02,2016-03-01,2016-05-24,60,2.6,0.10000000000000009,Extreme ≥2.0,2,-0.1718746031097126,,Insufficient training,0.2829671911124094,0.17221083908322843,0.110756352029181,,"Energy downtrend, high volatility",-0.10507829680825687,0.3239366461194944,False
S2 Very strong,2016-01,2016-03,2016-04-01,2016-06-24,60,2.5,-0.10000000000000009,Extreme ≥2.0,3,-0.1699819822312909,-1.0,Long XLE / short COP,0.10228533591352096,0.10515807779551789,-0.002872741881996932,0.001436370940998466,"Energy uptrend, high volatility",0.05211410952349649,0.24815211344629062,False
S2 Very strong,2016-02,2016-04,2016-05-02,2016-07-26,60,2.2,-0.2999999999999998,Extreme ≥2.0,4,-0.10694323253311117,-1.0,Long XLE / short COP,-0.13214463580282776,0.006076481542841794,-0.13822111734566955,0.06911055867283478,"Energy uptrend, high volatility",0.020193141823793503,0.21604248566127512,False
S2 Very strong,2016-03,2016-05,2016-06-01,2016-08-24,60,1.7,-0.5000000000000002,Very strong 1.5–1.9,5,-0.06340331562065274,-1.0,Long XLE / short COP,-0.003419508728781162,0.06109157199852855,-0.06451108072730971,0.032255540363654855,"Energy uptrend, high volatility",0.0029164461998738567,0.1743690634882541,False
S2 Very strong,2023-09,2023-11,2023-12-01,2024-02-28,60,1.5,0.19999999999999996,Very strong 1.5–1.9,8,-0.06532768975727998,-1.0,Long XLE / short COP,-0.019148847186750806,0.024346762011598466,-0.04349560919834927,0.021747804599174636,"Energy uptrend, low volatility",0.1086662892331709,0.19942055098948733,True
S2 Very strong,2023-10,2023-12,2024-01-02,2024-03-27,60,1.7,0.19999999999999996,Very strong 1.5–1.9,8,-0.06532768975727998,-1.0,Long XLE / short COP,0.0901366229248799,0.11515022353231052,-0.02501360060743063,0.012506800303715315,"Energy uptrend, low volatility",0.0503618506636061,0.18749763189145263,True
S2 Very strong,2023-11,2024-01,2024-02-01,2024-04-26,60,1.9,0.19999999999999996,Very strong 1.5–1.9,8,-0.06532768975727998,-1.0,Long XLE / short COP,0.16748442228947935,0.1501725297491705,0.01731189254030885,-0.008655946270154424,"Energy downtrend, low volatility",-0.025834392837683184,0.20226579759569602,True
S2 Very strong,2023-12,2024-02,2024-03-01,2024-05-24,60,2.0,0.10000000000000009,Extreme ≥2.0,9,-0.0629019030285099,-1.0,Long XLE / short COP,0.036908475943604024,0.06161579239929349,-0.024707316455689465,0.012353658227844733,"Energy downtrend, low volatility",-0.009310470739447685,0.1557419186189925,True
S2 Very strong,2024-01,2024-03,2024-04-01,2024-06-25,60,1.8,-0.19999999999999996,Very strong 1.5–1.9,10,-0.059113072786401974,-1.0,Long XLE / short COP,-0.09589277566442478,-0.02622785330497346,-0.06966492235945132,0.03483246117972566,"Energy uptrend, low volatility",0.04261672824314222,0.10936680779990915,True
S2 Very strong,2024-02,2024-04,2024-05-01,2024-07-26,60,1.5,-0.30000000000000004,Very strong 1.5–1.9,11,-0.0521653486657919,-1.0,Long XLE / short COP,-0.10801646703307788,-0.005118680025776867,-0.10289778700730101,0.051448893503650506,"Energy uptrend, low volatility",0.12455885044422454,0.15866667262004114,True
S3 Strong and rising,2015-05,2015-07,2015-08-03,2015-08-03,1,1.0,0.09999999999999998,Strong 1.0–1.4,0,,,Insufficient training,-0.0018072289156625398,-0.010489510489510523,0.008682281573847983,,"Energy downtrend, high volatility",-0.0693224692962221,0.21192920053303027,False
S3 Strong and rising,2015-06,2015-08,2015-09-01,2015-09-01,1,1.2,0.19999999999999996,Strong 1.0–1.4,1,0.008682281573847983,,Insufficient training,-0.008719119784098006,-0.006664600123992392,-0.0020545196601056137,,"Energy downtrend, high volatility",-0.1452129243272421,0.40075746399513396,False
S3 Strong and rising,2015-07,2015-09,2015-10-01,2015-10-01,1,1.4,0.19999999999999996,Strong 1.0–1.4,2,0.0033138809568711847,,Insufficient training,-0.01088519203121796,-0.010648596321393922,-0.000236595709824039,,"Energy downtrend, high volatility",-0.1996255332129966,0.26339031097000015,False
S3 Strong and rising,2015-08,2015-10,2015-11-02,2015-11-02,1,1.7,0.30000000000000004,Very strong 1.5–1.9,3,0.0021303887346394434,1.0,Long COP / short XLE,0.03660377358490563,0.029577048210588597,0.007026725374317033,0.0035133626871585166,"Energy downtrend, high volatility",-0.16519570697879715,0.2467578911886116,False
S3 Strong and rising,2015-09,2015-11,2015-12-01,2015-12-01,1,2.0,0.30000000000000004,Extreme ≥2.0,4,0.003354472894558841,1.0,Long COP / short XLE,0.002754315093646653,0.007050528789659394,-0.004296213696012741,-0.0021481068480063703,"Energy downtrend, high volatility",-0.12365325094185686,0.25367759399563405,False
S3 Strong and rising,2015-10,2015-12,2016-01-04,2016-01-04,1,2.3,0.2999999999999998,Extreme ≥2.0,5,0.0018243355764445246,1.0,Long COP / short XLE,0.010127127774186784,0.002327127659574435,0.007800000114612349,0.0039000000573061744,"Energy downtrend, high volatility",-0.1770077704084153,0.31699869012749293,False
S3 Strong and rising,2015-11,2016-01,2016-02-01,2016-02-01,1,2.5,0.20000000000000018,Extreme ≥2.0,6,0.002820279666139162,1.0,Long COP / short XLE,0.009414225941422494,-8.735150244587597e-05,0.00950157744386837,0.004750788721934185,"Energy downtrend, high volatility",-0.16548689221475,0.45225457747446907,False
S3 Strong and rising,2015-12,2016-02,2016-03-01,2016-03-01,1,2.6,0.10000000000000009,Extreme ≥2.0,7,0.0037747507772433347,1.0,Long COP / short XLE,0.011447020839448152,0.01895401895401916,-0.007506998114571006,-0.003753499057285503,"Energy downtrend, high volatility",-0.10507829680825687,0.3239366461194944,False
S3 Strong and rising,2018-11,2019-01,2019-02-01,2019-02-01,1,1.0,0.19999999999999996,Strong 1.0–1.4,8,0.002364532165766542,1.0,Long COP / short XLE,0.004975124378109541,0.006514657980456029,-0.0015395336023464878,-0.0007697668011732439,"Energy downtrend, high volatility",-0.1594603867061406,0.20094214613750863,False
S3 Strong and rising,2018-12,2019-02,2019-03-01,2019-03-01,1,1.1,0.10000000000000009,Strong 1.0–1.4,9,0.0019307470804206498,1.0,Long COP / short XLE,0.01233661330591862,0.012957317073170938,-0.0006207037672523175,-0.00031035188362615873,"Energy downtrend, low volatility",-0.11684058417788978,0.15835460085881012,False
S3 Strong and rising,2023-07,2023-09,2023-10-02,2023-10-02,1,1.0,0.30000000000000004,Strong 1.0–1.4,10,0.001675601995653353,1.0,Long COP / short XLE,-0.026114437791084466,-0.018610834164174084,-0.007503603626910382,-0.003751801813455191,"Energy uptrend, high volatility",0.11683917562323654,0.20841994980178302,True
S3 Strong and rising,2023-08,2023-10,2023-11-01,2023-11-01,1,1.3,0.30000000000000004,Strong 1.0–1.4,11,0.000841128757238468,1.0,Long COP / short XLE,-0.023518580515567433,-0.008631750845678354,-0.014886829669889079,-0.0074434148349445395,"Energy uptrend, high volatility",0.07546863659629555,0.24172431105719422,True
S3 Strong and rising,2023-09,2023-11,2023-12-01,2023-12-01,1,1.5,0.19999999999999996,Very strong 1.5–1.9,12,-0.00046953444502216096,-1.0,Long XLE / short COP,0.0017386768669043207,0.006392045454545414,-0.0046533685876410935,0.0023266842938205468,"Energy uptrend, low volatility",0.1086662892331709,0.19942055098948733,True
S3 Strong and rising,2023-10,2023-12,2024-01-02,2024-01-02,1,1.7,0.19999999999999996,Very strong 1.5–1.9,13,-0.0007913678406082327,-1.0,Long XLE / short COP,0.00358453529060343,0.0036716806822219006,-8.714539161847057e-05,4.3572695809235285e-05,"Energy uptrend, low volatility",0.0503618506636061,0.18749763189145263,True
S3 Strong and rising,2023-11,2024-01,2024-02-01,2024-02-01,1,1.9,0.19999999999999996,Very strong 1.5–1.9,14,-0.0007410662371089639,-1.0,Long XLE / short COP,-0.008545486914723233,-0.006077940650697111,-0.0024675462640261214,0.0012337731320130607,"Energy downtrend, low volatility",-0.025834392837683184,0.20226579759569602,True
S3 Strong and rising,2023-12,2024-02,2024-03-01,2024-03-01,1,2.0,0.10000000000000009,Extreme ≥2.0,15,-0.0008561649055701078,-1.0,Long XLE / short COP,0.0038664323374340004,0.0043798985707699245,-0.0005134662333359241,0.00025673311666796206,"Energy downtrend, low volatility",-0.009310470739447685,0.1557419186189925,True
S3 Strong and rising,2026-06,2026-08,2026-09-01,2026-09-01,1,1.4,0.4999999999999999,Strong 1.0–1.4,16,-0.0008347462385554713,-1.0,Long XLE / short COP,0.008814814814814831,-0.0015415446277170508,0.010356359442531882,-0.005178179721265941,"Energy uptrend, high volatility",0.13659619826264446,0.2344337844623667,True
S3 Strong and rising,2015-05,2015-07,2015-08-03,2015-08-04,2,1.0,0.09999999999999998,Strong 1.0–1.4,0,,,Insufficient training,0.0014056224899599012,-0.013840326340326392,0.015245948830286293,,"Energy downtrend, high volatility",-0.0693224692962221,0.21192920053303027,False
S3 Strong and rising,2015-06,2015-08,2015-09-01,2015-09-02,2,1.2,0.19999999999999996,Strong 1.0–1.4,1,0.015245948830286293,,Insufficient training,0.00041519618019503213,0.002479851208927686,-0.0020646550287326537,,"Energy downtrend, high volatility",-0.1452129243272421,0.40075746399513396,False
S3 Strong and rising,2015-07,2015-09,2015-10-01,2015-10-02,2,1.4,0.19999999999999996,Strong 1.0–1.4,2,0.00659064690077682,,Insufficient training,0.05134524543027319,0.030171022910616463,0.021174222519656727,,"Energy downtrend, high volatility",-0.1996255332129966,0.26339031097000015,False
S3 Strong and rising,2015-08,2015-10,2015-11-02,2015-11-03,2,1.7,0.30000000000000004,Very strong 1.5–1.9,3,0.011451838773736789,1.0,Long COP / short XLE,0.07037735849056581,0.05590062111801242,0.014476737372553394,0.007238368686276697,"Energy downtrend, high volatility",-0.16519570697879715,0.2467578911886116,False
S3 Strong and rising,2015-09,2015-11,2015-12-01,2015-12-02,2,2.0,0.30000000000000004,Extreme ≥2.0,4,0.01220806342344094,1.0,Long COP / short XLE,-0.03507161219243493,-0.024089306698002244,-0.010982305494432687,-0.0054911527472163435,"Energy downtrend, high volatility",-0.12365325094185686,0.25367759399563405,False
S3 Strong and rising,2015-10,2015-12,2016-01-04,2016-01-05,2,2.3,0.2999999999999998,Extreme ≥2.0,5,0.007569989639866215,1.0,Long COP / short XLE,0.02133160956690383,0.006150265957446832,0.015181343609456999,0.007590671804728499,"Energy downtrend, high volatility",-0.1770077704084153,0.31699869012749293,False
S3 Strong and rising,2015-11,2016-01,2016-02-01,2016-02-02,2,2.5,0.20000000000000018,Extreme ≥2.0,6,0.008838548634798013,1.0,Long COP / short XLE,-0.04314853556485354,-0.03336827393431174,-0.009780261630541798,-0.004890130815270899,"Energy downtrend, high volatility",-0.16548689221475,0.45225457747446907,False
S3 Strong and rising,2015-12,2016-02,2016-03-01,2016-03-02,2,2.6,0.10000000000000009,Extreme ≥2.0,7,0.006178718596892325,1.0,Long COP / short XLE,0.07103023187555024,0.04387504387504393,0.027155188000506314,0.013577594000253157,"Energy downtrend, high volatility",-0.10507829680825687,0.3239366461194944,False
S3 Strong and rising,2018-11,2019-01,2019-02-01,2019-02-04,2,1.0,0.19999999999999996,Strong 1.0–1.4,8,0.008800777272344074,1.0,Long COP / short XLE,0.023266022827041377,0.008841321544904801,0.014424701282136576,0.007212350641068288,"Energy downtrend, high volatility",-0.1594603867061406,0.20094214613750863,False
S3 Strong and rising,2018-12,2019-02,2019-03-01,2019-03-04,2,1.1,0.10000000000000009,Strong 1.0–1.4,9,0.009425657717876575,1.0,Long COP / short XLE,0.026582464385372262,0.014786585365853755,0.011795879019518507,0.0058979395097592535,"Energy downtrend, low volatility",-0.11684058417788978,0.15835460085881012,False
S3 Strong and rising,2023-07,2023-09,2023-10-02,2023-10-03,2,1.0,0.30000000000000004,Strong 1.0–1.4,10,0.009662679848040766,1.0,Long COP / short XLE,-0.02195608782435121,-0.019275506812894583,-0.0026805810114566286,-0.0013402905057283143,"Energy uptrend, high volatility",0.11683917562323654,0.20841994980178302,True
S3 Strong and rising,2023-08,2023-10,2023-11-01,2023-11-02,2,1.3,0.30000000000000004,Strong 1.0–1.4,11,0.008540565224450096,1.0,Long COP / short XLE,0.02125878808168724,0.02134608655079906,-8.729846911181838e-05,-4.364923455590919e-05,"Energy uptrend, high volatility",0.07546863659629555,0.24172431105719422,True
S3 Strong and rising,2023-09,2023-11,2023-12-01,2023-12-04,2,1.5,0.19999999999999996,Very strong 1.5–1.9,12,0.007821576583319936,1.0,Long COP / short XLE,-0.004346692167260691,0.0017755681818181213,-0.006122260349078812,-0.003061130174539406,"Energy uptrend, low volatility",0.1086662892331709,0.19942055098948733,True
S3 Strong and rising,2023-10,2023-12,2024-01-02,2024-01-03,2,1.7,0.19999999999999996,Very strong 1.5–1.9,13,0.006748973742366186,1.0,Long COP / short XLE,0.02355551762396524,0.02001658178372634,0.0035389358402388993,0.0017694679201194496,"Energy uptrend, low volatility",0.0503618506636061,0.18749763189145263,True
S3 Strong and rising,2023-11,2024-01,2024-02-01,2024-02-02,2,1.9,0.19999999999999996,Very strong 1.5–1.9,14,0.006519685320785665,1.0,Long COP / short XLE,-0.01522164856685071,-0.0046478369681802745,-0.010573811598670435,-0.0052869057993352175,"Energy downtrend, low volatility",-0.025834392837683184,0.20226579759569602,True
S3 Strong and rising,2023-12,2024-02,2024-03-01,2024-03-04,2,2.0,0.10000000000000009,Extreme ≥2.0,15,0.005380118859488592,1.0,Long COP / short XLE,-0.01898066783831287,-0.006339326878746054,-0.012641340959566816,-0.006320670479783408,"Energy downtrend, low volatility",-0.009310470739447685,0.1557419186189925,True
S3 Strong and rising,2026-06,2026-08,2026-09-01,2026-09-02,2,1.4,0.4999999999999999,Strong 1.0–1.4,16,0.004253777620797629,1.0,Long COP / short XLE,0.016296296296296253,0.003545552643749117,0.012750743652547136,0.006375371826273568,"Energy uptrend, high volatility",0.13659619826264446,0.2344337844623667,True
S3 Strong and rising,2015-05,2015-07,2015-08-03,2015-08-07,5,1.0,0.09999999999999998,Strong 1.0–1.4,0,,,Insufficient training,-0.01927710843373487,-0.023455710955710973,0.004178602521976105,,"Energy downtrend, high volatility",-0.0693224692962221,0.21192920053303027,False
S3 Strong and rising,2015-06,2015-08,2015-09-01,2015-09-08,5,1.2,0.19999999999999996,Strong 1.0–1.4,1,0.004178602521976105,,Insufficient training,0.00602034461282952,0.004184748915065262,0.0018355956977642585,,"Energy downtrend, high volatility",-0.1452129243272421,0.40075746399513396,False
S3 Strong and rising,2015-07,2015-09,2015-10-01,2015-10-07,5,1.4,0.19999999999999996,Strong 1.0–1.4,2,0.0030070991098701816,,Insufficient training,0.13514068597247908,0.09858018715714745,0.03656049881533163,,"Energy downtrend, high volatility",-0.1996255332129966,0.26339031097000015,False
S3 Strong and rising,2015-08,2015-10,2015-11-02,2015-11-06,5,1.7,0.30000000000000004,Very strong 1.5–1.9,3,0.014191565678357332,1.0,Long COP / short XLE,0.052264150943396315,0.032238982549541495,0.02002516839385482,0.01001258419692741,"Energy downtrend, high volatility",-0.16519570697879715,0.2467578911886116,False
S3 Strong and rising,2015-09,2015-11,2015-12-01,2015-12-07,5,2.0,0.30000000000000004,Extreme ≥2.0,4,0.015649966357231704,1.0,Long COP / short XLE,-0.10044069041498349,-0.08578143360752033,-0.014659256807463161,-0.007329628403731581,"Energy downtrend, high volatility",-0.12365325094185686,0.25367759399563405,False
S3 Strong and rising,2015-10,2015-12,2016-01-04,2016-01-08,5,2.3,0.2999999999999998,Extreme ≥2.0,5,0.009588121724292731,1.0,Long COP / short XLE,-0.0672268907563024,-0.0683178191489362,0.0010909283926338054,0.0005454641963169027,"Energy downtrend, high volatility",-0.1770077704084153,0.31699869012749293,False
S3 Strong and rising,2015-11,2016-01,2016-02-01,2016-02-05,5,2.5,0.20000000000000018,Extreme ≥2.0,6,0.00817192283568291,1.0,Long COP / short XLE,-0.13964435146443532,-0.022711390635918982,-0.11693296082851634,-0.05846648041425817,"Energy downtrend, high volatility",-0.16548689221475,0.45225457747446907,False
S3 Strong and rising,2015-12,2016-02,2016-03-01,2016-03-07,5,2.6,0.10000000000000009,Extreme ≥2.0,7,-0.00970020340205984,-1.0,Long XLE / short COP,0.215145289110654,0.09494559494559485,0.12019969416505916,-0.06009984708252958,"Energy downtrend, high volatility",-0.10507829680825687,0.3239366461194944,False
S3 Strong and rising,2018-11,2019-01,2019-02-01,2019-02-07,5,1.0,0.19999999999999996,Strong 1.0–1.4,8,0.006537283793830034,1.0,Long COP / short XLE,-0.012584138132864964,-0.019233752132775006,0.006649613999910042,0.003324806999955021,"Energy downtrend, high volatility",-0.1594603867061406,0.20094214613750863,False
S3 Strong and rising,2018-12,2019-02,2019-03-01,2019-03-07,5,1.1,0.10000000000000009,Strong 1.0–1.4,9,0.006549764927838924,1.0,Long COP / short XLE,-0.0020561022176529553,-0.007317073170731381,0.0052609709530784254,0.0026304854765392127,"Energy downtrend, low volatility",-0.11684058417788978,0.15835460085881012,False
S3 Strong and rising,2023-07,2023-09,2023-10-02,2023-10-06,5,1.0,0.30000000000000004,Strong 1.0–1.4,10,0.006420885530362875,1.0,Long COP / short XLE,-0.0408349966733198,-0.05029356375318483,0.009458567079865032,0.004729283539932516,"Energy uptrend, high volatility",0.11683917562323654,0.20841994980178302,True
S3 Strong and rising,2023-08,2023-10,2023-11-01,2023-11-07,5,1.3,0.30000000000000004,Strong 1.0–1.4,11,0.006697038398499434,1.0,Long COP / short XLE,-0.03540341479745557,-0.022512539367782414,-0.012890875429673154,-0.006445437714836577,"Energy uptrend, high volatility",0.07546863659629555,0.24172431105719422,True
S3 Strong and rising,2023-09,2023-11,2023-12-01,2023-12-07,5,1.5,0.19999999999999996,Very strong 1.5–1.9,12,0.005064712246151719,1.0,Long COP / short XLE,-0.03633834651829959,-0.03705018939393945,0.0007118428756398565,0.00035592143781992824,"Energy uptrend, low volatility",0.1086662892331709,0.19942055098948733,True
S3 Strong and rising,2023-10,2023-12,2024-01-02,2024-01-08,5,1.7,0.19999999999999996,Very strong 1.5–1.9,13,0.004729876140727729,1.0,Long COP / short XLE,-0.022787402918835853,-0.008646215800070856,-0.014141187118764997,-0.007070593559382499,"Energy uptrend, low volatility",0.0503618506636061,0.18749763189145263,True
S3 Strong and rising,2023-11,2024-01,2024-02-01,2024-02-07,5,1.9,0.19999999999999996,Very strong 1.5–1.9,14,0.003381943050763963,1.0,Long COP / short XLE,-0.00017803097739010898,-0.001906804910022819,0.00172877393263271,0.000864386966316355,"Energy downtrend, low volatility",-0.025834392837683184,0.20226579759569602,True
S3 Strong and rising,2023-12,2024-02,2024-03-01,2024-03-07,5,2.0,0.10000000000000009,Extreme ≥2.0,15,0.0032717317762218793,1.0,Long COP / short XLE,-0.009314586994727536,0.012678653757492109,-0.021993240752219645,-0.010996620376109822,"Energy downtrend, low volatility",-0.009310470739447685,0.1557419186189925,True
S3 Strong and rising,2026-06,2026-08,2026-09-01,2026-09-08,5,1.4,0.4999999999999999,Strong 1.0–1.4,16,0.001692670993194284,1.0,Long COP / short XLE,0.00029629629629646104,-0.0015415446277168288,0.0018378409240132898,0.0009189204620066449,"Energy uptrend, high volatility",0.13659619826264446,0.2344337844623667,True
S3 Strong and rising,2015-05,2015-07,2015-08-03,2015-08-14,10,1.0,0.09999999999999998,Strong 1.0–1.4,0,,,Insufficient training,-0.000602409638554291,0.010198135198135061,-0.010800544836689352,,"Energy downtrend, high volatility",-0.0693224692962221,0.21192920053303027,False
S3 Strong and rising,2015-06,2015-08,2015-09-01,2015-09-15,10,1.2,0.19999999999999996,Strong 1.0–1.4,1,-0.010800544836689352,,Insufficient training,-0.018476230018684148,-0.015499070055796649,-0.002977159962887499,,"Energy downtrend, high volatility",-0.1452129243272421,0.40075746399513396,False
S3 Strong and rising,2015-07,2015-09,2015-10-01,2015-10-14,10,1.4,0.19999999999999996,Strong 1.0–1.4,2,-0.0068888523997884255,,Insufficient training,0.13904292462517964,0.09583736689254585,0.04320555773263379,,"Energy downtrend, high volatility",-0.1996255332129966,0.26339031097000015,False
S3 Strong and rising,2015-08,2015-10,2015-11-02,2015-11-13,10,1.7,0.30000000000000004,Very strong 1.5–1.9,3,0.009809284311018981,1.0,Long COP / short XLE,-0.022075471698113303,-0.024253179532682356,0.0021777078345690537,0.0010888539172845269,"Energy downtrend, high volatility",-0.16519570697879715,0.2467578911886116,False
S3 Strong and rising,2015-09,2015-11,2015-12-01,2015-12-14,10,2.0,0.30000000000000004,Extreme ≥2.0,4,0.007901390191906499,1.0,Long COP / short XLE,-0.09052515607785538,-0.10722679200940055,0.016701635931545167,0.008350817965772583,"Energy downtrend, high volatility",-0.12365325094185686,0.25367759399563405,False
S3 Strong and rising,2015-10,2015-12,2016-01-04,2016-01-15,10,2.3,0.2999999999999998,Extreme ≥2.0,5,0.009661439339834233,1.0,Long COP / short XLE,-0.15190691661279865,-0.09657579787234027,-0.055331118740458374,-0.027665559370229187,"Energy downtrend, high volatility",-0.1770077704084153,0.31699869012749293,False
S3 Strong and rising,2015-11,2016-01,2016-02-01,2016-02-12,10,2.5,0.20000000000000018,Extreme ≥2.0,6,-0.0011706536735478685,-1.0,Long XLE / short COP,-0.13289752235107644,-0.03424178895877028,-0.09865573339230616,0.04932786669615308,"Energy downtrend, high volatility",-0.16548689221475,0.45225457747446907,False
S3 Strong and rising,2015-12,2016-02,2016-03-01,2016-03-14,10,2.6,0.10000000000000009,Extreme ≥2.0,7,-0.015097093633370482,-1.0,Long XLE / short COP,0.174346932785441,0.08722358722358758,0.08712334556185342,-0.04356167278092671,"Energy downtrend, high volatility",-0.10507829680825687,0.3239366461194944,False
S3 Strong and rising,2018-11,2019-01,2019-02-01,2019-02-14,10,1.0,0.19999999999999996,Strong 1.0–1.4,8,-0.002319538733967494,-1.0,Long XLE / short COP,0.01577513526100094,0.0093066542577942,0.006468481003206739,-0.0032342405016033693,"Energy downtrend, high volatility",-0.1594603867061406,0.20094214613750863,False
S3 Strong and rising,2018-12,2019-02,2019-03-01,2019-03-14,10,1.1,0.10000000000000009,Strong 1.0–1.4,9,-0.0013430920965036902,-1.0,Long XLE / short COP,-0.01571449552063464,0.006859756097560954,-0.022574251618195595,0.011287125809097798,"Energy downtrend, low volatility",-0.11684058417788978,0.15835460085881012,False
S3 Strong and rising,2023-07,2023-09,2023-10-02,2023-10-13,10,1.0,0.30000000000000004,Strong 1.0–1.4,10,-0.003466208048672881,-1.0,Long XLE / short COP,0.03842315369261473,-0.007532956685499359,0.04595611037811409,-0.022978055189057045,"Energy uptrend, high volatility",0.11683917562323654,0.20841994980178302,True
S3 Strong and rising,2023-08,2023-10,2023-11-01,2023-11-14,10,1.3,0.30000000000000004,Strong 1.0–1.4,11,0.0010267299901259347,1.0,Long COP / short XLE,-0.02811428696798457,-0.011314592324740413,-0.016799694643244156,-0.008399847321622078,"Energy uptrend, high volatility",0.07546863659629555,0.24172431105719422,True
S3 Strong and rising,2023-09,2023-11,2023-12-01,2023-12-14,10,1.5,0.19999999999999996,Very strong 1.5–1.9,12,-0.0004588053959882395,-1.0,Long XLE / short COP,-0.0006954707467617949,0.003196022727272707,-0.003891493474034502,0.001945746737017251,"Energy uptrend, low volatility",0.1086662892331709,0.19942055098948733,True
S3 Strong and rising,2023-10,2023-12,2024-01-02,2024-01-16,10,1.7,0.19999999999999996,Very strong 1.5–1.9,13,-0.0007228583250687212,-1.0,Long XLE / short COP,-0.07280020483058802,-0.04406016818666314,-0.028740036643924882,0.014370018321962441,"Energy uptrend, low volatility",0.0503618506636061,0.18749763189145263,True
S3 Strong and rising,2023-11,2024-01,2024-02-01,2024-02-14,10,1.9,0.19999999999999996,Very strong 1.5–1.9,14,-0.0027240853478441612,-1.0,Long XLE / short COP,-0.0197614384902971,-0.007269693719461956,-0.012491744770835145,0.006245872385417572,"Energy downtrend, low volatility",-0.025834392837683184,0.20226579759569602,True
S3 Strong and rising,2023-12,2024-02,2024-03-01,2024-03-14,10,2.0,0.10000000000000009,Extreme ≥2.0,15,-0.003375262642710227,-1.0,Long XLE / short COP,0.052548330404218024,0.05221300138312612,0.0003353290210919013,-0.00016766451054595066,"Energy downtrend, low volatility",-0.009310470739447685,0.1557419186189925,True
S3 Strong and rising,2026-06,2026-08,2026-09-01,,10,1.4,0.4999999999999999,Strong 1.0–1.4,16,-0.003143350663722594,-1.0,Long XLE / short COP,,,,,"Energy uptrend, high volatility",0.13659619826264446,0.2344337844623667,True
S3 Strong and rising,2015-05,2015-07,2015-08-03,2015-08-28,20,1.0,0.09999999999999998,Strong 1.0–1.4,0,,,Insufficient training,-0.05983935742971935,-0.042103729603729545,-0.017735627825989808,,"Energy downtrend, high volatility",-0.0693224692962221,0.21192920053303027,False
S3 Strong and rising,2015-06,2015-08,2015-09-01,2015-09-29,20,1.2,0.19999999999999996,Strong 1.0–1.4,1,-0.017735627825989808,,Insufficient training,-0.033215694415611896,-0.0662890273265061,0.033073332910894204,,"Energy downtrend, high volatility",-0.1452129243272421,0.40075746399513396,False
S3 Strong and rising,2015-07,2015-09,2015-10-01,2015-10-28,20,1.4,0.19999999999999996,Strong 1.0–1.4,2,0.007668852542452198,,Insufficient training,0.1101802589049834,0.08502742820264575,0.025152830702337647,,"Energy downtrend, high volatility",-0.1996255332129966,0.26339031097000015,False
S3 Strong and rising,2015-08,2015-10,2015-11-02,2015-11-30,20,1.7,0.30000000000000004,Very strong 1.5–1.9,3,0.013496845262414014,1.0,Long COP / short XLE,0.01981132075471681,0.005915409642117675,0.013895911112599135,0.006947955556299568,"Energy downtrend, high volatility",-0.16519570697879715,0.2467578911886116,False
S3 Strong and rising,2015-09,2015-11,2015-12-01,2015-12-29,20,2.0,0.30000000000000004,Extreme ≥2.0,4,0.013596611724960295,1.0,Long COP / short XLE,-0.12284245317664355,-0.09765833724929429,-0.02518411592734926,-0.01259205796367463,"Energy downtrend, high volatility",-0.12365325094185686,0.25367759399563405,False
S3 Strong and rising,2015-10,2015-12,2016-01-04,2016-02-01,20,2.3,0.2999999999999998,Extreme ≥2.0,5,0.005840466194498383,1.0,Long COP / short XLE,-0.16828269769446214,-0.04862034574468077,-0.11966235194978136,-0.05983117597489068,"Energy downtrend, high volatility",-0.1770077704084153,0.31699869012749293,False
S3 Strong and rising,2015-11,2016-01,2016-02-01,2016-02-29,20,2.5,0.20000000000000018,Extreme ≥2.0,5,0.005840466194498383,1.0,Long COP / short XLE,-0.10838672283090955,-0.01153039832285141,-0.09685632450805814,-0.04842816225402907,"Energy downtrend, high volatility",-0.16548689221475,0.45225457747446907,False
S3 Strong and rising,2015-12,2016-02,2016-03-01,2016-03-29,20,2.6,0.10000000000000009,Extreme ≥2.0,7,-0.026759477926478228,-1.0,Long XLE / short COP,0.16289991194599263,0.09231950927840038,0.07058040266759225,-0.03529020133379612,"Energy downtrend, high volatility",-0.10507829680825687,0.3239366461194944,False
S3 Strong and rising,2018-11,2019-01,2019-02-01,2019-03-01,20,1.0,0.19999999999999996,Strong 1.0–1.4,8,-0.014591992852219418,-1.0,Long XLE / short COP,0.01327612262721889,0.03071195905072166,-0.01743583642350277,0.008717918211751385,"Energy downtrend, high volatility",-0.1594603867061406,0.20094214613750863,False
S3 Strong and rising,2018-12,2019-02,2019-03-01,2019-03-28,20,1.1,0.10000000000000009,Strong 1.0–1.4,8,-0.014591992852219418,-1.0,Long XLE / short COP,-0.01042737553238382,0.01736549581892155,-0.02779287135130537,0.013896435675652685,"Energy downtrend, low volatility",-0.11684058417788978,0.15835460085881012,False
S3 Strong and rising,2023-07,2023-09,2023-10-02,2023-10-27,20,1.0,0.30000000000000004,Strong 1.0–1.4,10,-0.01619646505925635,-1.0,Long XLE / short COP,-0.020292747837657887,-0.062479228979727686,0.0421864811420698,-0.0210932405710349,"Energy uptrend, high volatility",0.11683917562323654,0.20841994980178302,True
S3 Strong and rising,2023-08,2023-10,2023-11-01,2023-11-29,20,1.3,0.30000000000000004,Strong 1.0–1.4,11,-0.010888924495499426,-1.0,Long XLE / short COP,-0.041320627364905604,-0.019946343170418768,-0.021374284194486837,0.010687142097243418,"Energy uptrend, high volatility",0.07546863659629555,0.24172431105719422,True
S3 Strong and rising,2023-09,2023-11,2023-12-01,2023-12-29,20,1.5,0.19999999999999996,Very strong 1.5–1.9,12,-0.011762704470415044,-1.0,Long XLE / short COP,0.009041119707902334,0.001880920754228077,0.007160198953674257,-0.0035800994768371286,"Energy uptrend, low volatility",0.1086662892331709,0.19942055098948733,True
S3 Strong and rising,2023-10,2023-12,2024-01-02,2024-01-30,20,1.7,0.19999999999999996,Very strong 1.5–1.9,13,-0.010307096514715867,-1.0,Long XLE / short COP,-0.026627976444482337,0.006751154802795423,-0.03337913124727776,0.01668956562363888,"Energy uptrend, low volatility",0.0503618506636061,0.18749763189145263,True
S3 Strong and rising,2023-11,2024-01,2024-02-01,2024-02-29,20,1.9,0.19999999999999996,Very strong 1.5–1.9,14,-0.011955098995613145,-1.0,Long XLE / short COP,0.008819847085825616,0.026576093433439585,-0.01775624634761397,0.008878123173806984,"Energy downtrend, low volatility",-0.025834392837683184,0.20226579759569602,True
S3 Strong and rising,2023-12,2024-02,2024-03-01,2024-03-28,20,2.0,0.10000000000000009,Extreme ≥2.0,15,-0.0123418421524132,-1.0,Long XLE / short COP,0.11845342706502704,0.09693714523823238,0.02151628182679466,-0.01075814091339733,"Energy downtrend, low volatility",-0.009310470739447685,0.1557419186189925,True
S3 Strong and rising,2026-06,2026-08,2026-09-01,,20,1.4,0.4999999999999999,Strong 1.0–1.4,16,-0.010225709403712709,-1.0,Long XLE / short COP,,,,,"Energy uptrend, high volatility",0.13659619826264446,0.2344337844623667,True
S3 Strong and rising,2015-05,2015-07,2015-08-03,2015-09-28,40,1.0,0.09999999999999998,Strong 1.0–1.4,0,,,Insufficient training,-0.07931726907630554,-0.12101232675406981,0.04169505767776427,,"Energy downtrend, high volatility",-0.0693224692962221,0.21192920053303027,False
S3 Strong and rising,2015-06,2015-08,2015-09-01,2015-10-27,40,1.2,0.19999999999999996,Strong 1.0–1.4,0,,,Insufficient training,0.0874521331915965,0.027410016594566766,0.06004211659702974,,"Energy downtrend, high volatility",-0.1452129243272421,0.40075746399513396,False
S3 Strong and rising,2015-07,2015-09,2015-10-01,2015-11-25,40,1.4,0.19999999999999996,Strong 1.0–1.4,1,0.04169505767776427,,Insufficient training,0.13182606822746523,0.1013230074217486,0.03050306080571663,,"Energy downtrend, high volatility",-0.1996255332129966,0.26339031097000015,False
S3 Strong and rising,2015-08,2015-10,2015-11-02,2015-12-29,40,1.7,0.30000000000000004,Very strong 1.5–1.9,2,0.050868587137397,,Insufficient training,-0.09867924528301897,-0.0915199585911266,-0.007159286691892364,,"Energy downtrend, high volatility",-0.16519570697879715,0.2467578911886116,False
S3 Strong and rising,2015-09,2015-11,2015-12-01,2016-01-28,40,2.0,0.30000000000000004,Extreme ≥2.0,3,0.044080078360170215,1.0,Long COP / short XLE,-0.30187293426368,-0.16155011589978774,-0.14032281836389227,-0.07016140918194613,"Energy downtrend, high volatility",-0.12365325094185686,0.25367759399563405,False
S3 Strong and rising,2015-10,2015-12,2016-01-04,2016-03-01,40,2.3,0.2999999999999998,Extreme ≥2.0,4,0.03127023709715457,1.0,Long COP / short XLE,-0.25166489721069396,-0.03490691489361708,-0.21675798231707688,-0.10837899115853844,"Energy downtrend, high volatility",-0.1770077704084153,0.31699869012749293,False
S3 Strong and rising,2015-11,2016-01,2016-02-01,2016-03-29,40,2.5,0.20000000000000018,Extreme ≥2.0,5,-0.003048373995054798,-1.0,Long XLE / short COP,0.04421277095593723,0.08735789026350882,-0.04314511930757159,0.021572559653785794,"Energy downtrend, high volatility",-0.16548689221475,0.45225457747446907,False
S3 Strong and rising,2015-12,2016-02,2016-03-01,2016-04-26,40,2.6,0.10000000000000009,Extreme ≥2.0,5,-0.003048373995054798,-1.0,Long XLE / short COP,0.4112122101555611,0.1904161642378681,0.22079604591769297,-0.11039802295884649,"Energy downtrend, high volatility",-0.10507829680825687,0.3239366461194944,False
S3 Strong and rising,2018-11,2019-01,2019-02-01,2019-03-29,40,1.0,0.19999999999999996,Strong 1.0–1.4,8,-0.006793615710278686,-1.0,Long XLE / short COP,-0.01891704012562634,0.0336341322787963,-0.05255117240442264,0.02627558620221132,"Energy downtrend, high volatility",-0.1594603867061406,0.20094214613750863,False
S3 Strong and rising,2018-12,2019-02,2019-03-01,2019-04-26,40,1.1,0.10000000000000009,Strong 1.0–1.4,8,-0.006793615710278686,-1.0,Long XLE / short COP,-0.07798501982669981,0.017365495818921772,-0.09535051564562158,0.04767525782281079,"Energy downtrend, low volatility",-0.11684058417788978,0.15835460085881012,False
S3 Strong and rising,2023-07,2023-09,2023-10-02,2023-11-27,40,1.0,0.30000000000000004,Strong 1.0–1.4,10,-0.02022506137322737,-1.0,Long XLE / short COP,-0.04044257762791559,-0.06247922897972813,0.022036651351812542,-0.011018325675906271,"Energy uptrend, high volatility",0.11683917562323654,0.20841994980178302,True
S3 Strong and rising,2023-08,2023-10,2023-11-01,2023-12-28,40,1.3,0.30000000000000004,Strong 1.0–1.4,10,-0.02022506137322737,-1.0,Long XLE / short COP,-0.02003907245776504,-0.010489785722700762,-0.009549286735064277,0.004774643367532139,"Energy uptrend, high volatility",0.07546863659629555,0.24172431105719422,True
S3 Strong and rising,2023-09,2023-11,2023-12-01,2024-01-30,40,1.5,0.19999999999999996,Very strong 1.5–1.9,11,-0.016383087489132832,-1.0,Long XLE / short COP,-0.008519516647831349,0.015742822806648515,-0.024262339454479864,0.012131169727239932,"Energy uptrend, low volatility",0.1086662892331709,0.19942055098948733,True
S3 Strong and rising,2023-10,2023-12,2024-01-02,2024-02-28,40,1.7,0.19999999999999996,Very strong 1.5–1.9,12,-0.015813604092960454,-1.0,Long XLE / short COP,-0.037063172244532705,0.015278929290536203,-0.05234210153506891,0.026171050767534454,"Energy uptrend, low volatility",0.0503618506636061,0.18749763189145263,True
S3 Strong and rising,2023-11,2024-01,2024-02-01,2024-03-28,40,1.9,0.19999999999999996,Very strong 1.5–1.9,13,-0.01646350681307733,-1.0,Long XLE / short COP,0.14095068541926392,0.13419457419698344,0.006756111222280481,-0.0033780556111402404,"Energy downtrend, low volatility",-0.025834392837683184,0.20226579759569602,True
S3 Strong and rising,2023-12,2024-02,2024-03-01,2024-04-26,40,2.0,0.10000000000000009,Extreme ≥2.0,14,-0.01902626357893387,-1.0,Long XLE / short COP,0.14446397188049276,0.11239023710526785,0.032073734775224905,-0.016036867387612452,"Energy downtrend, low volatility",-0.009310470739447685,0.1557419186189925,True
S3 Strong and rising,2026-06,2026-08,2026-09-01,,40,1.4,0.4999999999999999,Strong 1.0–1.4,16,-0.014221115256723052,-1.0,Long XLE / short COP,,,,,"Energy uptrend, high volatility",0.13659619826264446,0.2344337844623667,True
S3 Strong and rising,2015-05,2015-07,2015-08-03,2015-10-26,60,1.0,0.09999999999999998,Strong 1.0–1.4,0,,,Insufficient training,0.07749902379752571,-0.02251521106468779,0.1000142348622135,,"Energy downtrend, high volatility",-0.0693224692962221,0.21192920053303027,False
S3 Strong and rising,2015-06,2015-08,2015-09-01,2015-11-24,60,1.2,0.19999999999999996,Strong 1.0–1.4,0,,,Insufficient training,0.16381992664266032,0.07472803377470827,0.08909189286795205,,"Energy downtrend, high volatility",-0.1452129243272421,0.40075746399513396,False
S3 Strong and rising,2015-07,2015-09,2015-10-01,2015-12-24,60,1.4,0.19999999999999996,Strong 1.0–1.4,0,,,Insufficient training,0.01131718748018673,0.0025472198862932505,0.00876996759389348,,"Energy downtrend, high volatility",-0.1996255332129966,0.26339031097000015,False
S3 Strong and rising,2015-08,2015-10,2015-11-02,2016-01-28,60,1.7,0.30000000000000004,Very strong 1.5–1.9,1,0.1000142348622135,,Insufficient training,-0.28264150943396227,-0.1558463751916236,-0.12679513424233868,,"Energy downtrend, high volatility",-0.16519570697879715,0.2467578911886116,False
S3 Strong and rising,2015-09,2015-11,2015-12-01,2016-02-26,60,2.0,0.30000000000000004,Extreme ≥2.0,2,0.09455306386508278,,Insufficient training,-0.36857205523283043,-0.15161798325574394,-0.2169540719770865,,"Energy downtrend, high volatility",-0.12365325094185686,0.25367759399563405,False
S3 Strong and rising,2015-10,2015-12,2016-01-04,2016-03-30,60,2.3,0.2999999999999998,Extreme ≥2.0,3,0.065958698441353,1.0,Long COP / short XLE,-0.12962069298330303,0.036576047491144514,-0.16619674047444755,-0.08309837023722377,"Energy downtrend, high volatility",-0.1770077704084153,0.31699869012749293,False
S3 Strong and rising,2015-11,2016-01,2016-02-01,2016-04-26,60,2.5,0.20000000000000018,Extreme ≥2.0,4,0.017770240270430088,1.0,Long COP / short XLE,0.2671819794942325,0.18500896293280444,0.08217301656142806,0.04108650828071403,"Energy downtrend, high volatility",-0.16548689221475,0.45225457747446907,False
S3 Strong and rising,2015-12,2016-02,2016-03-01,2016-05-24,60,2.6,0.10000000000000009,Extreme ≥2.0,5,-0.02917462217907323,-1.0,Long XLE / short COP,0.2829671911124094,0.17221083908322843,0.110756352029181,-0.0553781760145905,"Energy downtrend, high volatility",-0.10507829680825687,0.3239366461194944,False
S3 Strong and rising,2018-11,2019-01,2019-02-01,2019-04-29,60,1.0,0.19999999999999996,Strong 1.0–1.4,8,-0.01489256034740058,-1.0,Long XLE / short COP,-0.07904034407956928,0.03425944028380501,-0.11329978436337429,0.056649892181687145,"Energy downtrend, high volatility",-0.1594603867061406,0.20094214613750863,False
S3 Strong and rising,2018-12,2019-02,2019-03-01,2019-05-24,60,1.1,0.10000000000000009,Strong 1.0–1.4,8,-0.01489256034740058,-1.0,Long XLE / short COP,-0.11624391907199882,-0.05330622391479989,-0.06293769515719894,0.03146884757859947,"Energy downtrend, low volatility",-0.11684058417788978,0.15835460085881012,False
S3 Strong and rising,2023-07,2023-09,2023-10-02,2023-12-26,60,1.0,0.30000000000000004,Strong 1.0–1.4,10,-0.029537796229977785,-1.0,Long XLE / short COP,-0.005169647990196036,-0.04146760644651981,0.036297958456323776,-0.018148979228161888,"Energy uptrend, high volatility",0.11683917562323654,0.20841994980178302,True
S3 Strong and rising,2023-08,2023-10,2023-11-01,2024-01-29,60,1.3,0.30000000000000004,Strong 1.0–1.4,10,-0.029537796229977785,-1.0,Long XLE / short COP,-0.06125631318700964,-0.00931221793229553,-0.05194409525471411,0.025972047627357053,"Energy uptrend, high volatility",0.07546863659629555,0.24172431105719422,True
S3 Strong and rising,2023-09,2023-11,2023-12-01,2024-02-28,60,1.5,0.19999999999999996,Very strong 1.5–1.9,10,-0.029537796229977785,-1.0,Long XLE / short COP,-0.019148847186750806,0.024346762011598466,-0.04349560919834927,0.021747804599174636,"Energy uptrend, low volatility",0.1086662892331709,0.19942055098948733,True
S3 Strong and rising,2023-10,2023-12,2024-01-02,2024-03-27,60,1.7,0.19999999999999996,Very strong 1.5–1.9,11,-0.02355272762213219,-1.0,Long XLE / short COP,0.0901366229248799,0.11515022353231052,-0.02501360060743063,0.012506800303715315,"Energy uptrend, low volatility",0.0503618506636061,0.18749763189145263,True
S3 Strong and rising,2023-11,2024-01,2024-02-01,2024-04-26,60,1.9,0.19999999999999996,Very strong 1.5–1.9,12,-0.02591867492484735,-1.0,Long XLE / short COP,0.16748442228947935,0.1501725297491705,0.01731189254030885,-0.008655946270154424,"Energy downtrend, low volatility",-0.025834392837683184,0.20226579759569602,True
S3 Strong and rising,2023-12,2024-02,2024-03-01,2024-05-24,60,2.0,0.10000000000000009,Extreme ≥2.0,13,-0.027270746792039804,-1.0,Long XLE / short COP,0.036908475943604024,0.06161579239929349,-0.024707316455689465,0.012353658227844733,"Energy downtrend, low volatility",-0.009310470739447685,0.1557419186189925,True
S3 Strong and rising,2026-06,2026-08,2026-09-01,,60,1.4,0.4999999999999999,Strong 1.0–1.4,16,-0.024183045801208045,-1.0,Long XLE / short COP,,,,,"Energy uptrend, high volatility",0.13659619826264446,0.2344337844623667,True
S4 Rapid strengthening,2015-08,2015-10,2015-11-02,2015-11-02,1,1.7,0.30000000000000004,Very strong 1.5–1.9,0,,,Insufficient training,0.03660377358490563,0.029577048210588597,0.007026725374317033,,"Energy downtrend, high volatility",-0.16519570697879715,0.2467578911886116,False
S4 Rapid strengthening,2015-09,2015-11,2015-12-01,2015-12-01,1,2.0,0.30000000000000004,Extreme ≥2.0,1,0.007026725374317033,,Insufficient training,0.002754315093646653,0.007050528789659394,-0.004296213696012741,,"Energy downtrend, high volatility",-0.12365325094185686,0.25367759399563405,False
S4 Rapid strengthening,2023-07,2023-09,2023-10-02,2023-10-02,1,1.0,0.30000000000000004,Strong 1.0–1.4,2,0.0013652558391521463,,Insufficient training,-0.026114437791084466,-0.018610834164174084,-0.007503603626910382,,"Energy uptrend, high volatility",0.11683917562323654,0.20841994980178302,True
S4 Rapid strengthening,2023-08,2023-10,2023-11-01,2023-11-01,1,1.3,0.30000000000000004,Strong 1.0–1.4,3,-0.0015910306495353632,-1.0,Long XLE / short COP,-0.023518580515567433,-0.008631750845678354,-0.014886829669889079,0.0074434148349445395,"Energy uptrend, high volatility",0.07546863659629555,0.24172431105719422,True
S4 Rapid strengthening,2026-06,2026-08,2026-09-01,2026-09-01,1,1.4,0.4999999999999999,Strong 1.0–1.4,4,-0.004914980404623792,-1.0,Long XLE / short COP,0.008814814814814831,-0.0015415446277170508,0.010356359442531882,-0.005178179721265941,"Energy uptrend, high volatility",0.13659619826264446,0.2344337844623667,True
S4 Rapid strengthening,2015-08,2015-10,2015-11-02,2015-11-03,2,1.7,0.30000000000000004,Very strong 1.5–1.9,0,,,Insufficient training,0.07037735849056581,0.05590062111801242,0.014476737372553394,,"Energy downtrend, high volatility",-0.16519570697879715,0.2467578911886116,False
S4 Rapid strengthening,2015-09,2015-11,2015-12-01,2015-12-02,2,2.0,0.30000000000000004,Extreme ≥2.0,1,0.014476737372553394,,Insufficient training,-0.03507161219243493,-0.024089306698002244,-0.010982305494432687,,"Energy downtrend, high volatility",-0.12365325094185686,0.25367759399563405,False
S4 Rapid strengthening,2023-07,2023-09,2023-10-02,2023-10-03,2,1.0,0.30000000000000004,Strong 1.0–1.4,2,0.0017472159390603537,,Insufficient training,-0.02195608782435121,-0.019275506812894583,-0.0026805810114566286,,"Energy uptrend, high volatility",0.11683917562323654,0.20841994980178302,True
S4 Rapid strengthening,2023-08,2023-10,2023-11-01,2023-11-02,2,1.3,0.30000000000000004,Strong 1.0–1.4,3,0.00027128362222135954,1.0,Long COP / short XLE,0.02125878808168724,0.02134608655079906,-8.729846911181838e-05,-4.364923455590919e-05,"Energy uptrend, high volatility",0.07546863659629555,0.24172431105719422,True
S4 Rapid strengthening,2026-06,2026-08,2026-09-01,2026-09-02,2,1.4,0.4999999999999999,Strong 1.0–1.4,4,0.00018163809938806508,1.0,Long COP / short XLE,0.016296296296296253,0.003545552643749117,0.012750743652547136,0.006375371826273568,"Energy uptrend, high volatility",0.13659619826264446,0.2344337844623667,True
S4 Rapid strengthening,2015-08,2015-10,2015-11-02,2015-11-06,5,1.7,0.30000000000000004,Very strong 1.5–1.9,0,,,Insufficient training,0.052264150943396315,0.032238982549541495,0.02002516839385482,,"Energy downtrend, high volatility",-0.16519570697879715,0.2467578911886116,False
S4 Rapid strengthening,2015-09,2015-11,2015-12-01,2015-12-07,5,2.0,0.30000000000000004,Extreme ≥2.0,1,0.02002516839385482,,Insufficient training,-0.10044069041498349,-0.08578143360752033,-0.014659256807463161,,"Energy downtrend, high volatility",-0.12365325094185686,0.25367759399563405,False
S4 Rapid strengthening,2023-07,2023-09,2023-10-02,2023-10-06,5,1.0,0.30000000000000004,Strong 1.0–1.4,2,0.0026829557931958292,,Insufficient training,-0.0408349966733198,-0.05029356375318483,0.009458567079865032,,"Energy uptrend, high volatility",0.11683917562323654,0.20841994980178302,True
S4 Rapid strengthening,2023-08,2023-10,2023-11-01,2023-11-07,5,1.3,0.30000000000000004,Strong 1.0–1.4,3,0.00494149288875223,1.0,Long COP / short XLE,-0.03540341479745557,-0.022512539367782414,-0.012890875429673154,-0.006445437714836577,"Energy uptrend, high volatility",0.07546863659629555,0.24172431105719422,True
S4 Rapid strengthening,2026-06,2026-08,2026-09-01,2026-09-08,5,1.4,0.4999999999999999,Strong 1.0–1.4,4,0.0004834008091458841,1.0,Long COP / short XLE,0.00029629629629646104,-0.0015415446277168288,0.0018378409240132898,0.0009189204620066449,"Energy uptrend, high volatility",0.13659619826264446,0.2344337844623667,True
S4 Rapid strengthening,2015-08,2015-10,2015-11-02,2015-11-13,10,1.7,0.30000000000000004,Very strong 1.5–1.9,0,,,Insufficient training,-0.022075471698113303,-0.024253179532682356,0.0021777078345690537,,"Energy downtrend, high volatility",-0.16519570697879715,0.2467578911886116,False
S4 Rapid strengthening,2015-09,2015-11,2015-12-01,2015-12-14,10,2.0,0.30000000000000004,Extreme ≥2.0,1,0.0021777078345690537,,Insufficient training,-0.09052515607785538,-0.10722679200940055,0.016701635931545167,,"Energy downtrend, high volatility",-0.12365325094185686,0.25367759399563405,False
S4 Rapid strengthening,2023-07,2023-09,2023-10-02,2023-10-13,10,1.0,0.30000000000000004,Strong 1.0–1.4,2,0.00943967188305711,,Insufficient training,0.03842315369261473,-0.007532956685499359,0.04595611037811409,,"Energy uptrend, high volatility",0.11683917562323654,0.20841994980178302,True
S4 Rapid strengthening,2023-08,2023-10,2023-11-01,2023-11-14,10,1.3,0.30000000000000004,Strong 1.0–1.4,3,0.021611818048076104,1.0,Long COP / short XLE,-0.02811428696798457,-0.011314592324740413,-0.016799694643244156,-0.008399847321622078,"Energy uptrend, high volatility",0.07546863659629555,0.24172431105719422,True
S4 Rapid strengthening,2026-06,2026-08,2026-09-01,,10,1.4,0.4999999999999999,Strong 1.0–1.4,4,0.012008939875246039,1.0,Long COP / short XLE,,,,,"Energy uptrend, high volatility",0.13659619826264446,0.2344337844623667,True
S4 Rapid strengthening,2015-08,2015-10,2015-11-02,2015-11-30,20,1.7,0.30000000000000004,Very strong 1.5–1.9,0,,,Insufficient training,0.01981132075471681,0.005915409642117675,0.013895911112599135,,"Energy downtrend, high volatility",-0.16519570697879715,0.2467578911886116,False
S4 Rapid strengthening,2015-09,2015-11,2015-12-01,2015-12-29,20,2.0,0.30000000000000004,Extreme ≥2.0,1,0.013895911112599135,,Insufficient training,-0.12284245317664355,-0.09765833724929429,-0.02518411592734926,,"Energy downtrend, high volatility",-0.12365325094185686,0.25367759399563405,False
S4 Rapid strengthening,2023-07,2023-09,2023-10-02,2023-10-27,20,1.0,0.30000000000000004,Strong 1.0–1.4,2,-0.005644102407375062,,Insufficient training,-0.020292747837657887,-0.062479228979727686,0.0421864811420698,,"Energy uptrend, high volatility",0.11683917562323654,0.20841994980178302,True
S4 Rapid strengthening,2023-08,2023-10,2023-11-01,2023-11-29,20,1.3,0.30000000000000004,Strong 1.0–1.4,3,0.010299425442439891,1.0,Long COP / short XLE,-0.041320627364905604,-0.019946343170418768,-0.021374284194486837,-0.010687142097243418,"Energy uptrend, high volatility",0.07546863659629555,0.24172431105719422,True
S4 Rapid strengthening,2026-06,2026-08,2026-09-01,,20,1.4,0.4999999999999999,Strong 1.0–1.4,4,0.0023809980332082092,1.0,Long COP / short XLE,,,,,"Energy uptrend, high volatility",0.13659619826264446,0.2344337844623667,True
S4 Rapid strengthening,2015-08,2015-10,2015-11-02,2015-12-29,40,1.7,0.30000000000000004,Very strong 1.5–1.9,0,,,Insufficient training,-0.09867924528301897,-0.0915199585911266,-0.007159286691892364,,"Energy downtrend, high volatility",-0.16519570697879715,0.2467578911886116,False
S4 Rapid strengthening,2015-09,2015-11,2015-12-01,2016-01-28,40,2.0,0.30000000000000004,Extreme ≥2.0,0,,,Insufficient training,-0.30187293426368,-0.16155011589978774,-0.14032281836389227,,"Energy downtrend, high volatility",-0.12365325094185686,0.25367759399563405,False
S4 Rapid strengthening,2023-07,2023-09,2023-10-02,2023-11-27,40,1.0,0.30000000000000004,Strong 1.0–1.4,2,-0.07374105252789231,,Insufficient training,-0.04044257762791559,-0.06247922897972813,0.022036651351812542,,"Energy uptrend, high volatility",0.11683917562323654,0.20841994980178302,True
S4 Rapid strengthening,2023-08,2023-10,2023-11-01,2023-12-28,40,1.3,0.30000000000000004,Strong 1.0–1.4,2,-0.07374105252789231,,Insufficient training,-0.02003907245776504,-0.010489785722700762,-0.009549286735064277,,"Energy uptrend, high volatility",0.07546863659629555,0.24172431105719422,True
S4 Rapid strengthening,2026-06,2026-08,2026-09-01,,40,1.4,0.4999999999999999,Strong 1.0–1.4,4,-0.03374868510975909,-1.0,Long XLE / short COP,,,,,"Energy uptrend, high volatility",0.13659619826264446,0.2344337844623667,True
S4 Rapid strengthening,2015-08,2015-10,2015-11-02,2016-01-28,60,1.7,0.30000000000000004,Very strong 1.5–1.9,0,,,Insufficient training,-0.28264150943396227,-0.1558463751916236,-0.12679513424233868,,"Energy downtrend, high volatility",-0.16519570697879715,0.2467578911886116,False
S4 Rapid strengthening,2015-09,2015-11,2015-12-01,2016-02-26,60,2.0,0.30000000000000004,Extreme ≥2.0,0,,,Insufficient training,-0.36857205523283043,-0.15161798325574394,-0.2169540719770865,,"Energy downtrend, high volatility",-0.12365325094185686,0.25367759399563405,False
S4 Rapid strengthening,2023-07,2023-09,2023-10-02,2023-12-26,60,1.0,0.30000000000000004,Strong 1.0–1.4,2,-0.1718746031097126,,Insufficient training,-0.005169647990196036,-0.04146760644651981,0.036297958456323776,,"Energy uptrend, high volatility",0.11683917562323654,0.20841994980178302,True
S4 Rapid strengthening,2023-08,2023-10,2023-11-01,2024-01-29,60,1.3,0.30000000000000004,Strong 1.0–1.4,2,-0.1718746031097126,,Insufficient training,-0.06125631318700964,-0.00931221793229553,-0.05194409525471411,,"Energy uptrend, high volatility",0.07546863659629555,0.24172431105719422,True
S4 Rapid strengthening,2026-06,2026-08,2026-09-01,,60,1.4,0.4999999999999999,Strong 1.0–1.4,4,-0.08984883575445388,-1.0,Long XLE / short COP,,,,,"Energy uptrend, high volatility",0.13659619826264446,0.2344337844623667,True
S5 Strong but cooling,2016-01,2016-03,2016-04-01,2016-04-01,1,2.5,-0.10000000000000009,Extreme ≥2.0,0,,,Insufficient training,0.00990099009900991,0.003946070371588339,0.00595491972742157,,"Energy uptrend, high volatility",0.05211410952349649,0.24815211344629062,False
S5 Strong but cooling,2016-02,2016-04,2016-05-02,2016-05-02,1,2.2,-0.2999999999999998,Extreme ≥2.0,1,0.00595491972742157,,Insufficient training,-0.014928511354079022,0.0007420599584448961,-0.015670571312523918,,"Energy uptrend, high volatility",0.020193141823793503,0.21604248566127512,False
S5 Strong but cooling,2016-03,2016-05,2016-06-01,2016-06-01,1,1.7,-0.5000000000000002,Very strong 1.5–1.9,2,-0.004857825792551174,,Insufficient training,0.015909614941203687,0.01011778918755657,0.005791825753647117,,"Energy uptrend, high volatility",0.0029164461998738567,0.1743690634882541,False
S5 Strong but cooling,2016-04,2016-06,2016-07-01,2016-07-01,1,1.1,-0.5999999999999999,Strong 1.0–1.4,3,-0.00130794194381841,-1.0,Long XLE / short COP,-0.007753705815279455,0.006455399061032763,-0.014209104876312217,0.007104552438156109,"Energy uptrend, high volatility",0.15195116974877254,0.26911408964981987,False
S5 Strong but cooling,2019-01,2019-03,2019-04-01,2019-04-01,1,1.0,-0.10000000000000009,Strong 1.0–1.4,4,-0.004533232676941862,-1.0,Long XLE / short COP,0.002963401985479397,0.006460336538461453,-0.003496934552982056,0.001748467276491028,"Energy downtrend, high volatility",-0.11431357955505528,0.17463665377502027,False
S5 Strong but cooling,2024-01,2024-03,2024-04-01,2024-04-01,1,1.8,-0.19999999999999996,Very strong 1.5–1.9,5,-0.004325973052149901,-1.0,Long XLE / short COP,0.005312500000000053,0.004435526454747096,0.000876973545252957,-0.0004384867726264785,"Energy uptrend, low volatility",0.04261672824314222,0.10936680779990915,True
S5 Strong but cooling,2024-02,2024-04,2024-05-01,2024-05-01,1,1.5,-0.30000000000000004,Very strong 1.5–1.9,6,-0.003458815285916091,-1.0,Long XLE / short COP,-0.005916213623281097,-0.014562587000749527,0.00864637337746843,-0.004323186688734215,"Energy uptrend, low volatility",0.12455885044422454,0.15866667262004114,True
S5 Strong but cooling,2024-03,2024-05,2024-06-03,2024-06-03,1,1.2,-0.30000000000000004,Strong 1.0–1.4,7,-0.0017295026197183022,-1.0,Long XLE / short COP,-0.020557371408911118,-0.02293034772311331,0.002372976314202191,-0.0011864881571010955,"Energy uptrend, low volatility",0.12884747463031543,0.1646939065699731,True
S5 Strong but cooling,2016-01,2016-03,2016-04-01,2016-04-04,2,2.5,-0.10000000000000009,Extreme ≥2.0,0,,,Insufficient training,-0.007362274689007298,-0.00346596514304498,-0.0038963095459623176,,"Energy uptrend, high volatility",0.05211410952349649,0.24815211344629062,False
S5 Strong but cooling,2016-02,2016-04,2016-05-02,2016-05-03,2,2.2,-0.2999999999999998,Extreme ≥2.0,1,-0.0038963095459623176,,Insufficient training,-0.052144659377628244,-0.022855446720094763,-0.02928921265753348,,"Energy uptrend, high volatility",0.020193141823793503,0.21604248566127512,False
S5 Strong but cooling,2016-03,2016-05,2016-06-01,2016-06-02,2,1.7,-0.5000000000000002,Very strong 1.5–1.9,2,-0.0165927611017479,,Insufficient training,0.02328798708784885,0.008758683177287674,0.014529303910561175,,"Energy uptrend, high volatility",0.0029164461998738567,0.1743690634882541,False
S5 Strong but cooling,2016-04,2016-06,2016-07-01,2016-07-05,2,1.1,-0.5999999999999999,Strong 1.0–1.4,3,-0.006218739430978208,-1.0,Long XLE / short COP,-0.04903078677309003,-0.01379107981220662,-0.03523970696088341,0.017619853480441705,"Energy uptrend, high volatility",0.15195116974877254,0.26911408964981987,False
S5 Strong but cooling,2019-01,2019-03,2019-04-01,2019-04-02,2,1.0,-0.10000000000000009,Strong 1.0–1.4,4,-0.013473981313454508,-1.0,Long XLE / short COP,-0.016891391317232274,-0.0004507211538461453,-0.01644067016338613,0.008220335081693064,"Energy downtrend, high volatility",-0.11431357955505528,0.17463665377502027,False
S5 Strong but cooling,2024-01,2024-03,2024-04-01,2024-04-02,2,1.8,-0.19999999999999996,Very strong 1.5–1.9,5,-0.014067319083440832,-1.0,Long XLE / short COP,0.020859374999999902,0.018481360228112864,0.002378014771887038,-0.001189007385943519,"Energy uptrend, low volatility",0.04261672824314222,0.10936680779990915,True
S5 Strong but cooling,2024-02,2024-04,2024-05-01,2024-05-02,2,1.5,-0.30000000000000004,Very strong 1.5–1.9,6,-0.011326430107552854,-1.0,Long XLE / short COP,-0.022625519667412886,-0.008887461184280965,-0.01373805848313192,0.00686902924156596,"Energy uptrend, low volatility",0.12455885044422454,0.15866667262004114,True
S5 Strong but cooling,2024-03,2024-05,2024-06-03,2024-06-04,2,1.2,-0.30000000000000004,Strong 1.0–1.4,7,-0.011670948446921292,-1.0,Long XLE / short COP,-0.03431962841906089,-0.03229626439875122,-0.0020233640203096703,0.0010116820101548352,"Energy uptrend, low volatility",0.12884747463031543,0.1646939065699731,True
S5 Strong but cooling,2016-01,2016-03,2016-04-01,2016-04-07,5,2.5,-0.10000000000000009,Extreme ≥2.0,0,,,Insufficient training,0.023356181772023366,0.005261427162117638,0.018094754609905728,,"Energy uptrend, high volatility",0.05211410952349649,0.24815211344629062,False
S5 Strong but cooling,2016-02,2016-04,2016-05-02,2016-05-06,5,2.2,-0.2999999999999998,Extreme ≥2.0,1,0.018094754609905728,,Insufficient training,-0.10092514718250611,-0.03131493024636378,-0.06961021693614233,,"Energy uptrend, high volatility",0.020193141823793503,0.21604248566127512,False
S5 Strong but cooling,2016-03,2016-05,2016-06-01,2016-06-07,5,1.7,-0.5000000000000002,Very strong 1.5–1.9,2,-0.025757731163118303,,Insufficient training,0.0961494120359696,0.05028692237994581,0.0458624896560238,,"Energy uptrend, high volatility",0.0029164461998738567,0.1743690634882541,False
S5 Strong but cooling,2016-04,2016-06,2016-07-01,2016-07-08,5,1.1,-0.5999999999999999,Strong 1.0–1.4,3,-0.0018843242234042694,-1.0,Long XLE / short COP,-0.03534777651083243,-0.006602112676056482,-0.028745663834775947,0.014372831917387974,"Energy uptrend, high volatility",0.15195116974877254,0.26911408964981987,False
S5 Strong but cooling,2019-01,2019-03,2019-04-01,2019-04-05,5,1.0,-0.10000000000000009,Strong 1.0–1.4,4,-0.008599659126247189,-1.0,Long XLE / short COP,-0.020299303600533336,0.01577524038461542,-0.036074543985148755,0.018037271992574377,"Energy downtrend, high volatility",-0.11431357955505528,0.17463665377502027,False
S5 Strong but cooling,2024-01,2024-03,2024-04-01,2024-04-05,5,1.8,-0.19999999999999996,Very strong 1.5–1.9,5,-0.014094636098027502,-1.0,Long XLE / short COP,0.04312499999999986,0.03580103495617282,0.007323965043827041,-0.0036619825219135205,"Energy uptrend, low volatility",0.04261672824314222,0.10936680779990915,True
S5 Strong but cooling,2024-02,2024-04,2024-05-01,2024-05-07,5,1.5,-0.30000000000000004,Very strong 1.5–1.9,6,-0.010524869241051745,-1.0,Long XLE / short COP,-0.012312120243044622,-0.0019274012206874636,-0.010384719022357158,0.005192359511178579,"Energy uptrend, low volatility",0.12455885044422454,0.15866667262004114,True
S5 Strong but cooling,2024-03,2024-05,2024-06-03,2024-06-07,5,1.2,-0.30000000000000004,Strong 1.0–1.4,7,-0.010504847781238233,-1.0,Long XLE / short COP,-0.03664200928952355,-0.031219722252126436,-0.005422287037397111,0.0027111435186985555,"Energy uptrend, low volatility",0.12884747463031543,0.1646939065699731,True
S5 Strong but cooling,2016-01,2016-03,2016-04-01,2016-04-14,10,2.5,-0.10000000000000009,Extreme ≥2.0,0,,,Insufficient training,0.12261995430312256,0.05902663597500779,0.06359331832811477,,"Energy uptrend, high volatility",0.05211410952349649,0.24815211344629062,False
S5 Strong but cooling,2016-02,2016-04,2016-05-02,2016-05-13,10,2.2,-0.2999999999999998,Extreme ≥2.0,1,0.06359331832811477,,Insufficient training,-0.095458368376787,-0.03547046601365389,-0.059987902363133117,,"Energy uptrend, high volatility",0.020193141823793503,0.21604248566127512,False
S5 Strong but cooling,2016-03,2016-05,2016-06-01,2016-06-14,10,1.7,-0.5000000000000002,Very strong 1.5–1.9,2,0.0018027079824908254,,Insufficient training,0.02190454231035277,0.01374207188160681,0.00816247042874596,,"Energy uptrend, high volatility",0.0029164461998738567,0.1743690634882541,False
S5 Strong but cooling,2016-04,2016-06,2016-07-01,2016-07-15,10,1.1,-0.5999999999999999,Strong 1.0–1.4,3,0.003922628797909204,1.0,Long COP / short XLE,-0.020752565564424064,0.015698356807511527,-0.03645092237193559,-0.018225461185967795,"Energy uptrend, high volatility",0.15195116974877254,0.26911408964981987,False
S5 Strong but cooling,2019-01,2019-03,2019-04-01,2019-04-12,10,1.0,-0.10000000000000009,Strong 1.0–1.4,4,-0.006170758994551995,-1.0,Long XLE / short COP,-0.0017780411912872163,0.015024038461538547,-0.016802079652825763,0.008401039826412882,"Energy downtrend, high volatility",-0.11431357955505528,0.17463665377502027,False
S5 Strong but cooling,2024-01,2024-03,2024-04-01,2024-04-12,10,1.8,-0.19999999999999996,Very strong 1.5–1.9,5,-0.008297023126206749,-1.0,Long XLE / short COP,0.02499999999999969,0.01520751927341868,0.00979248072658101,-0.004896240363290505,"Energy uptrend, low volatility",0.04261672824314222,0.10936680779990915,True
S5 Strong but cooling,2024-02,2024-04,2024-05-01,2024-05-14,10,1.5,-0.30000000000000004,Very strong 1.5–1.9,6,-0.005282105817408789,-1.0,Long XLE / short COP,-0.02610782220533825,0.0033194132134062304,-0.02942723541874448,0.01471361770937224,"Energy uptrend, low volatility",0.12455885044422454,0.15866667262004114,True
S5 Strong but cooling,2024-03,2024-05,2024-06-03,2024-06-14,10,1.2,-0.30000000000000004,Strong 1.0–1.4,7,-0.00873141004617103,-1.0,Long XLE / short COP,-0.05909169103733003,-0.05221229411131445,-0.00687939692601558,0.00343969846300779,"Energy uptrend, low volatility",0.12884747463031543,0.1646939065699731,True
S5 Strong but cooling,2016-01,2016-03,2016-04-01,2016-04-28,20,2.5,-0.10000000000000009,Extreme ≥2.0,0,,,Insufficient training,0.21020563594821007,0.11164090759618528,0.09856472835202479,,"Energy uptrend, high volatility",0.05211410952349649,0.24815211344629062,False
S5 Strong but cooling,2016-02,2016-04,2016-05-02,2016-05-27,20,2.2,-0.2999999999999998,Extreme ≥2.0,1,0.09856472835202479,,Insufficient training,-0.06253762279439679,-0.0037102997922230374,-0.05882732300217375,,"Energy uptrend, high volatility",0.020193141823793503,0.21604248566127512,False
S5 Strong but cooling,2016-03,2016-05,2016-06-01,2016-06-28,20,1.7,-0.5000000000000002,Very strong 1.5–1.9,2,0.01986870267492552,,Insufficient training,-0.03274152640073802,0.009868558137548611,-0.04261008453828663,,"Energy uptrend, high volatility",0.0029164461998738567,0.1743690634882541,False
S5 Strong but cooling,2016-04,2016-06,2016-07-01,2016-07-29,20,1.1,-0.5999999999999999,Strong 1.0–1.4,3,-0.0009575597294785299,-1.0,Long XLE / short COP,-0.06342850982771753,-0.011443661971831331,-0.051984847855886196,0.025992423927943098,"Energy uptrend, high volatility",0.15195116974877254,0.26911408964981987,False
S5 Strong but cooling,2019-01,2019-03,2019-04-01,2019-04-29,20,1.0,-0.10000000000000009,Strong 1.0–1.4,4,-0.013714381761080446,-1.0,Long XLE / short COP,-0.07171432804859956,-0.006009615384615308,-0.06570471266398425,0.03285235633199213,"Energy downtrend, high volatility",-0.11431357955505528,0.17463665377502027,False
S5 Strong but cooling,2024-01,2024-03,2024-04-01,2024-04-26,20,1.8,-0.19999999999999996,Very strong 1.5–1.9,5,-0.02411244794166121,-1.0,Long XLE / short COP,0.01749999999999985,0.011088816136867186,0.006411183863132663,-0.0032055919315663317,"Energy uptrend, low volatility",0.04261672824314222,0.10936680779990915,True
S5 Strong but cooling,2024-02,2024-04,2024-05-01,2024-05-29,20,1.5,-0.30000000000000004,Very strong 1.5–1.9,6,-0.019025175974195563,-1.0,Long XLE / short COP,-0.07269436970559517,-0.029018096155905226,-0.04367627354968995,0.021838136774844974,"Energy uptrend, low volatility",0.12455885044422454,0.15866667262004114,True
S5 Strong but cooling,2024-03,2024-05,2024-06-03,2024-07-01,20,1.2,-0.30000000000000004,Strong 1.0–1.4,7,-0.02254676134212333,-1.0,Long XLE / short COP,-0.01634268019955243,-0.01050475296660014,-0.005837927232952289,0.0029189636164761446,"Energy uptrend, low volatility",0.12884747463031543,0.1646939065699731,True
S5 Strong but cooling,2016-01,2016-03,2016-04-01,2016-05-26,40,2.5,-0.10000000000000009,Extreme ≥2.0,0,,,Insufficient training,0.1421177455504239,0.10309108845774362,0.03902665709268027,,"Energy uptrend, high volatility",0.05211410952349649,0.24815211344629062,False
S5 Strong but cooling,2016-02,2016-04,2016-05-02,2016-06-27,40,2.2,-0.2999999999999998,Extreme ≥2.0,0,,,Insufficient training,-0.13761074345940694,-0.034405586237129526,-0.10320515722227741,,"Energy uptrend, high volatility",0.020193141823793503,0.21604248566127512,False
S5 Strong but cooling,2016-03,2016-05,2016-06-01,2016-07-27,40,1.7,-0.5000000000000002,Very strong 1.5–1.9,1,0.03902665709268027,,Insufficient training,-0.07046135276448484,0.013668484981834927,-0.08412983774631977,,"Energy uptrend, high volatility",0.0029164461998738567,0.1743690634882541,False
S5 Strong but cooling,2016-04,2016-06,2016-07-01,2016-08-26,40,1.1,-0.5999999999999999,Strong 1.0–1.4,2,-0.03208925006479857,,Insufficient training,-0.02947148372641928,0.017899061032862873,-0.04737054475928215,,"Energy uptrend, high volatility",0.15195116974877254,0.26911408964981987,False
S5 Strong but cooling,2019-01,2019-03,2019-04-01,2019-05-28,40,1.0,-0.10000000000000009,Strong 1.0–1.4,4,-0.048919720658799765,-1.0,Long XLE / short COP,-0.10585584647816515,-0.08383413461538447,-0.02202171186278068,0.01101085593139034,"Energy downtrend, high volatility",-0.11431357955505528,0.17463665377502027,False
S5 Strong but cooling,2024-01,2024-03,2024-04-01,2024-05-24,40,1.8,-0.19999999999999996,Very strong 1.5–1.9,5,-0.04354011889959595,-1.0,Long XLE / short COP,-0.07812355810639049,-0.035061780547049004,-0.043061777559341485,0.021530888779670743,"Energy uptrend, low volatility",0.04261672824314222,0.10936680779990915,True
S5 Strong but cooling,2024-02,2024-04,2024-05-01,2024-06-27,40,1.5,-0.30000000000000004,Very strong 1.5–1.9,5,-0.04354011889959595,-1.0,Long XLE / short COP,-0.0829932955778453,-0.02011906005359132,-0.06287423552425397,0.03143711776212699,"Energy uptrend, low volatility",0.12455885044422454,0.15866667262004114,True
S5 Strong but cooling,2024-03,2024-05,2024-06-03,2024-07-30,40,1.2,-0.30000000000000004,Strong 1.0–1.4,6,-0.04346039534288687,-1.0,Long XLE / short COP,-0.054618957509030897,0.007071807342545977,-0.061690764851576874,0.030845382425788437,"Energy uptrend, low volatility",0.12884747463031543,0.1646939065699731,True
S5 Strong but cooling,2016-01,2016-03,2016-04-01,2016-06-24,60,2.5,-0.10000000000000009,Extreme ≥2.0,0,,,Insufficient training,0.10228533591352096,0.10515807779551789,-0.002872741881996932,,"Energy uptrend, high volatility",0.05211410952349649,0.24815211344629062,False
S5 Strong but cooling,2016-02,2016-04,2016-05-02,2016-07-26,60,2.2,-0.2999999999999998,Extreme ≥2.0,0,,,Insufficient training,-0.13214463580282776,0.006076481542841794,-0.13822111734566955,,"Energy uptrend, high volatility",0.020193141823793503,0.21604248566127512,False
S5 Strong but cooling,2016-03,2016-05,2016-06-01,2016-08-24,60,1.7,-0.5000000000000002,Very strong 1.5–1.9,0,,,Insufficient training,-0.003419508728781162,0.06109157199852855,-0.06451108072730971,,"Energy uptrend, high volatility",0.0029164461998738567,0.1743690634882541,False
S5 Strong but cooling,2016-04,2016-06,2016-07-01,2016-09-26,60,1.1,-0.5999999999999999,Strong 1.0–1.4,1,-0.002872741881996932,,Insufficient training,-0.08178365907166185,-0.006017480754306748,-0.0757661783173551,,"Energy uptrend, high volatility",0.15195116974877254,0.26911408964981987,False
S5 Strong but cooling,2019-01,2019-03,2019-04-01,2019-06-25,60,1.0,-0.10000000000000009,Strong 1.0–1.4,4,-0.07034277956808282,-1.0,Long XLE / short COP,-0.11002504486261355,-0.05263287873246636,-0.05739216613014719,0.028696083065073597,"Energy downtrend, high volatility",-0.11431357955505528,0.17463665377502027,False
S5 Strong but cooling,2024-01,2024-03,2024-04-01,2024-06-25,60,1.8,-0.19999999999999996,Very strong 1.5–1.9,5,-0.0677526568804957,-1.0,Long XLE / short COP,-0.09589277566442478,-0.02622785330497346,-0.06966492235945132,0.03483246117972566,"Energy uptrend, low volatility",0.04261672824314222,0.10936680779990915,True
S5 Strong but cooling,2024-02,2024-04,2024-05-01,2024-07-26,60,1.5,-0.30000000000000004,Very strong 1.5–1.9,5,-0.0677526568804957,-1.0,Long XLE / short COP,-0.10801646703307788,-0.005118680025776867,-0.10289778700730101,0.051448893503650506,"Energy uptrend, low volatility",0.12455885044422454,0.15866667262004114,True
S5 Strong but cooling,2024-03,2024-05,2024-06-03,2024-08-27,60,1.2,-0.30000000000000004,Strong 1.0–1.4,5,-0.0677526568804957,-1.0,Long XLE / short COP,-0.02608796196661467,-0.019727022264608762,-0.006360939702005908,0.003180469851002954,"Energy uptrend, low volatility",0.12884747463031543,0.1646939065699731,True
