episode,date,series,return
2009-05 to 2010-04,2009-08-03,Core MA + ATR,0.0
2009-05 to 2010-04,2009-08-04,Core MA + ATR,0.0
2009-05 to 2010-04,2009-08-05,Core MA + ATR,-0.0020325285254057454
2009-05 to 2010-04,2009-08-06,Core MA + ATR,0.000921042077757648
2009-05 to 2010-04,2009-08-07,Core MA + ATR,0.0007575757575757902
2009-05 to 2010-04,2009-08-10,Core MA + ATR,0.0005568788311139141
2009-05 to 2010-04,2009-08-11,Core MA + ATR,-0.002755348902908062
2009-05 to 2010-04,2009-08-12,Core MA + ATR,0.008928571428571425
2009-05 to 2010-04,2009-08-13,Core MA + ATR,0.0017577195432495823
2009-05 to 2010-04,2009-08-14,Core MA + ATR,-0.0026893988043290226
2009-05 to 2010-04,2009-08-17,Core MA + ATR,-0.004728546409807369
2009-05 to 2010-04,2009-08-18,Core MA + ATR,0.00013651255915544946
2009-05 to 2010-04,2009-08-19,Core MA + ATR,9.090909090908594e-05
2009-05 to 2010-04,2009-08-20,Core MA + ATR,-0.0003662790697674354
2009-05 to 2010-04,2009-08-21,Core MA + ATR,0.0
2009-05 to 2010-04,2009-08-24,Core MA + ATR,0.0
2009-05 to 2010-04,2009-08-25,Core MA + ATR,0.0
2009-05 to 2010-04,2009-08-26,Core MA + ATR,0.0
2009-05 to 2010-04,2009-08-27,Core MA + ATR,0.0
2009-05 to 2010-04,2009-08-28,Core MA + ATR,-0.006582123911004181
2009-05 to 2010-04,2009-08-31,Core MA + ATR,-0.01855932044469939
2009-05 to 2010-04,2009-09-01,Core MA + ATR,-0.004831512237762233
2009-05 to 2010-04,2009-09-02,Core MA + ATR,-0.0016383058947521643
2009-05 to 2010-04,2009-09-03,Core MA + ATR,0.0
2009-05 to 2010-04,2009-09-04,Core MA + ATR,0.0
2009-05 to 2010-04,2009-09-08,Core MA + ATR,0.0
2009-05 to 2010-04,2009-09-09,Core MA + ATR,0.0016528253424657503
2009-05 to 2010-04,2009-09-10,Core MA + ATR,-0.000913125449164786
2009-05 to 2010-04,2009-09-11,Core MA + ATR,-0.0032978022339666645
2009-05 to 2010-04,2009-09-14,Core MA + ATR,-0.0016325757575757459
2009-05 to 2010-04,2009-09-15,Core MA + ATR,0.0
2009-05 to 2010-04,2009-09-16,Core MA + ATR,-0.0005877874464279667
2009-05 to 2010-04,2009-09-17,Core MA + ATR,-0.0004038080550419729
2009-05 to 2010-04,2009-09-18,Core MA + ATR,-0.0011866461748633837
2009-05 to 2010-04,2009-09-21,Core MA + ATR,-0.002436638643880936
2009-05 to 2010-04,2009-09-22,Core MA + ATR,0.0
2009-05 to 2010-04,2009-09-23,Core MA + ATR,-0.0013128160466326332
2009-05 to 2010-04,2009-09-24,Core MA + ATR,0.003224685130422209
2009-05 to 2010-04,2009-09-25,Core MA + ATR,0.0
2009-05 to 2010-04,2009-09-28,Core MA + ATR,0.0
2009-05 to 2010-04,2009-09-29,Core MA + ATR,-0.0006568130630630573
2009-05 to 2010-04,2009-09-30,Core MA + ATR,-0.007274744545357755
2009-05 to 2010-04,2009-10-01,Core MA + ATR,-0.0010861954358355151
2009-05 to 2010-04,2009-10-02,Core MA + ATR,0.0029588740375716474
2009-05 to 2010-04,2009-10-05,Core MA + ATR,0.002648591589014433
2009-05 to 2010-04,2009-10-06,Core MA + ATR,0.00024092515258591907
2009-05 to 2010-04,2009-10-07,Core MA + ATR,0.0018965046717268762
2009-05 to 2010-04,2009-10-08,Core MA + ATR,0.0021180562998070647
2009-05 to 2010-04,2009-10-09,Core MA + ATR,-0.004738195277588515
2009-05 to 2010-04,2009-10-12,Core MA + ATR,6.298981191224873e-05
2009-05 to 2010-04,2009-10-13,Core MA + ATR,-0.004422354414527249
2009-05 to 2010-04,2009-10-14,Core MA + ATR,0.0019753833982473247
2009-05 to 2010-04,2009-10-15,Core MA + ATR,0.0
2009-05 to 2010-04,2009-10-16,Core MA + ATR,0.0
2009-05 to 2010-04,2009-10-19,Core MA + ATR,0.00042677349791789634
2009-05 to 2010-04,2009-10-20,Core MA + ATR,-0.0003899585308056833
2009-05 to 2010-04,2009-10-21,Core MA + ATR,0.0
2009-05 to 2010-04,2009-10-22,Core MA + ATR,0.0
2009-05 to 2010-04,2009-10-23,Core MA + ATR,-0.007577193589679128
2009-05 to 2010-04,2009-10-26,Core MA + ATR,9.607410379883934e-05
2009-05 to 2010-04,2009-10-27,Core MA + ATR,0.0
2009-05 to 2010-04,2009-10-28,Core MA + ATR,0.0
2009-05 to 2010-04,2009-10-29,Core MA + ATR,0.0
2009-05 to 2010-04,2009-10-30,Core MA + ATR,0.0
2009-05 to 2010-04,2009-11-02,Core MA + ATR,0.0021586000028790387
2009-05 to 2010-04,2009-11-03,Core MA + ATR,0.0013782078638898353
2009-05 to 2010-04,2009-11-04,Core MA + ATR,0.0003694533217137807
2009-05 to 2010-04,2009-11-05,Core MA + ATR,-0.0017209403627076237
2009-05 to 2010-04,2009-11-06,Core MA + ATR,0.000751566428628858
2009-05 to 2010-04,2009-11-09,Core MA + ATR,0.000936777552943753
2009-05 to 2010-04,2009-11-10,Core MA + ATR,-0.0017638758231420526
2009-05 to 2010-04,2009-11-11,Core MA + ATR,0.0025047709923664008
2009-05 to 2010-04,2009-11-12,Core MA + ATR,-0.000561476847521055
2009-05 to 2010-04,2009-11-13,Core MA + ATR,0.0
2009-05 to 2010-04,2009-11-16,Core MA + ATR,0.0
2009-05 to 2010-04,2009-11-17,Core MA + ATR,0.0
2009-05 to 2010-04,2009-11-18,Core MA + ATR,0.0
2009-05 to 2010-04,2009-11-19,Core MA + ATR,0.0
2009-05 to 2010-04,2009-11-20,Core MA + ATR,0.0
2009-05 to 2010-04,2009-11-23,Core MA + ATR,0.0
2009-05 to 2010-04,2009-11-24,Core MA + ATR,0.0
2009-05 to 2010-04,2009-11-25,Core MA + ATR,0.0
2009-05 to 2010-04,2009-11-27,Core MA + ATR,0.0
2009-05 to 2010-04,2009-11-30,Core MA + ATR,-0.0009717932973640507
2009-05 to 2010-04,2009-12-01,Core MA + ATR,-0.0021042092891642773
2009-05 to 2010-04,2009-12-02,Core MA + ATR,-0.0018087778193753069
2009-05 to 2010-04,2009-12-03,Core MA + ATR,-0.001552366010854813
2009-05 to 2010-04,2009-12-04,Core MA + ATR,0.0
2009-05 to 2010-04,2009-12-07,Core MA + ATR,0.0
2009-05 to 2010-04,2009-12-08,Core MA + ATR,0.0
2009-05 to 2010-04,2009-12-09,Core MA + ATR,0.0
2009-05 to 2010-04,2009-12-10,Core MA + ATR,0.0
2009-05 to 2010-04,2009-12-11,Core MA + ATR,0.0
2009-05 to 2010-04,2009-12-14,Core MA + ATR,0.0
2009-05 to 2010-04,2009-12-15,Core MA + ATR,0.0
2009-05 to 2010-04,2009-12-16,Core MA + ATR,0.0
2009-05 to 2010-04,2009-12-17,Core MA + ATR,0.0009790718465539673
2009-05 to 2010-04,2009-12-18,Core MA + ATR,0.0005509121970087607
2009-05 to 2010-04,2009-12-21,Core MA + ATR,-0.0009584694465795649
2009-05 to 2010-04,2009-12-22,Core MA + ATR,0.0006772445820433237
2009-05 to 2010-04,2009-12-23,Core MA + ATR,0.0001603797793174322
2009-05 to 2010-04,2009-12-24,Core MA + ATR,0.00038441824705279237
2009-05 to 2010-04,2009-12-28,Core MA + ATR,-9.375e-05
2009-05 to 2010-04,2009-12-29,Core MA + ATR,0.0
2009-05 to 2010-04,2009-12-30,Core MA + ATR,0.0
2009-05 to 2010-04,2009-12-31,Core MA + ATR,0.0
2009-05 to 2010-04,2010-01-04,Core MA + ATR,0.0
2009-05 to 2010-04,2010-01-05,Core MA + ATR,0.0
2009-05 to 2010-04,2010-01-06,Core MA + ATR,-0.0011732521590043059
2009-05 to 2010-04,2010-01-07,Core MA + ATR,-6.172335383039163e-05
2009-05 to 2010-04,2010-01-08,Core MA + ATR,0.0
2009-05 to 2010-04,2010-01-11,Core MA + ATR,0.0
2009-05 to 2010-04,2010-01-12,Core MA + ATR,0.0
2009-05 to 2010-04,2010-01-13,Core MA + ATR,0.0
2009-05 to 2010-04,2010-01-14,Core MA + ATR,0.0
2009-05 to 2010-04,2010-01-15,Core MA + ATR,-0.001160302901023879
2009-05 to 2010-04,2010-01-19,Core MA + ATR,-0.0005240425989672912
2009-05 to 2010-04,2010-01-20,Core MA + ATR,-0.00013377561639450397
2009-05 to 2010-04,2010-01-21,Core MA + ATR,-0.007387554819010612
2009-05 to 2010-04,2010-01-22,Core MA + ATR,-0.0005008390450093496
2009-05 to 2010-04,2010-01-25,Core MA + ATR,-0.0005590105459057185
2009-05 to 2010-04,2010-01-26,Core MA + ATR,-0.0024517434620174305
2009-05 to 2010-04,2010-01-27,Core MA + ATR,-0.0008750755060066028
2009-05 to 2010-04,2010-01-28,Core MA + ATR,0.0020719734955008894
2009-05 to 2010-04,2010-01-29,Core MA + ATR,-0.0010173344138770996
2009-05 to 2010-04,2010-02-01,Core MA + ATR,0.0020131094331325683
2009-05 to 2010-04,2010-02-02,Core MA + ATR,-6.7157024053291e-05
2009-05 to 2010-04,2010-02-03,Core MA + ATR,-2.1520752883057165e-05
2009-05 to 2010-04,2010-02-04,Core MA + ATR,-0.002418838242017128
2009-05 to 2010-04,2010-02-05,Core MA + ATR,-0.0063394219047570675
2009-05 to 2010-04,2010-02-08,Core MA + ATR,0.002808306947426895
2009-05 to 2010-04,2010-02-09,Core MA + ATR,-0.004012260206035139
2009-05 to 2010-04,2010-02-10,Core MA + ATR,-0.015012506324894344
2009-05 to 2010-04,2010-02-11,Core MA + ATR,-0.004724595539043916
2009-05 to 2010-04,2010-02-12,Core MA + ATR,2.0947059171890154e-05
2009-05 to 2010-04,2010-02-16,Core MA + ATR,-0.0007908307844548289
2009-05 to 2010-04,2010-02-17,Core MA + ATR,0.000726018012013035
2009-05 to 2010-04,2010-02-18,Core MA + ATR,0.006954042518108276
2009-05 to 2010-04,2010-02-19,Core MA + ATR,-0.0011176512704479495
2009-05 to 2010-04,2010-02-22,Core MA + ATR,0.001561025794809795
2009-05 to 2010-04,2010-02-23,Core MA + ATR,-0.0010606614150231557
2009-05 to 2010-04,2010-02-24,Core MA + ATR,-0.00021656994595922385
2009-05 to 2010-04,2010-02-25,Core MA + ATR,-0.0003794176460985946
2009-05 to 2010-04,2010-02-26,Core MA + ATR,6.986256544503155e-05
2009-05 to 2010-04,2010-03-01,Core MA + ATR,0.009637524624022007
2009-05 to 2010-04,2010-03-02,Core MA + ATR,-5.251514817907594e-05
2009-05 to 2010-04,2010-03-03,Core MA + ATR,-0.0006908104276895214
2009-05 to 2010-04,2010-03-04,Core MA + ATR,-0.008292851681681332
2009-05 to 2010-04,2010-03-05,Core MA + ATR,-9.910244473478741e-05
2009-05 to 2010-04,2010-03-08,Core MA + ATR,0.0006207141168124708
2009-05 to 2010-04,2010-03-09,Core MA + ATR,0.001029411764705862
2009-05 to 2010-04,2010-03-10,Core MA + ATR,0.00032088681446906797
2009-05 to 2010-04,2010-03-11,Core MA + ATR,-0.008263689504246365
2009-05 to 2010-04,2010-03-12,Core MA + ATR,-0.0031330688674422735
2009-05 to 2010-04,2010-03-15,Core MA + ATR,0.0003288117516311584
2009-05 to 2010-04,2010-03-16,Core MA + ATR,-0.00258616066041234
2009-05 to 2010-04,2010-03-17,Core MA + ATR,0.00196191424944216
2009-05 to 2010-04,2010-03-18,Core MA + ATR,-0.0019368043327649062
2009-05 to 2010-04,2010-03-19,Core MA + ATR,-0.003067300624770279
2009-05 to 2010-04,2010-03-22,Core MA + ATR,0.0010496330783823123
2009-05 to 2010-04,2010-03-23,Core MA + ATR,0.0037009578679109457
2009-05 to 2010-04,2010-03-24,Core MA + ATR,-0.0006944797258269587
2009-05 to 2010-04,2010-03-25,Core MA + ATR,0.0037472282901809886
2009-05 to 2010-04,2010-03-26,Core MA + ATR,0.0009528224751438921
2009-05 to 2010-04,2010-03-29,Core MA + ATR,-0.0006218665890391737
2009-05 to 2010-04,2010-03-30,Core MA + ATR,-0.0012871622997272202
2009-05 to 2010-04,2010-03-31,Core MA + ATR,-6.544502617804315e-05
2009-05 to 2010-04,2010-04-01,Core MA + ATR,0.0008512310110005139
2009-05 to 2010-04,2010-04-05,Core MA + ATR,0.0006216506243496325
2009-05 to 2010-04,2010-04-06,Core MA + ATR,0.0
2009-05 to 2010-04,2010-04-07,Core MA + ATR,0.0
2009-05 to 2010-04,2010-04-08,Core MA + ATR,0.0
2009-05 to 2010-04,2010-04-09,Core MA + ATR,0.0
2009-05 to 2010-04,2010-04-12,Core MA + ATR,0.0
2009-05 to 2010-04,2010-04-13,Core MA + ATR,0.0
2009-05 to 2010-04,2010-04-14,Core MA + ATR,0.0
2009-05 to 2010-04,2010-04-15,Core MA + ATR,0.0003091798116820826
2009-05 to 2010-04,2010-04-16,Core MA + ATR,-0.003871007778757554
2009-05 to 2010-04,2010-04-19,Core MA + ATR,0.003527150145243796
2009-05 to 2010-04,2010-04-20,Core MA + ATR,0.005162393771283084
2009-05 to 2010-04,2010-04-21,Core MA + ATR,-0.004603716380702987
2009-05 to 2010-04,2010-04-22,Core MA + ATR,-1.242614271907902e-05
2009-05 to 2010-04,2010-04-23,Core MA + ATR,0.001879821112446979
2009-05 to 2010-04,2010-04-26,Core MA + ATR,-0.006537305078559066
2009-05 to 2010-04,2010-04-27,Core MA + ATR,-0.008811165880419955
2009-05 to 2010-04,2010-04-28,Core MA + ATR,0.0
2009-05 to 2010-04,2010-04-29,Core MA + ATR,0.0013567619453925019
2009-05 to 2010-04,2010-04-30,Core MA + ATR,-0.004158574728700331
2009-05 to 2010-04,2010-05-03,Core MA + ATR,0.001699188946974798
2009-05 to 2010-04,2010-05-04,Core MA + ATR,-0.003382028538065584
2009-05 to 2010-04,2010-05-05,Core MA + ATR,0.0020572103916035728
2009-05 to 2010-04,2010-05-06,Core MA + ATR,-0.016602366167190102
2009-05 to 2010-04,2010-05-07,Core MA + ATR,0.0
2009-05 to 2010-04,2010-05-10,Core MA + ATR,0.0
2009-05 to 2010-04,2010-05-11,Core MA + ATR,0.007634657901966498
2009-05 to 2010-04,2010-05-12,Core MA + ATR,-0.0014471757140699995
2009-05 to 2010-04,2010-05-13,Core MA + ATR,-0.005805960355578212
2009-05 to 2010-04,2010-05-14,Core MA + ATR,-0.013303084946689178
2009-05 to 2010-04,2010-05-17,Core MA + ATR,0.0015810650283311185
2009-05 to 2010-04,2010-05-18,Core MA + ATR,-0.005163885289695115
2009-05 to 2010-04,2010-05-19,Core MA + ATR,-0.00042997542997542937
2009-05 to 2010-04,2010-05-20,Core MA + ATR,0.00014535036667437514
2009-05 to 2010-04,2010-05-21,Core MA + ATR,-0.008782550119710124
2009-05 to 2010-04,2010-05-24,Core MA + ATR,0.007990721988263462
2009-05 to 2010-04,2010-05-25,Core MA + ATR,-0.0027323006168119505
2009-05 to 2010-04,2010-05-26,Core MA + ATR,0.0032460298282874413
2009-05 to 2010-04,2010-05-27,Core MA + ATR,-0.02009954929899163
2009-05 to 2010-04,2010-05-28,Core MA + ATR,0.0007452254840031421
2009-05 to 2010-04,2010-06-01,Core MA + ATR,0.0
2009-05 to 2010-04,2010-06-02,Core MA + ATR,-0.0019555080511049227
2009-05 to 2010-04,2010-06-03,Core MA + ATR,-0.0006743903347649278
2009-05 to 2010-04,2010-06-04,Core MA + ATR,-0.005135550586920071
2009-05 to 2010-04,2010-06-07,Core MA + ATR,0.012529258820954537
2009-05 to 2010-04,2010-06-08,Core MA + ATR,-0.009390545994433392
2009-05 to 2010-04,2010-06-09,Core MA + ATR,-9.278087604778094e-05
2009-05 to 2010-04,2010-06-10,Core MA + ATR,-0.013521385176541945
2009-05 to 2010-04,2010-06-11,Core MA + ATR,0.0003448145696672085
2009-05 to 2010-04,2010-06-14,Core MA + ATR,-0.006273735961820612
2009-05 to 2010-04,2010-06-15,Core MA + ATR,0.0009148567778375396
2009-05 to 2010-04,2010-06-16,Core MA + ATR,0.0
2009-05 to 2010-04,2010-06-17,Core MA + ATR,0.0
2009-05 to 2010-04,2010-06-18,Core MA + ATR,0.0
2009-05 to 2010-04,2010-06-21,Core MA + ATR,0.0
2009-05 to 2010-04,2010-06-22,Core MA + ATR,-0.005494984567901245
2009-05 to 2010-04,2010-06-23,Core MA + ATR,0.0005917338709677569
2009-05 to 2010-04,2010-06-24,Core MA + ATR,0.0
2009-05 to 2010-04,2010-06-25,Core MA + ATR,0.0
2009-05 to 2010-04,2010-06-28,Core MA + ATR,0.0
2009-05 to 2010-04,2010-06-29,Core MA + ATR,0.0
2009-05 to 2010-04,2010-06-30,Core MA + ATR,0.0025972146990996194
2009-05 to 2010-04,2010-07-01,Core MA + ATR,0.0017901884680584805
2009-05 to 2010-04,2010-07-02,Core MA + ATR,0.0037843715795967004
2009-05 to 2010-04,2010-07-06,Core MA + ATR,-0.00020363580126077314
2009-05 to 2010-04,2010-07-07,Core MA + ATR,-0.01593969093825042
2009-05 to 2010-04,2010-07-08,Core MA + ATR,-0.006600560795552121
2009-05 to 2010-04,2010-07-09,Core MA + ATR,-0.0013510711909430792
2009-05 to 2010-04,2010-07-12,Core MA + ATR,0.0001417041649225439
2009-05 to 2010-04,2010-07-13,Core MA + ATR,0.0
2009-05 to 2010-04,2010-07-14,Core MA + ATR,0.0
2009-05 to 2010-04,2010-07-15,Core MA + ATR,0.0
2009-05 to 2010-04,2010-07-16,Core MA + ATR,0.0
2009-05 to 2010-04,2010-07-19,Core MA + ATR,0.0
2009-05 to 2010-04,2010-07-20,Core MA + ATR,0.0
2009-05 to 2010-04,2010-07-21,Core MA + ATR,0.0
2009-05 to 2010-04,2010-07-22,Core MA + ATR,-0.006762831776555379
2009-05 to 2010-04,2010-07-23,Core MA + ATR,0.00020859001929702763
2009-05 to 2010-04,2010-07-26,Core MA + ATR,0.0
2009-05 to 2010-04,2010-07-27,Core MA + ATR,0.0
2009-05 to 2010-04,2010-07-28,Core MA + ATR,0.0
2009-05 to 2010-04,2010-07-29,Core MA + ATR,0.0
2009-05 to 2010-04,2010-07-30,Core MA + ATR,0.0
2009-05 to 2010-04,2009-08-03,Enhanced short/order-book,0.0
2009-05 to 2010-04,2009-08-04,Enhanced short/order-book,0.0
2009-05 to 2010-04,2009-08-05,Enhanced short/order-book,-0.0020325285254057454
2009-05 to 2010-04,2009-08-06,Enhanced short/order-book,0.000921042077757648
2009-05 to 2010-04,2009-08-07,Enhanced short/order-book,0.0007575757575757902
2009-05 to 2010-04,2009-08-10,Enhanced short/order-book,0.0005568788311139141
2009-05 to 2010-04,2009-08-11,Enhanced short/order-book,-0.002755348902908062
2009-05 to 2010-04,2009-08-12,Enhanced short/order-book,0.008928571428571425
2009-05 to 2010-04,2009-08-13,Enhanced short/order-book,0.0017577195432495823
2009-05 to 2010-04,2009-08-14,Enhanced short/order-book,-0.0026893988043290226
2009-05 to 2010-04,2009-08-17,Enhanced short/order-book,-0.004728546409807369
2009-05 to 2010-04,2009-08-18,Enhanced short/order-book,0.00013651255915544946
2009-05 to 2010-04,2009-08-19,Enhanced short/order-book,9.090909090908594e-05
2009-05 to 2010-04,2009-08-20,Enhanced short/order-book,-0.0003662790697674354
2009-05 to 2010-04,2009-08-21,Enhanced short/order-book,0.0
2009-05 to 2010-04,2009-08-24,Enhanced short/order-book,0.0
2009-05 to 2010-04,2009-08-25,Enhanced short/order-book,0.0
2009-05 to 2010-04,2009-08-26,Enhanced short/order-book,0.0
2009-05 to 2010-04,2009-08-27,Enhanced short/order-book,0.0
2009-05 to 2010-04,2009-08-28,Enhanced short/order-book,-0.006582123911004181
2009-05 to 2010-04,2009-08-31,Enhanced short/order-book,-0.01855932044469939
2009-05 to 2010-04,2009-09-01,Enhanced short/order-book,-0.004831512237762233
2009-05 to 2010-04,2009-09-02,Enhanced short/order-book,-0.0016383058947521643
2009-05 to 2010-04,2009-09-03,Enhanced short/order-book,0.0
2009-05 to 2010-04,2009-09-04,Enhanced short/order-book,0.0
2009-05 to 2010-04,2009-09-08,Enhanced short/order-book,0.0
2009-05 to 2010-04,2009-09-09,Enhanced short/order-book,0.0016528253424657503
2009-05 to 2010-04,2009-09-10,Enhanced short/order-book,-0.000913125449164786
2009-05 to 2010-04,2009-09-11,Enhanced short/order-book,-0.0032978022339666645
2009-05 to 2010-04,2009-09-14,Enhanced short/order-book,-0.0016325757575757459
2009-05 to 2010-04,2009-09-15,Enhanced short/order-book,0.0
2009-05 to 2010-04,2009-09-16,Enhanced short/order-book,-0.0005877874464279667
2009-05 to 2010-04,2009-09-17,Enhanced short/order-book,-0.0004038080550419729
2009-05 to 2010-04,2009-09-18,Enhanced short/order-book,-0.0011866461748633837
2009-05 to 2010-04,2009-09-21,Enhanced short/order-book,-0.002436638643880936
2009-05 to 2010-04,2009-09-22,Enhanced short/order-book,0.0
2009-05 to 2010-04,2009-09-23,Enhanced short/order-book,-0.0013128160466326332
2009-05 to 2010-04,2009-09-24,Enhanced short/order-book,0.003224685130422209
2009-05 to 2010-04,2009-09-25,Enhanced short/order-book,0.0
2009-05 to 2010-04,2009-09-28,Enhanced short/order-book,0.0
2009-05 to 2010-04,2009-09-29,Enhanced short/order-book,-0.0006568130630630573
2009-05 to 2010-04,2009-09-30,Enhanced short/order-book,-0.007274744545357755
2009-05 to 2010-04,2009-10-01,Enhanced short/order-book,-0.0010861954358355151
2009-05 to 2010-04,2009-10-02,Enhanced short/order-book,0.0029588740375716474
2009-05 to 2010-04,2009-10-05,Enhanced short/order-book,0.002648591589014433
2009-05 to 2010-04,2009-10-06,Enhanced short/order-book,0.00024092515258591907
2009-05 to 2010-04,2009-10-07,Enhanced short/order-book,0.0018965046717268762
2009-05 to 2010-04,2009-10-08,Enhanced short/order-book,0.0021180562998070647
2009-05 to 2010-04,2009-10-09,Enhanced short/order-book,-0.004738195277588515
2009-05 to 2010-04,2009-10-12,Enhanced short/order-book,6.298981191224873e-05
2009-05 to 2010-04,2009-10-13,Enhanced short/order-book,-0.004422354414527249
2009-05 to 2010-04,2009-10-14,Enhanced short/order-book,0.0019753833982473247
2009-05 to 2010-04,2009-10-15,Enhanced short/order-book,0.0
2009-05 to 2010-04,2009-10-16,Enhanced short/order-book,0.0
2009-05 to 2010-04,2009-10-19,Enhanced short/order-book,0.00042677349791789634
2009-05 to 2010-04,2009-10-20,Enhanced short/order-book,-0.0003899585308056833
2009-05 to 2010-04,2009-10-21,Enhanced short/order-book,0.0
2009-05 to 2010-04,2009-10-22,Enhanced short/order-book,0.0
2009-05 to 2010-04,2009-10-23,Enhanced short/order-book,-0.007577193589679128
2009-05 to 2010-04,2009-10-26,Enhanced short/order-book,9.607410379883934e-05
2009-05 to 2010-04,2009-10-27,Enhanced short/order-book,0.0
2009-05 to 2010-04,2009-10-28,Enhanced short/order-book,0.0
2009-05 to 2010-04,2009-10-29,Enhanced short/order-book,0.0
2009-05 to 2010-04,2009-10-30,Enhanced short/order-book,0.0
2009-05 to 2010-04,2009-11-02,Enhanced short/order-book,0.0021586000028790387
2009-05 to 2010-04,2009-11-03,Enhanced short/order-book,0.0013782078638898353
2009-05 to 2010-04,2009-11-04,Enhanced short/order-book,0.0003694533217137807
2009-05 to 2010-04,2009-11-05,Enhanced short/order-book,-0.0017209403627076237
2009-05 to 2010-04,2009-11-06,Enhanced short/order-book,0.000751566428628858
2009-05 to 2010-04,2009-11-09,Enhanced short/order-book,0.000936777552943753
2009-05 to 2010-04,2009-11-10,Enhanced short/order-book,-0.0017638758231420526
2009-05 to 2010-04,2009-11-11,Enhanced short/order-book,0.0025047709923664008
2009-05 to 2010-04,2009-11-12,Enhanced short/order-book,-0.000561476847521055
2009-05 to 2010-04,2009-11-13,Enhanced short/order-book,0.0
2009-05 to 2010-04,2009-11-16,Enhanced short/order-book,0.0
2009-05 to 2010-04,2009-11-17,Enhanced short/order-book,0.0
2009-05 to 2010-04,2009-11-18,Enhanced short/order-book,0.0
2009-05 to 2010-04,2009-11-19,Enhanced short/order-book,0.0
2009-05 to 2010-04,2009-11-20,Enhanced short/order-book,0.0
2009-05 to 2010-04,2009-11-23,Enhanced short/order-book,0.0
2009-05 to 2010-04,2009-11-24,Enhanced short/order-book,0.0
2009-05 to 2010-04,2009-11-25,Enhanced short/order-book,0.0
2009-05 to 2010-04,2009-11-27,Enhanced short/order-book,0.0
2009-05 to 2010-04,2009-11-30,Enhanced short/order-book,-0.0009717932973640507
2009-05 to 2010-04,2009-12-01,Enhanced short/order-book,-0.0021042092891642773
2009-05 to 2010-04,2009-12-02,Enhanced short/order-book,-0.0018087778193753069
2009-05 to 2010-04,2009-12-03,Enhanced short/order-book,-0.001552366010854813
2009-05 to 2010-04,2009-12-04,Enhanced short/order-book,0.0
2009-05 to 2010-04,2009-12-07,Enhanced short/order-book,0.0
2009-05 to 2010-04,2009-12-08,Enhanced short/order-book,0.0
2009-05 to 2010-04,2009-12-09,Enhanced short/order-book,0.0
2009-05 to 2010-04,2009-12-10,Enhanced short/order-book,0.0
2009-05 to 2010-04,2009-12-11,Enhanced short/order-book,0.0
2009-05 to 2010-04,2009-12-14,Enhanced short/order-book,0.0
2009-05 to 2010-04,2009-12-15,Enhanced short/order-book,0.0
2009-05 to 2010-04,2009-12-16,Enhanced short/order-book,0.0
2009-05 to 2010-04,2009-12-17,Enhanced short/order-book,0.0009790718465539673
2009-05 to 2010-04,2009-12-18,Enhanced short/order-book,0.0005509121970087607
2009-05 to 2010-04,2009-12-21,Enhanced short/order-book,-0.0009584694465795649
2009-05 to 2010-04,2009-12-22,Enhanced short/order-book,0.0006772445820433237
2009-05 to 2010-04,2009-12-23,Enhanced short/order-book,0.0001603797793174322
2009-05 to 2010-04,2009-12-24,Enhanced short/order-book,0.00038441824705279237
2009-05 to 2010-04,2009-12-28,Enhanced short/order-book,-9.375e-05
2009-05 to 2010-04,2009-12-29,Enhanced short/order-book,0.0
2009-05 to 2010-04,2009-12-30,Enhanced short/order-book,0.0
2009-05 to 2010-04,2009-12-31,Enhanced short/order-book,0.0
2009-05 to 2010-04,2010-01-04,Enhanced short/order-book,0.0
2009-05 to 2010-04,2010-01-05,Enhanced short/order-book,0.0
2009-05 to 2010-04,2010-01-06,Enhanced short/order-book,-0.0011732521590043059
2009-05 to 2010-04,2010-01-07,Enhanced short/order-book,-6.172335383039163e-05
2009-05 to 2010-04,2010-01-08,Enhanced short/order-book,0.0
2009-05 to 2010-04,2010-01-11,Enhanced short/order-book,0.0
2009-05 to 2010-04,2010-01-12,Enhanced short/order-book,0.0
2009-05 to 2010-04,2010-01-13,Enhanced short/order-book,0.0
2009-05 to 2010-04,2010-01-14,Enhanced short/order-book,0.0
2009-05 to 2010-04,2010-01-15,Enhanced short/order-book,-0.001160302901023879
2009-05 to 2010-04,2010-01-19,Enhanced short/order-book,-0.0005240425989672912
2009-05 to 2010-04,2010-01-20,Enhanced short/order-book,-0.00013377561639450397
2009-05 to 2010-04,2010-01-21,Enhanced short/order-book,-0.007387554819010612
2009-05 to 2010-04,2010-01-22,Enhanced short/order-book,-0.0005008390450093496
2009-05 to 2010-04,2010-01-25,Enhanced short/order-book,-0.0005590105459057185
2009-05 to 2010-04,2010-01-26,Enhanced short/order-book,-0.0024517434620174305
2009-05 to 2010-04,2010-01-27,Enhanced short/order-book,-0.0008750755060066028
2009-05 to 2010-04,2010-01-28,Enhanced short/order-book,0.0020719734955008894
2009-05 to 2010-04,2010-01-29,Enhanced short/order-book,-0.0010173344138770996
2009-05 to 2010-04,2010-02-01,Enhanced short/order-book,0.0020131094331325683
2009-05 to 2010-04,2010-02-02,Enhanced short/order-book,-6.7157024053291e-05
2009-05 to 2010-04,2010-02-03,Enhanced short/order-book,-2.1520752883057165e-05
2009-05 to 2010-04,2010-02-04,Enhanced short/order-book,-0.002418838242017128
2009-05 to 2010-04,2010-02-05,Enhanced short/order-book,-0.0063394219047570675
2009-05 to 2010-04,2010-02-08,Enhanced short/order-book,0.002808306947426895
2009-05 to 2010-04,2010-02-09,Enhanced short/order-book,-0.004012260206035139
2009-05 to 2010-04,2010-02-10,Enhanced short/order-book,-0.015012506324894344
2009-05 to 2010-04,2010-02-11,Enhanced short/order-book,-0.004724595539043916
2009-05 to 2010-04,2010-02-12,Enhanced short/order-book,2.0947059171890154e-05
2009-05 to 2010-04,2010-02-16,Enhanced short/order-book,-0.0007908307844548289
2009-05 to 2010-04,2010-02-17,Enhanced short/order-book,0.000726018012013035
2009-05 to 2010-04,2010-02-18,Enhanced short/order-book,0.006954042518108276
2009-05 to 2010-04,2010-02-19,Enhanced short/order-book,-0.0011176512704479495
2009-05 to 2010-04,2010-02-22,Enhanced short/order-book,0.001561025794809795
2009-05 to 2010-04,2010-02-23,Enhanced short/order-book,-0.0010606614150231557
2009-05 to 2010-04,2010-02-24,Enhanced short/order-book,-0.00021656994595922385
2009-05 to 2010-04,2010-02-25,Enhanced short/order-book,-0.0003794176460985946
2009-05 to 2010-04,2010-02-26,Enhanced short/order-book,6.986256544503155e-05
2009-05 to 2010-04,2010-03-01,Enhanced short/order-book,0.009637524624022007
2009-05 to 2010-04,2010-03-02,Enhanced short/order-book,-0.0008211471380120647
2009-05 to 2010-04,2010-03-03,Enhanced short/order-book,-0.0015022007042253642
2009-05 to 2010-04,2010-03-04,Enhanced short/order-book,0.00014838556505225586
2009-05 to 2010-04,2010-03-05,Enhanced short/order-book,0.000355703106473787
2009-05 to 2010-04,2010-03-08,Enhanced short/order-book,0.0006207141168124708
2009-05 to 2010-04,2010-03-09,Enhanced short/order-book,0.001029411764705862
2009-05 to 2010-04,2010-03-10,Enhanced short/order-book,0.00032088681446906797
2009-05 to 2010-04,2010-03-11,Enhanced short/order-book,-0.008263689504246365
2009-05 to 2010-04,2010-03-12,Enhanced short/order-book,-0.0031330688674422735
2009-05 to 2010-04,2010-03-15,Enhanced short/order-book,0.0003288117516311584
2009-05 to 2010-04,2010-03-16,Enhanced short/order-book,0.0016180659998927295
2009-05 to 2010-04,2010-03-17,Enhanced short/order-book,0.0
2009-05 to 2010-04,2010-03-18,Enhanced short/order-book,-0.003670163119330074
2009-05 to 2010-04,2010-03-19,Enhanced short/order-book,-0.002973550624770279
2009-05 to 2010-04,2010-03-22,Enhanced short/order-book,0.002732536693919374
2009-05 to 2010-04,2010-03-23,Enhanced short/order-book,0.0009467856496561713
2009-05 to 2010-04,2010-03-24,Enhanced short/order-book,-0.000901359475951182
2009-05 to 2010-04,2010-03-25,Enhanced short/order-book,0.0
2009-05 to 2010-04,2010-03-26,Enhanced short/order-book,0.0
2009-05 to 2010-04,2010-03-29,Enhanced short/order-book,0.0
2009-05 to 2010-04,2010-03-30,Enhanced short/order-book,-0.0008741870447450359
2009-05 to 2010-04,2010-03-31,Enhanced short/order-book,-6.544502617804315e-05
2009-05 to 2010-04,2010-04-01,Enhanced short/order-book,0.0008512310110005139
2009-05 to 2010-04,2010-04-05,Enhanced short/order-book,0.0006216506243496325
2009-05 to 2010-04,2010-04-06,Enhanced short/order-book,0.0
2009-05 to 2010-04,2010-04-07,Enhanced short/order-book,0.0
2009-05 to 2010-04,2010-04-08,Enhanced short/order-book,0.0
2009-05 to 2010-04,2010-04-09,Enhanced short/order-book,0.0
2009-05 to 2010-04,2010-04-12,Enhanced short/order-book,0.0
2009-05 to 2010-04,2010-04-13,Enhanced short/order-book,0.0
2009-05 to 2010-04,2010-04-14,Enhanced short/order-book,0.0
2009-05 to 2010-04,2010-04-15,Enhanced short/order-book,0.0005121637178865693
2009-05 to 2010-04,2010-04-16,Enhanced short/order-book,-0.002231066087795469
2009-05 to 2010-04,2010-04-19,Enhanced short/order-book,0.0022716110019646296
2009-05 to 2010-04,2010-04-20,Enhanced short/order-book,0.0006289044469192409
2009-05 to 2010-04,2010-04-21,Enhanced short/order-book,-0.002698551266393078
2009-05 to 2010-04,2010-04-22,Enhanced short/order-book,-0.0010155789085545645
2009-05 to 2010-04,2010-04-23,Enhanced short/order-book,0.001583539500167739
2009-05 to 2010-04,2010-04-26,Enhanced short/order-book,-0.002081259028980372
2009-05 to 2010-04,2010-04-27,Enhanced short/order-book,-0.00132807472925215
2009-05 to 2010-04,2010-04-28,Enhanced short/order-book,0.0
2009-05 to 2010-04,2010-04-29,Enhanced short/order-book,0.0
2009-05 to 2010-04,2010-04-30,Enhanced short/order-book,0.0
2009-05 to 2010-04,2010-05-03,Enhanced short/order-book,0.0
2009-05 to 2010-04,2010-05-04,Enhanced short/order-book,-0.0022659912227535536
2009-05 to 2010-04,2010-05-05,Enhanced short/order-book,0.0020572103916035728
2009-05 to 2010-04,2010-05-06,Enhanced short/order-book,-0.017836934068424667
2009-05 to 2010-04,2010-05-07,Enhanced short/order-book,0.0
2009-05 to 2010-04,2010-05-10,Enhanced short/order-book,0.0
2009-05 to 2010-04,2010-05-11,Enhanced short/order-book,0.0007103073973280563
2009-05 to 2010-04,2010-05-12,Enhanced short/order-book,0.002895511190453455
2009-05 to 2010-04,2010-05-13,Enhanced short/order-book,-0.0011152326090439445
2009-05 to 2010-04,2010-05-14,Enhanced short/order-book,-0.005703424546165042
2009-05 to 2010-04,2010-05-17,Enhanced short/order-book,0.0011956283105659417
2009-05 to 2010-04,2010-05-18,Enhanced short/order-book,-0.005163885289695115
2009-05 to 2010-04,2010-05-19,Enhanced short/order-book,-0.00042997542997542937
2009-05 to 2010-04,2010-05-20,Enhanced short/order-book,-0.00200449950690337
2009-05 to 2010-04,2010-05-21,Enhanced short/order-book,-0.006884433207367953
2009-05 to 2010-04,2010-05-24,Enhanced short/order-book,0.005639548064856493
2009-05 to 2010-04,2010-05-25,Enhanced short/order-book,-0.0030919340500840833
2009-05 to 2010-04,2010-05-26,Enhanced short/order-book,0.0024134261024253115
2009-05 to 2010-04,2010-05-27,Enhanced short/order-book,-0.015221004267479861
2009-05 to 2010-04,2010-05-28,Enhanced short/order-book,0.00047200300693892743
2009-05 to 2010-04,2010-06-01,Enhanced short/order-book,0.0
2009-05 to 2010-04,2010-06-02,Enhanced short/order-book,-0.0019555080511049227
2009-05 to 2010-04,2010-06-03,Enhanced short/order-book,-0.0006743903347649278
2009-05 to 2010-04,2010-06-04,Enhanced short/order-book,-0.005135550586920071
2009-05 to 2010-04,2010-06-07,Enhanced short/order-book,0.009886134508656802
2009-05 to 2010-04,2010-06-08,Enhanced short/order-book,-0.005095166093854045
2009-05 to 2010-04,2010-06-09,Enhanced short/order-book,0.0016904474798565992
2009-05 to 2010-04,2010-06-10,Enhanced short/order-book,-0.010303441015015787
2009-05 to 2010-04,2010-06-11,Enhanced short/order-book,-0.0015003377338462217
2009-05 to 2010-04,2010-06-14,Enhanced short/order-book,-0.0044263560303564806
2009-05 to 2010-04,2010-06-15,Enhanced short/order-book,0.0
2009-05 to 2010-04,2010-06-16,Enhanced short/order-book,0.0
2009-05 to 2010-04,2010-06-17,Enhanced short/order-book,0.0
2009-05 to 2010-04,2010-06-18,Enhanced short/order-book,0.0
2009-05 to 2010-04,2010-06-21,Enhanced short/order-book,0.0
2009-05 to 2010-04,2010-06-22,Enhanced short/order-book,0.0
2009-05 to 2010-04,2010-06-23,Enhanced short/order-book,0.0
2009-05 to 2010-04,2010-06-24,Enhanced short/order-book,0.0
2009-05 to 2010-04,2010-06-25,Enhanced short/order-book,0.0
2009-05 to 2010-04,2010-06-28,Enhanced short/order-book,0.0
2009-05 to 2010-04,2010-06-29,Enhanced short/order-book,0.0
2009-05 to 2010-04,2010-06-30,Enhanced short/order-book,0.0011314181705645535
2009-05 to 2010-04,2010-07-01,Enhanced short/order-book,0.002367123624610471
2009-05 to 2010-04,2010-07-02,Enhanced short/order-book,0.0028180471063907675
2009-05 to 2010-04,2010-07-06,Enhanced short/order-book,0.00172433740550883
2009-05 to 2010-04,2010-07-07,Enhanced short/order-book,-0.008418814537637914
2009-05 to 2010-04,2010-07-08,Enhanced short/order-book,-0.0041641776218045694
2009-05 to 2010-04,2010-07-09,Enhanced short/order-book,-0.0012573211909430793
2009-05 to 2010-04,2010-07-12,Enhanced short/order-book,0.0
2009-05 to 2010-04,2010-07-13,Enhanced short/order-book,0.0
2009-05 to 2010-04,2010-07-14,Enhanced short/order-book,0.0
2009-05 to 2010-04,2010-07-15,Enhanced short/order-book,0.0
2009-05 to 2010-04,2010-07-16,Enhanced short/order-book,0.0
2009-05 to 2010-04,2010-07-19,Enhanced short/order-book,0.0
2009-05 to 2010-04,2010-07-20,Enhanced short/order-book,0.0
2009-05 to 2010-04,2010-07-21,Enhanced short/order-book,0.0
2009-05 to 2010-04,2010-07-22,Enhanced short/order-book,-0.0031663162389818944
2009-05 to 2010-04,2010-07-23,Enhanced short/order-book,-4.920260156809553e-05
2009-05 to 2010-04,2010-07-26,Enhanced short/order-book,0.0
2009-05 to 2010-04,2010-07-27,Enhanced short/order-book,0.0
2009-05 to 2010-04,2010-07-28,Enhanced short/order-book,0.0
2009-05 to 2010-04,2010-07-29,Enhanced short/order-book,0.0
2009-05 to 2010-04,2010-07-30,Enhanced short/order-book,0.0
2009-05 to 2010-04,2009-08-03,Passive insurance basket,0.016690197382610794
2009-05 to 2010-04,2009-08-04,Passive insurance basket,0.011389827705179378
2009-05 to 2010-04,2009-08-05,Passive insurance basket,0.07721810804073082
2009-05 to 2010-04,2009-08-06,Passive insurance basket,0.0042189518392816705
2009-05 to 2010-04,2009-08-07,Passive insurance basket,0.06405614747008581
2009-05 to 2010-04,2009-08-10,Passive insurance basket,0.00451256960727231
2009-05 to 2010-04,2009-08-11,Passive insurance basket,-0.04211407087546226
2009-05 to 2010-04,2009-08-12,Passive insurance basket,0.030520153359118396
2009-05 to 2010-04,2009-08-13,Passive insurance basket,0.009688131359699481
2009-05 to 2010-04,2009-08-14,Passive insurance basket,-0.009529342012631115
2009-05 to 2010-04,2009-08-17,Passive insurance basket,-0.027091231411598193
2009-05 to 2010-04,2009-08-18,Passive insurance basket,0.016718208402261903
2009-05 to 2010-04,2009-08-19,Passive insurance basket,0.019325000213794796
2009-05 to 2010-04,2009-08-20,Passive insurance basket,0.05201049655468504
2009-05 to 2010-04,2009-08-21,Passive insurance basket,0.02259015275927201
2009-05 to 2010-04,2009-08-24,Passive insurance basket,0.00878779774362215
2009-05 to 2010-04,2009-08-25,Passive insurance basket,0.016441616583466434
2009-05 to 2010-04,2009-08-26,Passive insurance basket,0.029895965711078665
2009-05 to 2010-04,2009-08-27,Passive insurance basket,0.07468260496642798
2009-05 to 2010-04,2009-08-28,Passive insurance basket,0.01905160064667255
2009-05 to 2010-04,2009-08-31,Passive insurance basket,-0.032829082134630316
2009-05 to 2010-04,2009-09-01,Passive insurance basket,-0.09710265755028491
2009-05 to 2010-04,2009-09-02,Passive insurance basket,0.009606155650158543
2009-05 to 2010-04,2009-09-03,Passive insurance basket,0.04271274816935566
2009-05 to 2010-04,2009-09-04,Passive insurance basket,-0.004944251334970562
2009-05 to 2010-04,2009-09-08,Passive insurance basket,-0.024331704756491157
2009-05 to 2010-04,2009-09-09,Passive insurance basket,0.03194022002462593
2009-05 to 2010-04,2009-09-10,Passive insurance basket,0.007209575562316495
2009-05 to 2010-04,2009-09-11,Passive insurance basket,-0.004330472472305558
2009-05 to 2010-04,2009-09-14,Passive insurance basket,0.03564741078723266
2009-05 to 2010-04,2009-09-15,Passive insurance basket,-0.017494604388238466
2009-05 to 2010-04,2009-09-16,Passive insurance basket,0.034882721466467315
2009-05 to 2010-04,2009-09-17,Passive insurance basket,-0.012000388495766012
2009-05 to 2010-04,2009-09-18,Passive insurance basket,0.008033927802316931
2009-05 to 2010-04,2009-09-21,Passive insurance basket,0.05038828254521133
2009-05 to 2010-04,2009-09-22,Passive insurance basket,-0.01524823422262378
2009-05 to 2010-04,2009-09-23,Passive insurance basket,-0.0025830399934455572
2009-05 to 2010-04,2009-09-24,Passive insurance basket,-0.01955224547691914
2009-05 to 2010-04,2009-09-25,Passive insurance basket,-0.00533146713421373
2009-05 to 2010-04,2009-09-28,Passive insurance basket,0.04525223057096639
2009-05 to 2010-04,2009-09-29,Passive insurance basket,-0.01175371707928019
2009-05 to 2010-04,2009-09-30,Passive insurance basket,-0.015159542007098237
2009-05 to 2010-04,2009-10-01,Passive insurance basket,-0.039100501757241335
2009-05 to 2010-04,2009-10-02,Passive insurance basket,0.016403624836058395
2009-05 to 2010-04,2009-10-05,Passive insurance basket,0.012399206220969905
2009-05 to 2010-04,2009-10-06,Passive insurance basket,0.032157909427317
2009-05 to 2010-04,2009-10-07,Passive insurance basket,0.007129909691636405
2009-05 to 2010-04,2009-10-08,Passive insurance basket,-0.011477933513145744
2009-05 to 2010-04,2009-10-09,Passive insurance basket,0.0020114987370070114
2009-05 to 2010-04,2009-10-12,Passive insurance basket,-0.0010260533391969195
2009-05 to 2010-04,2009-10-13,Passive insurance basket,-0.015547709826257083
2009-05 to 2010-04,2009-10-14,Passive insurance basket,0.016607976976751537
2009-05 to 2010-04,2009-10-15,Passive insurance basket,0.0023288148632725214
2009-05 to 2010-04,2009-10-16,Passive insurance basket,-0.01795758301649386
2009-05 to 2010-04,2009-10-19,Passive insurance basket,-0.006313689091731356
2009-05 to 2010-04,2009-10-20,Passive insurance basket,-0.015232687126219169
2009-05 to 2010-04,2009-10-21,Passive insurance basket,-0.021664713533002367
2009-05 to 2010-04,2009-10-22,Passive insurance basket,0.0345347702330121
2009-05 to 2010-04,2009-10-23,Passive insurance basket,-0.033025034357011096
2009-05 to 2010-04,2009-10-26,Passive insurance basket,-0.03722349977169159
2009-05 to 2010-04,2009-10-27,Passive insurance basket,-0.0227540395435889
2009-05 to 2010-04,2009-10-28,Passive insurance basket,-0.007515011448786635
2009-05 to 2010-04,2009-10-29,Passive insurance basket,0.03875314855655421
2009-05 to 2010-04,2009-10-30,Passive insurance basket,-0.03830456762445744
2009-05 to 2010-04,2009-11-02,Passive insurance basket,0.011377429719302778
2009-05 to 2010-04,2009-11-03,Passive insurance basket,0.043686314435969376
2009-05 to 2010-04,2009-11-04,Passive insurance basket,-0.029353395016125994
2009-05 to 2010-04,2009-11-05,Passive insurance basket,0.023255611766244133
2009-05 to 2010-04,2009-11-06,Passive insurance basket,-0.026841668976213207
2009-05 to 2010-04,2009-11-09,Passive insurance basket,0.026254529644772262
2009-05 to 2010-04,2009-11-10,Passive insurance basket,0.00573289352958728
2009-05 to 2010-04,2009-11-11,Passive insurance basket,0.004646343155716437
2009-05 to 2010-04,2009-11-12,Passive insurance basket,-0.0172379012699565
2009-05 to 2010-04,2009-11-13,Passive insurance basket,-1.1580881960404632e-05
2009-05 to 2010-04,2009-11-16,Passive insurance basket,0.004651156719965632
2009-05 to 2010-04,2009-11-17,Passive insurance basket,0.00212136125316853
2009-05 to 2010-04,2009-11-18,Passive insurance basket,0.003611525739965815
2009-05 to 2010-04,2009-11-19,Passive insurance basket,-0.013899672295116905
2009-05 to 2010-04,2009-11-20,Passive insurance basket,-0.008389682406144683
2009-05 to 2010-04,2009-11-23,Passive insurance basket,0.010226178072764824
2009-05 to 2010-04,2009-11-24,Passive insurance basket,-0.00445063866750961
2009-05 to 2010-04,2009-11-25,Passive insurance basket,-0.0030343169761954947
2009-05 to 2010-04,2009-11-27,Passive insurance basket,-0.03354046757096518
2009-05 to 2010-04,2009-11-30,Passive insurance basket,-0.02544549381878658
2009-05 to 2010-04,2009-12-01,Passive insurance basket,0.022243428802518395
2009-05 to 2010-04,2009-12-02,Passive insurance basket,0.009684147467708737
2009-05 to 2010-04,2009-12-03,Passive insurance basket,-0.021855851221238343
2009-05 to 2010-04,2009-12-04,Passive insurance basket,0.011395289449355195
2009-05 to 2010-04,2009-12-07,Passive insurance basket,-0.007189761060329203
2009-05 to 2010-04,2009-12-08,Passive insurance basket,-0.008419261314293824
2009-05 to 2010-04,2009-12-09,Passive insurance basket,-0.0011417340396167042
2009-05 to 2010-04,2009-12-10,Passive insurance basket,0.000286771762143756
2009-05 to 2010-04,2009-12-11,Passive insurance basket,0.004837538262998375
2009-05 to 2010-04,2009-12-14,Passive insurance basket,0.010566912773210646
2009-05 to 2010-04,2009-12-15,Passive insurance basket,-0.008897307030274026
2009-05 to 2010-04,2009-12-16,Passive insurance basket,0.005773056477996086
2009-05 to 2010-04,2009-12-17,Passive insurance basket,-0.017160311415800877
2009-05 to 2010-04,2009-12-18,Passive insurance basket,0.002919856945374555
2009-05 to 2010-04,2009-12-21,Passive insurance basket,0.0005237150702630533
2009-05 to 2010-04,2009-12-22,Passive insurance basket,0.026901786001636507
2009-05 to 2010-04,2009-12-23,Passive insurance basket,-0.007544555131053121
2009-05 to 2010-04,2009-12-24,Passive insurance basket,0.01192929671127696
2009-05 to 2010-04,2009-12-28,Passive insurance basket,0.011306481175151761
2009-05 to 2010-04,2009-12-29,Passive insurance basket,0.005519532767204183
2009-05 to 2010-04,2009-12-30,Passive insurance basket,-0.007763043049258789
2009-05 to 2010-04,2009-12-31,Passive insurance basket,-0.01103541351375481
2009-05 to 2010-04,2010-01-04,Passive insurance basket,0.01045206271743937
2009-05 to 2010-04,2010-01-05,Passive insurance basket,0.010305772959477544
2009-05 to 2010-04,2010-01-06,Passive insurance basket,-0.0012840942092477992
2009-05 to 2010-04,2010-01-07,Passive insurance basket,6.713208615671817e-06
2009-05 to 2010-04,2010-01-08,Passive insurance basket,0.005670171983373162
2009-05 to 2010-04,2010-01-11,Passive insurance basket,-0.0012688508779618024
2009-05 to 2010-04,2010-01-12,Passive insurance basket,-0.0073367095305942875
2009-05 to 2010-04,2010-01-13,Passive insurance basket,0.016029825290668764
2009-05 to 2010-04,2010-01-14,Passive insurance basket,-0.007220699612037529
2009-05 to 2010-04,2010-01-15,Passive insurance basket,-0.016680845442601733
2009-05 to 2010-04,2010-01-19,Passive insurance basket,0.013097374460502076
2009-05 to 2010-04,2010-01-20,Passive insurance basket,-0.013320361183069895
2009-05 to 2010-04,2010-01-21,Passive insurance basket,-0.012527883912199278
2009-05 to 2010-04,2010-01-22,Passive insurance basket,-0.022982362315834615
2009-05 to 2010-04,2010-01-25,Passive insurance basket,0.0037618569175625893
2009-05 to 2010-04,2010-01-26,Passive insurance basket,-0.01798613086769596
2009-05 to 2010-04,2010-01-27,Passive insurance basket,0.013058443609405224
2009-05 to 2010-04,2010-01-28,Passive insurance basket,-0.014361531905380143
2009-05 to 2010-04,2010-01-29,Passive insurance basket,-0.0020495574711795195
2009-05 to 2010-04,2010-02-01,Passive insurance basket,0.0034728148007190374
2009-05 to 2010-04,2010-02-02,Passive insurance basket,0.016308891566714223
2009-05 to 2010-04,2010-02-03,Passive insurance basket,-0.010429062532514521
2009-05 to 2010-04,2010-02-04,Passive insurance basket,-0.030158170361148873
2009-05 to 2010-04,2010-02-05,Passive insurance basket,-0.0005728796783290857
2009-05 to 2010-04,2010-02-08,Passive insurance basket,-0.015097961517449243
2009-05 to 2010-04,2010-02-09,Passive insurance basket,0.004539910003164449
2009-05 to 2010-04,2010-02-10,Passive insurance basket,0.034397796085139376
2009-05 to 2010-04,2010-02-11,Passive insurance basket,0.0013723756358992034
2009-05 to 2010-04,2010-02-12,Passive insurance basket,0.008742238019282311
2009-05 to 2010-04,2010-02-16,Passive insurance basket,0.022696516844300962
2009-05 to 2010-04,2010-02-17,Passive insurance basket,-0.001948067780324414
2009-05 to 2010-04,2010-02-18,Passive insurance basket,0.00743984518103713
2009-05 to 2010-04,2010-02-19,Passive insurance basket,0.0007102656332087509
2009-05 to 2010-04,2010-02-22,Passive insurance basket,0.018484828420711752
2009-05 to 2010-04,2010-02-23,Passive insurance basket,-0.02417205530682498
2009-05 to 2010-04,2010-02-24,Passive insurance basket,0.017761719648610397
2009-05 to 2010-04,2010-02-25,Passive insurance basket,-0.004393760200493757
2009-05 to 2010-04,2010-02-26,Passive insurance basket,-0.0202253645237912
2009-05 to 2010-04,2010-03-01,Passive insurance basket,0.016792572106148596
2009-05 to 2010-04,2010-03-02,Passive insurance basket,0.006504924459908024
2009-05 to 2010-04,2010-03-03,Passive insurance basket,-0.006727169840695102
2009-05 to 2010-04,2010-03-04,Passive insurance basket,0.02063531201195712
2009-05 to 2010-04,2010-03-05,Passive insurance basket,0.01958673053200477
2009-05 to 2010-04,2010-03-08,Passive insurance basket,0.009258508535780585
2009-05 to 2010-04,2010-03-09,Passive insurance basket,0.02426493475708491
2009-05 to 2010-04,2010-03-10,Passive insurance basket,0.029027925411628797
2009-05 to 2010-04,2010-03-11,Passive insurance basket,-0.003758830068300356
2009-05 to 2010-04,2010-03-12,Passive insurance basket,-0.009735309598121522
2009-05 to 2010-04,2010-03-15,Passive insurance basket,0.0008086617920679551
2009-05 to 2010-04,2010-03-16,Passive insurance basket,0.0035379090578653294
2009-05 to 2010-04,2010-03-17,Passive insurance basket,0.019453961467206682
2009-05 to 2010-04,2010-03-18,Passive insurance basket,-0.0004996926947311575
2009-05 to 2010-04,2010-03-19,Passive insurance basket,-0.0013148252119865589
2009-05 to 2010-04,2010-03-22,Passive insurance basket,-0.008530206466871637
2009-05 to 2010-04,2010-03-23,Passive insurance basket,0.004942992559477943
2009-05 to 2010-04,2010-03-24,Passive insurance basket,0.000953233344378468
2009-05 to 2010-04,2010-03-25,Passive insurance basket,0.009866824344526792
2009-05 to 2010-04,2010-03-26,Passive insurance basket,0.005851399139531255
2009-05 to 2010-04,2010-03-29,Passive insurance basket,0.00570564995455336
2009-05 to 2010-04,2010-03-30,Passive insurance basket,-0.0034970287002744627
2009-05 to 2010-04,2010-03-31,Passive insurance basket,0.0019871203279409055
2009-05 to 2010-04,2010-04-01,Passive insurance basket,0.007096156100176332
2009-05 to 2010-04,2010-04-05,Passive insurance basket,0.01444939182975502
2009-05 to 2010-04,2010-04-06,Passive insurance basket,0.004218489359098854
2009-05 to 2010-04,2010-04-07,Passive insurance basket,0.019465216573391064
2009-05 to 2010-04,2010-04-08,Passive insurance basket,-0.013188773668300069
2009-05 to 2010-04,2010-04-09,Passive insurance basket,-0.0009132162317108117
2009-05 to 2010-04,2010-04-12,Passive insurance basket,0.020587753381754004
2009-05 to 2010-04,2010-04-13,Passive insurance basket,-0.006091422025437998
2009-05 to 2010-04,2010-04-14,Passive insurance basket,0.012637671014963825
2009-05 to 2010-04,2010-04-15,Passive insurance basket,1.2834545214834847e-05
2009-05 to 2010-04,2010-04-16,Passive insurance basket,-0.02044835971560166
2009-05 to 2010-04,2010-04-19,Passive insurance basket,0.009192311044175172
2009-05 to 2010-04,2010-04-20,Passive insurance basket,0.027558073496091406
2009-05 to 2010-04,2010-04-21,Passive insurance basket,-0.007050208254108514
2009-05 to 2010-04,2010-04-22,Passive insurance basket,0.0197162423343471
2009-05 to 2010-04,2010-04-23,Passive insurance basket,0.013070284173134494
2009-05 to 2010-04,2010-04-26,Passive insurance basket,-0.0046856154204100164
2009-05 to 2010-04,2010-04-27,Passive insurance basket,-0.0662888904689064
2009-05 to 2010-04,2010-04-28,Passive insurance basket,0.02022637135061589
2009-05 to 2010-04,2010-04-29,Passive insurance basket,0.017856684586817995
2009-05 to 2010-04,2010-04-30,Passive insurance basket,-0.019501448629719476
2009-05 to 2010-04,2010-05-03,Passive insurance basket,0.013406722188551878
2009-05 to 2010-04,2010-05-04,Passive insurance basket,-0.029123076383628654
2009-05 to 2010-04,2010-05-05,Passive insurance basket,-0.00204880221244641
2009-05 to 2010-04,2010-05-06,Passive insurance basket,-0.02956908556507354
2009-05 to 2010-04,2010-05-07,Passive insurance basket,-0.0007806306722928369
2009-05 to 2010-04,2010-05-10,Passive insurance basket,0.05480802228622417
2009-05 to 2010-04,2010-05-11,Passive insurance basket,0.007383670347074656
2009-05 to 2010-04,2010-05-12,Passive insurance basket,0.006400200906111042
2009-05 to 2010-04,2010-05-13,Passive insurance basket,-0.012807582145739516
2009-05 to 2010-04,2010-05-14,Passive insurance basket,-0.022939439044044385
2009-05 to 2010-04,2010-05-17,Passive insurance basket,-0.001981285670948796
2009-05 to 2010-04,2010-05-18,Passive insurance basket,-0.020105610602853652
2009-05 to 2010-04,2010-05-19,Passive insurance basket,-0.0023277724209661566
2009-05 to 2010-04,2010-05-20,Passive insurance basket,-0.048105574884883984
2009-05 to 2010-04,2010-05-21,Passive insurance basket,0.022234152155414577
2009-05 to 2010-04,2010-05-24,Passive insurance basket,-0.021714857801830245
2009-05 to 2010-04,2010-05-25,Passive insurance basket,0.003711326158555517
2009-05 to 2010-04,2010-05-26,Passive insurance basket,-0.00807827006191475
2009-05 to 2010-04,2010-05-27,Passive insurance basket,0.05099079524953809
2009-05 to 2010-04,2010-05-28,Passive insurance basket,-0.014577413457306232
2009-05 to 2010-04,2010-06-01,Passive insurance basket,-0.019315244848374546
2009-05 to 2010-04,2010-06-02,Passive insurance basket,0.024702471431660156
2009-05 to 2010-04,2010-06-03,Passive insurance basket,0.0002907648427299403
2009-05 to 2010-04,2010-06-04,Passive insurance basket,-0.03401263683564526
2009-05 to 2010-04,2010-06-07,Passive insurance basket,-0.015625653280636365
2009-05 to 2010-04,2010-06-08,Passive insurance basket,0.01466719418581719
2009-05 to 2010-04,2010-06-09,Passive insurance basket,-0.0023150838332934853
2009-05 to 2010-04,2010-06-10,Passive insurance basket,0.03285655667284049
2009-05 to 2010-04,2010-06-11,Passive insurance basket,0.0019144215811885967
2009-05 to 2010-04,2010-06-14,Passive insurance basket,0.016725917051072292
2009-05 to 2010-04,2010-06-15,Passive insurance basket,0.022590434202600873
2009-05 to 2010-04,2010-06-16,Passive insurance basket,-0.005111084147369271
2009-05 to 2010-04,2010-06-17,Passive insurance basket,0.0005122168877935707
2009-05 to 2010-04,2010-06-18,Passive insurance basket,0.003152993294104567
2009-05 to 2010-04,2010-06-21,Passive insurance basket,0.0013545293962016203
2009-05 to 2010-04,2010-06-22,Passive insurance basket,-0.01253617546136554
2009-05 to 2010-04,2010-06-23,Passive insurance basket,-0.004415483912853735
2009-05 to 2010-04,2010-06-24,Passive insurance basket,-0.019126688367637645
2009-05 to 2010-04,2010-06-25,Passive insurance basket,0.011285826564637391
2009-05 to 2010-04,2010-06-28,Passive insurance basket,-0.007230268276272045
2009-05 to 2010-04,2010-06-29,Passive insurance basket,-0.040197645815443495
2009-05 to 2010-04,2010-06-30,Passive insurance basket,-0.005422443642900121
2009-05 to 2010-04,2010-07-01,Passive insurance basket,-0.010110561567278187
2009-05 to 2010-04,2010-07-02,Passive insurance basket,-0.0064393687118808884
2009-05 to 2010-04,2010-07-06,Passive insurance basket,0.006286900995025935
2009-05 to 2010-04,2010-07-07,Passive insurance basket,0.03171734062068854
2009-05 to 2010-04,2010-07-08,Passive insurance basket,0.012507900810386552
2009-05 to 2010-04,2010-07-09,Passive insurance basket,0.01236834049602864
2009-05 to 2010-04,2010-07-12,Passive insurance basket,-0.008675236883328719
2009-05 to 2010-04,2010-07-13,Passive insurance basket,0.030557483532168028
2009-05 to 2010-04,2010-07-14,Passive insurance basket,-0.005697063919439471
2009-05 to 2010-04,2010-07-15,Passive insurance basket,-0.002610022332935058
2009-05 to 2010-04,2010-07-16,Passive insurance basket,-0.03116866097533677
2009-05 to 2010-04,2010-07-19,Passive insurance basket,0.0012285602032144904
2009-05 to 2010-04,2010-07-20,Passive insurance basket,0.011019506775060028
2009-05 to 2010-04,2010-07-21,Passive insurance basket,-0.022942228710619572
2009-05 to 2010-04,2010-07-22,Passive insurance basket,0.02828774733684103
2009-05 to 2010-04,2010-07-23,Passive insurance basket,0.010387883861725289
2009-05 to 2010-04,2010-07-26,Passive insurance basket,0.019757769082363152
2009-05 to 2010-04,2010-07-27,Passive insurance basket,0.0017921566868925876
2009-05 to 2010-04,2010-07-28,Passive insurance basket,-0.010691392105776187
2009-05 to 2010-04,2010-07-29,Passive insurance basket,0.0023110062180438096
2009-05 to 2010-04,2010-07-30,Passive insurance basket,-0.06848139373194118
2009-05 to 2010-04,2009-08-03,US P&C insurance benchmark (KIE proxy),0.02221898290657487
2009-05 to 2010-04,2009-08-04,US P&C insurance benchmark (KIE proxy),0.026751616988775595
2009-05 to 2010-04,2009-08-05,US P&C insurance benchmark (KIE proxy),0.019143126177024516
2009-05 to 2010-04,2009-08-06,US P&C insurance benchmark (KIE proxy),-0.01108719152199411
2009-05 to 2010-04,2009-08-07,US P&C insurance benchmark (KIE proxy),0.029280689133257987
2009-05 to 2010-04,2009-08-10,US P&C insurance benchmark (KIE proxy),-0.008777583123802946
2009-05 to 2010-04,2009-08-11,US P&C insurance benchmark (KIE proxy),-0.03449633699633703
2009-05 to 2010-04,2009-08-12,US P&C insurance benchmark (KIE proxy),0.034467386871283257
2009-05 to 2010-04,2009-08-13,US P&C insurance benchmark (KIE proxy),0.018337352269705676
2009-05 to 2010-04,2009-08-14,US P&C insurance benchmark (KIE proxy),-0.012307886230833454
2009-05 to 2010-04,2009-08-17,US P&C insurance benchmark (KIE proxy),-0.041321786690975526
2009-05 to 2010-04,2009-08-18,US P&C insurance benchmark (KIE proxy),0.020919109606625907
2009-05 to 2010-04,2009-08-19,US P&C insurance benchmark (KIE proxy),0.008065793027652646
2009-05 to 2010-04,2009-08-20,US P&C insurance benchmark (KIE proxy),0.013554091635638033
2009-05 to 2010-04,2009-08-21,US P&C insurance benchmark (KIE proxy),0.030082041932543158
2009-05 to 2010-04,2009-08-24,US P&C insurance benchmark (KIE proxy),-0.002362831858407022
2009-05 to 2010-04,2009-08-25,US P&C insurance benchmark (KIE proxy),0.02247789023622193
2009-05 to 2010-04,2009-08-26,US P&C insurance benchmark (KIE proxy),-0.0057865651053639056
2009-05 to 2010-04,2009-08-27,US P&C insurance benchmark (KIE proxy),0.009886561954624673
2009-05 to 2010-04,2009-08-28,US P&C insurance benchmark (KIE proxy),0.012390588682570813
2009-05 to 2010-04,2009-08-31,US P&C insurance benchmark (KIE proxy),-0.0014253160019458422
2009-05 to 2010-04,2009-09-01,US P&C insurance benchmark (KIE proxy),-0.056982905982905896
2009-05 to 2010-04,2009-09-02,US P&C insurance benchmark (KIE proxy),-0.005211496107239033
2009-05 to 2010-04,2009-09-03,US P&C insurance benchmark (KIE proxy),0.022859381548497648
2009-05 to 2010-04,2009-09-04,US P&C insurance benchmark (KIE proxy),0.002075409514817217
2009-05 to 2010-04,2009-09-08,US P&C insurance benchmark (KIE proxy),0.008888888888888724
2009-05 to 2010-04,2009-09-09,US P&C insurance benchmark (KIE proxy),0.019674008810572907
2009-05 to 2010-04,2009-09-10,US P&C insurance benchmark (KIE proxy),0.013254646470755915
2009-05 to 2010-04,2009-09-11,US P&C insurance benchmark (KIE proxy),0.0056793471309062316
2009-05 to 2010-04,2009-09-14,US P&C insurance benchmark (KIE proxy),0.01271908626084306
2009-05 to 2010-04,2009-09-15,US P&C insurance benchmark (KIE proxy),0.002235563035342114
2009-05 to 2010-04,2009-09-16,US P&C insurance benchmark (KIE proxy),0.037593984962405846
2009-05 to 2010-04,2009-09-17,US P&C insurance benchmark (KIE proxy),-0.014758454106280183
2009-05 to 2010-04,2009-09-18,US P&C insurance benchmark (KIE proxy),-0.008172137912999533
2009-05 to 2010-04,2009-09-21,US P&C insurance benchmark (KIE proxy),-0.010719553091037892
2009-05 to 2010-04,2009-09-22,US P&C insurance benchmark (KIE proxy),0.007779054853163991
2009-05 to 2010-04,2009-09-23,US P&C insurance benchmark (KIE proxy),-0.020388429752065784
2009-05 to 2010-04,2009-09-24,US P&C insurance benchmark (KIE proxy),-0.016586098386103587
2009-05 to 2010-04,2009-09-25,US P&C insurance benchmark (KIE proxy),-0.0037231806600495077
2009-05 to 2010-04,2009-09-28,US P&C insurance benchmark (KIE proxy),0.05138074449122998
2009-05 to 2010-04,2009-09-29,US P&C insurance benchmark (KIE proxy),-0.009557739557739753
2009-05 to 2010-04,2009-09-30,US P&C insurance benchmark (KIE proxy),-0.004134520767697936
2009-05 to 2010-04,2009-10-01,US P&C insurance benchmark (KIE proxy),-0.037846769573123384
2009-05 to 2010-04,2009-10-02,US P&C insurance benchmark (KIE proxy),0.0013635382955772268
2009-05 to 2010-04,2009-10-05,US P&C insurance benchmark (KIE proxy),0.019537545353476737
2009-05 to 2010-04,2009-10-06,US P&C insurance benchmark (KIE proxy),0.0225443786982249
2009-05 to 2010-04,2009-10-07,US P&C insurance benchmark (KIE proxy),0.0033562872518950737
2009-05 to 2010-04,2009-10-08,US P&C insurance benchmark (KIE proxy),0.004341987097624678
2009-05 to 2010-04,2009-10-09,US P&C insurance benchmark (KIE proxy),0.003010664479081049
2009-05 to 2010-04,2009-10-12,US P&C insurance benchmark (KIE proxy),-0.00054798105784859
2009-05 to 2010-04,2009-10-13,US P&C insurance benchmark (KIE proxy),-0.01882160392798704
2009-05 to 2010-04,2009-10-14,US P&C insurance benchmark (KIE proxy),0.034753961634695685
2009-05 to 2010-04,2009-10-15,US P&C insurance benchmark (KIE proxy),-0.005376127415026022
2009-05 to 2010-04,2009-10-16,US P&C insurance benchmark (KIE proxy),-0.020802269043759924
2009-05 to 2010-04,2009-10-19,US P&C insurance benchmark (KIE proxy),0.007448296409093391
2009-05 to 2010-04,2009-10-20,US P&C insurance benchmark (KIE proxy),-0.018343423722408825
2009-05 to 2010-04,2009-10-21,US P&C insurance benchmark (KIE proxy),-0.014786610878660955
2009-05 to 2010-04,2009-10-22,US P&C insurance benchmark (KIE proxy),0.033125801601929794
2009-05 to 2010-04,2009-10-23,US P&C insurance benchmark (KIE proxy),-0.02931770161058267
2009-05 to 2010-04,2009-10-26,US P&C insurance benchmark (KIE proxy),-0.029364682764870698
2009-05 to 2010-04,2009-10-27,US P&C insurance benchmark (KIE proxy),-0.010759162303665026
2009-05 to 2010-04,2009-10-28,US P&C insurance benchmark (KIE proxy),-0.029991090881826277
2009-05 to 2010-04,2009-10-29,US P&C insurance benchmark (KIE proxy),0.05486191311939015
2009-05 to 2010-04,2009-10-30,US P&C insurance benchmark (KIE proxy),-0.04109482758620664
2009-05 to 2010-04,2009-11-02,US P&C insurance benchmark (KIE proxy),-0.0020947021117833087
2009-05 to 2010-04,2009-11-03,US P&C insurance benchmark (KIE proxy),0.008405405405405242
2009-05 to 2010-04,2009-11-04,US P&C insurance benchmark (KIE proxy),-0.008630162686607212
2009-05 to 2010-04,2009-11-05,US P&C insurance benchmark (KIE proxy),0.010210242684762338
2009-05 to 2010-04,2009-11-06,US P&C insurance benchmark (KIE proxy),0.009214986619090038
2009-05 to 2010-04,2009-11-09,US P&C insurance benchmark (KIE proxy),0.03535661566474868
2009-05 to 2010-04,2009-11-10,US P&C insurance benchmark (KIE proxy),-0.008819034772438394
2009-05 to 2010-04,2009-11-11,US P&C insurance benchmark (KIE proxy),0.014065460809647101
2009-05 to 2010-04,2009-11-12,US P&C insurance benchmark (KIE proxy),-0.023213542507198648
2009-05 to 2010-04,2009-11-13,US P&C insurance benchmark (KIE proxy),0.0037652173913043097
2009-05 to 2010-04,2009-11-16,US P&C insurance benchmark (KIE proxy),0.013289094106538002
2009-05 to 2010-04,2009-11-17,US P&C insurance benchmark (KIE proxy),0.0017098839843716629
2009-05 to 2010-04,2009-11-18,US P&C insurance benchmark (KIE proxy),0.0002816492698458628
2009-05 to 2010-04,2009-11-19,US P&C insurance benchmark (KIE proxy),-0.019906143344710192
2009-05 to 2010-04,2009-11-20,US P&C insurance benchmark (KIE proxy),-0.00580671559281587
2009-05 to 2010-04,2009-11-23,US P&C insurance benchmark (KIE proxy),0.012845884413310138
2009-05 to 2010-04,2009-11-24,US P&C insurance benchmark (KIE proxy),0.0008645508226199361
2009-05 to 2010-04,2009-11-25,US P&C insurance benchmark (KIE proxy),0.0017276080402877092
2009-05 to 2010-04,2009-11-27,US P&C insurance benchmark (KIE proxy),-0.013227901040813284
2009-05 to 2010-04,2009-11-30,US P&C insurance benchmark (KIE proxy),-0.001162252147544951
2009-05 to 2010-04,2009-12-01,US P&C insurance benchmark (KIE proxy),0.005546806649168845
2009-05 to 2010-04,2009-12-02,US P&C insurance benchmark (KIE proxy),0.006951815824734364
2009-05 to 2010-04,2009-12-03,US P&C insurance benchmark (KIE proxy),-0.022171722844823938
2009-05 to 2010-04,2009-12-04,US P&C insurance benchmark (KIE proxy),0.014138397235943234
2009-05 to 2010-04,2009-12-07,US P&C insurance benchmark (KIE proxy),-0.009009558496780423
2009-05 to 2010-04,2009-12-08,US P&C insurance benchmark (KIE proxy),-0.009372829345924205
2009-05 to 2010-04,2009-12-09,US P&C insurance benchmark (KIE proxy),0.0005857970834404203
2009-05 to 2010-04,2009-12-10,US P&C insurance benchmark (KIE proxy),0.004435258531219954
2009-05 to 2010-04,2009-12-11,US P&C insurance benchmark (KIE proxy),0.011480752077574374
2009-05 to 2010-04,2009-12-14,US P&C insurance benchmark (KIE proxy),0.012520408965101648
2009-05 to 2010-04,2009-12-15,US P&C insurance benchmark (KIE proxy),-0.01523709331102796
2009-05 to 2010-04,2009-12-16,US P&C insurance benchmark (KIE proxy),0.009921190893169785
2009-05 to 2010-04,2009-12-17,US P&C insurance benchmark (KIE proxy),-0.014159000459538995
2009-05 to 2010-04,2009-12-18,US P&C insurance benchmark (KIE proxy),-0.0023482849604221645
2009-05 to 2010-04,2009-12-21,US P&C insurance benchmark (KIE proxy),0.009697354385408197
2009-05 to 2010-04,2009-12-22,US P&C insurance benchmark (KIE proxy),0.02066653278967645
2009-05 to 2010-04,2009-12-23,US P&C insurance benchmark (KIE proxy),-0.0011377245508982226
2009-05 to 2010-04,2009-12-24,US P&C insurance benchmark (KIE proxy),0.007416478970941887
2009-05 to 2010-04,2009-12-28,US P&C insurance benchmark (KIE proxy),-0.003400406348558538
2009-05 to 2010-04,2009-12-29,US P&C insurance benchmark (KIE proxy),-0.0005629814130834188
2009-05 to 2010-04,2009-12-30,US P&C insurance benchmark (KIE proxy),-0.003985763909633122
2009-05 to 2010-04,2009-12-31,US P&C insurance benchmark (KIE proxy),-0.008568980291345452
2009-05 to 2010-04,2010-01-04,US P&C insurance benchmark (KIE proxy),0.021607605877268732
2009-05 to 2010-04,2010-01-05,US P&C insurance benchmark (KIE proxy),0.012123519458544951
2009-05 to 2010-04,2010-01-06,US P&C insurance benchmark (KIE proxy),0.0025076692885741547
2009-05 to 2010-04,2010-01-07,US P&C insurance benchmark (KIE proxy),0.015291871294806247
2009-05 to 2010-04,2010-01-08,US P&C insurance benchmark (KIE proxy),-0.002742943490436578
2009-05 to 2010-04,2010-01-11,US P&C insurance benchmark (KIE proxy),0.004397486679897478
2009-05 to 2010-04,2010-01-12,US P&C insurance benchmark (KIE proxy),-0.006559151245828843
2009-05 to 2010-04,2010-01-13,US P&C insurance benchmark (KIE proxy),0.01100134525076979
2009-05 to 2010-04,2010-01-14,US P&C insurance benchmark (KIE proxy),0.0038122448979591717
2009-05 to 2010-04,2010-01-15,US P&C insurance benchmark (KIE proxy),-0.013288117950344458
2009-05 to 2010-04,2010-01-19,US P&C insurance benchmark (KIE proxy),0.017307739856428084
2009-05 to 2010-04,2010-01-20,US P&C insurance benchmark (KIE proxy),-0.008101561170837712
2009-05 to 2010-04,2010-01-21,US P&C insurance benchmark (KIE proxy),-0.021505639819329625
2009-05 to 2010-04,2010-01-22,US P&C insurance benchmark (KIE proxy),-0.02393155258764612
2009-05 to 2010-04,2010-01-25,US P&C insurance benchmark (KIE proxy),0.010553051747582032
2009-05 to 2010-04,2010-01-26,US P&C insurance benchmark (KIE proxy),-0.0002877283844053835
2009-05 to 2010-04,2010-01-27,US P&C insurance benchmark (KIE proxy),0.014390559792776036
2009-05 to 2010-04,2010-01-28,US P&C insurance benchmark (KIE proxy),-0.013627297989702414
2009-05 to 2010-04,2010-01-29,US P&C insurance benchmark (KIE proxy),-0.005355329949238374
2009-05 to 2010-04,2010-02-01,US P&C insurance benchmark (KIE proxy),0.011908103464407294
2009-05 to 2010-04,2010-02-02,US P&C insurance benchmark (KIE proxy),0.019887868064253356
2009-05 to 2010-04,2010-02-03,US P&C insurance benchmark (KIE proxy),-0.014835205591224199
2009-05 to 2010-04,2010-02-04,US P&C insurance benchmark (KIE proxy),-0.03568888926070635
2009-05 to 2010-04,2010-02-05,US P&C insurance benchmark (KIE proxy),0.006940407922475744
2009-05 to 2010-04,2010-02-08,US P&C insurance benchmark (KIE proxy),-0.016369855342173167
2009-05 to 2010-04,2010-02-09,US P&C insurance benchmark (KIE proxy),0.01255178816996172
2009-05 to 2010-04,2010-02-10,US P&C insurance benchmark (KIE proxy),0.004904844290657406
2009-05 to 2010-04,2010-02-11,US P&C insurance benchmark (KIE proxy),0.004588222128487418
2009-05 to 2010-04,2010-02-12,US P&C insurance benchmark (KIE proxy),0.005998286203941605
2009-05 to 2010-04,2010-02-16,US P&C insurance benchmark (KIE proxy),0.02016183986371356
2009-05 to 2010-04,2010-02-17,US P&C insurance benchmark (KIE proxy),0.005844681757078529
2009-05 to 2010-04,2010-02-18,US P&C insurance benchmark (KIE proxy),0.010235168137332273
2009-05 to 2010-04,2010-02-19,US P&C insurance benchmark (KIE proxy),0.005751848808545734
2009-05 to 2010-04,2010-02-22,US P&C insurance benchmark (KIE proxy),0.005449346405228539
2009-05 to 2010-04,2010-02-23,US P&C insurance benchmark (KIE proxy),-0.014358032616379801
2009-05 to 2010-04,2010-02-24,US P&C insurance benchmark (KIE proxy),0.015935696619950424
2009-05 to 2010-04,2010-02-25,US P&C insurance benchmark (KIE proxy),0.0016229419067945727
2009-05 to 2010-04,2010-02-26,US P&C insurance benchmark (KIE proxy),-0.0013448591543590016
2009-05 to 2010-04,2010-03-01,US P&C insurance benchmark (KIE proxy),0.008647894408073453
2009-05 to 2010-04,2010-03-02,US P&C insurance benchmark (KIE proxy),0.006168917342941782
2009-05 to 2010-04,2010-03-03,US P&C insurance benchmark (KIE proxy),-0.0015987210231812599
2009-05 to 2010-04,2010-03-04,US P&C insurance benchmark (KIE proxy),0.012273819055244273
2009-05 to 2010-04,2010-03-05,US P&C insurance benchmark (KIE proxy),0.014766714386275748
2009-05 to 2010-04,2010-03-08,US P&C insurance benchmark (KIE proxy),0.007272018706157457
2009-05 to 2010-04,2010-03-09,US P&C insurance benchmark (KIE proxy),-0.0007737961666138826
2009-05 to 2010-04,2010-03-10,US P&C insurance benchmark (KIE proxy),0.005939612647425596
2009-05 to 2010-04,2010-03-11,US P&C insurance benchmark (KIE proxy),0.0051347190146266986
2009-05 to 2010-04,2010-03-12,US P&C insurance benchmark (KIE proxy),-0.0038294515459497136
2009-05 to 2010-04,2010-03-15,US P&C insurance benchmark (KIE proxy),-0.0002614037380734846
2009-05 to 2010-04,2010-03-16,US P&C insurance benchmark (KIE proxy),0.013588858212915333
2009-05 to 2010-04,2010-03-17,US P&C insurance benchmark (KIE proxy),0.01365705614567525
2009-05 to 2010-04,2010-03-18,US P&C insurance benchmark (KIE proxy),-0.001744011976047899
2009-05 to 2010-04,2010-03-19,US P&C insurance benchmark (KIE proxy),-0.011502095720830607
2009-05 to 2010-04,2010-03-22,US P&C insurance benchmark (KIE proxy),0.004050579141793076
2009-05 to 2010-04,2010-03-23,US P&C insurance benchmark (KIE proxy),0.006799277765606071
2009-05 to 2010-04,2010-03-24,US P&C insurance benchmark (KIE proxy),0.0077513562997590935
2009-05 to 2010-04,2010-03-25,US P&C insurance benchmark (KIE proxy),-0.0037230081906179935
2009-05 to 2010-04,2010-03-26,US P&C insurance benchmark (KIE proxy),0.012952167414050919
2009-05 to 2010-04,2010-03-29,US P&C insurance benchmark (KIE proxy),0.00787262142799161
2009-05 to 2010-04,2010-03-30,US P&C insurance benchmark (KIE proxy),-0.004882869692532932
2009-05 to 2010-04,2010-03-31,US P&C insurance benchmark (KIE proxy),0.012263394466391464
2009-05 to 2010-04,2010-04-01,US P&C insurance benchmark (KIE proxy),0.009207848837209376
2009-05 to 2010-04,2010-04-05,US P&C insurance benchmark (KIE proxy),0.01391979375949659
2009-05 to 2010-04,2010-04-06,US P&C insurance benchmark (KIE proxy),0.000475852272727062
2009-05 to 2010-04,2010-04-07,US P&C insurance benchmark (KIE proxy),-0.0099384525829328
2009-05 to 2010-04,2010-04-08,US P&C insurance benchmark (KIE proxy),0.006689754565596173
2009-05 to 2010-04,2010-04-09,US P&C insurance benchmark (KIE proxy),-0.0004772079772078497
2009-05 to 2010-04,2010-04-12,US P&C insurance benchmark (KIE proxy),0.003092643925519889
2009-05 to 2010-04,2010-04-13,US P&C insurance benchmark (KIE proxy),0.0009448237157856365
2009-05 to 2010-04,2010-04-14,US P&C insurance benchmark (KIE proxy),0.02389638041163944
2009-05 to 2010-04,2010-04-15,US P&C insurance benchmark (KIE proxy),-0.0018507350953440582
2009-05 to 2010-04,2010-04-16,US P&C insurance benchmark (KIE proxy),-0.02129861111111131
2009-05 to 2010-04,2010-04-19,US P&C insurance benchmark (KIE proxy),0.012303718788360563
2009-05 to 2010-04,2010-04-20,US P&C insurance benchmark (KIE proxy),0.009112128242691142
2009-05 to 2010-04,2010-04-21,US P&C insurance benchmark (KIE proxy),-0.004633006175026044
2009-05 to 2010-04,2010-04-22,US P&C insurance benchmark (KIE proxy),0.003258897418004114
2009-05 to 2010-04,2010-04-23,US P&C insurance benchmark (KIE proxy),0.010892624872189227
2009-05 to 2010-04,2010-04-26,US P&C insurance benchmark (KIE proxy),-0.004355514576868336
2009-05 to 2010-04,2010-04-27,US P&C insurance benchmark (KIE proxy),-0.04860400829302014
2009-05 to 2010-04,2010-04-28,US P&C insurance benchmark (KIE proxy),0.0024188803416940186
2009-05 to 2010-04,2010-04-29,US P&C insurance benchmark (KIE proxy),0.024398550724637813
2009-05 to 2010-04,2010-04-30,US P&C insurance benchmark (KIE proxy),-0.025465632007470096
2009-05 to 2010-04,2010-05-03,US P&C insurance benchmark (KIE proxy),0.014030936290984064
2009-05 to 2010-04,2010-05-04,US P&C insurance benchmark (KIE proxy),-0.03459556191839641
2009-05 to 2010-04,2010-05-05,US P&C insurance benchmark (KIE proxy),-0.004204141858275334
2009-05 to 2010-04,2010-05-06,US P&C insurance benchmark (KIE proxy),-0.036984363365599404
2009-05 to 2010-04,2010-05-07,US P&C insurance benchmark (KIE proxy),-0.02010314459573337
2009-05 to 2010-04,2010-05-10,US P&C insurance benchmark (KIE proxy),0.06845099539977761
2009-05 to 2010-04,2010-05-11,US P&C insurance benchmark (KIE proxy),-0.0067056599314666565
2009-05 to 2010-04,2010-05-12,US P&C insurance benchmark (KIE proxy),0.01982899628252799
2009-05 to 2010-04,2010-05-13,US P&C insurance benchmark (KIE proxy),-0.017256337165644897
2009-05 to 2010-04,2010-05-14,US P&C insurance benchmark (KIE proxy),-0.029673590504450953
2009-05 to 2010-04,2010-05-17,US P&C insurance benchmark (KIE proxy),0.004334862385320992
2009-05 to 2010-04,2010-05-18,US P&C insurance benchmark (KIE proxy),-0.021314333127802176
2009-05 to 2010-04,2010-05-19,US P&C insurance benchmark (KIE proxy),-0.004410151905232196
2009-05 to 2010-04,2010-05-20,US P&C insurance benchmark (KIE proxy),-0.05338281250000021
2009-05 to 2010-04,2010-05-21,US P&C insurance benchmark (KIE proxy),0.02447861216337799
2009-05 to 2010-04,2010-05-24,US P&C insurance benchmark (KIE proxy),-0.0193341013268028
2009-05 to 2010-04,2010-05-25,US P&C insurance benchmark (KIE proxy),0.009857639259691409
2009-05 to 2010-04,2010-05-26,US P&C insurance benchmark (KIE proxy),-0.004067256147657794
2009-05 to 2010-04,2010-05-27,US P&C insurance benchmark (KIE proxy),0.05227348835689738
2009-05 to 2010-04,2010-05-28,US P&C insurance benchmark (KIE proxy),-0.014747774250386092
2009-05 to 2010-04,2010-06-01,US P&C insurance benchmark (KIE proxy),-0.02914923621122978
2009-05 to 2010-04,2010-06-02,US P&C insurance benchmark (KIE proxy),0.03219105272126788
2009-05 to 2010-04,2010-06-03,US P&C insurance benchmark (KIE proxy),-0.00025943396226413284
2009-05 to 2010-04,2010-06-04,US P&C insurance benchmark (KIE proxy),-0.04928165325910028
2009-05 to 2010-04,2010-06-07,US P&C insurance benchmark (KIE proxy),-0.02067824648469807
2009-05 to 2010-04,2010-06-08,US P&C insurance benchmark (KIE proxy),0.01858108108108114
2009-05 to 2010-04,2010-06-09,US P&C insurance benchmark (KIE proxy),-0.006077943615256931
2009-05 to 2010-04,2010-06-10,US P&C insurance benchmark (KIE proxy),0.03921012455471473
2009-05 to 2010-04,2010-06-11,US P&C insurance benchmark (KIE proxy),0.007754862844894683
2009-05 to 2010-04,2010-06-14,US P&C insurance benchmark (KIE proxy),0.0026606549672199
2009-05 to 2010-04,2010-06-15,US P&C insurance benchmark (KIE proxy),0.02833149276617375
2009-05 to 2010-04,2010-06-16,US P&C insurance benchmark (KIE proxy),-0.011589007440142796
2009-05 to 2010-04,2010-06-17,US P&C insurance benchmark (KIE proxy),0.001047423260613023
2009-05 to 2010-04,2010-06-18,US P&C insurance benchmark (KIE proxy),0.003123365113573362
2009-05 to 2010-04,2010-06-21,US P&C insurance benchmark (KIE proxy),-0.008305634910132476
2009-05 to 2010-04,2010-06-22,US P&C insurance benchmark (KIE proxy),-0.012817896389324845
2009-05 to 2010-04,2010-06-23,US P&C insurance benchmark (KIE proxy),-0.00768882139193916
2009-05 to 2010-04,2010-06-24,US P&C insurance benchmark (KIE proxy),-0.018165064102564243
2009-05 to 2010-04,2010-06-25,US P&C insurance benchmark (KIE proxy),0.02149624998979882
2009-05 to 2010-04,2010-06-28,US P&C insurance benchmark (KIE proxy),-0.008788258886127998
2009-05 to 2010-04,2010-06-29,US P&C insurance benchmark (KIE proxy),-0.04352486962689528
2009-05 to 2010-04,2010-06-30,US P&C insurance benchmark (KIE proxy),-0.009556152932154727
2009-05 to 2010-04,2010-07-01,US P&C insurance benchmark (KIE proxy),-0.006806598997728175
2009-05 to 2010-04,2010-07-02,US P&C insurance benchmark (KIE proxy),-0.0031353601809257503
2009-05 to 2010-04,2010-07-06,US P&C insurance benchmark (KIE proxy),0.004004571742848073
2009-05 to 2010-04,2010-07-07,US P&C insurance benchmark (KIE proxy),0.037095683582549555
2009-05 to 2010-04,2010-07-08,US P&C insurance benchmark (KIE proxy),0.014574925516023463
2009-05 to 2010-04,2010-07-09,US P&C insurance benchmark (KIE proxy),0.018172500467734443
2009-05 to 2010-04,2010-07-12,US P&C insurance benchmark (KIE proxy),-0.01012247637156749
2009-05 to 2010-04,2010-07-13,US P&C insurance benchmark (KIE proxy),0.021791767554479424
2009-05 to 2010-04,2010-07-14,US P&C insurance benchmark (KIE proxy),-0.009478672985782088
2009-05 to 2010-04,2010-07-15,US P&C insurance benchmark (KIE proxy),-0.003987240829345873
2009-05 to 2010-04,2010-07-16,US P&C insurance benchmark (KIE proxy),-0.03789431545236188
2009-05 to 2010-04,2010-07-19,US P&C insurance benchmark (KIE proxy),0.0058252265597043
2009-05 to 2010-04,2010-07-20,US P&C insurance benchmark (KIE proxy),0.018747879901048092
2009-05 to 2010-04,2010-07-21,US P&C insurance benchmark (KIE proxy),-0.01949111935874226
2009-05 to 2010-04,2010-07-22,US P&C insurance benchmark (KIE proxy),0.03838221530153341
2009-05 to 2010-04,2010-07-23,US P&C insurance benchmark (KIE proxy),0.01435784536600515
2009-05 to 2010-04,2010-07-26,US P&C insurance benchmark (KIE proxy),0.004450840233708453
2009-05 to 2010-04,2010-07-27,US P&C insurance benchmark (KIE proxy),-0.0015657660902037573
2009-05 to 2010-04,2010-07-28,US P&C insurance benchmark (KIE proxy),-0.008883975128006094
2009-05 to 2010-04,2010-07-29,US P&C insurance benchmark (KIE proxy),0.01661392405063289
2009-05 to 2010-04,2010-07-30,US P&C insurance benchmark (KIE proxy),-0.04672915677017453
2009-05 to 2010-04,2009-08-03,SPY,0.014971561582835857
2009-05 to 2010-04,2009-08-04,SPY,0.0025886101154919405
2009-05 to 2010-04,2009-08-05,SPY,-0.0028798411122145096
2009-05 to 2010-04,2009-08-06,SPY,-0.0051787670550742515
2009-05 to 2010-04,2009-08-07,SPY,0.013134447892681811
2009-05 to 2010-04,2009-08-10,SPY,-0.0020948202604692545
2009-05 to 2010-04,2009-08-11,SPY,-0.01247648282008107
2009-05 to 2010-04,2009-08-12,SPY,0.010728968214178236
2009-05 to 2010-04,2009-08-13,SPY,0.007638888888888751
2009-05 to 2010-04,2009-08-14,SPY,-0.007679432903416217
2009-05 to 2010-04,2009-08-17,SPY,-0.02480404802063707
2009-05 to 2010-04,2009-08-18,SPY,0.00813917997761715
2009-05 to 2010-04,2009-08-19,SPY,0.008779897063275754
2009-05 to 2010-04,2009-08-20,SPY,0.010304121648659237
2009-05 to 2010-04,2009-08-21,SPY,0.019605901574413442
2009-05 to 2010-04,2009-08-24,SPY,-9.71156647566751e-05
2009-05 to 2010-04,2009-08-25,SPY,0.0019425019425016732
2009-05 to 2010-04,2009-08-26,SPY,9.69367972083468e-05
2009-05 to 2010-04,2009-08-27,SPY,0.002229330231656501
2009-05 to 2010-04,2009-08-28,SPY,-0.00019342359767893225
2009-05 to 2010-04,2009-08-31,SPY,-0.00889920680982792
2009-05 to 2010-04,2009-09-01,SPY,-0.02205738824907255
2009-05 to 2010-04,2009-09-02,SPY,-0.00379241516966089
2009-05 to 2010-04,2009-09-03,SPY,0.00831496694049294
2009-05 to 2010-04,2009-09-04,SPY,0.014008941877794223
2009-05 to 2010-04,2009-09-08,SPY,0.008622378992749535
2009-05 to 2010-04,2009-09-09,SPY,0.007674373421410419
2009-05 to 2010-04,2009-09-10,SPY,0.010218837366239297
2009-05 to 2010-04,2009-09-11,SPY,-0.0001908579062888105
2009-05 to 2010-04,2009-09-14,SPY,0.004867805669561909
2009-05 to 2010-04,2009-09-15,SPY,0.0041793313069906635
2009-05 to 2010-04,2009-09-16,SPY,0.015134317063942637
2009-05 to 2010-04,2009-09-17,SPY,-0.001490868430860881
2009-05 to 2010-04,2009-09-18,SPY,-0.004106009705113989
2009-05 to 2010-04,2009-09-21,SPY,-0.0025299850074962382
2009-05 to 2010-04,2009-09-22,SPY,0.0058243306716767584
2009-05 to 2010-04,2009-09-23,SPY,-0.008312319043616179
2009-05 to 2010-04,2009-09-24,SPY,-0.011019024298361213
2009-05 to 2010-04,2009-09-25,SPY,-0.005332825445195866
2009-05 to 2010-04,2009-09-28,SPY,0.0179033030157969
2009-05 to 2010-04,2009-09-29,SPY,-0.0030097817908201208
2009-05 to 2010-04,2009-09-30,SPY,-0.0038679245283018693
2009-05 to 2010-04,2009-10-01,SPY,-0.02490766171038905
2009-05 to 2010-04,2009-10-02,SPY,-0.00456487956487972
2009-05 to 2010-04,2009-10-05,SPY,0.014928285686408582
2009-05 to 2010-04,2009-10-06,SPY,0.01432416842914841
2009-05 to 2010-04,2009-10-07,SPY,0.002748554639370404
2009-05 to 2010-04,2009-10-08,SPY,0.007655954631379913
2009-05 to 2010-04,2009-10-09,SPY,0.0060969890254198855
2009-05 to 2010-04,2009-10-12,SPY,0.0039157188140968024
2009-05 to 2010-04,2009-10-13,SPY,-0.0020430906389304893
2009-05 to 2010-04,2009-10-14,SPY,0.017215708170482236
2009-05 to 2010-04,2009-10-15,SPY,0.0036593175372794384
2009-05 to 2010-04,2009-10-16,SPY,-0.007474250296235718
2009-05 to 2010-04,2009-10-19,SPY,0.008265221783451127
2009-05 to 2010-04,2009-10-20,SPY,-0.0052737043446577925
2009-05 to 2010-04,2009-10-21,SPY,-0.008982611641684679
2009-05 to 2010-04,2009-10-22,SPY,0.010163540607964539
2009-05 to 2010-04,2009-10-23,SPY,-0.01143327540473793
2009-05 to 2010-04,2009-10-26,SPY,-0.010825314581791146
2009-05 to 2010-04,2009-10-27,SPY,-0.004583294359741807
2009-05 to 2010-04,2009-10-28,SPY,-0.018887427175343086
2009-05 to 2010-04,2009-10-29,SPY,0.021453883727612366
2009-05 to 2010-04,2009-10-30,SPY,-0.028973277074543002
2009-05 to 2010-04,2009-11-02,SPY,0.007338740826573931
2009-05 to 2010-04,2009-11-03,SPY,0.0031633435582822944
2009-05 to 2010-04,2009-11-04,SPY,0.002580028666985257
2009-05 to 2010-04,2009-11-05,SPY,0.018395920701486546
2009-05 to 2010-04,2009-11-06,SPY,0.0026195576794032505
2009-05 to 2010-04,2009-11-09,SPY,0.022776066461308586
2009-05 to 2010-04,2009-11-10,SPY,0.000182531714885803
2009-05 to 2010-04,2009-11-11,SPY,0.005109955287891266
2009-05 to 2010-04,2009-11-12,SPY,-0.010167952791647838
2009-05 to 2010-04,2009-11-13,SPY,0.00541135467302567
2009-05 to 2010-04,2009-11-16,SPY,0.014504652435686882
2009-05 to 2010-04,2009-11-17,SPY,0.0011599676288103211
2009-05 to 2010-04,2009-11-18,SPY,-0.0006197289359523017
2009-05 to 2010-04,2009-11-19,SPY,-0.013031365147838536
2009-05 to 2010-04,2009-11-20,SPY,-0.0035512657075210674
2009-05 to 2010-04,2009-11-23,SPY,0.012702184044594445
2009-05 to 2010-04,2009-11-24,SPY,0.001534019130120745
2009-05 to 2010-04,2009-11-25,SPY,0.0035138300747816764
2009-05 to 2010-04,2009-11-27,SPY,-0.016250673370443613
2009-05 to 2010-04,2009-11-30,SPY,0.003376836725381027
2009-05 to 2010-04,2009-12-01,SPY,0.0123703838457343
2009-05 to 2010-04,2009-12-02,SPY,-0.00044923629829318745
2009-05 to 2010-04,2009-12-03,SPY,-0.007820224719101154
2009-05 to 2010-04,2009-12-04,SPY,0.005707555716615298
2009-05 to 2010-04,2009-12-07,SPY,-0.0015313935681470214
2009-05 to 2010-04,2009-12-08,SPY,-0.011097076867556788
2009-05 to 2010-04,2009-12-09,SPY,0.003749657877931023
2009-05 to 2010-04,2009-12-10,SPY,0.005626198634805846
2009-05 to 2010-04,2009-12-11,SPY,0.004248011569052856
2009-05 to 2010-04,2009-12-14,SPY,0.006840068400684185
2009-05 to 2010-04,2009-12-15,SPY,-0.004648252435863309
2009-05 to 2010-04,2009-12-16,SPY,0.0015267175572519776
2009-05 to 2010-04,2009-12-17,SPY,-0.01201578192252506
2009-05 to 2010-04,2009-12-18,SPY,0.00027228172082049973
2009-05 to 2010-04,2009-12-21,SPY,0.010162417203520402
2009-05 to 2010-04,2009-12-22,SPY,0.0035929219437709214
2009-05 to 2010-04,2009-12-23,SPY,0.0019690324890362376
2009-05 to 2010-04,2009-12-24,SPY,0.004734256364448575
2009-05 to 2010-04,2009-12-28,SPY,0.002133712660028486
2009-05 to 2010-04,2009-12-29,SPY,-0.0014017033356992226
2009-05 to 2010-04,2009-12-30,SPY,-0.00037312769851272076
2009-05 to 2010-04,2009-12-31,SPY,-0.009598293636686961
2009-05 to 2010-04,2010-01-04,SPY,0.016959798994975017
2009-05 to 2010-04,2010-01-05,SPY,0.002647136680490547
2009-05 to 2010-04,2010-01-06,SPY,0.0007040394262076699
2009-05 to 2010-04,2010-01-07,SPY,0.004221264620525966
2009-05 to 2010-04,2010-01-08,SPY,0.0033277870216306127
2009-05 to 2010-04,2010-01-11,SPY,0.001396526141223875
2009-05 to 2010-04,2010-01-12,SPY,-0.009326244225573155
2009-05 to 2010-04,2010-01-13,SPY,0.00844624318141829
2009-05 to 2010-04,2010-01-14,SPY,0.002704589076949926
2009-05 to 2010-04,2010-01-15,SPY,-0.011224223440355119
2009-05 to 2010-04,2010-01-19,SPY,0.012495600140795426
2009-05 to 2010-04,2010-01-20,SPY,-0.010168607682948139
2009-05 to 2010-04,2010-01-21,SPY,-0.01922908069189555
2009-05 to 2010-04,2010-01-22,SPY,-0.02229185317815574
2009-05 to 2010-04,2010-01-25,SPY,0.005127735555352064
2009-05 to 2010-04,2010-01-26,SPY,-0.00419058030427244
2009-05 to 2010-04,2010-01-27,SPY,0.004757112798462915
2009-05 to 2010-04,2010-01-28,SPY,-0.01147227533460815
2009-05 to 2010-04,2010-01-29,SPY,-0.01086856406005332
2009-05 to 2010-04,2010-02-01,SPY,0.0155507961635164
2009-05 to 2010-04,2010-02-02,SPY,0.012103429304969326
2009-05 to 2010-04,2010-02-03,SPY,-0.004982786736727696
2009-05 to 2010-04,2010-02-04,SPY,-0.03086588363835019
2009-05 to 2010-04,2010-02-05,SPY,0.0020668921458102396
2009-05 to 2010-04,2010-02-08,SPY,-0.0072192012000751316
2009-05 to 2010-04,2010-02-09,SPY,0.01256020398526747
2009-05 to 2010-04,2010-02-10,SPY,-0.001958589815332923
2009-05 to 2010-04,2010-02-11,SPY,0.010466311559667485
2009-05 to 2010-04,2010-02-12,SPY,-0.0008323314528807524
2009-05 to 2010-04,2010-02-16,SPY,0.015734912995186923
2009-05 to 2010-04,2010-02-17,SPY,0.004738472753781808
2009-05 to 2010-04,2010-02-18,SPY,0.005895156901868148
2009-05 to 2010-04,2010-02-19,SPY,0.002073753493823771
2009-05 to 2010-04,2010-02-22,SPY,0.00017995321216468518
2009-05 to 2010-04,2010-02-23,SPY,-0.012144656351205319
2009-05 to 2010-04,2010-02-24,SPY,0.009197705127037548
2009-05 to 2010-04,2010-02-25,SPY,-0.0013535462912831475
2009-05 to 2010-04,2010-02-26,SPY,0.0006325110689435753
2009-05 to 2010-04,2010-03-01,SPY,0.010384684847390302
2009-05 to 2010-04,2010-03-02,SPY,0.0027705782464921835
2009-05 to 2010-04,2010-03-03,SPY,0.0008912655971478056
2009-05 to 2010-04,2010-03-04,SPY,0.003036509349955585
2009-05 to 2010-04,2010-03-05,SPY,0.01428431920881379
2009-05 to 2010-04,2010-03-08,SPY,0.00017505470459533434
2009-05 to 2010-04,2010-03-09,SPY,0.0016627286251857942
2009-05 to 2010-04,2010-03-10,SPY,0.004455705049799086
2009-05 to 2010-04,2010-03-11,SPY,0.004175002174480413
2009-05 to 2010-04,2010-03-12,SPY,8.661758336936387e-05
2009-05 to 2010-04,2010-03-15,SPY,0.0002598302442404776
2009-05 to 2010-04,2010-03-16,SPY,0.007966057667330384
2009-05 to 2010-04,2010-03-17,SPY,0.005927325831114105
2009-05 to 2010-04,2010-03-18,SPY,-0.0005337318531170032
2009-05 to 2010-04,2010-03-19,SPY,-0.009121008223859861
2009-05 to 2010-04,2010-03-22,SPY,0.005367767526084366
2009-05 to 2010-04,2010-03-23,SPY,0.007011600231575876
2009-05 to 2010-04,2010-03-24,SPY,-0.004854782386508716
2009-05 to 2010-04,2010-03-25,SPY,-0.0016261554262240185
2009-05 to 2010-04,2010-03-26,SPY,-0.0005829404200601296
2009-05 to 2010-04,2010-03-29,SPY,0.006330308280866781
2009-05 to 2010-04,2010-03-30,SPY,0.0006818956699627954
2009-05 to 2010-04,2010-03-31,SPY,-0.0034071550255538874
2009-05 to 2010-04,2010-04-01,SPY,0.006837606837606813
2009-05 to 2010-04,2010-04-05,SPY,0.00814940577249601
2009-05 to 2010-04,2010-04-06,SPY,0.0023576961940048324
2009-05 to 2010-04,2010-04-07,SPY,-0.005712365591397983
2009-05 to 2010-04,2010-04-08,SPY,0.0034851301115241817
2009-05 to 2010-04,2010-04-09,SPY,0.00654612810204358
2009-05 to 2010-04,2010-04-12,SPY,0.0015892931827687917
2009-05 to 2010-04,2010-04-13,SPY,0.0007516285284783208
2009-05 to 2010-04,2010-04-14,SPY,0.011349411666527809
2009-05 to 2010-04,2010-04-15,SPY,0.0008251505899825595
2009-05 to 2010-04,2010-04-16,SPY,-0.015912276362436972
2009-05 to 2010-04,2010-04-19,SPY,0.0037701072386058243
2009-05 to 2010-04,2010-04-20,SPY,0.008930807111259487
2009-05 to 2010-04,2010-04-21,SPY,-0.0018199867637327394
2009-05 to 2010-04,2010-04-22,SPY,0.002983590253605284
2009-05 to 2010-04,2010-04-23,SPY,0.00652784663691941
2009-05 to 2010-04,2010-04-26,SPY,-0.003776373039980352
2009-05 to 2010-04,2010-04-27,SPY,-0.023650597445405874
2009-05 to 2010-04,2010-04-28,SPY,0.007596218771100505
2009-05 to 2010-04,2010-04-29,SPY,0.012376444965656042
2009-05 to 2010-04,2010-04-30,SPY,-0.01677595515379693
2009-05 to 2010-04,2010-05-03,SPY,0.012791382647479477
2009-05 to 2010-04,2010-05-04,SPY,-0.023514748649771433
2009-05 to 2010-04,2010-05-05,SPY,-0.005956432947583523
2009-05 to 2010-04,2010-05-06,SPY,-0.033196370484505966
2009-05 to 2010-04,2010-05-07,SPY,-0.014892599741459955
2009-05 to 2010-04,2010-05-10,SPY,0.044040985079992545
2009-05 to 2010-04,2010-05-11,SPY,-0.0028409090909090606
2009-05 to 2010-04,2010-05-12,SPY,0.013986013986013957
2009-05 to 2010-04,2010-05-13,SPY,-0.012430821626223998
2009-05 to 2010-04,2010-05-14,SPY,-0.018105009052504673
2009-05 to 2010-04,2010-05-17,SPY,0.0005268241285452113
2009-05 to 2010-04,2010-05-18,SPY,-0.013602457218077957
2009-05 to 2010-04,2010-05-19,SPY,-0.005693950177935947
2009-05 to 2010-04,2010-05-20,SPY,-0.037759484609878435
2009-05 to 2010-04,2010-05-21,SPY,0.01464571322298669
2009-05 to 2010-04,2010-05-24,SPY,-0.012876323145305402
2009-05 to 2010-04,2010-05-25,SPY,0.001002692414817652
2009-05 to 2010-04,2010-05-26,SPY,-0.006010128178968177
2009-05 to 2010-04,2010-05-27,SPY,0.03349818046094999
2009-05 to 2010-04,2010-05-28,SPY,-0.012558685446009354
2009-05 to 2010-04,2010-06-01,SPY,-0.01681463668864136
2009-05 to 2010-04,2010-06-02,SPY,0.026039244861899125
2009-05 to 2010-04,2010-06-03,SPY,0.003444212816097192
2009-05 to 2010-04,2010-06-04,SPY,-0.0351368440068649
2009-05 to 2010-04,2010-06-07,SPY,-0.012450851900392967
2009-05 to 2010-04,2010-06-08,SPY,0.010711915821405071
2009-05 to 2010-04,2010-06-09,SPY,-0.005346088913899871
2009-05 to 2010-04,2010-06-10,SPY,0.029231494578029205
2009-05 to 2010-04,2010-06-11,SPY,0.004855703160787872
2009-05 to 2010-04,2010-06-14,SPY,-0.001559080962801107
2009-05 to 2010-04,2010-06-15,SPY,0.02274698883196824
2009-05 to 2010-04,2010-06-16,SPY,-0.0003571428571429447
2009-05 to 2010-04,2010-06-17,SPY,0.001607717041800516
2009-05 to 2010-04,2010-06-18,SPY,-0.0036650615302300515
2009-05 to 2010-04,2010-06-21,SPY,-0.0028551226628718007
2009-05 to 2010-04,2010-06-22,SPY,-0.01651557310833862
2009-05 to 2010-04,2010-06-23,SPY,-0.0031030391530526558
2009-05 to 2010-04,2010-06-24,SPY,-0.01657053922914964
2009-05 to 2010-04,2010-06-25,SPY,0.004165890895550195
2009-05 to 2010-04,2010-06-28,SPY,-0.003128838621456853
2009-05 to 2010-04,2010-06-29,SPY,-0.030875104621966076
2009-05 to 2010-04,2010-06-30,SPY,-0.009500047980040005
2009-05 to 2010-04,2010-07-01,SPY,-0.004456500678163167
2009-05 to 2010-04,2010-07-02,SPY,-0.00544959128065392
2009-05 to 2010-04,2010-07-06,SPY,0.006555772994129017
2009-05 to 2010-04,2010-07-07,SPY,0.03147176047438527
2009-05 to 2010-04,2010-07-08,SPY,0.009919185731451785
2009-05 to 2010-04,2010-07-09,SPY,0.007465472191115818
2009-05 to 2010-04,2010-07-12,SPY,0.0006483882919601225
2009-05 to 2010-04,2010-07-13,SPY,0.015088401369989679
2009-05 to 2010-04,2010-07-14,SPY,-8.207185847142195e-05
2009-05 to 2010-04,2010-07-15,SPY,0.00026447547217989253
2009-05 to 2010-04,2010-07-16,SPY,-0.02753464624361779
2009-05 to 2010-04,2010-07-19,SPY,0.005906619163697613
2009-05 to 2010-04,2010-07-20,SPY,0.011091434430049452
2009-05 to 2010-04,2010-07-21,SPY,-0.012997787610619538
2009-05 to 2010-04,2010-07-22,SPY,0.02233118520594002
2009-05 to 2010-04,2010-07-23,SPY,0.008669754524442519
2009-05 to 2010-04,2010-07-26,SPY,0.010415723213476946
2009-05 to 2010-04,2010-07-27,SPY,-8.963786303328725e-05
2009-05 to 2010-04,2010-07-28,SPY,-0.006454504706409736
2009-05 to 2010-04,2010-07-29,SPY,-0.004872326987277686
2009-05 to 2010-04,2010-07-30,SPY,-0.020724958141719152
2012-06 to 2012-12,2012-09-04,Core MA + ATR,0.0
2012-06 to 2012-12,2012-09-05,Core MA + ATR,0.0
2012-06 to 2012-12,2012-09-06,Core MA + ATR,0.0
2012-06 to 2012-12,2012-09-07,Core MA + ATR,0.0
2012-06 to 2012-12,2012-09-10,Core MA + ATR,-0.0020963339793281764
2012-06 to 2012-12,2012-09-11,Core MA + ATR,0.001181722689075626
2012-06 to 2012-12,2012-09-12,Core MA + ATR,0.0008817963059313297
2012-06 to 2012-12,2012-09-13,Core MA + ATR,0.0
2012-06 to 2012-12,2012-09-14,Core MA + ATR,0.0035537550067495476
2012-06 to 2012-12,2012-09-17,Core MA + ATR,-0.0033821264786950654
2012-06 to 2012-12,2012-09-18,Core MA + ATR,-0.0036977264851120323
2012-06 to 2012-12,2012-09-19,Core MA + ATR,0.0018869425066397362
2012-06 to 2012-12,2012-09-20,Core MA + ATR,-0.0012318082371870313
2012-06 to 2012-12,2012-09-21,Core MA + ATR,0.0
2012-06 to 2012-12,2012-09-24,Core MA + ATR,0.0
2012-06 to 2012-12,2012-09-25,Core MA + ATR,0.0
2012-06 to 2012-12,2012-09-26,Core MA + ATR,-0.00021429001928639424
2012-06 to 2012-12,2012-09-27,Core MA + ATR,0.0003888754826254817
2012-06 to 2012-12,2012-09-28,Core MA + ATR,0.0
2012-06 to 2012-12,2012-10-01,Core MA + ATR,0.0
2012-06 to 2012-12,2012-10-02,Core MA + ATR,0.0008658201125895695
2012-06 to 2012-12,2012-10-03,Core MA + ATR,0.0007051991971056897
2012-06 to 2012-12,2012-10-04,Core MA + ATR,0.00012674377835672848
2012-06 to 2012-12,2012-10-05,Core MA + ATR,0.001206185694331896
2012-06 to 2012-12,2012-10-08,Core MA + ATR,0.0005796049097179618
2012-06 to 2012-12,2012-10-09,Core MA + ATR,-0.0023175800429735376
2012-06 to 2012-12,2012-10-10,Core MA + ATR,0.0009562309853090938
2012-06 to 2012-12,2012-10-11,Core MA + ATR,0.0013481205279932025
2012-06 to 2012-12,2012-10-12,Core MA + ATR,0.0007932910244786984
2012-06 to 2012-12,2012-10-15,Core MA + ATR,-0.00011261261261262534
2012-06 to 2012-12,2012-10-16,Core MA + ATR,0.0013525698827772936
2012-06 to 2012-12,2012-10-17,Core MA + ATR,0.004315235080995131
2012-06 to 2012-12,2012-10-18,Core MA + ATR,0.002673855930883401
2012-06 to 2012-12,2012-10-19,Core MA + ATR,-0.002655617292635637
2012-06 to 2012-12,2012-10-22,Core MA + ATR,-0.004485315319193151
2012-06 to 2012-12,2012-10-23,Core MA + ATR,-0.009805027878871941
2012-06 to 2012-12,2012-10-24,Core MA + ATR,0.00027533039647578694
2012-06 to 2012-12,2012-10-25,Core MA + ATR,0.0005655906593406737
2012-06 to 2012-12,2012-10-26,Core MA + ATR,0.0
2012-06 to 2012-12,2012-10-31,Core MA + ATR,0.009646509740259743
2012-06 to 2012-12,2012-11-01,Core MA + ATR,0.0009520535847091956
2012-06 to 2012-12,2012-11-02,Core MA + ATR,-0.005889919722422362
2012-06 to 2012-12,2012-11-05,Core MA + ATR,-0.0008528540989348497
2012-06 to 2012-12,2012-11-06,Core MA + ATR,2.8529285888954312e-05
2012-06 to 2012-12,2012-11-07,Core MA + ATR,-0.0023821158074761872
2012-06 to 2012-12,2012-11-08,Core MA + ATR,0.0026969679546151384
2012-06 to 2012-12,2012-11-09,Core MA + ATR,0.002201198950917943
2012-06 to 2012-12,2012-11-12,Core MA + ATR,0.0019606038291605232
2012-06 to 2012-12,2012-11-13,Core MA + ATR,-0.0005346915101863275
2012-06 to 2012-12,2012-11-14,Core MA + ATR,-0.0007099169943206585
2012-06 to 2012-12,2012-11-15,Core MA + ATR,-0.0014363858672323004
2012-06 to 2012-12,2012-11-16,Core MA + ATR,-0.0008748667404780337
2012-06 to 2012-12,2012-11-19,Core MA + ATR,-0.0026025990460332876
2012-06 to 2012-12,2012-11-20,Core MA + ATR,0.0020692794520914947
2012-06 to 2012-12,2012-11-21,Core MA + ATR,0.0015503081170652445
2012-06 to 2012-12,2012-11-23,Core MA + ATR,0.0014984941735363979
2012-06 to 2012-12,2012-11-26,Core MA + ATR,0.0016007532587116262
2012-06 to 2012-12,2012-11-27,Core MA + ATR,0.0011612838019524562
2012-06 to 2012-12,2012-11-28,Core MA + ATR,0.0002544807308086177
2012-06 to 2012-12,2012-11-29,Core MA + ATR,0.0029885353025114413
2012-06 to 2012-12,2012-11-30,Core MA + ATR,-0.0017785104243686692
2012-06 to 2012-12,2012-12-03,Core MA + ATR,-0.0010630540913981017
2012-06 to 2012-12,2012-12-04,Core MA + ATR,-0.0024932902662149884
2012-06 to 2012-12,2012-12-05,Core MA + ATR,0.0004898197221437571
2012-06 to 2012-12,2012-12-06,Core MA + ATR,0.00027940386495602456
2012-06 to 2012-12,2012-12-07,Core MA + ATR,0.0012653013182674089
2012-06 to 2012-12,2012-12-10,Core MA + ATR,-0.0007865299463994252
2012-06 to 2012-12,2012-12-11,Core MA + ATR,-0.0018761726078799223
2012-06 to 2012-12,2012-12-12,Core MA + ATR,-0.0028226423255786823
2012-06 to 2012-12,2012-12-13,Core MA + ATR,0.0008986404726314956
2012-06 to 2012-12,2012-12-14,Core MA + ATR,2.6501766784453595e-05
2012-06 to 2012-12,2012-12-17,Core MA + ATR,0.00022420379071572482
2012-06 to 2012-12,2012-12-18,Core MA + ATR,0.0
2012-06 to 2012-12,2012-12-19,Core MA + ATR,-0.0018453808287025829
2012-06 to 2012-12,2012-12-20,Core MA + ATR,0.0019428317511149054
2012-06 to 2012-12,2012-12-21,Core MA + ATR,-0.004551733393480507
2012-06 to 2012-12,2012-12-24,Core MA + ATR,0.0021833280285341594
2012-06 to 2012-12,2012-12-26,Core MA + ATR,0.0005326704545454697
2012-06 to 2012-12,2012-12-27,Core MA + ATR,0.00043666018387553487
2012-06 to 2012-12,2012-12-28,Core MA + ATR,-0.00016600433526013292
2012-06 to 2012-12,2012-12-31,Core MA + ATR,0.0005569151243493311
2012-06 to 2012-12,2013-01-02,Core MA + ATR,0.0005607002617800985
2012-06 to 2012-12,2013-01-03,Core MA + ATR,0.00204094389142543
2012-06 to 2012-12,2013-01-04,Core MA + ATR,0.004202112570428938
2012-06 to 2012-12,2013-01-07,Core MA + ATR,-0.0028813723160883258
2012-06 to 2012-12,2013-01-08,Core MA + ATR,-0.0008479189258930109
2012-06 to 2012-12,2013-01-09,Core MA + ATR,-0.0007310116362208641
2012-06 to 2012-12,2013-01-10,Core MA + ATR,0.0021056634897360683
2012-06 to 2012-12,2013-01-11,Core MA + ATR,0.000974171595389759
2012-06 to 2012-12,2013-01-14,Core MA + ATR,-0.0013657955235919978
2012-06 to 2012-12,2013-01-15,Core MA + ATR,0.0005420587487283726
2012-06 to 2012-12,2013-01-16,Core MA + ATR,0.0
2012-06 to 2012-12,2013-01-17,Core MA + ATR,4.711288016328935e-05
2012-06 to 2012-12,2013-01-18,Core MA + ATR,-0.0004885698273094997
2012-06 to 2012-12,2013-01-22,Core MA + ATR,0.0017753515948679723
2012-06 to 2012-12,2013-01-23,Core MA + ATR,-0.003546991489946378
2012-06 to 2012-12,2013-01-24,Core MA + ATR,0.0014486406269294295
2012-06 to 2012-12,2013-01-25,Core MA + ATR,0.0018539705889230214
2012-06 to 2012-12,2013-01-28,Core MA + ATR,-0.00100835601548371
2012-06 to 2012-12,2013-01-29,Core MA + ATR,0.0009253071512363606
2012-06 to 2012-12,2013-01-30,Core MA + ATR,-0.0005270555165144131
2012-06 to 2012-12,2013-01-31,Core MA + ATR,-0.00020583392143025403
2012-06 to 2012-12,2013-02-01,Core MA + ATR,0.000848757068803028
2012-06 to 2012-12,2013-02-04,Core MA + ATR,-0.0025256579109795355
2012-06 to 2012-12,2013-02-05,Core MA + ATR,0.001973534500459095
2012-06 to 2012-12,2013-02-06,Core MA + ATR,-0.0015680361440638792
2012-06 to 2012-12,2013-02-07,Core MA + ATR,-0.004919862750612373
2012-06 to 2012-12,2013-02-08,Core MA + ATR,0.00035421043252674574
2012-06 to 2012-12,2013-02-11,Core MA + ATR,6.287280094124375e-05
2012-06 to 2012-12,2013-02-12,Core MA + ATR,0.006697836165313005
2012-06 to 2012-12,2013-02-13,Core MA + ATR,0.0011388893260858603
2012-06 to 2012-12,2013-02-14,Core MA + ATR,0.0015246428580328805
2012-06 to 2012-12,2013-02-15,Core MA + ATR,0.0006430180772018723
2012-06 to 2012-12,2013-02-19,Core MA + ATR,0.002655628896317097
2012-06 to 2012-12,2013-02-20,Core MA + ATR,-0.0036942564588633986
2012-06 to 2012-12,2013-02-21,Core MA + ATR,7.826305355972119e-05
2012-06 to 2012-12,2013-02-22,Core MA + ATR,0.0008618689367968573
2012-06 to 2012-12,2013-02-25,Core MA + ATR,-0.0034311286407766976
2012-06 to 2012-12,2013-02-26,Core MA + ATR,0.00042578449709060686
2012-06 to 2012-12,2013-02-27,Core MA + ATR,0.0
2012-06 to 2012-12,2013-02-28,Core MA + ATR,-0.001365600850100155
2012-06 to 2012-12,2013-03-01,Core MA + ATR,-0.0012612970817102993
2012-06 to 2012-12,2013-03-04,Core MA + ATR,0.00029890004782401336
2012-06 to 2012-12,2013-03-05,Core MA + ATR,0.003168454447161441
2012-06 to 2012-12,2013-03-06,Core MA + ATR,-0.0004857185163197953
2012-06 to 2012-12,2013-03-07,Core MA + ATR,0.0018716476849994618
2012-06 to 2012-12,2013-03-08,Core MA + ATR,0.0061413231274125
2012-06 to 2012-12,2013-03-11,Core MA + ATR,-0.00020087756096787363
2012-06 to 2012-12,2013-03-12,Core MA + ATR,0.0022285693574365085
2012-06 to 2012-12,2013-03-13,Core MA + ATR,0.0009998496388088063
2012-06 to 2012-12,2013-03-14,Core MA + ATR,0.002938716105193171
2012-06 to 2012-12,2013-03-15,Core MA + ATR,-0.0007558578987150455
2012-06 to 2012-12,2013-03-18,Core MA + ATR,-0.0013889887287874478
2012-06 to 2012-12,2013-03-19,Core MA + ATR,-0.002398473120932384
2012-06 to 2012-12,2013-03-20,Core MA + ATR,0.0014725090216519583
2012-06 to 2012-12,2013-03-21,Core MA + ATR,-0.00028982575798616023
2012-06 to 2012-12,2013-03-22,Core MA + ATR,0.0005312499999999867
2012-06 to 2012-12,2013-03-25,Core MA + ATR,0.0
2012-06 to 2012-12,2013-03-26,Core MA + ATR,0.001350033952715414
2012-06 to 2012-12,2013-03-27,Core MA + ATR,-0.00139635155180284
2012-06 to 2012-12,2013-03-28,Core MA + ATR,-0.0045209052738187806
2012-06 to 2012-12,2012-09-04,Enhanced short/order-book,0.0
2012-06 to 2012-12,2012-09-05,Enhanced short/order-book,0.0
2012-06 to 2012-12,2012-09-06,Enhanced short/order-book,0.0
2012-06 to 2012-12,2012-09-07,Enhanced short/order-book,0.0
2012-06 to 2012-12,2012-09-10,Enhanced short/order-book,0.0
2012-06 to 2012-12,2012-09-11,Enhanced short/order-book,0.0
2012-06 to 2012-12,2012-09-12,Enhanced short/order-book,0.0
2012-06 to 2012-12,2012-09-13,Enhanced short/order-book,0.0
2012-06 to 2012-12,2012-09-14,Enhanced short/order-book,0.0
2012-06 to 2012-12,2012-09-17,Enhanced short/order-book,0.0
2012-06 to 2012-12,2012-09-18,Enhanced short/order-book,0.0
2012-06 to 2012-12,2012-09-19,Enhanced short/order-book,0.0
2012-06 to 2012-12,2012-09-20,Enhanced short/order-book,0.0
2012-06 to 2012-12,2012-09-21,Enhanced short/order-book,0.0
2012-06 to 2012-12,2012-09-24,Enhanced short/order-book,0.0
2012-06 to 2012-12,2012-09-25,Enhanced short/order-book,0.0
2012-06 to 2012-12,2012-09-26,Enhanced short/order-book,-0.00021429001928639424
2012-06 to 2012-12,2012-09-27,Enhanced short/order-book,0.0003888754826254817
2012-06 to 2012-12,2012-09-28,Enhanced short/order-book,0.0
2012-06 to 2012-12,2012-10-01,Enhanced short/order-book,0.0
2012-06 to 2012-12,2012-10-02,Enhanced short/order-book,0.0
2012-06 to 2012-12,2012-10-03,Enhanced short/order-book,0.0006084971910112516
2012-06 to 2012-12,2012-10-04,Enhanced short/order-book,0.0008147113594041133
2012-06 to 2012-12,2012-10-05,Enhanced short/order-book,0.001098519888991678
2012-06 to 2012-12,2012-10-08,Enhanced short/order-book,-9.375e-05
2012-06 to 2012-12,2012-10-09,Enhanced short/order-book,-0.0004974767080745366
2012-06 to 2012-12,2012-10-10,Enhanced short/order-book,0.0007179087736789507
2012-06 to 2012-12,2012-10-11,Enhanced short/order-book,-0.00028267752148349035
2012-06 to 2012-12,2012-10-12,Enhanced short/order-book,0.0007932910244786984
2012-06 to 2012-12,2012-10-15,Enhanced short/order-book,-0.00011261261261262534
2012-06 to 2012-12,2012-10-16,Enhanced short/order-book,0.0013525698827772936
2012-06 to 2012-12,2012-10-17,Enhanced short/order-book,0.003233719892952708
2012-06 to 2012-12,2012-10-18,Enhanced short/order-book,0.0004347826086956441
2012-06 to 2012-12,2012-10-19,Enhanced short/order-book,-0.0008665511265164433
2012-06 to 2012-12,2012-10-22,Enhanced short/order-book,-0.00426253079828235
2012-06 to 2012-12,2012-10-23,Enhanced short/order-book,-0.005136230840953111
2012-06 to 2012-12,2012-10-24,Enhanced short/order-book,0.00027533039647578694
2012-06 to 2012-12,2012-10-25,Enhanced short/order-book,0.0005655906593406737
2012-06 to 2012-12,2012-10-26,Enhanced short/order-book,0.0
2012-06 to 2012-12,2012-10-31,Enhanced short/order-book,0.009646509740259743
2012-06 to 2012-12,2012-11-01,Enhanced short/order-book,0.0009520535847091956
2012-06 to 2012-12,2012-11-02,Enhanced short/order-book,-0.0049204107312967316
2012-06 to 2012-12,2012-11-05,Enhanced short/order-book,-0.0007003082381634369
2012-06 to 2012-12,2012-11-06,Enhanced short/order-book,2.8529285888954312e-05
2012-06 to 2012-12,2012-11-07,Enhanced short/order-book,-0.0023821158074761872
2012-06 to 2012-12,2012-11-08,Enhanced short/order-book,-9.375e-05
2012-06 to 2012-12,2012-11-09,Enhanced short/order-book,0.0
2012-06 to 2012-12,2012-11-12,Enhanced short/order-book,0.0
2012-06 to 2012-12,2012-11-13,Enhanced short/order-book,0.0
2012-06 to 2012-12,2012-11-14,Enhanced short/order-book,0.0
2012-06 to 2012-12,2012-11-15,Enhanced short/order-book,-0.0011983952404016084
2012-06 to 2012-12,2012-11-16,Enhanced short/order-book,-0.0022413377602872515
2012-06 to 2012-12,2012-11-19,Enhanced short/order-book,-0.003845432343079535
2012-06 to 2012-12,2012-11-20,Enhanced short/order-book,0.00037722735325966224
2012-06 to 2012-12,2012-11-21,Enhanced short/order-book,-1.3877787807814457e-17
2012-06 to 2012-12,2012-11-23,Enhanced short/order-book,0.0017820496100415008
2012-06 to 2012-12,2012-11-26,Enhanced short/order-book,0.0011440108250116848
2012-06 to 2012-12,2012-11-27,Enhanced short/order-book,-0.00024925224327018713
2012-06 to 2012-12,2012-11-28,Enhanced short/order-book,0.0008776318895948043
2012-06 to 2012-12,2012-11-29,Enhanced short/order-book,0.002966683998000208
2012-06 to 2012-12,2012-11-30,Enhanced short/order-book,-0.0003207660011577823
2012-06 to 2012-12,2012-12-03,Enhanced short/order-book,0.0003665384747205438
2012-06 to 2012-12,2012-12-04,Enhanced short/order-book,0.0007503001200480086
2012-06 to 2012-12,2012-12-05,Enhanced short/order-book,0.0012529832935560814
2012-06 to 2012-12,2012-12-06,Enhanced short/order-book,0.00047258979206046825
2012-06 to 2012-12,2012-12-07,Enhanced short/order-book,0.0012653013182674089
2012-06 to 2012-12,2012-12-10,Enhanced short/order-book,-0.0007865299463994252
2012-06 to 2012-12,2012-12-11,Enhanced short/order-book,-0.0018761726078799223
2012-06 to 2012-12,2012-12-12,Enhanced short/order-book,-0.0010955941169380166
2012-06 to 2012-12,2012-12-13,Enhanced short/order-book,0.0
2012-06 to 2012-12,2012-12-14,Enhanced short/order-book,0.0
2012-06 to 2012-12,2012-12-17,Enhanced short/order-book,0.0
2012-06 to 2012-12,2012-12-18,Enhanced short/order-book,0.0
2012-06 to 2012-12,2012-12-19,Enhanced short/order-book,0.0
2012-06 to 2012-12,2012-12-20,Enhanced short/order-book,0.0
2012-06 to 2012-12,2012-12-21,Enhanced short/order-book,-0.0021230691180034005
2012-06 to 2012-12,2012-12-24,Enhanced short/order-book,0.0005528017241379393
2012-06 to 2012-12,2012-12-26,Enhanced short/order-book,0.0
2012-06 to 2012-12,2012-12-27,Enhanced short/order-book,0.0
2012-06 to 2012-12,2012-12-28,Enhanced short/order-book,0.0
2012-06 to 2012-12,2012-12-31,Enhanced short/order-book,0.0
2012-06 to 2012-12,2013-01-02,Enhanced short/order-book,0.0
2012-06 to 2012-12,2013-01-03,Enhanced short/order-book,0.0
2012-06 to 2012-12,2013-01-04,Enhanced short/order-book,0.0
2012-06 to 2012-12,2013-01-07,Enhanced short/order-book,6.152950310559313e-05
2012-06 to 2012-12,2013-01-08,Enhanced short/order-book,-0.0005590105459057046
2012-06 to 2012-12,2013-01-09,Enhanced short/order-book,0.0
2012-06 to 2012-12,2013-01-10,Enhanced short/order-book,0.0
2012-06 to 2012-12,2013-01-11,Enhanced short/order-book,0.0
2012-06 to 2012-12,2013-01-14,Enhanced short/order-book,0.0
2012-06 to 2012-12,2013-01-15,Enhanced short/order-book,0.0
2012-06 to 2012-12,2013-01-16,Enhanced short/order-book,0.0
2012-06 to 2012-12,2013-01-17,Enhanced short/order-book,0.0
2012-06 to 2012-12,2013-01-18,Enhanced short/order-book,0.0
2012-06 to 2012-12,2013-01-22,Enhanced short/order-book,0.0014501406043228894
2012-06 to 2012-12,2013-01-23,Enhanced short/order-book,-0.0032000769329843595
2012-06 to 2012-12,2013-01-24,Enhanced short/order-book,0.0014486406269294295
2012-06 to 2012-12,2013-01-25,Enhanced short/order-book,0.0018539705889230214
2012-06 to 2012-12,2013-01-28,Enhanced short/order-book,-0.00100835601548371
2012-06 to 2012-12,2013-01-29,Enhanced short/order-book,0.0009253071512363606
2012-06 to 2012-12,2013-01-30,Enhanced short/order-book,-0.0005270555165144131
2012-06 to 2012-12,2013-01-31,Enhanced short/order-book,-0.00020583392143025403
2012-06 to 2012-12,2013-02-01,Enhanced short/order-book,0.000848757068803028
2012-06 to 2012-12,2013-02-04,Enhanced short/order-book,-0.0025256579109795355
2012-06 to 2012-12,2013-02-05,Enhanced short/order-book,0.0011383537273791412
2012-06 to 2012-12,2013-02-06,Enhanced short/order-book,-0.0007254982196186441
2012-06 to 2012-12,2013-02-07,Enhanced short/order-book,-0.00496493564634614
2012-06 to 2012-12,2013-02-08,Enhanced short/order-book,0.00021523876404494846
2012-06 to 2012-12,2013-02-11,Enhanced short/order-book,-2.802062317866505e-05
2012-06 to 2012-12,2013-02-12,Enhanced short/order-book,0.006028715050484221
2012-06 to 2012-12,2013-02-13,Enhanced short/order-book,0.001287451867195255
2012-06 to 2012-12,2013-02-14,Enhanced short/order-book,-0.00022555124134599966
2012-06 to 2012-12,2013-02-15,Enhanced short/order-book,0.00041797185174917786
2012-06 to 2012-12,2013-02-19,Enhanced short/order-book,0.002655628896317097
2012-06 to 2012-12,2013-02-20,Enhanced short/order-book,-0.0036942564588633986
2012-06 to 2012-12,2013-02-21,Enhanced short/order-book,7.826305355972119e-05
2012-06 to 2012-12,2013-02-22,Enhanced short/order-book,0.0008618689367968573
2012-06 to 2012-12,2013-02-25,Enhanced short/order-book,-0.0034311286407766976
2012-06 to 2012-12,2013-02-26,Enhanced short/order-book,0.00042578449709060686
2012-06 to 2012-12,2013-02-27,Enhanced short/order-book,0.0
2012-06 to 2012-12,2013-02-28,Enhanced short/order-book,-0.0016061201374380288
2012-06 to 2012-12,2013-03-01,Enhanced short/order-book,-0.0006508115169683474
2012-06 to 2012-12,2013-03-04,Enhanced short/order-book,0.00029890004782401336
2012-06 to 2012-12,2013-03-05,Enhanced short/order-book,0.0020862369466269105
2012-06 to 2012-12,2013-03-06,Enhanced short/order-book,-0.00029885146749322386
2012-06 to 2012-12,2013-03-07,Enhanced short/order-book,0.0007085498346716679
2012-06 to 2012-12,2013-03-08,Enhanced short/order-book,0.0007632691404415304
2012-06 to 2012-12,2013-03-11,Enhanced short/order-book,-0.0004730683940242889
2012-06 to 2012-12,2013-03-12,Enhanced short/order-book,0.0
2012-06 to 2012-12,2013-03-13,Enhanced short/order-book,0.0
2012-06 to 2012-12,2013-03-14,Enhanced short/order-book,0.0
2012-06 to 2012-12,2013-03-15,Enhanced short/order-book,0.0
2012-06 to 2012-12,2013-03-18,Enhanced short/order-book,0.0005108449214026625
2012-06 to 2012-12,2013-03-19,Enhanced short/order-book,5.014039310069496e-05
2012-06 to 2012-12,2013-03-20,Enhanced short/order-book,-5.012028869287588e-05
2012-06 to 2012-12,2013-03-21,Enhanced short/order-book,-0.0002441711793020571
2012-06 to 2012-12,2013-03-22,Enhanced short/order-book,0.0
2012-06 to 2012-12,2013-03-25,Enhanced short/order-book,0.0
2012-06 to 2012-12,2013-03-26,Enhanced short/order-book,0.0010616670249355177
2012-06 to 2012-12,2013-03-27,Enhanced short/order-book,-0.00015974440894570008
2012-06 to 2012-12,2013-03-28,Enhanced short/order-book,-0.0022485413960963863
2012-06 to 2012-12,2012-09-04,Passive insurance basket,-0.002102030336579186
2012-06 to 2012-12,2012-09-05,Passive insurance basket,0.004805432773682838
2012-06 to 2012-12,2012-09-06,Passive insurance basket,0.011999322479030905
2012-06 to 2012-12,2012-09-07,Passive insurance basket,0.004644097385138712
2012-06 to 2012-12,2012-09-10,Passive insurance basket,-0.004900213066886594
2012-06 to 2012-12,2012-09-11,Passive insurance basket,0.007503017865524653
2012-06 to 2012-12,2012-09-12,Passive insurance basket,0.011482132142692558
2012-06 to 2012-12,2012-09-13,Passive insurance basket,0.01629916948466148
2012-06 to 2012-12,2012-09-14,Passive insurance basket,0.011257227135848424
2012-06 to 2012-12,2012-09-17,Passive insurance basket,-0.008325111276922481
2012-06 to 2012-12,2012-09-18,Passive insurance basket,-0.005294907545619787
2012-06 to 2012-12,2012-09-19,Passive insurance basket,-0.00017202196129750824
2012-06 to 2012-12,2012-09-20,Passive insurance basket,-0.005965228086254326
2012-06 to 2012-12,2012-09-21,Passive insurance basket,0.004136933979533408
2012-06 to 2012-12,2012-09-24,Passive insurance basket,-0.003331998834352312
2012-06 to 2012-12,2012-09-25,Passive insurance basket,-0.013147232967746447
2012-06 to 2012-12,2012-09-26,Passive insurance basket,-0.006896005885550616
2012-06 to 2012-12,2012-09-27,Passive insurance basket,0.01060678569082385
2012-06 to 2012-12,2012-09-28,Passive insurance basket,-0.0026398821686528517
2012-06 to 2012-12,2012-10-01,Passive insurance basket,0.004677757979481889
2012-06 to 2012-12,2012-10-02,Passive insurance basket,0.008815916770762877
2012-06 to 2012-12,2012-10-03,Passive insurance basket,0.009483404682022023
2012-06 to 2012-12,2012-10-04,Passive insurance basket,0.01627488552378309
2012-06 to 2012-12,2012-10-05,Passive insurance basket,0.008818037608833595
2012-06 to 2012-12,2012-10-08,Passive insurance basket,0.003864411331507389
2012-06 to 2012-12,2012-10-09,Passive insurance basket,-0.009670623341307194
2012-06 to 2012-12,2012-10-10,Passive insurance basket,0.0027689784186015753
2012-06 to 2012-12,2012-10-11,Passive insurance basket,0.00773920302659814
2012-06 to 2012-12,2012-10-12,Passive insurance basket,-0.005565893967615976
2012-06 to 2012-12,2012-10-15,Passive insurance basket,0.009181620142027391
2012-06 to 2012-12,2012-10-16,Passive insurance basket,0.008912645575852363
2012-06 to 2012-12,2012-10-17,Passive insurance basket,0.011330829320561397
2012-06 to 2012-12,2012-10-18,Passive insurance basket,0.008757929851346935
2012-06 to 2012-12,2012-10-19,Passive insurance basket,-0.01433434615098006
2012-06 to 2012-12,2012-10-22,Passive insurance basket,3.000368785155416e-05
2012-06 to 2012-12,2012-10-23,Passive insurance basket,-0.016782904539231702
2012-06 to 2012-12,2012-10-24,Passive insurance basket,0.003857355261186468
2012-06 to 2012-12,2012-10-25,Passive insurance basket,0.0002247677751692212
2012-06 to 2012-12,2012-10-26,Passive insurance basket,-0.007013121287189006
2012-06 to 2012-12,2012-10-31,Passive insurance basket,-8.689665574412864e-05
2012-06 to 2012-12,2012-11-01,Passive insurance basket,0.0038930879520948647
2012-06 to 2012-12,2012-11-02,Passive insurance basket,-0.02216350573963266
2012-06 to 2012-12,2012-11-05,Passive insurance basket,0.004621477044151723
2012-06 to 2012-12,2012-11-06,Passive insurance basket,0.010587354688664563
2012-06 to 2012-12,2012-11-07,Passive insurance basket,-0.024190562997319698
2012-06 to 2012-12,2012-11-08,Passive insurance basket,-0.003306256622336079
2012-06 to 2012-12,2012-11-09,Passive insurance basket,0.011996410180903805
2012-06 to 2012-12,2012-11-12,Passive insurance basket,-0.0025578109875399324
2012-06 to 2012-12,2012-11-13,Passive insurance basket,-0.010976308871059381
2012-06 to 2012-12,2012-11-14,Passive insurance basket,-0.011545778723357714
2012-06 to 2012-12,2012-11-15,Passive insurance basket,0.005888766494668296
2012-06 to 2012-12,2012-11-16,Passive insurance basket,0.012146367883413722
2012-06 to 2012-12,2012-11-19,Passive insurance basket,0.0020073266983413607
2012-06 to 2012-12,2012-11-20,Passive insurance basket,0.002679742947678143
2012-06 to 2012-12,2012-11-21,Passive insurance basket,0.0017460892601892652
2012-06 to 2012-12,2012-11-23,Passive insurance basket,0.009384752446102151
2012-06 to 2012-12,2012-11-26,Passive insurance basket,-0.0021504535229301958
2012-06 to 2012-12,2012-11-27,Passive insurance basket,-0.007803809641786841
2012-06 to 2012-12,2012-11-28,Passive insurance basket,0.004553643664130691
2012-06 to 2012-12,2012-11-29,Passive insurance basket,0.009937570664399598
2012-06 to 2012-12,2012-11-30,Passive insurance basket,-0.004196476693893336
2012-06 to 2012-12,2012-12-03,Passive insurance basket,-0.003511066156660081
2012-06 to 2012-12,2012-12-04,Passive insurance basket,0.0031359958581584912
2012-06 to 2012-12,2012-12-05,Passive insurance basket,0.011651219122085
2012-06 to 2012-12,2012-12-06,Passive insurance basket,-0.0013299414250328434
2012-06 to 2012-12,2012-12-07,Passive insurance basket,0.005897577218755945
2012-06 to 2012-12,2012-12-10,Passive insurance basket,-0.0022204656377573517
2012-06 to 2012-12,2012-12-11,Passive insurance basket,0.0076463525171874824
2012-06 to 2012-12,2012-12-12,Passive insurance basket,-0.0036119291303310375
2012-06 to 2012-12,2012-12-13,Passive insurance basket,-0.00894664754561214
2012-06 to 2012-12,2012-12-14,Passive insurance basket,-0.00833282286402337
2012-06 to 2012-12,2012-12-17,Passive insurance basket,0.015964661758117504
2012-06 to 2012-12,2012-12-18,Passive insurance basket,0.013758013206394804
2012-06 to 2012-12,2012-12-19,Passive insurance basket,-0.005946711915007286
2012-06 to 2012-12,2012-12-20,Passive insurance basket,0.008859379263014056
2012-06 to 2012-12,2012-12-21,Passive insurance basket,-0.018483353053788898
2012-06 to 2012-12,2012-12-24,Passive insurance basket,0.0027271254136702616
2012-06 to 2012-12,2012-12-26,Passive insurance basket,-0.001155711462997866
2012-06 to 2012-12,2012-12-27,Passive insurance basket,-0.005166750446979007
2012-06 to 2012-12,2012-12-28,Passive insurance basket,-0.0077722705659022395
2012-06 to 2012-12,2012-12-31,Passive insurance basket,0.009288871718477365
2012-06 to 2012-12,2013-01-02,Passive insurance basket,0.028281568746640895
2012-06 to 2012-12,2013-01-03,Passive insurance basket,0.005497882549432287
2012-06 to 2012-12,2013-01-04,Passive insurance basket,0.010811647105899658
2012-06 to 2012-12,2013-01-07,Passive insurance basket,-0.013729468726721095
2012-06 to 2012-12,2013-01-08,Passive insurance basket,-0.0045283443476310525
2012-06 to 2012-12,2013-01-09,Passive insurance basket,0.007089733792536634
2012-06 to 2012-12,2013-01-10,Passive insurance basket,0.010716514452948633
2012-06 to 2012-12,2013-01-11,Passive insurance basket,-0.003914766074506915
2012-06 to 2012-12,2013-01-14,Passive insurance basket,0.005599647926295637
2012-06 to 2012-12,2013-01-15,Passive insurance basket,-0.001984931245319954
2012-06 to 2012-12,2013-01-16,Passive insurance basket,0.0035910559965055544
2012-06 to 2012-12,2013-01-17,Passive insurance basket,0.008999465683790175
2012-06 to 2012-12,2013-01-18,Passive insurance basket,-0.0007492651218047319
2012-06 to 2012-12,2013-01-22,Passive insurance basket,0.01651609748804317
2012-06 to 2012-12,2013-01-23,Passive insurance basket,-0.0034220456635846164
2012-06 to 2012-12,2013-01-24,Passive insurance basket,-0.0025026522133299034
2012-06 to 2012-12,2013-01-25,Passive insurance basket,0.00582816588738555
2012-06 to 2012-12,2013-01-28,Passive insurance basket,-0.0018957577959115568
2012-06 to 2012-12,2013-01-29,Passive insurance basket,0.006512868813219441
2012-06 to 2012-12,2013-01-30,Passive insurance basket,-0.004167860803969803
2012-06 to 2012-12,2013-01-31,Passive insurance basket,-0.00013878820388080193
2012-06 to 2012-12,2013-02-01,Passive insurance basket,0.01857085223646293
2012-06 to 2012-12,2013-02-04,Passive insurance basket,-0.024702021371744487
2012-06 to 2012-12,2013-02-05,Passive insurance basket,-0.002706470866986832
2012-06 to 2012-12,2013-02-06,Passive insurance basket,0.005617693732459461
2012-06 to 2012-12,2013-02-07,Passive insurance basket,0.002278612800178381
2012-06 to 2012-12,2013-02-08,Passive insurance basket,0.001702348418243238
2012-06 to 2012-12,2013-02-11,Passive insurance basket,0.004720811651606649
2012-06 to 2012-12,2013-02-12,Passive insurance basket,0.008890569044489594
2012-06 to 2012-12,2013-02-13,Passive insurance basket,0.007855107073198475
2012-06 to 2012-12,2013-02-14,Passive insurance basket,-0.0005256908475015365
2012-06 to 2012-12,2013-02-15,Passive insurance basket,-0.0024885351975014736
2012-06 to 2012-12,2013-02-19,Passive insurance basket,0.010880603724561677
2012-06 to 2012-12,2013-02-20,Passive insurance basket,-0.011712151342549215
2012-06 to 2012-12,2013-02-21,Passive insurance basket,-0.005259973782597682
2012-06 to 2012-12,2013-02-22,Passive insurance basket,0.01448502297202059
2012-06 to 2012-12,2013-02-25,Passive insurance basket,-0.027053993877546256
2012-06 to 2012-12,2013-02-26,Passive insurance basket,0.009413019519957766
2012-06 to 2012-12,2013-02-27,Passive insurance basket,0.009000366504816393
2012-06 to 2012-12,2013-02-28,Passive insurance basket,0.002409278197245124
2012-06 to 2012-12,2013-03-01,Passive insurance basket,0.0013332736322722027
2012-06 to 2012-12,2013-03-04,Passive insurance basket,0.001933667719951071
2012-06 to 2012-12,2013-03-05,Passive insurance basket,0.013661250594553476
2012-06 to 2012-12,2013-03-06,Passive insurance basket,0.0017610515194963483
2012-06 to 2012-12,2013-03-07,Passive insurance basket,0.001733990286564735
2012-06 to 2012-12,2013-03-08,Passive insurance basket,0.009337104709795208
2012-06 to 2012-12,2013-03-11,Passive insurance basket,0.004255834423739113
2012-06 to 2012-12,2013-03-12,Passive insurance basket,-0.001324125068461579
2012-06 to 2012-12,2013-03-13,Passive insurance basket,0.003226311172890073
2012-06 to 2012-12,2013-03-14,Passive insurance basket,0.00862925577441298
2012-06 to 2012-12,2013-03-15,Passive insurance basket,-0.003183528438030714
2012-06 to 2012-12,2013-03-18,Passive insurance basket,-0.007153169822992633
2012-06 to 2012-12,2013-03-19,Passive insurance basket,-0.001851604389764283
2012-06 to 2012-12,2013-03-20,Passive insurance basket,0.007131716870089955
2012-06 to 2012-12,2013-03-21,Passive insurance basket,-0.005916447425005633
2012-06 to 2012-12,2013-03-22,Passive insurance basket,0.004960163863056755
2012-06 to 2012-12,2013-03-25,Passive insurance basket,-0.001286789912973152
2012-06 to 2012-12,2013-03-26,Passive insurance basket,0.00883992788873611
2012-06 to 2012-12,2013-03-27,Passive insurance basket,-0.0012475859381696486
2012-06 to 2012-12,2013-03-28,Passive insurance basket,-0.03166133471290422
2012-06 to 2012-12,2012-09-04,US P&C insurance benchmark (KIE proxy),0.0044838165467626645
2012-06 to 2012-12,2012-09-05,US P&C insurance benchmark (KIE proxy),-0.00023599579498412293
2012-06 to 2012-12,2012-09-06,US P&C insurance benchmark (KIE proxy),0.015257510729613788
2012-06 to 2012-12,2012-09-07,US P&C insurance benchmark (KIE proxy),0.0032902848527121
2012-06 to 2012-12,2012-09-10,US P&C insurance benchmark (KIE proxy),-0.0035112359550562022
2012-06 to 2012-12,2012-09-11,US P&C insurance benchmark (KIE proxy),0.00634249471458781
2012-06 to 2012-12,2012-09-12,US P&C insurance benchmark (KIE proxy),0.0032703081232494657
2012-06 to 2012-12,2012-09-13,US P&C insurance benchmark (KIE proxy),0.013261951461257526
2012-06 to 2012-12,2012-09-14,US P&C insurance benchmark (KIE proxy),0.00872099030771456
2012-06 to 2012-12,2012-09-17,US P&C insurance benchmark (KIE proxy),-0.007737326968647706
2012-06 to 2012-12,2012-09-18,US P&C insurance benchmark (KIE proxy),-0.005044735030970582
2012-06 to 2012-12,2012-09-19,US P&C insurance benchmark (KIE proxy),-0.00080931332876788
2012-06 to 2012-12,2012-09-20,US P&C insurance benchmark (KIE proxy),-0.0019591554170993453
2012-06 to 2012-12,2012-09-21,US P&C insurance benchmark (KIE proxy),-0.007630040161756724
2012-06 to 2012-12,2012-09-24,US P&C insurance benchmark (KIE proxy),-0.0009366240991982577
2012-06 to 2012-12,2012-09-25,US P&C insurance benchmark (KIE proxy),-0.013754696256288113
2012-06 to 2012-12,2012-09-26,US P&C insurance benchmark (KIE proxy),-0.0061503756198257875
2012-06 to 2012-12,2012-09-27,US P&C insurance benchmark (KIE proxy),0.007615988579585897
2012-06 to 2012-12,2012-09-28,US P&C insurance benchmark (KIE proxy),-0.0004746151721012337
2012-06 to 2012-12,2012-10-01,US P&C insurance benchmark (KIE proxy),0.002600992204110586
2012-06 to 2012-12,2012-10-02,US P&C insurance benchmark (KIE proxy),0.004948150452048994
2012-06 to 2012-12,2012-10-03,US P&C insurance benchmark (KIE proxy),0.00046424275675782667
2012-06 to 2012-12,2012-10-04,US P&C insurance benchmark (KIE proxy),0.01335836268657764
2012-06 to 2012-12,2012-10-05,US P&C insurance benchmark (KIE proxy),0.007173929634435083
2012-06 to 2012-12,2012-10-08,US P&C insurance benchmark (KIE proxy),0.002293909772882019
2012-06 to 2012-12,2012-10-09,US P&C insurance benchmark (KIE proxy),-0.008158075601374604
2012-06 to 2012-12,2012-10-10,US P&C insurance benchmark (KIE proxy),0.000602856291533227
2012-06 to 2012-12,2012-10-11,US P&C insurance benchmark (KIE proxy),0.006232686980609303
2012-06 to 2012-12,2012-10-12,US P&C insurance benchmark (KIE proxy),-0.008031658637302264
2012-06 to 2012-12,2012-10-15,US P&C insurance benchmark (KIE proxy),0.009019447316020779
2012-06 to 2012-12,2012-10-16,US P&C insurance benchmark (KIE proxy),0.01352512840964537
2012-06 to 2012-12,2012-10-17,US P&C insurance benchmark (KIE proxy),0.012211668928087116
2012-06 to 2012-12,2012-10-18,US P&C insurance benchmark (KIE proxy),0.00491286863270779
2012-06 to 2012-12,2012-10-19,US P&C insurance benchmark (KIE proxy),-0.01511341732640581
2012-06 to 2012-12,2012-10-22,US P&C insurance benchmark (KIE proxy),0.002478549709820088
2012-06 to 2012-12,2012-10-23,US P&C insurance benchmark (KIE proxy),-0.01125424736376357
2012-06 to 2012-12,2012-10-24,US P&C insurance benchmark (KIE proxy),-3.41607056236759e-05
2012-06 to 2012-12,2012-10-25,US P&C insurance benchmark (KIE proxy),0.0036758174936117882
2012-06 to 2012-12,2012-10-26,US P&C insurance benchmark (KIE proxy),-0.007263444520081652
2012-06 to 2012-12,2012-10-31,US P&C insurance benchmark (KIE proxy),0.0
2012-06 to 2012-12,2012-11-01,US P&C insurance benchmark (KIE proxy),0.004573724739942442
2012-06 to 2012-12,2012-11-02,US P&C insurance benchmark (KIE proxy),-0.015699658703071773
2012-06 to 2012-12,2012-11-05,US P&C insurance benchmark (KIE proxy),0.0018515950069346587
2012-06 to 2012-12,2012-11-06,US P&C insurance benchmark (KIE proxy),0.01130361951172243
2012-06 to 2012-12,2012-11-07,US P&C insurance benchmark (KIE proxy),-0.02373032169746747
2012-06 to 2012-12,2012-11-08,US P&C insurance benchmark (KIE proxy),-0.006071526224646462
2012-06 to 2012-12,2012-11-09,US P&C insurance benchmark (KIE proxy),0.0030543074199214093
2012-06 to 2012-12,2012-11-12,US P&C insurance benchmark (KIE proxy),-0.004690576652602085
2012-06 to 2012-12,2012-11-13,US P&C insurance benchmark (KIE proxy),-0.006118714363434474
2012-06 to 2012-12,2012-11-14,US P&C insurance benchmark (KIE proxy),-0.009717986450269334
2012-06 to 2012-12,2012-11-15,US P&C insurance benchmark (KIE proxy),0.0023905240488155677
2012-06 to 2012-12,2012-11-16,US P&C insurance benchmark (KIE proxy),0.007641460113297249
2012-06 to 2012-12,2012-11-19,US P&C insurance benchmark (KIE proxy),0.011847903340440613
2012-06 to 2012-12,2012-11-20,US P&C insurance benchmark (KIE proxy),0.004678050390890975
2012-06 to 2012-12,2012-11-21,US P&C insurance benchmark (KIE proxy),0.0058308222578005164
2012-06 to 2012-12,2012-11-23,US P&C insurance benchmark (KIE proxy),0.010885053556409785
2012-06 to 2012-12,2012-11-26,US P&C insurance benchmark (KIE proxy),-0.001141419072700156
2012-06 to 2012-12,2012-11-27,US P&C insurance benchmark (KIE proxy),-0.006429540088251473
2012-06 to 2012-12,2012-11-28,US P&C insurance benchmark (KIE proxy),0.005314100032563829
2012-06 to 2012-12,2012-11-29,US P&C insurance benchmark (KIE proxy),0.00587870434183313
2012-06 to 2012-12,2012-11-30,US P&C insurance benchmark (KIE proxy),0.0030626297506730626
2012-06 to 2012-12,2012-12-03,US P&C insurance benchmark (KIE proxy),-0.002274590163934276
2012-06 to 2012-12,2012-12-04,US P&C insurance benchmark (KIE proxy),0.0020538519994248716
2012-06 to 2012-12,2012-12-05,US P&C insurance benchmark (KIE proxy),0.007515355237177834
2012-06 to 2012-12,2012-12-06,US P&C insurance benchmark (KIE proxy),0.0009018966955318675
2012-06 to 2012-12,2012-12-07,US P&C insurance benchmark (KIE proxy),0.0022560975609757783
2012-06 to 2012-12,2012-12-10,US P&C insurance benchmark (KIE proxy),0.001142409063562333
2012-06 to 2012-12,2012-12-11,US P&C insurance benchmark (KIE proxy),0.002234946185736719
2012-06 to 2012-12,2012-12-12,US P&C insurance benchmark (KIE proxy),-0.0008960271637706851
2012-06 to 2012-12,2012-12-13,US P&C insurance benchmark (KIE proxy),-0.00921780175320297
2012-06 to 2012-12,2012-12-14,US P&C insurance benchmark (KIE proxy),-0.008166987674654402
2012-06 to 2012-12,2012-12-17,US P&C insurance benchmark (KIE proxy),0.014643217390707397
2012-06 to 2012-12,2012-12-18,US P&C insurance benchmark (KIE proxy),0.0074391175853980585
2012-06 to 2012-12,2012-12-19,US P&C insurance benchmark (KIE proxy),0.0006712896144782654
2012-06 to 2012-12,2012-12-20,US P&C insurance benchmark (KIE proxy),0.005567966082365539
2012-06 to 2012-12,2012-12-21,US P&C insurance benchmark (KIE proxy),-0.021774952133798542
2012-06 to 2012-12,2012-12-24,US P&C insurance benchmark (KIE proxy),-0.0011320780451874457
2012-06 to 2012-12,2012-12-26,US P&C insurance benchmark (KIE proxy),-0.0009148818505191336
2012-06 to 2012-12,2012-12-27,US P&C insurance benchmark (KIE proxy),-0.004100237130380657
2012-06 to 2012-12,2012-12-28,US P&C insurance benchmark (KIE proxy),-0.005489491055560625
2012-06 to 2012-12,2012-12-31,US P&C insurance benchmark (KIE proxy),0.011964148951584486
2012-06 to 2012-12,2013-01-02,US P&C insurance benchmark (KIE proxy),0.02363176447326243
2012-06 to 2012-12,2013-01-03,US P&C insurance benchmark (KIE proxy),0.006660760792098097
2012-06 to 2012-12,2013-01-04,US P&C insurance benchmark (KIE proxy),0.010811669192035911
2012-06 to 2012-12,2013-01-07,US P&C insurance benchmark (KIE proxy),-0.007639084357223713
2012-06 to 2012-12,2013-01-08,US P&C insurance benchmark (KIE proxy),-0.0026385224274407815
2012-06 to 2012-12,2013-01-09,US P&C insurance benchmark (KIE proxy),0.007056878306878511
2012-06 to 2012-12,2013-01-10,US P&C insurance benchmark (KIE proxy),0.007880893430618485
2012-06 to 2012-12,2013-01-11,US P&C insurance benchmark (KIE proxy),-0.0008731518828153373
2012-06 to 2012-12,2013-01-14,US P&C insurance benchmark (KIE proxy),-0.00021521785916933656
2012-06 to 2012-12,2013-01-15,US P&C insurance benchmark (KIE proxy),0.001956947162426781
2012-06 to 2012-12,2013-01-16,US P&C insurance benchmark (KIE proxy),-0.0021679687499998046
2012-06 to 2012-12,2013-01-17,US P&C insurance benchmark (KIE proxy),0.006955182785596037
2012-06 to 2012-12,2013-01-18,US P&C insurance benchmark (KIE proxy),0.0023779748984342763
2012-06 to 2012-12,2013-01-22,US P&C insurance benchmark (KIE proxy),0.018745959922430444
2012-06 to 2012-12,2013-01-23,US P&C insurance benchmark (KIE proxy),0.0010596446700505968
2012-06 to 2012-12,2013-01-24,US P&C insurance benchmark (KIE proxy),-0.0008493537938858431
2012-06 to 2012-12,2013-01-25,US P&C insurance benchmark (KIE proxy),0.0027532306052666655
2012-06 to 2012-12,2013-01-28,US P&C insurance benchmark (KIE proxy),-0.0031632155984486765
2012-06 to 2012-12,2013-01-29,US P&C insurance benchmark (KIE proxy),0.004861424029142913
2012-06 to 2012-12,2013-01-30,US P&C insurance benchmark (KIE proxy),-0.0016800035368494948
2012-06 to 2012-12,2013-01-31,US P&C insurance benchmark (KIE proxy),0.006528876995198329
2012-06 to 2012-12,2013-02-01,US P&C insurance benchmark (KIE proxy),0.009434377337381061
2012-06 to 2012-12,2013-02-04,US P&C insurance benchmark (KIE proxy),-0.008300124533000997
2012-06 to 2012-12,2013-02-05,US P&C insurance benchmark (KIE proxy),0.0060652865942094625
2012-06 to 2012-12,2013-02-06,US P&C insurance benchmark (KIE proxy),0.0060349615871888584
2012-06 to 2012-12,2013-02-07,US P&C insurance benchmark (KIE proxy),-0.0035173697270470816
2012-06 to 2012-12,2013-02-08,US P&C insurance benchmark (KIE proxy),0.005602833788822981
2012-06 to 2012-12,2013-02-11,US P&C insurance benchmark (KIE proxy),0.002686757504658299
2012-06 to 2012-12,2013-02-12,US P&C insurance benchmark (KIE proxy),0.00596417788808834
2012-06 to 2012-12,2013-02-13,US P&C insurance benchmark (KIE proxy),0.004093707229352095
2012-06 to 2012-12,2013-02-14,US P&C insurance benchmark (KIE proxy),-0.00020171149144254663
2012-06 to 2012-12,2013-02-15,US P&C insurance benchmark (KIE proxy),0.00020175218717710663
2012-06 to 2012-12,2013-02-19,US P&C insurance benchmark (KIE proxy),0.008147921760391252
2012-06 to 2012-12,2013-02-20,US P&C insurance benchmark (KIE proxy),-0.014345218967702134
2012-06 to 2012-12,2013-02-21,US P&C insurance benchmark (KIE proxy),-0.0022575307411711876
2012-06 to 2012-12,2013-02-22,US P&C insurance benchmark (KIE proxy),0.011097410604192115
2012-06 to 2012-12,2013-02-25,US P&C insurance benchmark (KIE proxy),-0.023780487804877848
2012-06 to 2012-12,2013-02-26,US P&C insurance benchmark (KIE proxy),0.008326046221111882
2012-06 to 2012-12,2013-02-27,US P&C insurance benchmark (KIE proxy),0.010326265385639743
2012-06 to 2012-12,2013-02-28,US P&C insurance benchmark (KIE proxy),0.0016370324954018134
2012-06 to 2012-12,2013-03-01,US P&C insurance benchmark (KIE proxy),0.0002019991797608256
2012-06 to 2012-12,2013-03-04,US P&C insurance benchmark (KIE proxy),0.006321909424724659
2012-06 to 2012-12,2013-03-05,US P&C insurance benchmark (KIE proxy),0.01236977978872833
2012-06 to 2012-12,2013-03-06,US P&C insurance benchmark (KIE proxy),0.0030035983107763453
2012-06 to 2012-12,2013-03-07,US P&C insurance benchmark (KIE proxy),0.003389891415668922
2012-06 to 2012-12,2013-03-08,US P&C insurance benchmark (KIE proxy),0.008756483797222048
2012-06 to 2012-12,2013-03-11,US P&C insurance benchmark (KIE proxy),0.006704142011834557
2012-06 to 2012-12,2013-03-12,US P&C insurance benchmark (KIE proxy),0.0009815849952683475
2012-06 to 2012-12,2013-03-13,US P&C insurance benchmark (KIE proxy),0.005284791544333478
2012-06 to 2012-12,2013-03-14,US P&C insurance benchmark (KIE proxy),0.007768691588784904
2012-06 to 2012-12,2013-03-15,US P&C insurance benchmark (KIE proxy),-0.006358314496029638
2012-06 to 2012-12,2013-03-18,US P&C insurance benchmark (KIE proxy),-0.005249864378503721
2012-06 to 2012-12,2013-03-19,US P&C insurance benchmark (KIE proxy),-0.0007799077011485522
2012-06 to 2012-12,2013-03-20,US P&C insurance benchmark (KIE proxy),0.005475352112675802
2012-06 to 2012-12,2013-03-21,US P&C insurance benchmark (KIE proxy),-0.006221801987941311
2012-06 to 2012-12,2013-03-22,US P&C insurance benchmark (KIE proxy),0.003911503697134444
2012-06 to 2012-12,2013-03-25,US P&C insurance benchmark (KIE proxy),-0.000971140739354226
2012-06 to 2012-12,2013-03-26,US P&C insurance benchmark (KIE proxy),0.003706805178986805
2012-06 to 2012-12,2013-03-27,US P&C insurance benchmark (KIE proxy),0.0017502917152858455
2012-06 to 2012-12,2013-03-28,US P&C insurance benchmark (KIE proxy),-0.03216093505429962
2012-06 to 2012-12,2012-09-04,SPY,-0.0023841916973645905
2012-06 to 2012-12,2012-09-05,SPY,-0.000886304817952932
2012-06 to 2012-12,2012-09-06,SPY,0.020296643247462942
2012-06 to 2012-12,2012-09-07,SPY,0.0038951102455309083
2012-06 to 2012-12,2012-09-10,SPY,-0.005681424513268474
2012-06 to 2012-12,2012-09-11,SPY,0.002787262211692898
2012-06 to 2012-12,2012-09-12,SPY,0.0033354179695641584
2012-06 to 2012-12,2012-09-13,SPY,0.015236512223838261
2012-06 to 2012-12,2012-09-14,SPY,0.004434136025649904
2012-06 to 2012-12,2012-09-17,SPY,-0.0033958163542517905
2012-06 to 2012-12,2012-09-18,SPY,-0.00081777293171581
2012-06 to 2012-12,2012-09-19,SPY,0.000545628154412725
2012-06 to 2012-12,2012-09-20,SPY,6.816632583528381e-05
2012-06 to 2012-12,2012-09-21,SPY,-0.005725581078317998
2012-06 to 2012-12,2012-09-24,SPY,-0.0015424693219989738
2012-06 to 2012-12,2012-09-25,SPY,-0.010607985169418632
2012-06 to 2012-12,2012-09-26,SPY,-0.005586398334490261
2012-06 to 2012-12,2012-09-27,SPY,0.009386231201367945
2012-06 to 2012-12,2012-09-28,SPY,-0.004632190265486558
2012-06 to 2012-12,2012-10-01,SPY,0.0026047093144405675
2012-06 to 2012-12,2012-10-02,SPY,0.001073816204232969
2012-06 to 2012-12,2012-10-03,SPY,0.004083044982698958
2012-06 to 2012-12,2012-10-04,SPY,0.007133503342752867
2012-06 to 2012-12,2012-10-05,SPY,0.00010265183917868015
2012-06 to 2012-12,2012-10-08,SPY,-0.003407691254960876
2012-06 to 2012-12,2012-10-09,SPY,-0.00990099009901002
2012-06 to 2012-12,2012-10-10,SPY,-0.006380027739250949
2012-06 to 2012-12,2012-10-11,SPY,0.0005583472920154264
2012-06 to 2012-12,2012-10-12,SPY,-0.003278459821428603
2012-06 to 2012-12,2012-10-15,SPY,0.008328084540556002
2012-06 to 2012-12,2012-10-16,SPY,0.010133259300388442
2012-06 to 2012-12,2012-10-17,SPY,0.004534835783976954
2012-06 to 2012-12,2012-10-18,SPY,-0.002599179206566271
2012-06 to 2012-12,2012-10-19,SPY,-0.016667123851323296
2012-06 to 2012-12,2012-10-22,SPY,0.0001422697322537303
2012-06 to 2012-12,2012-10-23,SPY,-0.013876298723938252
2012-06 to 2012-12,2012-10-24,SPY,-0.002828454249752421
2012-06 to 2012-12,2012-10-25,SPY,0.0029073890228334953
2012-06 to 2012-12,2012-10-26,SPY,-0.0005656508520116565
2012-06 to 2012-12,2012-10-31,SPY,0.0
2012-06 to 2012-12,2012-11-01,SPY,0.01047046338875135
2012-06 to 2012-12,2012-11-02,SPY,-0.008891689420989946
2012-06 to 2012-12,2012-11-05,SPY,0.0020387115004238954
2012-06 to 2012-12,2012-11-06,SPY,0.007835114340218885
2012-06 to 2012-12,2012-11-07,SPY,-0.02266368214885295
2012-06 to 2012-12,2012-11-08,SPY,-0.012024048096192397
2012-06 to 2012-12,2012-11-09,SPY,0.000869313242538361
2012-06 to 2012-12,2012-11-12,SPY,0.0007599884192239781
2012-06 to 2012-12,2012-11-13,SPY,-0.0034354319603658867
2012-06 to 2012-12,2012-11-14,SPY,-0.013499528267653549
2012-06 to 2012-12,2012-11-15,SPY,-0.0016913129488068668
2012-06 to 2012-12,2012-11-16,SPY,0.004937361827560993
2012-06 to 2012-12,2012-11-19,SPY,0.020239055510742787
2012-06 to 2012-12,2012-11-20,SPY,0.0004312513476603108
2012-06 to 2012-12,2012-11-21,SPY,0.001867950283784836
2012-06 to 2012-12,2012-11-23,SPY,0.013624955181068543
2012-06 to 2012-12,2012-11-26,SPY,-0.002122391227449505
2012-06 to 2012-12,2012-11-27,SPY,-0.005034384969868855
2012-06 to 2012-12,2012-11-28,SPY,0.007981336740299882
2012-06 to 2012-12,2012-11-29,SPY,0.00466562986003094
2012-06 to 2012-12,2012-11-30,SPY,0.0002462707571069256
2012-06 to 2012-12,2012-12-03,SPY,-0.004961485702226653
2012-06 to 2012-12,2012-12-04,SPY,-0.0014118092862691611
2012-06 to 2012-12,2012-12-05,SPY,0.001769911504424737
2012-06 to 2012-12,2012-12-06,SPY,0.003392226148409838
2012-06 to 2012-12,2012-12-07,SPY,0.003063811804479455
2012-06 to 2012-12,2012-12-10,SPY,0.000407260471158466
2012-06 to 2012-12,2012-12-11,SPY,0.0067170621802026265
2012-06 to 2012-12,2012-12-12,SPY,0.0005577633688904626
2012-06 to 2012-12,2012-12-13,SPY,-0.006131976865723421
2012-06 to 2012-12,2012-12-14,SPY,-0.003680151440790813
2012-06 to 2012-12,2012-12-17,SPY,0.011715976414639728
2012-06 to 2012-12,2012-12-18,SPY,0.011128886415803008
2012-06 to 2012-12,2012-12-19,SPY,-0.0074293182912567035
2012-06 to 2012-12,2012-12-20,SPY,0.005752304386998475
2012-06 to 2012-12,2012-12-21,SPY,-0.016055678059537337
2012-06 to 2012-12,2012-12-24,SPY,-0.0030814482806917898
2012-06 to 2012-12,2012-12-26,SPY,-0.004214963119072657
2012-06 to 2012-12,2012-12-27,SPY,-0.0013291005291006242
2012-06 to 2012-12,2012-12-28,SPY,-0.010819318233193154
2012-06 to 2012-12,2012-12-31,SPY,0.01699635792330212
2012-06 to 2012-12,2013-01-02,SPY,0.02563022259672776
2012-06 to 2012-12,2013-01-03,SPY,-0.0022312748185674414
2012-06 to 2012-12,2013-01-04,SPY,0.004363426267428139
2012-06 to 2012-12,2013-01-07,SPY,-0.0027362164377947584
2012-06 to 2012-12,2013-01-08,SPY,-0.002876628336741738
2012-06 to 2012-12,2013-01-09,SPY,0.0025448369490537193
2012-06 to 2012-12,2013-01-10,SPY,0.007949561403508776
2012-06 to 2012-12,2013-01-11,SPY,-6.799020940984057e-05
2012-06 to 2012-12,2013-01-14,SPY,-0.0006799483239272597
2012-06 to 2012-12,2013-01-15,SPY,0.0006804109682245763
2012-06 to 2012-12,2013-01-16,SPY,-0.0001359896647852299
2012-06 to 2012-12,2013-01-17,SPY,0.006460387623257402
2012-06 to 2012-12,2013-01-18,SPY,0.0022297297297297902
2012-06 to 2012-12,2013-01-22,SPY,0.005393379626508432
2012-06 to 2012-12,2013-01-23,SPY,0.0016093341380005732
2012-06 to 2012-12,2013-01-24,SPY,0.00026779139050669976
2012-06 to 2012-12,2013-01-25,SPY,0.005622113647011373
2012-06 to 2012-12,2013-01-28,SPY,-0.0011980033277868563
2012-06 to 2012-12,2013-01-29,SPY,0.003931498633970687
2012-06 to 2012-12,2013-01-30,SPY,-0.003916102482410699
2012-06 to 2012-12,2013-01-31,SPY,-0.0024655160924903496
2012-06 to 2012-12,2013-02-01,SPY,0.010287241148964954
2012-06 to 2012-12,2013-02-04,SPY,-0.011273472626289638
2012-06 to 2012-12,2013-02-05,SPY,0.01013140736282514
2012-06 to 2012-12,2013-02-06,SPY,0.000728235683548295
2012-06 to 2012-12,2013-02-07,SPY,-0.0013231013495633714
2012-06 to 2012-12,2013-02-08,SPY,0.00556438791732905
2012-06 to 2012-12,2013-02-11,SPY,-0.00019762845849802257
2012-06 to 2012-12,2013-02-12,SPY,0.001647229360216107
2012-06 to 2012-12,2013-02-13,SPY,0.0008617287199055301
2012-06 to 2012-12,2013-02-14,SPY,0.0009135661283852237
2012-06 to 2012-12,2013-02-15,SPY,-0.0011819554796766996
2012-06 to 2012-12,2013-02-19,SPY,0.007494576293471722
2012-06 to 2012-12,2013-02-20,SPY,-0.012463295269168007
2012-06 to 2012-12,2013-02-21,SPY,-0.006079027355623268
2012-06 to 2012-12,2013-02-22,SPY,0.009772636617471075
2012-06 to 2012-12,2013-02-25,SPY,-0.019026927381657677
2012-06 to 2012-12,2013-02-26,SPY,0.006845637583892783
2012-06 to 2012-12,2013-02-27,SPY,0.012598320223969894
2012-06 to 2012-12,2013-02-28,SPY,-0.0019748535316962412
2012-06 to 2012-12,2013-03-01,SPY,0.003297935492381887
2012-06 to 2012-12,2013-03-04,SPY,0.005325093682203574
2012-06 to 2012-12,2013-03-05,SPY,0.008958932775307238
2012-06 to 2012-12,2013-03-06,SPY,0.0013610733035194222
2012-06 to 2012-12,2013-03-07,SPY,0.001786407766990461
2012-06 to 2012-12,2013-03-08,SPY,0.004290070812011937
2012-06 to 2012-12,2013-03-11,SPY,0.0037956767884712583
2012-06 to 2012-12,2013-03-12,SPY,-0.0022431583669805244
2012-06 to 2012-12,2013-03-13,SPY,0.0014452723535456347
2012-06 to 2012-12,2013-03-14,SPY,0.005291684038356781
2012-06 to 2012-12,2013-03-15,SPY,-0.005742359471702874
2012-06 to 2012-12,2013-03-18,SPY,-0.00551883462747893
2012-06 to 2012-12,2013-03-19,SPY,-0.002323030263921888
2012-06 to 2012-12,2013-03-20,SPY,0.0069853178966430285
2012-06 to 2012-12,2013-03-21,SPY,-0.008549039758494303
2012-06 to 2012-12,2013-03-22,SPY,0.008039699661179345
2012-06 to 2012-12,2013-03-25,SPY,-0.004177377892030876
2012-06 to 2012-12,2013-03-26,SPY,0.008002581477896342
2012-06 to 2012-12,2013-03-27,SPY,0.0
2012-06 to 2012-12,2013-03-28,SPY,-0.01654554307291667
2014-03 to 2016-06,2014-06-02,Core MA + ATR,0.0
2014-03 to 2016-06,2014-06-03,Core MA + ATR,0.0
2014-03 to 2016-06,2014-06-04,Core MA + ATR,0.0
2014-03 to 2016-06,2014-06-05,Core MA + ATR,0.0
2014-03 to 2016-06,2014-06-06,Core MA + ATR,0.0
2014-03 to 2016-06,2014-06-09,Core MA + ATR,0.0
2014-03 to 2016-06,2014-06-10,Core MA + ATR,0.0
2014-03 to 2016-06,2014-06-11,Core MA + ATR,0.0
2014-03 to 2016-06,2014-06-12,Core MA + ATR,0.0
2014-03 to 2016-06,2014-06-13,Core MA + ATR,0.0
2014-03 to 2016-06,2014-06-16,Core MA + ATR,0.000546770299566405
2014-03 to 2016-06,2014-06-17,Core MA + ATR,0.0
2014-03 to 2016-06,2014-06-18,Core MA + ATR,0.0005882352941176394
2014-03 to 2016-06,2014-06-19,Core MA + ATR,0.0013661202185792365
2014-03 to 2016-06,2014-06-20,Core MA + ATR,-0.0005791505791505613
2014-03 to 2016-06,2014-06-23,Core MA + ATR,-0.0007757951900698168
2014-03 to 2016-06,2014-06-24,Core MA + ATR,-0.0002401200234192039
2014-03 to 2016-06,2014-06-25,Core MA + ATR,0.0
2014-03 to 2016-06,2014-06-26,Core MA + ATR,0.0
2014-03 to 2016-06,2014-06-27,Core MA + ATR,0.0
2014-03 to 2016-06,2014-06-30,Core MA + ATR,0.0
2014-03 to 2016-06,2014-07-01,Core MA + ATR,0.0
2014-03 to 2016-06,2014-07-02,Core MA + ATR,0.0
2014-03 to 2016-06,2014-07-03,Core MA + ATR,0.0
2014-03 to 2016-06,2014-07-07,Core MA + ATR,0.0011065243484224864
2014-03 to 2016-06,2014-07-08,Core MA + ATR,-0.0009171195652173808
2014-03 to 2016-06,2014-07-09,Core MA + ATR,0.00011156070353135838
2014-03 to 2016-06,2014-07-10,Core MA + ATR,-0.0027087551374166707
2014-03 to 2016-06,2014-07-11,Core MA + ATR,0.002355494505469768
2014-03 to 2016-06,2014-07-14,Core MA + ATR,0.0002559515633709426
2014-03 to 2016-06,2014-07-15,Core MA + ATR,-0.0003147787723657779
2014-03 to 2016-06,2014-07-16,Core MA + ATR,-0.0005457074989022798
2014-03 to 2016-06,2014-07-17,Core MA + ATR,0.0
2014-03 to 2016-06,2014-07-18,Core MA + ATR,-0.0023508463667310285
2014-03 to 2016-06,2014-07-21,Core MA + ATR,0.0003221332577844051
2014-03 to 2016-06,2014-07-22,Core MA + ATR,-0.0002652439024390349
2014-03 to 2016-06,2014-07-23,Core MA + ATR,-0.0007625334424416229
2014-03 to 2016-06,2014-07-24,Core MA + ATR,8.870788333248339e-06
2014-03 to 2016-06,2014-07-25,Core MA + ATR,0.00037470721424110256
2014-03 to 2016-06,2014-07-28,Core MA + ATR,-0.0009690119131715621
2014-03 to 2016-06,2014-07-29,Core MA + ATR,0.0031520390268027663
2014-03 to 2016-06,2014-07-30,Core MA + ATR,0.0035154174955867178
2014-03 to 2016-06,2014-07-31,Core MA + ATR,0.0006522876137067019
2014-03 to 2016-06,2014-08-01,Core MA + ATR,0.003982727651101498
2014-03 to 2016-06,2014-08-04,Core MA + ATR,-0.002325690445558515
2014-03 to 2016-06,2014-08-05,Core MA + ATR,0.004663002086272414
2014-03 to 2016-06,2014-08-06,Core MA + ATR,-0.0022412917020155024
2014-03 to 2016-06,2014-08-07,Core MA + ATR,0.0016954343444422547
2014-03 to 2016-06,2014-08-08,Core MA + ATR,-0.0012562611700088714
2014-03 to 2016-06,2014-08-11,Core MA + ATR,-0.0014098270724742568
2014-03 to 2016-06,2014-08-12,Core MA + ATR,0.0006998617966965972
2014-03 to 2016-06,2014-08-13,Core MA + ATR,0.0001758049892177962
2014-03 to 2016-06,2014-08-14,Core MA + ATR,0.0009667976282298521
2014-03 to 2016-06,2014-08-15,Core MA + ATR,-0.00024456477624043213
2014-03 to 2016-06,2014-08-18,Core MA + ATR,-0.0018956259006941388
2014-03 to 2016-06,2014-08-19,Core MA + ATR,-0.00038756527415143016
2014-03 to 2016-06,2014-08-20,Core MA + ATR,0.0006343100343755015
2014-03 to 2016-06,2014-08-21,Core MA + ATR,0.00022394136807818432
2014-03 to 2016-06,2014-08-22,Core MA + ATR,-0.0005814755730775381
2014-03 to 2016-06,2014-08-25,Core MA + ATR,0.0
2014-03 to 2016-06,2014-08-26,Core MA + ATR,0.00023192497454713903
2014-03 to 2016-06,2014-08-27,Core MA + ATR,-0.0009459086247169803
2014-03 to 2016-06,2014-08-28,Core MA + ATR,-0.0005415355648257756
2014-03 to 2016-06,2014-08-29,Core MA + ATR,-0.00014191955684006086
2014-03 to 2016-06,2014-09-02,Core MA + ATR,-0.0004339521772939412
2014-03 to 2016-06,2014-09-03,Core MA + ATR,0.0014071005132380925
2014-03 to 2016-06,2014-09-04,Core MA + ATR,-0.00021165228258819202
2014-03 to 2016-06,2014-09-05,Core MA + ATR,0.0008149351166943133
2014-03 to 2016-06,2014-09-08,Core MA + ATR,-0.0007834261838440132
2014-03 to 2016-06,2014-09-09,Core MA + ATR,-0.002533515007016384
2014-03 to 2016-06,2014-09-10,Core MA + ATR,-6.552498834960075e-05
2014-03 to 2016-06,2014-09-11,Core MA + ATR,0.0
2014-03 to 2016-06,2014-09-12,Core MA + ATR,0.0
2014-03 to 2016-06,2014-09-15,Core MA + ATR,0.0
2014-03 to 2016-06,2014-09-16,Core MA + ATR,0.0006397463325183464
2014-03 to 2016-06,2014-09-17,Core MA + ATR,8.102414519525758e-05
2014-03 to 2016-06,2014-09-18,Core MA + ATR,0.0002098937246963508
2014-03 to 2016-06,2014-09-19,Core MA + ATR,0.0
2014-03 to 2016-06,2014-09-22,Core MA + ATR,0.0
2014-03 to 2016-06,2014-09-23,Core MA + ATR,0.0
2014-03 to 2016-06,2014-09-24,Core MA + ATR,0.0
2014-03 to 2016-06,2014-09-25,Core MA + ATR,0.0
2014-03 to 2016-06,2014-09-26,Core MA + ATR,0.0
2014-03 to 2016-06,2014-09-29,Core MA + ATR,0.0
2014-03 to 2016-06,2014-09-30,Core MA + ATR,-0.0009932702558635535
2014-03 to 2016-06,2014-10-01,Core MA + ATR,-0.0029517237324505584
2014-03 to 2016-06,2014-10-02,Core MA + ATR,-0.002602810009117916
2014-03 to 2016-06,2014-10-03,Core MA + ATR,-0.002343881472359323
2014-03 to 2016-06,2014-10-06,Core MA + ATR,-0.00010195527062102844
2014-03 to 2016-06,2014-10-07,Core MA + ATR,-0.0011578605889015687
2014-03 to 2016-06,2014-10-08,Core MA + ATR,-0.006646859741995557
2014-03 to 2016-06,2014-10-09,Core MA + ATR,5.1909779178604606e-05
2014-03 to 2016-06,2014-10-10,Core MA + ATR,-0.004241645665601401
2014-03 to 2016-06,2014-10-13,Core MA + ATR,0.0028941562017773138
2014-03 to 2016-06,2014-10-14,Core MA + ATR,-0.00351700238275755
2014-03 to 2016-06,2014-10-15,Core MA + ATR,0.004020084032438946
2014-03 to 2016-06,2014-10-16,Core MA + ATR,-0.004199408075657806
2014-03 to 2016-06,2014-10-17,Core MA + ATR,-0.0069982704382851955
2014-03 to 2016-06,2014-10-20,Core MA + ATR,-0.0013038951931495372
2014-03 to 2016-06,2014-10-21,Core MA + ATR,0.0
2014-03 to 2016-06,2014-10-22,Core MA + ATR,-0.0018081198509358079
2014-03 to 2016-06,2014-10-23,Core MA + ATR,0.0014714869208309334
2014-03 to 2016-06,2014-10-24,Core MA + ATR,0.0031754988003141727
2014-03 to 2016-06,2014-10-27,Core MA + ATR,0.0036150783434450474
2014-03 to 2016-06,2014-10-28,Core MA + ATR,0.0038249319291251116
2014-03 to 2016-06,2014-10-29,Core MA + ATR,-0.002613213641984854
2014-03 to 2016-06,2014-10-30,Core MA + ATR,0.0031167673413933783
2014-03 to 2016-06,2014-10-31,Core MA + ATR,0.004760413376752499
2014-03 to 2016-06,2014-11-03,Core MA + ATR,0.0005297169811526622
2014-03 to 2016-06,2014-11-04,Core MA + ATR,0.004385598900112371
2014-03 to 2016-06,2014-11-05,Core MA + ATR,0.0032818971929727964
2014-03 to 2016-06,2014-11-06,Core MA + ATR,0.0001926066179236721
2014-03 to 2016-06,2014-11-07,Core MA + ATR,0.00016277242329092525
2014-03 to 2016-06,2014-11-10,Core MA + ATR,0.0018232508977323349
2014-03 to 2016-06,2014-11-11,Core MA + ATR,-0.00035973462892425676
2014-03 to 2016-06,2014-11-12,Core MA + ATR,-0.0004501960453249207
2014-03 to 2016-06,2014-11-13,Core MA + ATR,0.00041419237162909986
2014-03 to 2016-06,2014-11-14,Core MA + ATR,-0.0002777087932303127
2014-03 to 2016-06,2014-11-17,Core MA + ATR,0.0
2014-03 to 2016-06,2014-11-18,Core MA + ATR,0.0
2014-03 to 2016-06,2014-11-19,Core MA + ATR,0.0
2014-03 to 2016-06,2014-11-20,Core MA + ATR,0.0005085479985174093
2014-03 to 2016-06,2014-11-21,Core MA + ATR,0.0008745273884175655
2014-03 to 2016-06,2014-11-24,Core MA + ATR,-0.00028712180936514206
2014-03 to 2016-06,2014-11-25,Core MA + ATR,-0.0003724450271140045
2014-03 to 2016-06,2014-11-26,Core MA + ATR,0.00046658709879863005
2014-03 to 2016-06,2014-11-28,Core MA + ATR,0.0
2014-03 to 2016-06,2014-12-01,Core MA + ATR,-0.00015447382803012921
2014-03 to 2016-06,2014-12-02,Core MA + ATR,4.294501822599628e-05
2014-03 to 2016-06,2014-12-03,Core MA + ATR,0.0
2014-03 to 2016-06,2014-12-04,Core MA + ATR,0.0009106327611395107
2014-03 to 2016-06,2014-12-05,Core MA + ATR,6.929347826087695e-05
2014-03 to 2016-06,2014-12-08,Core MA + ATR,0.0
2014-03 to 2016-06,2014-12-09,Core MA + ATR,0.0008046072895277237
2014-03 to 2016-06,2014-12-10,Core MA + ATR,-0.008622373698458367
2014-03 to 2016-06,2014-12-11,Core MA + ATR,0.0011881915206384092
2014-03 to 2016-06,2014-12-12,Core MA + ATR,-0.006479016767239963
2014-03 to 2016-06,2014-12-15,Core MA + ATR,0.0006888019634255195
2014-03 to 2016-06,2014-12-16,Core MA + ATR,0.0
2014-03 to 2016-06,2014-12-17,Core MA + ATR,0.0
2014-03 to 2016-06,2014-12-18,Core MA + ATR,0.0
2014-03 to 2016-06,2014-12-19,Core MA + ATR,0.00024307461730786064
2014-03 to 2016-06,2014-12-22,Core MA + ATR,0.0024893514350196287
2014-03 to 2016-06,2014-12-23,Core MA + ATR,0.004415592185331496
2014-03 to 2016-06,2014-12-24,Core MA + ATR,-0.001369843026999433
2014-03 to 2016-06,2014-12-26,Core MA + ATR,0.0025805336280312167
2014-03 to 2016-06,2014-12-29,Core MA + ATR,-0.00034364110767526996
2014-03 to 2016-06,2014-12-30,Core MA + ATR,-0.0005707353529350554
2014-03 to 2016-06,2014-12-31,Core MA + ATR,-0.000980543870345539
2014-03 to 2016-06,2015-01-02,Core MA + ATR,0.0003162442118464262
2014-03 to 2016-06,2015-01-05,Core MA + ATR,-0.002411717481068852
2014-03 to 2016-06,2015-01-06,Core MA + ATR,-0.00014075355272998702
2014-03 to 2016-06,2015-01-07,Core MA + ATR,0.0
2014-03 to 2016-06,2015-01-08,Core MA + ATR,-0.0004920665352030638
2014-03 to 2016-06,2015-01-09,Core MA + ATR,-0.004410643422988076
2014-03 to 2016-06,2015-01-12,Core MA + ATR,0.0007116495894624575
2014-03 to 2016-06,2015-01-13,Core MA + ATR,0.001995785612313812
2014-03 to 2016-06,2015-01-14,Core MA + ATR,-0.0008347618794366813
2014-03 to 2016-06,2015-01-15,Core MA + ATR,0.002387032958661376
2014-03 to 2016-06,2015-01-16,Core MA + ATR,0.002859788162183896
2014-03 to 2016-06,2015-01-20,Core MA + ATR,-0.003066723118995464
2014-03 to 2016-06,2015-01-21,Core MA + ATR,-0.0032666348742093998
2014-03 to 2016-06,2015-01-22,Core MA + ATR,-0.005170113656524368
2014-03 to 2016-06,2015-01-23,Core MA + ATR,-0.0024994413022988923
2014-03 to 2016-06,2015-01-26,Core MA + ATR,0.004119406533045433
2014-03 to 2016-06,2015-01-27,Core MA + ATR,-0.0020463152206449675
2014-03 to 2016-06,2015-01-28,Core MA + ATR,-0.001730425970937146
2014-03 to 2016-06,2015-01-29,Core MA + ATR,-3.814122571723082e-05
2014-03 to 2016-06,2015-01-30,Core MA + ATR,0.0031611216339365953
2014-03 to 2016-06,2015-02-02,Core MA + ATR,-0.013218497874888456
2014-03 to 2016-06,2015-02-03,Core MA + ATR,-0.00788835843073677
2014-03 to 2016-06,2015-02-04,Core MA + ATR,0.0029879713368985003
2014-03 to 2016-06,2015-02-05,Core MA + ATR,-0.007989853885792398
2014-03 to 2016-06,2015-02-06,Core MA + ATR,0.0009138446793771503
2014-03 to 2016-06,2015-02-09,Core MA + ATR,0.0005464393835268799
2014-03 to 2016-06,2015-02-10,Core MA + ATR,0.00046320466873306734
2014-03 to 2016-06,2015-02-11,Core MA + ATR,-0.0014549932339146276
2014-03 to 2016-06,2015-02-12,Core MA + ATR,-0.0009147405502312153
2014-03 to 2016-06,2015-02-13,Core MA + ATR,0.0
2014-03 to 2016-06,2015-02-17,Core MA + ATR,0.0006907509966814093
2014-03 to 2016-06,2015-02-18,Core MA + ATR,0.00015359365490965964
2014-03 to 2016-06,2015-02-19,Core MA + ATR,-0.0005629553144661016
2014-03 to 2016-06,2015-02-20,Core MA + ATR,0.0003126018522621121
2014-03 to 2016-06,2015-02-23,Core MA + ATR,0.0009133805160350893
2014-03 to 2016-06,2015-02-24,Core MA + ATR,-0.0011355214362713446
2014-03 to 2016-06,2015-02-25,Core MA + ATR,-0.0010880956244821494
2014-03 to 2016-06,2015-02-26,Core MA + ATR,0.0003346815325607802
2014-03 to 2016-06,2015-02-27,Core MA + ATR,0.0
2014-03 to 2016-06,2015-03-02,Core MA + ATR,0.0
2014-03 to 2016-06,2015-03-03,Core MA + ATR,0.0
2014-03 to 2016-06,2015-03-04,Core MA + ATR,0.0
2014-03 to 2016-06,2015-03-05,Core MA + ATR,0.0
2014-03 to 2016-06,2015-03-06,Core MA + ATR,0.0
2014-03 to 2016-06,2015-03-09,Core MA + ATR,0.0
2014-03 to 2016-06,2015-03-10,Core MA + ATR,0.0
2014-03 to 2016-06,2015-03-11,Core MA + ATR,0.00237978904571456
2014-03 to 2016-06,2015-03-12,Core MA + ATR,-0.0042290227545397924
2014-03 to 2016-06,2015-03-13,Core MA + ATR,-0.0002120234181719539
2014-03 to 2016-06,2015-03-16,Core MA + ATR,0.0019024970273483766
2014-03 to 2016-06,2015-03-17,Core MA + ATR,0.00028974907486256434
2014-03 to 2016-06,2015-03-18,Core MA + ATR,-0.0013645436666272618
2014-03 to 2016-06,2015-03-19,Core MA + ATR,-7.426323472086555e-05
2014-03 to 2016-06,2015-03-20,Core MA + ATR,0.0035001741016398315
2014-03 to 2016-06,2015-03-23,Core MA + ATR,-0.0003230379740831315
2014-03 to 2016-06,2015-03-24,Core MA + ATR,0.0
2014-03 to 2016-06,2015-03-25,Core MA + ATR,0.0
2014-03 to 2016-06,2015-03-26,Core MA + ATR,0.0
2014-03 to 2016-06,2015-03-27,Core MA + ATR,-0.0033007108931655837
2014-03 to 2016-06,2015-03-30,Core MA + ATR,-0.0025167861177858596
2014-03 to 2016-06,2015-03-31,Core MA + ATR,0.0
2014-03 to 2016-06,2015-04-01,Core MA + ATR,0.0
2014-03 to 2016-06,2015-04-02,Core MA + ATR,0.0
2014-03 to 2016-06,2015-04-06,Core MA + ATR,0.0
2014-03 to 2016-06,2015-04-07,Core MA + ATR,0.0
2014-03 to 2016-06,2015-04-08,Core MA + ATR,0.0
2014-03 to 2016-06,2015-04-09,Core MA + ATR,0.0
2014-03 to 2016-06,2015-04-10,Core MA + ATR,0.0
2014-03 to 2016-06,2015-04-13,Core MA + ATR,0.0
2014-03 to 2016-06,2015-04-14,Core MA + ATR,0.0002987831472435512
2014-03 to 2016-06,2015-04-15,Core MA + ATR,0.0016739130434782756
2014-03 to 2016-06,2015-04-16,Core MA + ATR,-0.0012133411718930308
2014-03 to 2016-06,2015-04-17,Core MA + ATR,-0.001611318749816369
2014-03 to 2016-06,2015-04-20,Core MA + ATR,-0.0007424266995329601
2014-03 to 2016-06,2015-04-21,Core MA + ATR,-0.0016274128443717825
2014-03 to 2016-06,2015-04-22,Core MA + ATR,-0.00014046150971599647
2014-03 to 2016-06,2015-04-23,Core MA + ATR,0.0
2014-03 to 2016-06,2015-04-24,Core MA + ATR,0.0
2014-03 to 2016-06,2015-04-27,Core MA + ATR,0.0
2014-03 to 2016-06,2015-04-28,Core MA + ATR,0.0
2014-03 to 2016-06,2015-04-29,Core MA + ATR,0.0
2014-03 to 2016-06,2015-04-30,Core MA + ATR,0.0
2014-03 to 2016-06,2015-05-01,Core MA + ATR,0.0
2014-03 to 2016-06,2015-05-04,Core MA + ATR,-0.0008777587434224673
2014-03 to 2016-06,2015-05-05,Core MA + ATR,0.0004097501125383797
2014-03 to 2016-06,2015-05-06,Core MA + ATR,0.00030424709160963844
2014-03 to 2016-06,2015-05-07,Core MA + ATR,-0.00043554219702330313
2014-03 to 2016-06,2015-05-08,Core MA + ATR,0.0005483797431240721
2014-03 to 2016-06,2015-05-11,Core MA + ATR,0.00018844402399965368
2014-03 to 2016-06,2015-05-12,Core MA + ATR,-0.0015657746992086352
2014-03 to 2016-06,2015-05-13,Core MA + ATR,-0.000916267651259904
2014-03 to 2016-06,2015-05-14,Core MA + ATR,-0.0007629601223770065
2014-03 to 2016-06,2015-05-15,Core MA + ATR,-7.526981076285888e-05
2014-03 to 2016-06,2015-05-18,Core MA + ATR,0.0
2014-03 to 2016-06,2015-05-19,Core MA + ATR,0.0
2014-03 to 2016-06,2015-05-20,Core MA + ATR,0.0
2014-03 to 2016-06,2015-05-21,Core MA + ATR,0.0
2014-03 to 2016-06,2015-05-22,Core MA + ATR,0.0
2014-03 to 2016-06,2015-05-26,Core MA + ATR,0.0
2014-03 to 2016-06,2015-05-27,Core MA + ATR,0.0
2014-03 to 2016-06,2015-05-28,Core MA + ATR,0.0
2014-03 to 2016-06,2015-05-29,Core MA + ATR,0.0
2014-03 to 2016-06,2015-06-01,Core MA + ATR,0.0
2014-03 to 2016-06,2015-06-02,Core MA + ATR,0.0
2014-03 to 2016-06,2015-06-03,Core MA + ATR,0.002559157754010697
2014-03 to 2016-06,2015-06-04,Core MA + ATR,-0.0010227458681066892
2014-03 to 2016-06,2015-06-05,Core MA + ATR,-0.00015520274492596337
2014-03 to 2016-06,2015-06-08,Core MA + ATR,-0.001408006496774996
2014-03 to 2016-06,2015-06-09,Core MA + ATR,0.0004081325135317741
2014-03 to 2016-06,2015-06-10,Core MA + ATR,-6.966856277233974e-05
2014-03 to 2016-06,2015-06-11,Core MA + ATR,-0.0004539031037114323
2014-03 to 2016-06,2015-06-12,Core MA + ATR,0.0002787637080048957
2014-03 to 2016-06,2015-06-15,Core MA + ATR,0.001373404427209568
2014-03 to 2016-06,2015-06-16,Core MA + ATR,-0.0011786798785360514
2014-03 to 2016-06,2015-06-17,Core MA + ATR,-0.0009249519457476227
2014-03 to 2016-06,2015-06-18,Core MA + ATR,0.0027928282490010115
2014-03 to 2016-06,2015-06-19,Core MA + ATR,-0.001551523219041128
2014-03 to 2016-06,2015-06-22,Core MA + ATR,0.0015656638602489655
2014-03 to 2016-06,2015-06-23,Core MA + ATR,0.001118180235727404
2014-03 to 2016-06,2015-06-24,Core MA + ATR,-0.0006626685425772647
2014-03 to 2016-06,2015-06-25,Core MA + ATR,0.0016191701339534604
2014-03 to 2016-06,2015-06-26,Core MA + ATR,-0.0015432363012021556
2014-03 to 2016-06,2015-06-29,Core MA + ATR,0.00137137383053623
2014-03 to 2016-06,2015-06-30,Core MA + ATR,0.0022784186374345313
2014-03 to 2016-06,2015-07-01,Core MA + ATR,-0.008597716192198313
2014-03 to 2016-06,2015-07-02,Core MA + ATR,-0.0013009364439116795
2014-03 to 2016-06,2015-07-06,Core MA + ATR,-0.0008351918998255681
2014-03 to 2016-06,2015-07-07,Core MA + ATR,0.0016314156518603133
2014-03 to 2016-06,2015-07-08,Core MA + ATR,-0.00502174880182601
2014-03 to 2016-06,2015-07-09,Core MA + ATR,0.0015099612411872652
2014-03 to 2016-06,2015-07-10,Core MA + ATR,0.006011469605510253
2014-03 to 2016-06,2015-07-13,Core MA + ATR,0.0029369730414950737
2014-03 to 2016-06,2015-07-14,Core MA + ATR,0.003922323059832013
2014-03 to 2016-06,2015-07-15,Core MA + ATR,0.0045402310665281845
2014-03 to 2016-06,2015-07-16,Core MA + ATR,0.003302879693025871
2014-03 to 2016-06,2015-07-17,Core MA + ATR,0.0013419107708923725
2014-03 to 2016-06,2015-07-20,Core MA + ATR,-0.004377651413695243
2014-03 to 2016-06,2015-07-21,Core MA + ATR,0.0013543889296045802
2014-03 to 2016-06,2015-07-22,Core MA + ATR,0.0008679793873894981
2014-03 to 2016-06,2015-07-23,Core MA + ATR,0.001395392325758691
2014-03 to 2016-06,2015-07-24,Core MA + ATR,0.001335792901856142
2014-03 to 2016-06,2015-07-27,Core MA + ATR,-0.0007064213374903189
2014-03 to 2016-06,2015-07-28,Core MA + ATR,0.0
2014-03 to 2016-06,2015-07-29,Core MA + ATR,0.0023635096977504834
2014-03 to 2016-06,2015-07-30,Core MA + ATR,0.004613173678536402
2014-03 to 2016-06,2015-07-31,Core MA + ATR,-0.0022224094777546083
2014-03 to 2016-06,2015-08-03,Core MA + ATR,0.005003357137218473
2014-03 to 2016-06,2015-08-04,Core MA + ATR,-0.0014536945952878383
2014-03 to 2016-06,2015-08-05,Core MA + ATR,0.0004880980965462356
2014-03 to 2016-06,2015-08-06,Core MA + ATR,-0.0002622266602366161
2014-03 to 2016-06,2015-08-07,Core MA + ATR,0.0005772006274600319
2014-03 to 2016-06,2015-08-10,Core MA + ATR,0.00063620068777576
2014-03 to 2016-06,2015-08-11,Core MA + ATR,0.0022067648005147968
2014-03 to 2016-06,2015-08-12,Core MA + ATR,0.003698819147533827
2014-03 to 2016-06,2015-08-13,Core MA + ATR,0.0062307912522893616
2014-03 to 2016-06,2015-08-14,Core MA + ATR,0.007369389206178956
2014-03 to 2016-06,2015-08-17,Core MA + ATR,0.0028815063974601453
2014-03 to 2016-06,2015-08-18,Core MA + ATR,-0.00037809829048122143
2014-03 to 2016-06,2015-08-19,Core MA + ATR,-0.0027723306794738226
2014-03 to 2016-06,2015-08-20,Core MA + ATR,-0.0009287684131131118
2014-03 to 2016-06,2015-08-21,Core MA + ATR,0.003468710376461733
2014-03 to 2016-06,2015-08-24,Core MA + ATR,0.017192841750189466
2014-03 to 2016-06,2015-08-25,Core MA + ATR,0.0055634164803466495
2014-03 to 2016-06,2015-08-26,Core MA + ATR,-0.005053120047690169
2014-03 to 2016-06,2015-08-27,Core MA + ATR,-0.015146270702991882
2014-03 to 2016-06,2015-08-28,Core MA + ATR,0.0011846859790198751
2014-03 to 2016-06,2015-08-31,Core MA + ATR,0.0034608708071179562
2014-03 to 2016-06,2015-09-01,Core MA + ATR,0.0031842434723421665
2014-03 to 2016-06,2015-09-02,Core MA + ATR,-0.001695342629753542
2014-03 to 2016-06,2015-09-03,Core MA + ATR,0.0005467727590810968
2014-03 to 2016-06,2015-09-04,Core MA + ATR,0.005477564372232026
2014-03 to 2016-06,2015-09-08,Core MA + ATR,-0.006708528409039289
2014-03 to 2016-06,2015-09-09,Core MA + ATR,0.004114161456273848
2014-03 to 2016-06,2015-09-10,Core MA + ATR,-0.0017604112325632078
2014-03 to 2016-06,2015-09-11,Core MA + ATR,-0.004907170730493212
2014-03 to 2016-06,2015-09-14,Core MA + ATR,-1.988263389625898e-05
2014-03 to 2016-06,2015-09-15,Core MA + ATR,0.0021400963069869243
2014-03 to 2016-06,2015-09-16,Core MA + ATR,-0.0003263545350751574
2014-03 to 2016-06,2015-09-17,Core MA + ATR,0.0006229187294546115
2014-03 to 2016-06,2015-09-18,Core MA + ATR,-0.004083069630956667
2014-03 to 2016-06,2015-09-21,Core MA + ATR,0.00013916261718923794
2014-03 to 2016-06,2015-09-22,Core MA + ATR,0.005471625475426683
2014-03 to 2016-06,2015-09-23,Core MA + ATR,0.0007945680438264374
2014-03 to 2016-06,2015-09-24,Core MA + ATR,0.0018621164668674562
2014-03 to 2016-06,2015-09-25,Core MA + ATR,0.002731848392340691
2014-03 to 2016-06,2015-09-28,Core MA + ATR,0.0005094507747312023
2014-03 to 2016-06,2015-09-29,Core MA + ATR,-0.004507299487031146
2014-03 to 2016-06,2015-09-30,Core MA + ATR,-0.0052999705203719315
2014-03 to 2016-06,2015-10-01,Core MA + ATR,-0.002388706441036938
2014-03 to 2016-06,2015-10-02,Core MA + ATR,0.004313878724267226
2014-03 to 2016-06,2015-10-05,Core MA + ATR,-0.0013552819185741792
2014-03 to 2016-06,2015-10-06,Core MA + ATR,0.0003418859723851288
2014-03 to 2016-06,2015-10-07,Core MA + ATR,0.000521108039223315
2014-03 to 2016-06,2015-10-08,Core MA + ATR,-0.0011147818524324322
2014-03 to 2016-06,2015-10-09,Core MA + ATR,-0.0017775609233406757
2014-03 to 2016-06,2015-10-12,Core MA + ATR,-0.00021722939424032028
2014-03 to 2016-06,2015-10-13,Core MA + ATR,-0.0003890745461328052
2014-03 to 2016-06,2015-10-14,Core MA + ATR,0.0
2014-03 to 2016-06,2015-10-15,Core MA + ATR,0.0
2014-03 to 2016-06,2015-10-16,Core MA + ATR,0.0
2014-03 to 2016-06,2015-10-19,Core MA + ATR,0.0007922284283513084
2014-03 to 2016-06,2015-10-20,Core MA + ATR,5.9248776009799496e-05
2014-03 to 2016-06,2015-10-21,Core MA + ATR,0.0
2014-03 to 2016-06,2015-10-22,Core MA + ATR,0.0008572352831129928
2014-03 to 2016-06,2015-10-23,Core MA + ATR,0.0016400544621859026
2014-03 to 2016-06,2015-10-26,Core MA + ATR,0.0002901649358582614
2014-03 to 2016-06,2015-10-27,Core MA + ATR,-0.0009774652608483918
2014-03 to 2016-06,2015-10-28,Core MA + ATR,0.0
2014-03 to 2016-06,2015-10-29,Core MA + ATR,0.002691997863141428
2014-03 to 2016-06,2015-10-30,Core MA + ATR,-0.0013740032203993884
2014-03 to 2016-06,2015-11-02,Core MA + ATR,-0.0004391642593766161
2014-03 to 2016-06,2015-11-03,Core MA + ATR,0.0013402505104199505
2014-03 to 2016-06,2015-11-04,Core MA + ATR,-0.0012430456690783393
2014-03 to 2016-06,2015-11-05,Core MA + ATR,0.0006815608040979598
2014-03 to 2016-06,2015-11-06,Core MA + ATR,0.0007717102675059187
2014-03 to 2016-06,2015-11-09,Core MA + ATR,0.0
2014-03 to 2016-06,2015-11-10,Core MA + ATR,0.0
2014-03 to 2016-06,2015-11-11,Core MA + ATR,-0.0018809149065800133
2014-03 to 2016-06,2015-11-12,Core MA + ATR,-0.00046460874402505156
2014-03 to 2016-06,2015-11-13,Core MA + ATR,0.0
2014-03 to 2016-06,2015-11-16,Core MA + ATR,0.0
2014-03 to 2016-06,2015-11-17,Core MA + ATR,0.0
2014-03 to 2016-06,2015-11-18,Core MA + ATR,0.0
2014-03 to 2016-06,2015-11-19,Core MA + ATR,0.0
2014-03 to 2016-06,2015-11-20,Core MA + ATR,0.0
2014-03 to 2016-06,2015-11-23,Core MA + ATR,0.0
2014-03 to 2016-06,2015-11-24,Core MA + ATR,0.0
2014-03 to 2016-06,2015-11-25,Core MA + ATR,0.0
2014-03 to 2016-06,2015-11-27,Core MA + ATR,0.0
2014-03 to 2016-06,2015-11-30,Core MA + ATR,0.0
2014-03 to 2016-06,2015-12-01,Core MA + ATR,0.0
2014-03 to 2016-06,2015-12-02,Core MA + ATR,0.0
2014-03 to 2016-06,2015-12-03,Core MA + ATR,0.0
2014-03 to 2016-06,2015-12-04,Core MA + ATR,-0.0037441132597003956
2014-03 to 2016-06,2015-12-07,Core MA + ATR,-0.0011126142629986758
2014-03 to 2016-06,2015-12-08,Core MA + ATR,-0.0029596208044452947
2014-03 to 2016-06,2015-12-09,Core MA + ATR,-0.0035537778265601326
2014-03 to 2016-06,2015-12-10,Core MA + ATR,0.002981110093188515
2014-03 to 2016-06,2015-12-11,Core MA + ATR,0.007310100399079588
2014-03 to 2016-06,2015-12-14,Core MA + ATR,0.0011888775725687317
2014-03 to 2016-06,2015-12-15,Core MA + ATR,-0.0038041168487900155
2014-03 to 2016-06,2015-12-16,Core MA + ATR,-0.0021899414523522728
2014-03 to 2016-06,2015-12-17,Core MA + ATR,0.001257239880363734
2014-03 to 2016-06,2015-12-18,Core MA + ATR,0.0047494593642807515
2014-03 to 2016-06,2015-12-21,Core MA + ATR,-0.002509227370546915
2014-03 to 2016-06,2015-12-22,Core MA + ATR,-0.00531761986551527
2014-03 to 2016-06,2015-12-23,Core MA + ATR,-0.0023659225062952097
2014-03 to 2016-06,2015-12-24,Core MA + ATR,-0.00197438507905861
2014-03 to 2016-06,2015-12-28,Core MA + ATR,0.00105898727271795
2014-03 to 2016-06,2015-12-29,Core MA + ATR,0.0002582460245154941
2014-03 to 2016-06,2015-12-30,Core MA + ATR,-0.0009084902543772672
2014-03 to 2016-06,2015-12-31,Core MA + ATR,-0.0019342762063227908
2014-03 to 2016-06,2016-01-04,Core MA + ATR,-0.0023330604613824683
2014-03 to 2016-06,2016-01-05,Core MA + ATR,-0.005695801714232159
2014-03 to 2016-06,2016-01-06,Core MA + ATR,0.00886181205727411
2014-03 to 2016-06,2016-01-07,Core MA + ATR,0.016791161176016086
2014-03 to 2016-06,2016-01-08,Core MA + ATR,0.011592485786916755
2014-03 to 2016-06,2016-01-11,Core MA + ATR,-0.008710308318140183
2014-03 to 2016-06,2016-01-12,Core MA + ATR,-0.009329384813662982
2014-03 to 2016-06,2016-01-13,Core MA + ATR,0.01618097682342728
2014-03 to 2016-06,2016-01-14,Core MA + ATR,-0.011679517756232131
2014-03 to 2016-06,2016-01-15,Core MA + ATR,0.01613891045670739
2014-03 to 2016-06,2016-01-19,Core MA + ATR,0.0021037033866333774
2014-03 to 2016-06,2016-01-20,Core MA + ATR,0.0075927275745401885
2014-03 to 2016-06,2016-01-21,Core MA + ATR,1.478253192423542e-05
2014-03 to 2016-06,2016-01-22,Core MA + ATR,-0.020608521609371336
2014-03 to 2016-06,2016-01-25,Core MA + ATR,0.009187316348573988
2014-03 to 2016-06,2016-01-26,Core MA + ATR,-0.011083323453261185
2014-03 to 2016-06,2016-01-27,Core MA + ATR,-0.0016209989864359345
2014-03 to 2016-06,2016-01-28,Core MA + ATR,-0.004152469840656767
2014-03 to 2016-06,2016-01-29,Core MA + ATR,-0.0040168122276323295
2014-03 to 2016-06,2016-02-01,Core MA + ATR,0.0013669440509914733
2014-03 to 2016-06,2016-02-02,Core MA + ATR,0.0
2014-03 to 2016-06,2016-02-03,Core MA + ATR,0.0023065008641593144
2014-03 to 2016-06,2016-02-04,Core MA + ATR,0.0006543681198486972
2014-03 to 2016-06,2016-02-05,Core MA + ATR,0.0014942908191573289
2014-03 to 2016-06,2016-02-08,Core MA + ATR,0.002507319463989155
2014-03 to 2016-06,2016-02-09,Core MA + ATR,-0.0024888995374334
2014-03 to 2016-06,2016-02-10,Core MA + ATR,0.01733488942468235
2014-03 to 2016-06,2016-02-11,Core MA + ATR,0.0031799661186335984
2014-03 to 2016-06,2016-02-12,Core MA + ATR,-0.015803104145702754
2014-03 to 2016-06,2016-02-16,Core MA + ATR,-0.003836652808214726
2014-03 to 2016-06,2016-02-17,Core MA + ATR,-0.003680125975535928
2014-03 to 2016-06,2016-02-18,Core MA + ATR,0.0014696501017048501
2014-03 to 2016-06,2016-02-19,Core MA + ATR,0.0034359149400695396
2014-03 to 2016-06,2016-02-22,Core MA + ATR,0.001489027714636857
2014-03 to 2016-06,2016-02-23,Core MA + ATR,0.001412898357181115
2014-03 to 2016-06,2016-02-24,Core MA + ATR,0.003974239452251388
2014-03 to 2016-06,2016-02-25,Core MA + ATR,0.0022305194999499636
2014-03 to 2016-06,2016-02-26,Core MA + ATR,-0.0009934744415627805
2014-03 to 2016-06,2016-02-29,Core MA + ATR,-0.0014125484904705526
2014-03 to 2016-06,2016-03-01,Core MA + ATR,0.0009617771238485154
2014-03 to 2016-06,2016-03-02,Core MA + ATR,0.0
2014-03 to 2016-06,2016-03-03,Core MA + ATR,0.0020576444223107428
2014-03 to 2016-06,2016-03-04,Core MA + ATR,0.0011008293514021585
2014-03 to 2016-06,2016-03-07,Core MA + ATR,0.0
2014-03 to 2016-06,2016-03-08,Core MA + ATR,0.0
2014-03 to 2016-06,2016-03-09,Core MA + ATR,0.0
2014-03 to 2016-06,2016-03-10,Core MA + ATR,0.0
2014-03 to 2016-06,2016-03-11,Core MA + ATR,0.0
2014-03 to 2016-06,2016-03-14,Core MA + ATR,0.0
2014-03 to 2016-06,2016-03-15,Core MA + ATR,0.0
2014-03 to 2016-06,2016-03-16,Core MA + ATR,0.0
2014-03 to 2016-06,2016-03-17,Core MA + ATR,0.0
2014-03 to 2016-06,2016-03-18,Core MA + ATR,0.0
2014-03 to 2016-06,2016-03-21,Core MA + ATR,0.0
2014-03 to 2016-06,2016-03-22,Core MA + ATR,0.0
2014-03 to 2016-06,2016-03-23,Core MA + ATR,0.0
2014-03 to 2016-06,2016-03-24,Core MA + ATR,0.0
2014-03 to 2016-06,2016-03-28,Core MA + ATR,0.0
2014-03 to 2016-06,2016-03-29,Core MA + ATR,0.0
2014-03 to 2016-06,2016-03-30,Core MA + ATR,0.0
2014-03 to 2016-06,2016-03-31,Core MA + ATR,0.0
2014-03 to 2016-06,2016-04-01,Core MA + ATR,0.0
2014-03 to 2016-06,2016-04-04,Core MA + ATR,0.0
2014-03 to 2016-06,2016-04-05,Core MA + ATR,0.0
2014-03 to 2016-06,2016-04-06,Core MA + ATR,0.0
2014-03 to 2016-06,2016-04-07,Core MA + ATR,0.0
2014-03 to 2016-06,2016-04-08,Core MA + ATR,0.0
2014-03 to 2016-06,2016-04-11,Core MA + ATR,0.0
2014-03 to 2016-06,2016-04-12,Core MA + ATR,0.0059298007246376995
2014-03 to 2016-06,2016-04-13,Core MA + ATR,-0.0009505703422053313
2014-03 to 2016-06,2016-04-14,Core MA + ATR,-0.002786485545106257
2014-03 to 2016-06,2016-04-15,Core MA + ATR,-0.0013003206270039286
2014-03 to 2016-06,2016-04-18,Core MA + ATR,0.0007019943840449183
2014-03 to 2016-06,2016-04-19,Core MA + ATR,0.003078685472900411
2014-03 to 2016-06,2016-04-20,Core MA + ATR,-0.0010720184648172724
2014-03 to 2016-06,2016-04-21,Core MA + ATR,0.0
2014-03 to 2016-06,2016-04-22,Core MA + ATR,0.0
2014-03 to 2016-06,2016-04-25,Core MA + ATR,0.0
2014-03 to 2016-06,2016-04-26,Core MA + ATR,0.0
2014-03 to 2016-06,2016-04-27,Core MA + ATR,0.0
2014-03 to 2016-06,2016-04-28,Core MA + ATR,6.540262522585654e-05
2014-03 to 2016-06,2016-04-29,Core MA + ATR,-0.0002186331288888954
2014-03 to 2016-06,2016-05-02,Core MA + ATR,0.0034489128164280625
2014-03 to 2016-06,2016-05-03,Core MA + ATR,-0.00012294221199680988
2014-03 to 2016-06,2016-05-04,Core MA + ATR,-0.0013940800883379088
2014-03 to 2016-06,2016-05-05,Core MA + ATR,0.00017096033126607146
2014-03 to 2016-06,2016-05-06,Core MA + ATR,-0.00032628438257673704
2014-03 to 2016-06,2016-05-09,Core MA + ATR,0.0006764283239062677
2014-03 to 2016-06,2016-05-10,Core MA + ATR,0.0016557849015001818
2014-03 to 2016-06,2016-05-11,Core MA + ATR,-0.0025898008493910776
2014-03 to 2016-06,2016-05-12,Core MA + ATR,0.0013047917903486208
2014-03 to 2016-06,2016-05-13,Core MA + ATR,0.0007160486214334782
2014-03 to 2016-06,2016-05-16,Core MA + ATR,0.002287560601808123
2014-03 to 2016-06,2016-05-17,Core MA + ATR,-0.0007340823755697596
2014-03 to 2016-06,2016-05-18,Core MA + ATR,-0.00149195198472242
2014-03 to 2016-06,2016-05-19,Core MA + ATR,-0.006236299586397484
2014-03 to 2016-06,2016-05-20,Core MA + ATR,0.000861436226143033
2014-03 to 2016-06,2016-05-23,Core MA + ATR,-0.0009234813996014041
2014-03 to 2016-06,2016-05-24,Core MA + ATR,0.000995405004271706
2014-03 to 2016-06,2016-05-25,Core MA + ATR,-0.0006732921616922452
2014-03 to 2016-06,2016-05-26,Core MA + ATR,-0.00010917030567687835
2014-03 to 2016-06,2016-05-27,Core MA + ATR,1.551573426572883e-05
2014-03 to 2016-06,2016-05-31,Core MA + ATR,0.0
2014-03 to 2016-06,2016-06-01,Core MA + ATR,0.0006495422407541731
2014-03 to 2016-06,2016-06-02,Core MA + ATR,0.00046856978085352274
2014-03 to 2016-06,2016-06-03,Core MA + ATR,-0.0007401159867853993
2014-03 to 2016-06,2016-06-06,Core MA + ATR,0.0
2014-03 to 2016-06,2016-06-07,Core MA + ATR,0.0
2014-03 to 2016-06,2016-06-08,Core MA + ATR,0.0
2014-03 to 2016-06,2016-06-09,Core MA + ATR,0.0
2014-03 to 2016-06,2016-06-10,Core MA + ATR,0.0
2014-03 to 2016-06,2016-06-13,Core MA + ATR,0.0
2014-03 to 2016-06,2016-06-14,Core MA + ATR,0.0
2014-03 to 2016-06,2016-06-15,Core MA + ATR,0.001740197322686291
2014-03 to 2016-06,2016-06-16,Core MA + ATR,-0.0018269824250348394
2014-03 to 2016-06,2016-06-17,Core MA + ATR,0.0017227326977580372
2014-03 to 2016-06,2016-06-20,Core MA + ATR,-0.005050525358375435
2014-03 to 2016-06,2016-06-21,Core MA + ATR,-0.0007171487311157596
2014-03 to 2016-06,2016-06-22,Core MA + ATR,0.0011692110360340417
2014-03 to 2016-06,2016-06-23,Core MA + ATR,-0.0012870093025521244
2014-03 to 2016-06,2016-06-24,Core MA + ATR,0.0
2014-03 to 2016-06,2016-06-27,Core MA + ATR,0.0039566531997833445
2014-03 to 2016-06,2016-06-28,Core MA + ATR,-0.008490899124908665
2014-03 to 2016-06,2016-06-29,Core MA + ATR,-0.009005044208672498
2014-03 to 2016-06,2016-06-30,Core MA + ATR,0.0012670408113511608
2014-03 to 2016-06,2016-07-01,Core MA + ATR,-0.0014295945108503683
2014-03 to 2016-06,2016-07-05,Core MA + ATR,-0.006270358981484574
2014-03 to 2016-06,2016-07-06,Core MA + ATR,0.0005398432539871906
2014-03 to 2016-06,2016-07-07,Core MA + ATR,-0.0025699305497719205
2014-03 to 2016-06,2016-07-08,Core MA + ATR,0.0032802811463873752
2014-03 to 2016-06,2016-07-11,Core MA + ATR,-0.001280564227471057
2014-03 to 2016-06,2016-07-12,Core MA + ATR,0.0016968221957067778
2014-03 to 2016-06,2016-07-13,Core MA + ATR,0.0024471084192881146
2014-03 to 2016-06,2016-07-14,Core MA + ATR,0.0019807051585519243
2014-03 to 2016-06,2016-07-15,Core MA + ATR,-9.375e-05
2014-03 to 2016-06,2016-07-18,Core MA + ATR,0.0
2014-03 to 2016-06,2016-07-19,Core MA + ATR,0.0
2014-03 to 2016-06,2016-07-20,Core MA + ATR,0.0
2014-03 to 2016-06,2016-07-21,Core MA + ATR,0.0
2014-03 to 2016-06,2016-07-22,Core MA + ATR,0.0
2014-03 to 2016-06,2016-07-25,Core MA + ATR,0.0
2014-03 to 2016-06,2016-07-26,Core MA + ATR,0.0
2014-03 to 2016-06,2016-07-27,Core MA + ATR,0.0
2014-03 to 2016-06,2016-07-28,Core MA + ATR,0.0
2014-03 to 2016-06,2016-07-29,Core MA + ATR,0.0
2014-03 to 2016-06,2016-08-01,Core MA + ATR,-0.0005161033696327054
2014-03 to 2016-06,2016-08-02,Core MA + ATR,-0.000362334815732146
2014-03 to 2016-06,2016-08-03,Core MA + ATR,-0.001347928730595463
2014-03 to 2016-06,2016-08-04,Core MA + ATR,0.0009411856381658034
2014-03 to 2016-06,2016-08-05,Core MA + ATR,-0.0012831549133523524
2014-03 to 2016-06,2016-08-08,Core MA + ATR,-0.0007021368980095544
2014-03 to 2016-06,2016-08-09,Core MA + ATR,-0.0002525677723522468
2014-03 to 2016-06,2016-08-10,Core MA + ATR,-0.0005694280411675384
2014-03 to 2016-06,2016-08-11,Core MA + ATR,0.0003764347098136071
2014-03 to 2016-06,2016-08-12,Core MA + ATR,0.0006205357142857229
2014-03 to 2016-06,2016-08-15,Core MA + ATR,0.0
2014-03 to 2016-06,2016-08-16,Core MA + ATR,0.0
2014-03 to 2016-06,2016-08-17,Core MA + ATR,0.0
2014-03 to 2016-06,2016-08-18,Core MA + ATR,0.0
2014-03 to 2016-06,2016-08-19,Core MA + ATR,0.0
2014-03 to 2016-06,2016-08-22,Core MA + ATR,0.0
2014-03 to 2016-06,2016-08-23,Core MA + ATR,0.0
2014-03 to 2016-06,2016-08-24,Core MA + ATR,0.0
2014-03 to 2016-06,2016-08-25,Core MA + ATR,0.0
2014-03 to 2016-06,2016-08-26,Core MA + ATR,0.0
2014-03 to 2016-06,2016-08-29,Core MA + ATR,0.0018257932471453
2014-03 to 2016-06,2016-08-30,Core MA + ATR,-1.6158221303019804e-05
2014-03 to 2016-06,2016-08-31,Core MA + ATR,-0.0003878474466709747
2014-03 to 2016-06,2016-09-01,Core MA + ATR,0.00024315912333033873
2014-03 to 2016-06,2016-09-02,Core MA + ATR,0.0009545689878332764
2014-03 to 2016-06,2016-09-06,Core MA + ATR,-6.422607578673856e-05
2014-03 to 2016-06,2016-09-07,Core MA + ATR,-2.7692150042245072e-05
2014-03 to 2016-06,2016-09-08,Core MA + ATR,-0.00039602534562210856
2014-03 to 2016-06,2016-09-09,Core MA + ATR,-0.0008341429500144346
2014-03 to 2016-06,2016-09-12,Core MA + ATR,-0.0016468679599784806
2014-03 to 2016-06,2016-09-13,Core MA + ATR,-0.0020866421988492687
2014-03 to 2016-06,2016-09-14,Core MA + ATR,0.0009577951731443692
2014-03 to 2016-06,2016-09-15,Core MA + ATR,-0.002284326715607265
2014-03 to 2016-06,2016-09-16,Core MA + ATR,0.0005666757279259331
2014-03 to 2016-06,2016-09-19,Core MA + ATR,-3.2382097139545068e-06
2014-03 to 2016-06,2016-09-20,Core MA + ATR,-0.0004816873386482541
2014-03 to 2016-06,2016-09-21,Core MA + ATR,0.0013174594956139136
2014-03 to 2016-06,2016-09-22,Core MA + ATR,0.0019465384297376667
2014-03 to 2016-06,2016-09-23,Core MA + ATR,-0.003999240496004138
2014-03 to 2016-06,2016-09-26,Core MA + ATR,-0.0017136223989966913
2014-03 to 2016-06,2016-09-27,Core MA + ATR,0.0017084945600347734
2014-03 to 2016-06,2016-09-28,Core MA + ATR,0.002413339104855222
2014-03 to 2016-06,2016-09-29,Core MA + ATR,-0.0044166028861848915
2014-03 to 2016-06,2016-09-30,Core MA + ATR,-0.0028187334304105374
2014-03 to 2016-06,2014-06-02,Enhanced short/order-book,0.0
2014-03 to 2016-06,2014-06-03,Enhanced short/order-book,0.0
2014-03 to 2016-06,2014-06-04,Enhanced short/order-book,0.0
2014-03 to 2016-06,2014-06-05,Enhanced short/order-book,0.0
2014-03 to 2016-06,2014-06-06,Enhanced short/order-book,0.0
2014-03 to 2016-06,2014-06-09,Enhanced short/order-book,0.0
2014-03 to 2016-06,2014-06-10,Enhanced short/order-book,0.0
2014-03 to 2016-06,2014-06-11,Enhanced short/order-book,0.0
2014-03 to 2016-06,2014-06-12,Enhanced short/order-book,0.0
2014-03 to 2016-06,2014-06-13,Enhanced short/order-book,0.0
2014-03 to 2016-06,2014-06-16,Enhanced short/order-book,0.000546770299566405
2014-03 to 2016-06,2014-06-17,Enhanced short/order-book,0.0
2014-03 to 2016-06,2014-06-18,Enhanced short/order-book,0.0005882352941176394
2014-03 to 2016-06,2014-06-19,Enhanced short/order-book,0.0013661202185792365
2014-03 to 2016-06,2014-06-20,Enhanced short/order-book,-0.0005791505791505613
2014-03 to 2016-06,2014-06-23,Enhanced short/order-book,-0.0007757951900698168
2014-03 to 2016-06,2014-06-24,Enhanced short/order-book,-0.0002401200234192039
2014-03 to 2016-06,2014-06-25,Enhanced short/order-book,0.0
2014-03 to 2016-06,2014-06-26,Enhanced short/order-book,0.0
2014-03 to 2016-06,2014-06-27,Enhanced short/order-book,0.0
2014-03 to 2016-06,2014-06-30,Enhanced short/order-book,0.0
2014-03 to 2016-06,2014-07-01,Enhanced short/order-book,0.0
2014-03 to 2016-06,2014-07-02,Enhanced short/order-book,0.0
2014-03 to 2016-06,2014-07-03,Enhanced short/order-book,0.0
2014-03 to 2016-06,2014-07-07,Enhanced short/order-book,0.0
2014-03 to 2016-06,2014-07-08,Enhanced short/order-book,0.0
2014-03 to 2016-06,2014-07-09,Enhanced short/order-book,0.0
2014-03 to 2016-06,2014-07-10,Enhanced short/order-book,0.0
2014-03 to 2016-06,2014-07-11,Enhanced short/order-book,0.0
2014-03 to 2016-06,2014-07-14,Enhanced short/order-book,0.0
2014-03 to 2016-06,2014-07-15,Enhanced short/order-book,0.0
2014-03 to 2016-06,2014-07-16,Enhanced short/order-book,0.0
2014-03 to 2016-06,2014-07-17,Enhanced short/order-book,0.0
2014-03 to 2016-06,2014-07-18,Enhanced short/order-book,0.0
2014-03 to 2016-06,2014-07-21,Enhanced short/order-book,0.0
2014-03 to 2016-06,2014-07-22,Enhanced short/order-book,0.0
2014-03 to 2016-06,2014-07-23,Enhanced short/order-book,0.0
2014-03 to 2016-06,2014-07-24,Enhanced short/order-book,0.0
2014-03 to 2016-06,2014-07-25,Enhanced short/order-book,0.0
2014-03 to 2016-06,2014-07-28,Enhanced short/order-book,-0.0001517939358063623
2014-03 to 2016-06,2014-07-29,Enhanced short/order-book,0.0019148441707241503
2014-03 to 2016-06,2014-07-30,Enhanced short/order-book,0.00033488290425384145
2014-03 to 2016-06,2014-07-31,Enhanced short/order-book,-0.0033880511244526582
2014-03 to 2016-06,2014-08-01,Enhanced short/order-book,0.002082486793986177
2014-03 to 2016-06,2014-08-04,Enhanced short/order-book,0.0007743804956034939
2014-03 to 2016-06,2014-08-05,Enhanced short/order-book,0.0031460614483387584
2014-03 to 2016-06,2014-08-06,Enhanced short/order-book,-0.00035313527174588586
2014-03 to 2016-06,2014-08-07,Enhanced short/order-book,0.0033843285699371234
2014-03 to 2016-06,2014-08-08,Enhanced short/order-book,-0.0005931939815622976
2014-03 to 2016-06,2014-08-11,Enhanced short/order-book,-0.0014098270724742568
2014-03 to 2016-06,2014-08-12,Enhanced short/order-book,0.0006998617966965972
2014-03 to 2016-06,2014-08-13,Enhanced short/order-book,0.0001758049892177962
2014-03 to 2016-06,2014-08-14,Enhanced short/order-book,0.0009667976282298521
2014-03 to 2016-06,2014-08-15,Enhanced short/order-book,0.0003824091778202865
2014-03 to 2016-06,2014-08-18,Enhanced short/order-book,-0.003110817859830719
2014-03 to 2016-06,2014-08-19,Enhanced short/order-book,0.0
2014-03 to 2016-06,2014-08-20,Enhanced short/order-book,0.0
2014-03 to 2016-06,2014-08-21,Enhanced short/order-book,0.0
2014-03 to 2016-06,2014-08-22,Enhanced short/order-book,0.0
2014-03 to 2016-06,2014-08-25,Enhanced short/order-book,0.0
2014-03 to 2016-06,2014-08-26,Enhanced short/order-book,0.00036607575024203223
2014-03 to 2016-06,2014-08-27,Enhanced short/order-book,-0.00032677873464262636
2014-03 to 2016-06,2014-08-28,Enhanced short/order-book,-0.0005415355648257756
2014-03 to 2016-06,2014-08-29,Enhanced short/order-book,-0.00014191955684006086
2014-03 to 2016-06,2014-09-02,Enhanced short/order-book,-0.0004339521772939412
2014-03 to 2016-06,2014-09-03,Enhanced short/order-book,0.0006859770955165747
2014-03 to 2016-06,2014-09-04,Enhanced short/order-book,0.0
2014-03 to 2016-06,2014-09-05,Enhanced short/order-book,0.0
2014-03 to 2016-06,2014-09-08,Enhanced short/order-book,0.0
2014-03 to 2016-06,2014-09-09,Enhanced short/order-book,-0.0008691842431761651
2014-03 to 2016-06,2014-09-10,Enhanced short/order-book,3.6295776113196785e-05
2014-03 to 2016-06,2014-09-11,Enhanced short/order-book,0.0
2014-03 to 2016-06,2014-09-12,Enhanced short/order-book,0.0
2014-03 to 2016-06,2014-09-15,Enhanced short/order-book,0.0
2014-03 to 2016-06,2014-09-16,Enhanced short/order-book,0.0
2014-03 to 2016-06,2014-09-17,Enhanced short/order-book,0.0
2014-03 to 2016-06,2014-09-18,Enhanced short/order-book,0.0
2014-03 to 2016-06,2014-09-19,Enhanced short/order-book,0.0
2014-03 to 2016-06,2014-09-22,Enhanced short/order-book,0.0
2014-03 to 2016-06,2014-09-23,Enhanced short/order-book,0.0
2014-03 to 2016-06,2014-09-24,Enhanced short/order-book,0.0
2014-03 to 2016-06,2014-09-25,Enhanced short/order-book,0.0
2014-03 to 2016-06,2014-09-26,Enhanced short/order-book,0.0
2014-03 to 2016-06,2014-09-29,Enhanced short/order-book,0.0
2014-03 to 2016-06,2014-09-30,Enhanced short/order-book,0.0
2014-03 to 2016-06,2014-10-01,Enhanced short/order-book,0.0
2014-03 to 2016-06,2014-10-02,Enhanced short/order-book,0.0
2014-03 to 2016-06,2014-10-03,Enhanced short/order-book,0.0007896422261484162
2014-03 to 2016-06,2014-10-06,Enhanced short/order-book,-0.00024366471734890705
2014-03 to 2016-06,2014-10-07,Enhanced short/order-book,-0.001757812500000011
2014-03 to 2016-06,2014-10-08,Enhanced short/order-book,-9.375e-05
2014-03 to 2016-06,2014-10-09,Enhanced short/order-book,0.0016585053711250532
2014-03 to 2016-06,2014-10-10,Enhanced short/order-book,0.0009352370326233657
2014-03 to 2016-06,2014-10-13,Enhanced short/order-book,0.00043409256518072494
2014-03 to 2016-06,2014-10-14,Enhanced short/order-book,-0.0006655602696523906
2014-03 to 2016-06,2014-10-15,Enhanced short/order-book,0.0017819507721054282
2014-03 to 2016-06,2014-10-16,Enhanced short/order-book,-0.0011828961220620273
2014-03 to 2016-06,2014-10-17,Enhanced short/order-book,-0.0036723818545936595
2014-03 to 2016-06,2014-10-20,Enhanced short/order-book,-0.0016571150384038433
2014-03 to 2016-06,2014-10-21,Enhanced short/order-book,0.0
2014-03 to 2016-06,2014-10-22,Enhanced short/order-book,-0.0007317554966627357
2014-03 to 2016-06,2014-10-23,Enhanced short/order-book,0.00044396211523284324
2014-03 to 2016-06,2014-10-24,Enhanced short/order-book,0.0005442249501216557
2014-03 to 2016-06,2014-10-27,Enhanced short/order-book,0.002030286067119417
2014-03 to 2016-06,2014-10-28,Enhanced short/order-book,-5.442002698327825e-05
2014-03 to 2016-06,2014-10-29,Enhanced short/order-book,-0.0023445016822110885
2014-03 to 2016-06,2014-10-30,Enhanced short/order-book,0.0005312982998454396
2014-03 to 2016-06,2014-10-31,Enhanced short/order-book,0.001387363599672304
2014-03 to 2016-06,2014-11-03,Enhanced short/order-book,0.0005908055974370754
2014-03 to 2016-06,2014-11-04,Enhanced short/order-book,0.00396266003375146
2014-03 to 2016-06,2014-11-05,Enhanced short/order-book,0.0008252519610407044
2014-03 to 2016-06,2014-11-06,Enhanced short/order-book,-0.00023606754983386546
2014-03 to 2016-06,2014-11-07,Enhanced short/order-book,-6.405352559763963e-05
2014-03 to 2016-06,2014-11-10,Enhanced short/order-book,0.0008609867467889478
2014-03 to 2016-06,2014-11-11,Enhanced short/order-book,-0.00011632540184215368
2014-03 to 2016-06,2014-11-12,Enhanced short/order-book,0.0
2014-03 to 2016-06,2014-11-13,Enhanced short/order-book,0.00041419237162909986
2014-03 to 2016-06,2014-11-14,Enhanced short/order-book,-0.0002777087932303127
2014-03 to 2016-06,2014-11-17,Enhanced short/order-book,0.0
2014-03 to 2016-06,2014-11-18,Enhanced short/order-book,0.0
2014-03 to 2016-06,2014-11-19,Enhanced short/order-book,0.0
2014-03 to 2016-06,2014-11-20,Enhanced short/order-book,0.0005085479985174093
2014-03 to 2016-06,2014-11-21,Enhanced short/order-book,0.0008745273884175655
2014-03 to 2016-06,2014-11-24,Enhanced short/order-book,0.0
2014-03 to 2016-06,2014-11-25,Enhanced short/order-book,0.0
2014-03 to 2016-06,2014-11-26,Enhanced short/order-book,0.0
2014-03 to 2016-06,2014-11-28,Enhanced short/order-book,0.0
2014-03 to 2016-06,2014-12-01,Enhanced short/order-book,0.0
2014-03 to 2016-06,2014-12-02,Enhanced short/order-book,0.0
2014-03 to 2016-06,2014-12-03,Enhanced short/order-book,0.0
2014-03 to 2016-06,2014-12-04,Enhanced short/order-book,0.0009106327611395107
2014-03 to 2016-06,2014-12-05,Enhanced short/order-book,6.929347826087695e-05
2014-03 to 2016-06,2014-12-08,Enhanced short/order-book,0.0
2014-03 to 2016-06,2014-12-09,Enhanced short/order-book,0.0008046072895277237
2014-03 to 2016-06,2014-12-10,Enhanced short/order-book,-0.007323223505594341
2014-03 to 2016-06,2014-12-11,Enhanced short/order-book,0.00018443991097922074
2014-03 to 2016-06,2014-12-12,Enhanced short/order-book,-0.00152634518259517
2014-03 to 2016-06,2014-12-15,Enhanced short/order-book,-0.0006095684319119657
2014-03 to 2016-06,2014-12-16,Enhanced short/order-book,0.0
2014-03 to 2016-06,2014-12-17,Enhanced short/order-book,0.0
2014-03 to 2016-06,2014-12-18,Enhanced short/order-book,0.0
2014-03 to 2016-06,2014-12-19,Enhanced short/order-book,0.0
2014-03 to 2016-06,2014-12-22,Enhanced short/order-book,0.0011490840823636175
2014-03 to 2016-06,2014-12-23,Enhanced short/order-book,0.0018596421862639712
2014-03 to 2016-06,2014-12-24,Enhanced short/order-book,-0.001302299464069897
2014-03 to 2016-06,2014-12-26,Enhanced short/order-book,0.0019828648348039282
2014-03 to 2016-06,2014-12-29,Enhanced short/order-book,-0.00024989110767527
2014-03 to 2016-06,2014-12-30,Enhanced short/order-book,0.00019568119002280615
2014-03 to 2016-06,2014-12-31,Enhanced short/order-book,-0.001415400835519661
2014-03 to 2016-06,2015-01-02,Enhanced short/order-book,0.0003162442118464262
2014-03 to 2016-06,2015-01-05,Enhanced short/order-book,-0.002411717481068852
2014-03 to 2016-06,2015-01-06,Enhanced short/order-book,-0.00014075355272998702
2014-03 to 2016-06,2015-01-07,Enhanced short/order-book,0.0
2014-03 to 2016-06,2015-01-08,Enhanced short/order-book,-0.0004920665352030638
2014-03 to 2016-06,2015-01-09,Enhanced short/order-book,-0.003156229382470356
2014-03 to 2016-06,2015-01-12,Enhanced short/order-book,0.0019896955991187937
2014-03 to 2016-06,2015-01-13,Enhanced short/order-book,0.0012425574917973039
2014-03 to 2016-06,2015-01-14,Enhanced short/order-book,0.0015116548153936375
2014-03 to 2016-06,2015-01-15,Enhanced short/order-book,0.0010812908223573003
2014-03 to 2016-06,2015-01-16,Enhanced short/order-book,0.0038802443538616615
2014-03 to 2016-06,2015-01-20,Enhanced short/order-book,-0.0029523422270783272
2014-03 to 2016-06,2015-01-21,Enhanced short/order-book,-0.002131293052121399
2014-03 to 2016-06,2015-01-22,Enhanced short/order-book,-0.0037998035148554864
2014-03 to 2016-06,2015-01-23,Enhanced short/order-book,-0.0015244141480424689
2014-03 to 2016-06,2015-01-26,Enhanced short/order-book,0.0035944170328354175
2014-03 to 2016-06,2015-01-27,Enhanced short/order-book,-0.001540947870861023
2014-03 to 2016-06,2015-01-28,Enhanced short/order-book,0.00022926047923082843
2014-03 to 2016-06,2015-01-29,Enhanced short/order-book,0.0005109692840003052
2014-03 to 2016-06,2015-01-30,Enhanced short/order-book,0.001361921087796356
2014-03 to 2016-06,2015-02-02,Enhanced short/order-book,-0.009078002621349971
2014-03 to 2016-06,2015-02-03,Enhanced short/order-book,-0.004566048630427417
2014-03 to 2016-06,2015-02-04,Enhanced short/order-book,0.001588610571501376
2014-03 to 2016-06,2015-02-05,Enhanced short/order-book,-0.00155057113523447
2014-03 to 2016-06,2015-02-06,Enhanced short/order-book,0.0009288692207948051
2014-03 to 2016-06,2015-02-09,Enhanced short/order-book,-0.0001179607301956368
2014-03 to 2016-06,2015-02-10,Enhanced short/order-book,0.00046320466873306734
2014-03 to 2016-06,2015-02-11,Enhanced short/order-book,-0.0014549932339146276
2014-03 to 2016-06,2015-02-12,Enhanced short/order-book,-0.0009147405502312153
2014-03 to 2016-06,2015-02-13,Enhanced short/order-book,0.0
2014-03 to 2016-06,2015-02-17,Enhanced short/order-book,0.0
2014-03 to 2016-06,2015-02-18,Enhanced short/order-book,0.0
2014-03 to 2016-06,2015-02-19,Enhanced short/order-book,0.0
2014-03 to 2016-06,2015-02-20,Enhanced short/order-book,0.0
2014-03 to 2016-06,2015-02-23,Enhanced short/order-book,0.0
2014-03 to 2016-06,2015-02-24,Enhanced short/order-book,0.0
2014-03 to 2016-06,2015-02-25,Enhanced short/order-book,0.0
2014-03 to 2016-06,2015-02-26,Enhanced short/order-book,0.0
2014-03 to 2016-06,2015-02-27,Enhanced short/order-book,0.0
2014-03 to 2016-06,2015-03-02,Enhanced short/order-book,0.0
2014-03 to 2016-06,2015-03-03,Enhanced short/order-book,0.0
2014-03 to 2016-06,2015-03-04,Enhanced short/order-book,0.0
2014-03 to 2016-06,2015-03-05,Enhanced short/order-book,0.0
2014-03 to 2016-06,2015-03-06,Enhanced short/order-book,0.0
2014-03 to 2016-06,2015-03-09,Enhanced short/order-book,0.0
2014-03 to 2016-06,2015-03-10,Enhanced short/order-book,0.0
2014-03 to 2016-06,2015-03-11,Enhanced short/order-book,0.001297552718200643
2014-03 to 2016-06,2015-03-12,Enhanced short/order-book,-0.000997148926654725
2014-03 to 2016-06,2015-03-13,Enhanced short/order-book,0.0
2014-03 to 2016-06,2015-03-16,Enhanced short/order-book,0.0
2014-03 to 2016-06,2015-03-17,Enhanced short/order-book,0.0007875237293483696
2014-03 to 2016-06,2015-03-18,Enhanced short/order-book,-0.0012119978058558489
2014-03 to 2016-06,2015-03-19,Enhanced short/order-book,-7.426323472086555e-05
2014-03 to 2016-06,2015-03-20,Enhanced short/order-book,0.0033027576440157725
2014-03 to 2016-06,2015-03-23,Enhanced short/order-book,-0.00034101482427977323
2014-03 to 2016-06,2015-03-24,Enhanced short/order-book,0.0
2014-03 to 2016-06,2015-03-25,Enhanced short/order-book,0.0
2014-03 to 2016-06,2015-03-26,Enhanced short/order-book,0.0
2014-03 to 2016-06,2015-03-27,Enhanced short/order-book,-0.0033007108931655837
2014-03 to 2016-06,2015-03-30,Enhanced short/order-book,-0.0025167861177858596
2014-03 to 2016-06,2015-03-31,Enhanced short/order-book,0.0
2014-03 to 2016-06,2015-04-01,Enhanced short/order-book,0.0
2014-03 to 2016-06,2015-04-02,Enhanced short/order-book,0.0
2014-03 to 2016-06,2015-04-06,Enhanced short/order-book,0.0
2014-03 to 2016-06,2015-04-07,Enhanced short/order-book,0.0
2014-03 to 2016-06,2015-04-08,Enhanced short/order-book,0.0
2014-03 to 2016-06,2015-04-09,Enhanced short/order-book,0.0
2014-03 to 2016-06,2015-04-10,Enhanced short/order-book,0.0
2014-03 to 2016-06,2015-04-13,Enhanced short/order-book,0.0
2014-03 to 2016-06,2015-04-14,Enhanced short/order-book,0.0
2014-03 to 2016-06,2015-04-15,Enhanced short/order-book,0.0
2014-03 to 2016-06,2015-04-16,Enhanced short/order-book,-0.000977370689655168
2014-03 to 2016-06,2015-04-17,Enhanced short/order-book,-0.0006363789286334373
2014-03 to 2016-06,2015-04-20,Enhanced short/order-book,0.0
2014-03 to 2016-06,2015-04-21,Enhanced short/order-book,-0.0017075456473625815
2014-03 to 2016-06,2015-04-22,Enhanced short/order-book,-0.00014046150971599647
2014-03 to 2016-06,2015-04-23,Enhanced short/order-book,0.0
2014-03 to 2016-06,2015-04-24,Enhanced short/order-book,0.0
2014-03 to 2016-06,2015-04-27,Enhanced short/order-book,0.0
2014-03 to 2016-06,2015-04-28,Enhanced short/order-book,0.0
2014-03 to 2016-06,2015-04-29,Enhanced short/order-book,0.0
2014-03 to 2016-06,2015-04-30,Enhanced short/order-book,0.0
2014-03 to 2016-06,2015-05-01,Enhanced short/order-book,0.0
2014-03 to 2016-06,2015-05-04,Enhanced short/order-book,0.0
2014-03 to 2016-06,2015-05-05,Enhanced short/order-book,0.0
2014-03 to 2016-06,2015-05-06,Enhanced short/order-book,0.0
2014-03 to 2016-06,2015-05-07,Enhanced short/order-book,0.0
2014-03 to 2016-06,2015-05-08,Enhanced short/order-book,0.00120883137330509
2014-03 to 2016-06,2015-05-11,Enhanced short/order-book,0.0011730258909344537
2014-03 to 2016-06,2015-05-12,Enhanced short/order-book,-0.0011890767668041786
2014-03 to 2016-06,2015-05-13,Enhanced short/order-book,-0.0005338602623746212
2014-03 to 2016-06,2015-05-14,Enhanced short/order-book,-0.0012224957880222266
2014-03 to 2016-06,2015-05-15,Enhanced short/order-book,-7.526981076285888e-05
2014-03 to 2016-06,2015-05-18,Enhanced short/order-book,0.0
2014-03 to 2016-06,2015-05-19,Enhanced short/order-book,0.0
2014-03 to 2016-06,2015-05-20,Enhanced short/order-book,0.0
2014-03 to 2016-06,2015-05-21,Enhanced short/order-book,0.0
2014-03 to 2016-06,2015-05-22,Enhanced short/order-book,0.0
2014-03 to 2016-06,2015-05-26,Enhanced short/order-book,0.0
2014-03 to 2016-06,2015-05-27,Enhanced short/order-book,0.0
2014-03 to 2016-06,2015-05-28,Enhanced short/order-book,0.0
2014-03 to 2016-06,2015-05-29,Enhanced short/order-book,0.0
2014-03 to 2016-06,2015-06-01,Enhanced short/order-book,0.0
2014-03 to 2016-06,2015-06-02,Enhanced short/order-book,0.0
2014-03 to 2016-06,2015-06-03,Enhanced short/order-book,0.0
2014-03 to 2016-06,2015-06-04,Enhanced short/order-book,0.0
2014-03 to 2016-06,2015-06-05,Enhanced short/order-book,7.165750915752239e-05
2014-03 to 2016-06,2015-06-08,Enhanced short/order-book,0.0003275306933076574
2014-03 to 2016-06,2015-06-09,Enhanced short/order-book,-0.0002832855220029392
2014-03 to 2016-06,2015-06-10,Enhanced short/order-book,-0.0035910887994784362
2014-03 to 2016-06,2015-06-11,Enhanced short/order-book,-0.001082145645864478
2014-03 to 2016-06,2015-06-12,Enhanced short/order-book,0.00048040913468661375
2014-03 to 2016-06,2015-06-15,Enhanced short/order-book,0.0
2014-03 to 2016-06,2015-06-16,Enhanced short/order-book,0.0
2014-03 to 2016-06,2015-06-17,Enhanced short/order-book,-0.0006829383929886737
2014-03 to 2016-06,2015-06-18,Enhanced short/order-book,0.0019239307384934234
2014-03 to 2016-06,2015-06-19,Enhanced short/order-book,-0.0006284215975930588
2014-03 to 2016-06,2015-06-22,Enhanced short/order-book,0.0005879275267538904
2014-03 to 2016-06,2015-06-23,Enhanced short/order-book,0.0008357224106046389
2014-03 to 2016-06,2015-06-24,Enhanced short/order-book,-0.0002333215747945699
2014-03 to 2016-06,2015-06-25,Enhanced short/order-book,0.0016191701339534604
2014-03 to 2016-06,2015-06-26,Enhanced short/order-book,-0.0015432363012021556
2014-03 to 2016-06,2015-06-29,Enhanced short/order-book,0.002188015396801296
2014-03 to 2016-06,2015-06-30,Enhanced short/order-book,0.0005873133397011681
2014-03 to 2016-06,2015-07-01,Enhanced short/order-book,-0.0023356281173785133
2014-03 to 2016-06,2015-07-02,Enhanced short/order-book,-0.0004453354281103391
2014-03 to 2016-06,2015-07-06,Enhanced short/order-book,0.0005291459267314723
2014-03 to 2016-06,2015-07-07,Enhanced short/order-book,0.0025486416464903443
2014-03 to 2016-06,2015-07-08,Enhanced short/order-book,-0.0010599233428251636
2014-03 to 2016-06,2015-07-09,Enhanced short/order-book,-0.0001755564058997307
2014-03 to 2016-06,2015-07-10,Enhanced short/order-book,0.00422225320921824
2014-03 to 2016-06,2015-07-13,Enhanced short/order-book,0.0024362398455534152
2014-03 to 2016-06,2015-07-14,Enhanced short/order-book,0.001696904727725882
2014-03 to 2016-06,2015-07-15,Enhanced short/order-book,0.0009551911942187255
2014-03 to 2016-06,2015-07-16,Enhanced short/order-book,0.0014424086011895244
2014-03 to 2016-06,2015-07-17,Enhanced short/order-book,0.0028132513228542495
2014-03 to 2016-06,2015-07-20,Enhanced short/order-book,-0.002936575410279351
2014-03 to 2016-06,2015-07-21,Enhanced short/order-book,0.00022047964234754016
2014-03 to 2016-06,2015-07-22,Enhanced short/order-book,0.0016973886339648448
2014-03 to 2016-06,2015-07-23,Enhanced short/order-book,0.0012736715220525662
2014-03 to 2016-06,2015-07-24,Enhanced short/order-book,0.001335792901856142
2014-03 to 2016-06,2015-07-27,Enhanced short/order-book,-0.0007064213374903189
2014-03 to 2016-06,2015-07-28,Enhanced short/order-book,0.0
2014-03 to 2016-06,2015-07-29,Enhanced short/order-book,0.0007023139415283909
2014-03 to 2016-06,2015-07-30,Enhanced short/order-book,0.0037478495753268497
2014-03 to 2016-06,2015-07-31,Enhanced short/order-book,-0.0010505344777546055
2014-03 to 2016-06,2015-08-03,Enhanced short/order-book,0.0032157651288062805
2014-03 to 2016-06,2015-08-04,Enhanced short/order-book,-0.0002614905728951511
2014-03 to 2016-06,2015-08-05,Enhanced short/order-book,0.0012731096100484507
2014-03 to 2016-06,2015-08-06,Enhanced short/order-book,-0.0006424602288062353
2014-03 to 2016-06,2015-08-07,Enhanced short/order-book,0.0005772006274600319
2014-03 to 2016-06,2015-08-10,Enhanced short/order-book,0.00063620068777576
2014-03 to 2016-06,2015-08-11,Enhanced short/order-book,0.0022067648005147968
2014-03 to 2016-06,2015-08-12,Enhanced short/order-book,0.0035074685603172138
2014-03 to 2016-06,2015-08-13,Enhanced short/order-book,0.002846723049697042
2014-03 to 2016-06,2015-08-14,Enhanced short/order-book,0.008148691471557746
2014-03 to 2016-06,2015-08-17,Enhanced short/order-book,0.0021400156433443707
2014-03 to 2016-06,2015-08-18,Enhanced short/order-book,-0.00017193648284389304
2014-03 to 2016-06,2015-08-19,Enhanced short/order-book,-0.001041325784037468
2014-03 to 2016-06,2015-08-20,Enhanced short/order-book,0.001002125895829984
2014-03 to 2016-06,2015-08-21,Enhanced short/order-book,0.004442269447381973
2014-03 to 2016-06,2015-08-24,Enhanced short/order-book,0.011680016898636337
2014-03 to 2016-06,2015-08-25,Enhanced short/order-book,0.005010202498547905
2014-03 to 2016-06,2015-08-26,Enhanced short/order-book,-0.003325860623923313
2014-03 to 2016-06,2015-08-27,Enhanced short/order-book,-0.013157129525999593
2014-03 to 2016-06,2015-08-28,Enhanced short/order-book,-0.0004931003164238587
2014-03 to 2016-06,2015-08-31,Enhanced short/order-book,0.0023503697947967485
2014-03 to 2016-06,2015-09-01,Enhanced short/order-book,0.0024177889894479387
2014-03 to 2016-06,2015-09-02,Enhanced short/order-book,-0.0013625634406720342
2014-03 to 2016-06,2015-09-03,Enhanced short/order-book,-0.00025598696450624054
2014-03 to 2016-06,2015-09-04,Enhanced short/order-book,0.0035010121438593567
2014-03 to 2016-06,2015-09-08,Enhanced short/order-book,-0.006410712422612156
2014-03 to 2016-06,2015-09-09,Enhanced short/order-book,0.00498904285968425
2014-03 to 2016-06,2015-09-10,Enhanced short/order-book,-0.0004795966156559355
2014-03 to 2016-06,2015-09-11,Enhanced short/order-book,-0.003834574700821751
2014-03 to 2016-06,2015-09-14,Enhanced short/order-book,-0.0002477237678760962
2014-03 to 2016-06,2015-09-15,Enhanced short/order-book,0.0021400963069869243
2014-03 to 2016-06,2015-09-16,Enhanced short/order-book,-0.0003263545350751574
2014-03 to 2016-06,2015-09-17,Enhanced short/order-book,0.0006229187294546115
2014-03 to 2016-06,2015-09-18,Enhanced short/order-book,-0.004083069630956667
2014-03 to 2016-06,2015-09-21,Enhanced short/order-book,0.00013916261718923794
2014-03 to 2016-06,2015-09-22,Enhanced short/order-book,0.005471625475426683
2014-03 to 2016-06,2015-09-23,Enhanced short/order-book,0.0007945680438264374
2014-03 to 2016-06,2015-09-24,Enhanced short/order-book,0.0018621164668674562
2014-03 to 2016-06,2015-09-25,Enhanced short/order-book,0.002731848392340691
2014-03 to 2016-06,2015-09-28,Enhanced short/order-book,0.0005094507747312023
2014-03 to 2016-06,2015-09-29,Enhanced short/order-book,-0.004507299487031146
2014-03 to 2016-06,2015-09-30,Enhanced short/order-book,-0.0052999705203719315
2014-03 to 2016-06,2015-10-01,Enhanced short/order-book,-0.004625986195886321
2014-03 to 2016-06,2015-10-02,Enhanced short/order-book,0.0035277368856182576
2014-03 to 2016-06,2015-10-05,Enhanced short/order-book,0.0011253401084551653
2014-03 to 2016-06,2015-10-06,Enhanced short/order-book,0.0010051937752148
2014-03 to 2016-06,2015-10-07,Enhanced short/order-book,0.000985484645271928
2014-03 to 2016-06,2015-10-08,Enhanced short/order-book,-0.0011147818524324322
2014-03 to 2016-06,2015-10-09,Enhanced short/order-book,-0.0017775609233406757
2014-03 to 2016-06,2015-10-12,Enhanced short/order-book,-0.00021722939424032028
2014-03 to 2016-06,2015-10-13,Enhanced short/order-book,-0.0003890745461328052
2014-03 to 2016-06,2015-10-14,Enhanced short/order-book,0.0
2014-03 to 2016-06,2015-10-15,Enhanced short/order-book,0.0
2014-03 to 2016-06,2015-10-16,Enhanced short/order-book,0.0
2014-03 to 2016-06,2015-10-19,Enhanced short/order-book,0.0007922284283513084
2014-03 to 2016-06,2015-10-20,Enhanced short/order-book,5.9248776009799496e-05
2014-03 to 2016-06,2015-10-21,Enhanced short/order-book,0.0
2014-03 to 2016-06,2015-10-22,Enhanced short/order-book,0.0008572352831129928
2014-03 to 2016-06,2015-10-23,Enhanced short/order-book,0.0016400544621859026
2014-03 to 2016-06,2015-10-26,Enhanced short/order-book,0.0002901649358582614
2014-03 to 2016-06,2015-10-27,Enhanced short/order-book,-0.0009774652608483918
2014-03 to 2016-06,2015-10-28,Enhanced short/order-book,0.0
2014-03 to 2016-06,2015-10-29,Enhanced short/order-book,0.002691997863141428
2014-03 to 2016-06,2015-10-30,Enhanced short/order-book,-0.0013740032203993884
2014-03 to 2016-06,2015-11-02,Enhanced short/order-book,-0.00020107245799092988
2014-03 to 2016-06,2015-11-03,Enhanced short/order-book,0.0012069154567453146
2014-03 to 2016-06,2015-11-04,Enhanced short/order-book,-0.0007332893299341162
2014-03 to 2016-06,2015-11-05,Enhanced short/order-book,-0.0006302534748017158
2014-03 to 2016-06,2015-11-06,Enhanced short/order-book,0.0
2014-03 to 2016-06,2015-11-09,Enhanced short/order-book,0.0
2014-03 to 2016-06,2015-11-10,Enhanced short/order-book,0.0
2014-03 to 2016-06,2015-11-11,Enhanced short/order-book,-0.0018809149065800133
2014-03 to 2016-06,2015-11-12,Enhanced short/order-book,-0.00046460874402505156
2014-03 to 2016-06,2015-11-13,Enhanced short/order-book,0.0
2014-03 to 2016-06,2015-11-16,Enhanced short/order-book,0.0
2014-03 to 2016-06,2015-11-17,Enhanced short/order-book,0.0
2014-03 to 2016-06,2015-11-18,Enhanced short/order-book,0.0
2014-03 to 2016-06,2015-11-19,Enhanced short/order-book,0.0
2014-03 to 2016-06,2015-11-20,Enhanced short/order-book,0.0
2014-03 to 2016-06,2015-11-23,Enhanced short/order-book,0.0
2014-03 to 2016-06,2015-11-24,Enhanced short/order-book,0.0
2014-03 to 2016-06,2015-11-25,Enhanced short/order-book,0.0
2014-03 to 2016-06,2015-11-27,Enhanced short/order-book,0.0
2014-03 to 2016-06,2015-11-30,Enhanced short/order-book,0.0
2014-03 to 2016-06,2015-12-01,Enhanced short/order-book,0.0
2014-03 to 2016-06,2015-12-02,Enhanced short/order-book,0.0
2014-03 to 2016-06,2015-12-03,Enhanced short/order-book,0.0
2014-03 to 2016-06,2015-12-04,Enhanced short/order-book,0.0
2014-03 to 2016-06,2015-12-07,Enhanced short/order-book,-0.00198361551187181
2014-03 to 2016-06,2015-12-08,Enhanced short/order-book,-0.001562892316943839
2014-03 to 2016-06,2015-12-09,Enhanced short/order-book,-0.001005432067007482
2014-03 to 2016-06,2015-12-10,Enhanced short/order-book,0.0027003002754434546
2014-03 to 2016-06,2015-12-11,Enhanced short/order-book,0.0038795391583464046
2014-03 to 2016-06,2015-12-14,Enhanced short/order-book,-0.0009474839638868937
2014-03 to 2016-06,2015-12-15,Enhanced short/order-book,-0.0024453864221570137
2014-03 to 2016-06,2015-12-16,Enhanced short/order-book,-0.001840265073142141
2014-03 to 2016-06,2015-12-17,Enhanced short/order-book,-0.002143899818640587
2014-03 to 2016-06,2015-12-18,Enhanced short/order-book,-0.0006148338544171814
2014-03 to 2016-06,2015-12-21,Enhanced short/order-book,0.0
2014-03 to 2016-06,2015-12-22,Enhanced short/order-book,-0.0020558399528136672
2014-03 to 2016-06,2015-12-23,Enhanced short/order-book,0.00011210026639476561
2014-03 to 2016-06,2015-12-24,Enhanced short/order-book,-0.00020038254425249957
2014-03 to 2016-06,2015-12-28,Enhanced short/order-book,0.0
2014-03 to 2016-06,2015-12-29,Enhanced short/order-book,0.0002582460245154941
2014-03 to 2016-06,2015-12-30,Enhanced short/order-book,-0.0009084902543772672
2014-03 to 2016-06,2015-12-31,Enhanced short/order-book,-0.0019342762063227908
2014-03 to 2016-06,2016-01-04,Enhanced short/order-book,-0.0023330604613824683
2014-03 to 2016-06,2016-01-05,Enhanced short/order-book,-0.0013293260733351672
2014-03 to 2016-06,2016-01-06,Enhanced short/order-book,0.0022488252543219137
2014-03 to 2016-06,2016-01-07,Enhanced short/order-book,0.00021805967159812883
2014-03 to 2016-06,2016-01-08,Enhanced short/order-book,0.0025432603916359297
2014-03 to 2016-06,2016-01-11,Enhanced short/order-book,-0.0008766902462923167
2014-03 to 2016-06,2016-01-12,Enhanced short/order-book,-0.004884534594963871
2014-03 to 2016-06,2016-01-13,Enhanced short/order-book,0.012080559106531616
2014-03 to 2016-06,2016-01-14,Enhanced short/order-book,-0.00831809392858878
2014-03 to 2016-06,2016-01-15,Enhanced short/order-book,0.015585340991879613
2014-03 to 2016-06,2016-01-19,Enhanced short/order-book,0.003006524686397531
2014-03 to 2016-06,2016-01-20,Enhanced short/order-book,0.007437037305118832
2014-03 to 2016-06,2016-01-21,Enhanced short/order-book,0.0008012456414191383
2014-03 to 2016-06,2016-01-22,Enhanced short/order-book,-0.0037374606326186937
2014-03 to 2016-06,2016-01-25,Enhanced short/order-book,0.001854336600483114
2014-03 to 2016-06,2016-01-26,Enhanced short/order-book,-0.005154972271699129
2014-03 to 2016-06,2016-01-27,Enhanced short/order-book,-0.005184811702718825
2014-03 to 2016-06,2016-01-28,Enhanced short/order-book,-0.0037362175537842997
2014-03 to 2016-06,2016-01-29,Enhanced short/order-book,0.0
2014-03 to 2016-06,2016-02-01,Enhanced short/order-book,0.0
2014-03 to 2016-06,2016-02-02,Enhanced short/order-book,0.0
2014-03 to 2016-06,2016-02-03,Enhanced short/order-book,0.0
2014-03 to 2016-06,2016-02-04,Enhanced short/order-book,0.0
2014-03 to 2016-06,2016-02-05,Enhanced short/order-book,0.0
2014-03 to 2016-06,2016-02-08,Enhanced short/order-book,0.0
2014-03 to 2016-06,2016-02-09,Enhanced short/order-book,-0.0021510351538981697
2014-03 to 2016-06,2016-02-10,Enhanced short/order-book,-0.0005055452283666884
2014-03 to 2016-06,2016-02-11,Enhanced short/order-book,0.004654016901925512
2014-03 to 2016-06,2016-02-12,Enhanced short/order-book,-0.011088546028855593
2014-03 to 2016-06,2016-02-16,Enhanced short/order-book,-0.001368447259400881
2014-03 to 2016-06,2016-02-17,Enhanced short/order-book,-0.002331588036449147
2014-03 to 2016-06,2016-02-18,Enhanced short/order-book,0.0014696501017048501
2014-03 to 2016-06,2016-02-19,Enhanced short/order-book,0.0034359149400695396
2014-03 to 2016-06,2016-02-22,Enhanced short/order-book,0.001489027714636857
2014-03 to 2016-06,2016-02-23,Enhanced short/order-book,0.0012909273043148358
2014-03 to 2016-06,2016-02-24,Enhanced short/order-book,0.0002967784296094233
2014-03 to 2016-06,2016-02-25,Enhanced short/order-book,0.0002008297329143851
2014-03 to 2016-06,2016-02-26,Enhanced short/order-book,0.0
2014-03 to 2016-06,2016-02-29,Enhanced short/order-book,0.0
2014-03 to 2016-06,2016-03-01,Enhanced short/order-book,0.0
2014-03 to 2016-06,2016-03-02,Enhanced short/order-book,0.0
2014-03 to 2016-06,2016-03-03,Enhanced short/order-book,0.0020576444223107428
2014-03 to 2016-06,2016-03-04,Enhanced short/order-book,0.0011008293514021585
2014-03 to 2016-06,2016-03-07,Enhanced short/order-book,0.0
2014-03 to 2016-06,2016-03-08,Enhanced short/order-book,0.0
2014-03 to 2016-06,2016-03-09,Enhanced short/order-book,0.0
2014-03 to 2016-06,2016-03-10,Enhanced short/order-book,0.0
2014-03 to 2016-06,2016-03-11,Enhanced short/order-book,0.0
2014-03 to 2016-06,2016-03-14,Enhanced short/order-book,0.0
2014-03 to 2016-06,2016-03-15,Enhanced short/order-book,0.0
2014-03 to 2016-06,2016-03-16,Enhanced short/order-book,0.0
2014-03 to 2016-06,2016-03-17,Enhanced short/order-book,0.0
2014-03 to 2016-06,2016-03-18,Enhanced short/order-book,0.0
2014-03 to 2016-06,2016-03-21,Enhanced short/order-book,0.0
2014-03 to 2016-06,2016-03-22,Enhanced short/order-book,0.0
2014-03 to 2016-06,2016-03-23,Enhanced short/order-book,0.0
2014-03 to 2016-06,2016-03-24,Enhanced short/order-book,0.0
2014-03 to 2016-06,2016-03-28,Enhanced short/order-book,0.0
2014-03 to 2016-06,2016-03-29,Enhanced short/order-book,0.0
2014-03 to 2016-06,2016-03-30,Enhanced short/order-book,0.0
2014-03 to 2016-06,2016-03-31,Enhanced short/order-book,0.0
2014-03 to 2016-06,2016-04-01,Enhanced short/order-book,0.0
2014-03 to 2016-06,2016-04-04,Enhanced short/order-book,0.0
2014-03 to 2016-06,2016-04-05,Enhanced short/order-book,0.0
2014-03 to 2016-06,2016-04-06,Enhanced short/order-book,0.0
2014-03 to 2016-06,2016-04-07,Enhanced short/order-book,0.0
2014-03 to 2016-06,2016-04-08,Enhanced short/order-book,0.0
2014-03 to 2016-06,2016-04-11,Enhanced short/order-book,0.0
2014-03 to 2016-06,2016-04-12,Enhanced short/order-book,0.0059298007246376995
2014-03 to 2016-06,2016-04-13,Enhanced short/order-book,-0.0009505703422053313
2014-03 to 2016-06,2016-04-14,Enhanced short/order-book,-0.002786485545106257
2014-03 to 2016-06,2016-04-15,Enhanced short/order-book,-0.0013003206270039286
2014-03 to 2016-06,2016-04-18,Enhanced short/order-book,0.0007019943840449183
2014-03 to 2016-06,2016-04-19,Enhanced short/order-book,4.944467315818124e-05
2014-03 to 2016-06,2016-04-20,Enhanced short/order-book,0.0
2014-03 to 2016-06,2016-04-21,Enhanced short/order-book,0.0
2014-03 to 2016-06,2016-04-22,Enhanced short/order-book,0.0
2014-03 to 2016-06,2016-04-25,Enhanced short/order-book,0.0
2014-03 to 2016-06,2016-04-26,Enhanced short/order-book,0.0
2014-03 to 2016-06,2016-04-27,Enhanced short/order-book,0.0
2014-03 to 2016-06,2016-04-28,Enhanced short/order-book,6.540262522585654e-05
2014-03 to 2016-06,2016-04-29,Enhanced short/order-book,-0.0002186331288888954
2014-03 to 2016-06,2016-05-02,Enhanced short/order-book,0.0034489128164280625
2014-03 to 2016-06,2016-05-03,Enhanced short/order-book,-0.00012294221199680988
2014-03 to 2016-06,2016-05-04,Enhanced short/order-book,-0.0013940800883379088
2014-03 to 2016-06,2016-05-05,Enhanced short/order-book,0.00017096033126607146
2014-03 to 2016-06,2016-05-06,Enhanced short/order-book,-0.00032628438257673704
2014-03 to 2016-06,2016-05-09,Enhanced short/order-book,0.0006764283239062677
2014-03 to 2016-06,2016-05-10,Enhanced short/order-book,0.001541053594496085
2014-03 to 2016-06,2016-05-11,Enhanced short/order-book,-0.0016314319931858346
2014-03 to 2016-06,2016-05-12,Enhanced short/order-book,0.0011793561698021683
2014-03 to 2016-06,2016-05-13,Enhanced short/order-book,0.000998149093380949
2014-03 to 2016-06,2016-05-16,Enhanced short/order-book,0.0020494638533379295
2014-03 to 2016-06,2016-05-17,Enhanced short/order-book,-0.0002552409474543965
2014-03 to 2016-06,2016-05-18,Enhanced short/order-book,-0.00149195198472242
2014-03 to 2016-06,2016-05-19,Enhanced short/order-book,-0.006236299586397484
2014-03 to 2016-06,2016-05-20,Enhanced short/order-book,0.000861436226143033
2014-03 to 2016-06,2016-05-23,Enhanced short/order-book,-0.0009234813996014041
2014-03 to 2016-06,2016-05-24,Enhanced short/order-book,0.000995405004271706
2014-03 to 2016-06,2016-05-25,Enhanced short/order-book,-0.0006732921616922452
2014-03 to 2016-06,2016-05-26,Enhanced short/order-book,-0.00010917030567687835
2014-03 to 2016-06,2016-05-27,Enhanced short/order-book,1.551573426572883e-05
2014-03 to 2016-06,2016-05-31,Enhanced short/order-book,0.0
2014-03 to 2016-06,2016-06-01,Enhanced short/order-book,0.0
2014-03 to 2016-06,2016-06-02,Enhanced short/order-book,0.0
2014-03 to 2016-06,2016-06-03,Enhanced short/order-book,0.0
2014-03 to 2016-06,2016-06-06,Enhanced short/order-book,0.0
2014-03 to 2016-06,2016-06-07,Enhanced short/order-book,0.0
2014-03 to 2016-06,2016-06-08,Enhanced short/order-book,0.0
2014-03 to 2016-06,2016-06-09,Enhanced short/order-book,0.0
2014-03 to 2016-06,2016-06-10,Enhanced short/order-book,0.0
2014-03 to 2016-06,2016-06-13,Enhanced short/order-book,0.0
2014-03 to 2016-06,2016-06-14,Enhanced short/order-book,0.0
2014-03 to 2016-06,2016-06-15,Enhanced short/order-book,0.001740197322686291
2014-03 to 2016-06,2016-06-16,Enhanced short/order-book,-0.0018269824250348394
2014-03 to 2016-06,2016-06-17,Enhanced short/order-book,0.0017227326977580372
2014-03 to 2016-06,2016-06-20,Enhanced short/order-book,-0.005050525358375435
2014-03 to 2016-06,2016-06-21,Enhanced short/order-book,-0.000625585419148726
2014-03 to 2016-06,2016-06-22,Enhanced short/order-book,0.0010394249216813605
2014-03 to 2016-06,2016-06-23,Enhanced short/order-book,0.0
2014-03 to 2016-06,2016-06-24,Enhanced short/order-book,0.0
2014-03 to 2016-06,2016-06-27,Enhanced short/order-book,0.0019495530241020421
2014-03 to 2016-06,2016-06-28,Enhanced short/order-book,-0.002975134254642903
2014-03 to 2016-06,2016-06-29,Enhanced short/order-book,-0.0032788577824400134
2014-03 to 2016-06,2016-06-30,Enhanced short/order-book,-0.000790364374332555
2014-03 to 2016-06,2016-07-01,Enhanced short/order-book,-0.0006969263759828426
2014-03 to 2016-06,2016-07-05,Enhanced short/order-book,-0.0035816922407833456
2014-03 to 2016-06,2016-07-06,Enhanced short/order-book,0.0012395004827666263
2014-03 to 2016-06,2016-07-07,Enhanced short/order-book,-0.002453527729497862
2014-03 to 2016-06,2016-07-08,Enhanced short/order-book,0.0039836129249577225
2014-03 to 2016-06,2016-07-11,Enhanced short/order-book,0.0006658272787318267
2014-03 to 2016-06,2016-07-12,Enhanced short/order-book,0.0005135241596638842
2014-03 to 2016-06,2016-07-13,Enhanced short/order-book,0.0002054634959534931
2014-03 to 2016-06,2016-07-14,Enhanced short/order-book,0.0012850309870366151
2014-03 to 2016-06,2016-07-15,Enhanced short/order-book,0.0
2014-03 to 2016-06,2016-07-18,Enhanced short/order-book,0.0
2014-03 to 2016-06,2016-07-19,Enhanced short/order-book,0.0
2014-03 to 2016-06,2016-07-20,Enhanced short/order-book,0.0
2014-03 to 2016-06,2016-07-21,Enhanced short/order-book,0.0
2014-03 to 2016-06,2016-07-22,Enhanced short/order-book,0.0
2014-03 to 2016-06,2016-07-25,Enhanced short/order-book,0.0
2014-03 to 2016-06,2016-07-26,Enhanced short/order-book,0.0
2014-03 to 2016-06,2016-07-27,Enhanced short/order-book,0.0
2014-03 to 2016-06,2016-07-28,Enhanced short/order-book,0.0
2014-03 to 2016-06,2016-07-29,Enhanced short/order-book,0.0
2014-03 to 2016-06,2016-08-01,Enhanced short/order-book,0.0
2014-03 to 2016-06,2016-08-02,Enhanced short/order-book,0.0
2014-03 to 2016-06,2016-08-03,Enhanced short/order-book,0.0
2014-03 to 2016-06,2016-08-04,Enhanced short/order-book,0.0
2014-03 to 2016-06,2016-08-05,Enhanced short/order-book,0.0
2014-03 to 2016-06,2016-08-08,Enhanced short/order-book,-0.00017788259296650988
2014-03 to 2016-06,2016-08-09,Enhanced short/order-book,-0.0002525677723522468
2014-03 to 2016-06,2016-08-10,Enhanced short/order-book,-0.0005694280411675384
2014-03 to 2016-06,2016-08-11,Enhanced short/order-book,0.0003299788135593154
2014-03 to 2016-06,2016-08-12,Enhanced short/order-book,0.0
2014-03 to 2016-06,2016-08-15,Enhanced short/order-book,0.0
2014-03 to 2016-06,2016-08-16,Enhanced short/order-book,0.0
2014-03 to 2016-06,2016-08-17,Enhanced short/order-book,0.0
2014-03 to 2016-06,2016-08-18,Enhanced short/order-book,0.0
2014-03 to 2016-06,2016-08-19,Enhanced short/order-book,0.0
2014-03 to 2016-06,2016-08-22,Enhanced short/order-book,0.0
2014-03 to 2016-06,2016-08-23,Enhanced short/order-book,0.0
2014-03 to 2016-06,2016-08-24,Enhanced short/order-book,0.0
2014-03 to 2016-06,2016-08-25,Enhanced short/order-book,0.0
2014-03 to 2016-06,2016-08-26,Enhanced short/order-book,0.0
2014-03 to 2016-06,2016-08-29,Enhanced short/order-book,0.0018257932471453
2014-03 to 2016-06,2016-08-30,Enhanced short/order-book,-1.6158221303019804e-05
2014-03 to 2016-06,2016-08-31,Enhanced short/order-book,-0.0003878474466709747
2014-03 to 2016-06,2016-09-01,Enhanced short/order-book,0.00024315912333033873
2014-03 to 2016-06,2016-09-02,Enhanced short/order-book,0.0009545689878332764
2014-03 to 2016-06,2016-09-06,Enhanced short/order-book,-6.422607578673856e-05
2014-03 to 2016-06,2016-09-07,Enhanced short/order-book,-2.7692150042245072e-05
2014-03 to 2016-06,2016-09-08,Enhanced short/order-book,-0.00039602534562210856
2014-03 to 2016-06,2016-09-09,Enhanced short/order-book,-0.0008341429500144346
2014-03 to 2016-06,2016-09-12,Enhanced short/order-book,0.0002733571953010308
2014-03 to 2016-06,2016-09-13,Enhanced short/order-book,-0.0038675584874051303
2014-03 to 2016-06,2016-09-14,Enhanced short/order-book,-0.00015026633322029115
2014-03 to 2016-06,2016-09-15,Enhanced short/order-book,0.0
2014-03 to 2016-06,2016-09-16,Enhanced short/order-book,0.0
2014-03 to 2016-06,2016-09-19,Enhanced short/order-book,0.0
2014-03 to 2016-06,2016-09-20,Enhanced short/order-book,0.0
2014-03 to 2016-06,2016-09-21,Enhanced short/order-book,0.003481646230537934
2014-03 to 2016-06,2016-09-22,Enhanced short/order-book,0.0027022018347890864
2014-03 to 2016-06,2016-09-23,Enhanced short/order-book,-0.003999240496004138
2014-03 to 2016-06,2016-09-26,Enhanced short/order-book,-0.0017136223989966913
2014-03 to 2016-06,2016-09-27,Enhanced short/order-book,0.0017084945600347734
2014-03 to 2016-06,2016-09-28,Enhanced short/order-book,0.002413339104855222
2014-03 to 2016-06,2016-09-29,Enhanced short/order-book,-0.0044166028861848915
2014-03 to 2016-06,2016-09-30,Enhanced short/order-book,-0.005155687529800055
2014-03 to 2016-06,2014-06-02,Passive insurance basket,0.0008874456120018248
2014-03 to 2016-06,2014-06-03,Passive insurance basket,0.000613156291072503
2014-03 to 2016-06,2014-06-04,Passive insurance basket,0.004205004639023846
2014-03 to 2016-06,2014-06-05,Passive insurance basket,0.00413762916334437
2014-03 to 2016-06,2014-06-06,Passive insurance basket,0.00499420132172812
2014-03 to 2016-06,2014-06-09,Passive insurance basket,-0.0013283928848143445
2014-03 to 2016-06,2014-06-10,Passive insurance basket,-0.002071341855962472
2014-03 to 2016-06,2014-06-11,Passive insurance basket,-0.003476480298189144
2014-03 to 2016-06,2014-06-12,Passive insurance basket,-0.003459486335216755
2014-03 to 2016-06,2014-06-13,Passive insurance basket,0.0003805552814790669
2014-03 to 2016-06,2014-06-16,Passive insurance basket,-0.002175183505009115
2014-03 to 2016-06,2014-06-17,Passive insurance basket,0.0035676440369898366
2014-03 to 2016-06,2014-06-18,Passive insurance basket,0.00351858135039973
2014-03 to 2016-06,2014-06-19,Passive insurance basket,0.0017627472501400288
2014-03 to 2016-06,2014-06-20,Passive insurance basket,-0.0008545486924971257
2014-03 to 2016-06,2014-06-23,Passive insurance basket,0.0003386293793810058
2014-03 to 2016-06,2014-06-24,Passive insurance basket,-0.007126627489227544
2014-03 to 2016-06,2014-06-25,Passive insurance basket,-0.0025651539100851606
2014-03 to 2016-06,2014-06-26,Passive insurance basket,-0.0013057244798279077
2014-03 to 2016-06,2014-06-27,Passive insurance basket,-0.0019157868871539918
2014-03 to 2016-06,2014-06-30,Passive insurance basket,0.000884256067401834
2014-03 to 2016-06,2014-07-01,Passive insurance basket,0.010100496902083478
2014-03 to 2016-06,2014-07-02,Passive insurance basket,-0.007146186918442821
2014-03 to 2016-06,2014-07-03,Passive insurance basket,0.006158173212813756
2014-03 to 2016-06,2014-07-07,Passive insurance basket,-0.0031801541579536963
2014-03 to 2016-06,2014-07-08,Passive insurance basket,-0.0034637788775586653
2014-03 to 2016-06,2014-07-09,Passive insurance basket,-0.002117388081009808
2014-03 to 2016-06,2014-07-10,Passive insurance basket,-0.00991441143988081
2014-03 to 2016-06,2014-07-11,Passive insurance basket,0.001203954043485167
2014-03 to 2016-06,2014-07-14,Passive insurance basket,0.003463059002412283
2014-03 to 2016-06,2014-07-15,Passive insurance basket,-0.0007307278438154485
2014-03 to 2016-06,2014-07-16,Passive insurance basket,-0.0016627933058731559
2014-03 to 2016-06,2014-07-17,Passive insurance basket,-0.008585521093375292
2014-03 to 2016-06,2014-07-18,Passive insurance basket,0.008773954471032352
2014-03 to 2016-06,2014-07-21,Passive insurance basket,0.0007144362993962705
2014-03 to 2016-06,2014-07-22,Passive insurance basket,-0.0037550289066556886
2014-03 to 2016-06,2014-07-23,Passive insurance basket,0.0043752781799830665
2014-03 to 2016-06,2014-07-24,Passive insurance basket,0.0018819974184636212
2014-03 to 2016-06,2014-07-25,Passive insurance basket,-0.007516814997698074
2014-03 to 2016-06,2014-07-28,Passive insurance basket,0.004435698576618519
2014-03 to 2016-06,2014-07-29,Passive insurance basket,-0.008507663796702425
2014-03 to 2016-06,2014-07-30,Passive insurance basket,-0.008660876316400334
2014-03 to 2016-06,2014-07-31,Passive insurance basket,-0.007539679500775498
2014-03 to 2016-06,2014-08-01,Passive insurance basket,0.0011118154569240701
2014-03 to 2016-06,2014-08-04,Passive insurance basket,0.009674857134063464
2014-03 to 2016-06,2014-08-05,Passive insurance basket,-0.004584260464824075
2014-03 to 2016-06,2014-08-06,Passive insurance basket,0.005045680048111789
2014-03 to 2016-06,2014-08-07,Passive insurance basket,-0.005596622361015102
2014-03 to 2016-06,2014-08-08,Passive insurance basket,0.01086360810979281
2014-03 to 2016-06,2014-08-11,Passive insurance basket,0.003905848077750962
2014-03 to 2016-06,2014-08-12,Passive insurance basket,0.005224045172229852
2014-03 to 2016-06,2014-08-13,Passive insurance basket,0.007283187650029221
2014-03 to 2016-06,2014-08-14,Passive insurance basket,0.008301303149303996
2014-03 to 2016-06,2014-08-15,Passive insurance basket,-0.0015830126498052044
2014-03 to 2016-06,2014-08-18,Passive insurance basket,0.004198520022507424
2014-03 to 2016-06,2014-08-19,Passive insurance basket,-0.0012971522963367565
2014-03 to 2016-06,2014-08-20,Passive insurance basket,0.0034749428125666615
2014-03 to 2016-06,2014-08-21,Passive insurance basket,0.005675796575642211
2014-03 to 2016-06,2014-08-22,Passive insurance basket,-0.003672796288029301
2014-03 to 2016-06,2014-08-25,Passive insurance basket,0.00883705609431118
2014-03 to 2016-06,2014-08-26,Passive insurance basket,0.001074489463806172
2014-03 to 2016-06,2014-08-27,Passive insurance basket,0.0011553334379572622
2014-03 to 2016-06,2014-08-28,Passive insurance basket,-0.004042758718772244
2014-03 to 2016-06,2014-08-29,Passive insurance basket,0.0022859191220792052
2014-03 to 2016-06,2014-09-02,Passive insurance basket,0.0036577533741242174
2014-03 to 2016-06,2014-09-03,Passive insurance basket,-0.002468662124889831
2014-03 to 2016-06,2014-09-04,Passive insurance basket,-0.005050475239949281
2014-03 to 2016-06,2014-09-05,Passive insurance basket,0.0032709516228572877
2014-03 to 2016-06,2014-09-08,Passive insurance basket,-0.0003112981620190247
2014-03 to 2016-06,2014-09-09,Passive insurance basket,-0.011788530044622325
2014-03 to 2016-06,2014-09-10,Passive insurance basket,0.001991939872919346
2014-03 to 2016-06,2014-09-11,Passive insurance basket,-0.00045073193815847734
2014-03 to 2016-06,2014-09-12,Passive insurance basket,-0.0033956448736292
2014-03 to 2016-06,2014-09-15,Passive insurance basket,0.005555771887401084
2014-03 to 2016-06,2014-09-16,Passive insurance basket,0.0017110163902787079
2014-03 to 2016-06,2014-09-17,Passive insurance basket,0.0023169009917807237
2014-03 to 2016-06,2014-09-18,Passive insurance basket,0.006874963155152125
2014-03 to 2016-06,2014-09-19,Passive insurance basket,-0.003040887093961442
2014-03 to 2016-06,2014-09-22,Passive insurance basket,-0.006912073728786106
2014-03 to 2016-06,2014-09-23,Passive insurance basket,-0.009952292663996887
2014-03 to 2016-06,2014-09-24,Passive insurance basket,0.010413319313018032
2014-03 to 2016-06,2014-09-25,Passive insurance basket,-0.012163377875294423
2014-03 to 2016-06,2014-09-26,Passive insurance basket,0.009880829115375356
2014-03 to 2016-06,2014-09-29,Passive insurance basket,-0.004260094632700606
2014-03 to 2016-06,2014-09-30,Passive insurance basket,-0.0030489224361128775
2014-03 to 2016-06,2014-10-01,Passive insurance basket,-0.01231623179826058
2014-03 to 2016-06,2014-10-02,Passive insurance basket,0.0037969393058456813
2014-03 to 2016-06,2014-10-03,Passive insurance basket,0.012376889338357566
2014-03 to 2016-06,2014-10-06,Passive insurance basket,-0.004579998118127593
2014-03 to 2016-06,2014-10-07,Passive insurance basket,-0.016396611085909618
2014-03 to 2016-06,2014-10-08,Passive insurance basket,0.018225611501856642
2014-03 to 2016-06,2014-10-09,Passive insurance basket,-0.01582578900485576
2014-03 to 2016-06,2014-10-10,Passive insurance basket,-0.007286070795807342
2014-03 to 2016-06,2014-10-13,Passive insurance basket,-0.006913346044149282
2014-03 to 2016-06,2014-10-14,Passive insurance basket,0.006711275865882271
2014-03 to 2016-06,2014-10-15,Passive insurance basket,-0.010063439834495091
2014-03 to 2016-06,2014-10-16,Passive insurance basket,0.0007586702134037004
2014-03 to 2016-06,2014-10-17,Passive insurance basket,0.0124153474523645
2014-03 to 2016-06,2014-10-20,Passive insurance basket,0.004443168410098064
2014-03 to 2016-06,2014-10-21,Passive insurance basket,0.020191431440187646
2014-03 to 2016-06,2014-10-22,Passive insurance basket,-0.0026112094476196113
2014-03 to 2016-06,2014-10-23,Passive insurance basket,0.0013028310640939011
2014-03 to 2016-06,2014-10-24,Passive insurance basket,0.011620010992822838
2014-03 to 2016-06,2014-10-27,Passive insurance basket,0.004080392848886172
2014-03 to 2016-06,2014-10-28,Passive insurance basket,0.011584746602630647
2014-03 to 2016-06,2014-10-29,Passive insurance basket,-0.0004197061908373101
2014-03 to 2016-06,2014-10-30,Passive insurance basket,0.009760694477978893
2014-03 to 2016-06,2014-10-31,Passive insurance basket,0.012560266099741924
2014-03 to 2016-06,2014-11-03,Passive insurance basket,0.003331185344644494
2014-03 to 2016-06,2014-11-04,Passive insurance basket,0.005645457123126585
2014-03 to 2016-06,2014-11-05,Passive insurance basket,0.003958403613115058
2014-03 to 2016-06,2014-11-06,Passive insurance basket,0.0006832997361316817
2014-03 to 2016-06,2014-11-07,Passive insurance basket,0.000871975852179574
2014-03 to 2016-06,2014-11-10,Passive insurance basket,0.0018768314674664222
2014-03 to 2016-06,2014-11-11,Passive insurance basket,-0.0018740630340174924
2014-03 to 2016-06,2014-11-12,Passive insurance basket,0.003306674839175683
2014-03 to 2016-06,2014-11-13,Passive insurance basket,-0.0016506953181373296
2014-03 to 2016-06,2014-11-14,Passive insurance basket,-0.006777293908784454
2014-03 to 2016-06,2014-11-17,Passive insurance basket,0.0021771628328028925
2014-03 to 2016-06,2014-11-18,Passive insurance basket,0.0028402562115099617
2014-03 to 2016-06,2014-11-19,Passive insurance basket,0.0005233450375732307
2014-03 to 2016-06,2014-11-20,Passive insurance basket,0.004239686460617342
2014-03 to 2016-06,2014-11-21,Passive insurance basket,0.00896741015427005
2014-03 to 2016-06,2014-11-24,Passive insurance basket,0.0037092659148483254
2014-03 to 2016-06,2014-11-25,Passive insurance basket,-0.005207361990495651
2014-03 to 2016-06,2014-11-26,Passive insurance basket,0.0016989361627355315
2014-03 to 2016-06,2014-11-28,Passive insurance basket,-0.0007989538689223696
2014-03 to 2016-06,2014-12-01,Passive insurance basket,-0.004395990619374013
2014-03 to 2016-06,2014-12-02,Passive insurance basket,0.010279722782086553
2014-03 to 2016-06,2014-12-03,Passive insurance basket,0.002609597075947212
2014-03 to 2016-06,2014-12-04,Passive insurance basket,0.0005977345516825494
2014-03 to 2016-06,2014-12-05,Passive insurance basket,0.002549902646390878
2014-03 to 2016-06,2014-12-08,Passive insurance basket,0.01126813353027667
2014-03 to 2016-06,2014-12-09,Passive insurance basket,-0.005204896879553944
2014-03 to 2016-06,2014-12-10,Passive insurance basket,-0.01889550620549285
2014-03 to 2016-06,2014-12-11,Passive insurance basket,0.001176449968381954
2014-03 to 2016-06,2014-12-12,Passive insurance basket,-0.022549912009029893
2014-03 to 2016-06,2014-12-15,Passive insurance basket,-0.007254953484674531
2014-03 to 2016-06,2014-12-16,Passive insurance basket,-0.005783745464356227
2014-03 to 2016-06,2014-12-17,Passive insurance basket,0.019733895627086717
2014-03 to 2016-06,2014-12-18,Passive insurance basket,0.02045362418414487
2014-03 to 2016-06,2014-12-19,Passive insurance basket,-0.0008626537871114781
2014-03 to 2016-06,2014-12-22,Passive insurance basket,0.0040983906280640525
2014-03 to 2016-06,2014-12-23,Passive insurance basket,0.006787208032790648
2014-03 to 2016-06,2014-12-24,Passive insurance basket,-0.0009163448491035231
2014-03 to 2016-06,2014-12-26,Passive insurance basket,0.004023735213281032
2014-03 to 2016-06,2014-12-29,Passive insurance basket,0.0023056003260393254
2014-03 to 2016-06,2014-12-30,Passive insurance basket,-0.0001058908966850014
2014-03 to 2016-06,2014-12-31,Passive insurance basket,-0.008889682660417564
2014-03 to 2016-06,2015-01-02,Passive insurance basket,-0.003100089409626916
2014-03 to 2016-06,2015-01-05,Passive insurance basket,-0.019875514327438615
2014-03 to 2016-06,2015-01-06,Passive insurance basket,-0.010328352385403194
2014-03 to 2016-06,2015-01-07,Passive insurance basket,0.014035665783403317
2014-03 to 2016-06,2015-01-08,Passive insurance basket,0.013138201720202858
2014-03 to 2016-06,2015-01-09,Passive insurance basket,-0.011554882401543787
2014-03 to 2016-06,2015-01-12,Passive insurance basket,-0.0095823221511524
2014-03 to 2016-06,2015-01-13,Passive insurance basket,0.002702432362464924
2014-03 to 2016-06,2015-01-14,Passive insurance basket,-0.015495010911108498
2014-03 to 2016-06,2015-01-15,Passive insurance basket,-0.0016735670358414279
2014-03 to 2016-06,2015-01-16,Passive insurance basket,0.011637040018449563
2014-03 to 2016-06,2015-01-20,Passive insurance basket,-0.006734661351528115
2014-03 to 2016-06,2015-01-21,Passive insurance basket,-0.0003333987756896084
2014-03 to 2016-06,2015-01-22,Passive insurance basket,0.021499134149933985
2014-03 to 2016-06,2015-01-23,Passive insurance basket,-0.008073577661622422
2014-03 to 2016-06,2015-01-26,Passive insurance basket,0.007434384823923557
2014-03 to 2016-06,2015-01-27,Passive insurance basket,-0.005950954105064743
2014-03 to 2016-06,2015-01-28,Passive insurance basket,-0.017387977709054536
2014-03 to 2016-06,2015-01-29,Passive insurance basket,0.00642651153866991
2014-03 to 2016-06,2015-01-30,Passive insurance basket,-0.018242271369526608
2014-03 to 2016-06,2015-02-02,Passive insurance basket,0.01779097101600513
2014-03 to 2016-06,2015-02-03,Passive insurance basket,0.014307352157730824
2014-03 to 2016-06,2015-02-04,Passive insurance basket,0.004398075226852649
2014-03 to 2016-06,2015-02-05,Passive insurance basket,0.003110181057882855
2014-03 to 2016-06,2015-02-06,Passive insurance basket,-0.0021399896530066576
2014-03 to 2016-06,2015-02-09,Passive insurance basket,-0.009629976656063022
2014-03 to 2016-06,2015-02-10,Passive insurance basket,-0.010848820113444568
2014-03 to 2016-06,2015-02-11,Passive insurance basket,0.005159621572512041
2014-03 to 2016-06,2015-02-12,Passive insurance basket,0.007873642395630043
2014-03 to 2016-06,2015-02-13,Passive insurance basket,-0.0036769993656710076
2014-03 to 2016-06,2015-02-17,Passive insurance basket,0.0015517798391304627
2014-03 to 2016-06,2015-02-18,Passive insurance basket,-0.006538691045829381
2014-03 to 2016-06,2015-02-19,Passive insurance basket,0.0017132625068503327
2014-03 to 2016-06,2015-02-20,Passive insurance basket,0.00224747968218586
2014-03 to 2016-06,2015-02-23,Passive insurance basket,-0.0035815731829740294
2014-03 to 2016-06,2015-02-24,Passive insurance basket,0.00536649708191983
2014-03 to 2016-06,2015-02-25,Passive insurance basket,-0.0021774677454949876
2014-03 to 2016-06,2015-02-26,Passive insurance basket,0.0005138968418976209
2014-03 to 2016-06,2015-02-27,Passive insurance basket,-0.0030562659965380767
2014-03 to 2016-06,2015-03-02,Passive insurance basket,0.006580822282253429
2014-03 to 2016-06,2015-03-03,Passive insurance basket,0.00025937067172754347
2014-03 to 2016-06,2015-03-04,Passive insurance basket,-0.010253624275444517
2014-03 to 2016-06,2015-03-05,Passive insurance basket,0.0061658099838275415
2014-03 to 2016-06,2015-03-06,Passive insurance basket,-0.006405652452454835
2014-03 to 2016-06,2015-03-09,Passive insurance basket,0.004713591971800879
2014-03 to 2016-06,2015-03-10,Passive insurance basket,-0.01900904302646933
2014-03 to 2016-06,2015-03-11,Passive insurance basket,0.007377824027162694
2014-03 to 2016-06,2015-03-12,Passive insurance basket,0.019925513985434185
2014-03 to 2016-06,2015-03-13,Passive insurance basket,-0.011087812122721363
2014-03 to 2016-06,2015-03-16,Passive insurance basket,0.010145738036495322
2014-03 to 2016-06,2015-03-17,Passive insurance basket,-0.0013069324299821439
2014-03 to 2016-06,2015-03-18,Passive insurance basket,0.01155989318681594
2014-03 to 2016-06,2015-03-19,Passive insurance basket,-0.004184337289637963
2014-03 to 2016-06,2015-03-20,Passive insurance basket,0.01178794217008261
2014-03 to 2016-06,2015-03-23,Passive insurance basket,-0.0016815885053779178
2014-03 to 2016-06,2015-03-24,Passive insurance basket,-0.0051335374051701965
2014-03 to 2016-06,2015-03-25,Passive insurance basket,-0.014190603338570584
2014-03 to 2016-06,2015-03-26,Passive insurance basket,-0.0037060190827523654
2014-03 to 2016-06,2015-03-27,Passive insurance basket,0.0013729508887594388
2014-03 to 2016-06,2015-03-30,Passive insurance basket,0.013882050653902578
2014-03 to 2016-06,2015-03-31,Passive insurance basket,-0.004373592278253069
2014-03 to 2016-06,2015-04-01,Passive insurance basket,0.0034510931695830305
2014-03 to 2016-06,2015-04-02,Passive insurance basket,0.006415758904972257
2014-03 to 2016-06,2015-04-06,Passive insurance basket,0.005732724397644606
2014-03 to 2016-06,2015-04-07,Passive insurance basket,-0.00857469517025955
2014-03 to 2016-06,2015-04-08,Passive insurance basket,0.003189021514785395
2014-03 to 2016-06,2015-04-09,Passive insurance basket,0.0009277730741938939
2014-03 to 2016-06,2015-04-10,Passive insurance basket,0.0035228761843482115
2014-03 to 2016-06,2015-04-13,Passive insurance basket,0.0033522602689868286
2014-03 to 2016-06,2015-04-14,Passive insurance basket,-0.00018528523746674797
2014-03 to 2016-06,2015-04-15,Passive insurance basket,0.0035200626669027457
2014-03 to 2016-06,2015-04-16,Passive insurance basket,-0.0007401677530508577
2014-03 to 2016-06,2015-04-17,Passive insurance basket,-0.015008747547388457
2014-03 to 2016-06,2015-04-20,Passive insurance basket,0.00511985970042228
2014-03 to 2016-06,2015-04-21,Passive insurance basket,-0.00885924037700081
2014-03 to 2016-06,2015-04-22,Passive insurance basket,0.0013174272820826172
2014-03 to 2016-06,2015-04-23,Passive insurance basket,0.0027390176806660893
2014-03 to 2016-06,2015-04-24,Passive insurance basket,0.0018353115591669411
2014-03 to 2016-06,2015-04-27,Passive insurance basket,-0.006751413424697428
2014-03 to 2016-06,2015-04-28,Passive insurance basket,0.0013209912616682917
2014-03 to 2016-06,2015-04-29,Passive insurance basket,-0.006208027044811382
2014-03 to 2016-06,2015-04-30,Passive insurance basket,-0.005833142615598197
2014-03 to 2016-06,2015-05-01,Passive insurance basket,0.009392908708846237
2014-03 to 2016-06,2015-05-04,Passive insurance basket,0.007575980114805425
2014-03 to 2016-06,2015-05-05,Passive insurance basket,-0.0025141744413335054
2014-03 to 2016-06,2015-05-06,Passive insurance basket,-0.005844403861438696
2014-03 to 2016-06,2015-05-07,Passive insurance basket,0.003929643479989364
2014-03 to 2016-06,2015-05-08,Passive insurance basket,0.004006776830602243
2014-03 to 2016-06,2015-05-11,Passive insurance basket,-0.0028351977521893224
2014-03 to 2016-06,2015-05-12,Passive insurance basket,-0.00622832242756044
2014-03 to 2016-06,2015-05-13,Passive insurance basket,-0.00029796565312445455
2014-03 to 2016-06,2015-05-14,Passive insurance basket,0.00649634321348147
2014-03 to 2016-06,2015-05-15,Passive insurance basket,-0.0035410806828410912
2014-03 to 2016-06,2015-05-18,Passive insurance basket,0.0035068881722826184
2014-03 to 2016-06,2015-05-19,Passive insurance basket,0.005130848846932157
2014-03 to 2016-06,2015-05-20,Passive insurance basket,0.001554466758648232
2014-03 to 2016-06,2015-05-21,Passive insurance basket,-0.0027739011673520997
2014-03 to 2016-06,2015-05-22,Passive insurance basket,-0.0029570939188580114
2014-03 to 2016-06,2015-05-26,Passive insurance basket,-0.007876173683433074
2014-03 to 2016-06,2015-05-27,Passive insurance basket,0.0035729415041032553
2014-03 to 2016-06,2015-05-28,Passive insurance basket,0.0019483529239026076
2014-03 to 2016-06,2015-05-29,Passive insurance basket,-0.0066480515160293185
2014-03 to 2016-06,2015-06-01,Passive insurance basket,-0.00116403301023138
2014-03 to 2016-06,2015-06-02,Passive insurance basket,0.005072308585646557
2014-03 to 2016-06,2015-06-03,Passive insurance basket,0.010720739332509277
2014-03 to 2016-06,2015-06-04,Passive insurance basket,-0.010090305957974666
2014-03 to 2016-06,2015-06-05,Passive insurance basket,-0.00015738545953125627
2014-03 to 2016-06,2015-06-08,Passive insurance basket,-0.007581289110224265
2014-03 to 2016-06,2015-06-09,Passive insurance basket,-0.0024298299514854405
2014-03 to 2016-06,2015-06-10,Passive insurance basket,0.017406961820530142
2014-03 to 2016-06,2015-06-11,Passive insurance basket,0.0037857626101898134
2014-03 to 2016-06,2015-06-12,Passive insurance basket,-0.002602509725150748
2014-03 to 2016-06,2015-06-15,Passive insurance basket,-0.006135114584026824
2014-03 to 2016-06,2015-06-16,Passive insurance basket,0.005855615948324733
2014-03 to 2016-06,2015-06-17,Passive insurance basket,-2.9718053577099113e-05
2014-03 to 2016-06,2015-06-18,Passive insurance basket,0.013331772608397685
2014-03 to 2016-06,2015-06-19,Passive insurance basket,-0.006753736520510589
2014-03 to 2016-06,2015-06-22,Passive insurance basket,0.007687354018952819
2014-03 to 2016-06,2015-06-23,Passive insurance basket,0.002966782879741281
2014-03 to 2016-06,2015-06-24,Passive insurance basket,-0.006272493851302907
2014-03 to 2016-06,2015-06-25,Passive insurance basket,-0.007074733096207542
2014-03 to 2016-06,2015-06-26,Passive insurance basket,0.007385560638802469
2014-03 to 2016-06,2015-06-29,Passive insurance basket,-0.02111967597396891
2014-03 to 2016-06,2015-06-30,Passive insurance basket,0.0031099262134186567
2014-03 to 2016-06,2015-07-01,Passive insurance basket,0.024579519088747892
2014-03 to 2016-06,2015-07-02,Passive insurance basket,-0.004855229292086705
2014-03 to 2016-06,2015-07-06,Passive insurance basket,-0.0010219852147659303
2014-03 to 2016-06,2015-07-07,Passive insurance basket,0.009293963489528378
2014-03 to 2016-06,2015-07-08,Passive insurance basket,-0.01318868448951449
2014-03 to 2016-06,2015-07-09,Passive insurance basket,0.006000924880947389
2014-03 to 2016-06,2015-07-10,Passive insurance basket,0.013149425026085737
2014-03 to 2016-06,2015-07-13,Passive insurance basket,0.01471976785760587
2014-03 to 2016-06,2015-07-14,Passive insurance basket,0.0032312332458090953
2014-03 to 2016-06,2015-07-15,Passive insurance basket,0.0062506318267328
2014-03 to 2016-06,2015-07-16,Passive insurance basket,0.004426691103932345
2014-03 to 2016-06,2015-07-17,Passive insurance basket,-0.0013073781143574381
2014-03 to 2016-06,2015-07-20,Passive insurance basket,-0.0043252223518098765
2014-03 to 2016-06,2015-07-21,Passive insurance basket,-0.00025534895047785167
2014-03 to 2016-06,2015-07-22,Passive insurance basket,0.0022813250422684117
2014-03 to 2016-06,2015-07-23,Passive insurance basket,-0.004559261034245199
2014-03 to 2016-06,2015-07-24,Passive insurance basket,-0.0021289109073501233
2014-03 to 2016-06,2015-07-27,Passive insurance basket,-0.005896163376176933
2014-03 to 2016-06,2015-07-28,Passive insurance basket,0.005711789623545904
2014-03 to 2016-06,2015-07-29,Passive insurance basket,0.009341205799774377
2014-03 to 2016-06,2015-07-30,Passive insurance basket,0.0071923362797809975
2014-03 to 2016-06,2015-07-31,Passive insurance basket,-0.003075172549900085
2014-03 to 2016-06,2015-08-03,Passive insurance basket,0.004047951273049799
2014-03 to 2016-06,2015-08-04,Passive insurance basket,-0.017487772533147927
2014-03 to 2016-06,2015-08-05,Passive insurance basket,0.0007512222431529381
2014-03 to 2016-06,2015-08-06,Passive insurance basket,-0.003325079397109687
2014-03 to 2016-06,2015-08-07,Passive insurance basket,0.0029861609794648025
2014-03 to 2016-06,2015-08-10,Passive insurance basket,0.008744501724920584
2014-03 to 2016-06,2015-08-11,Passive insurance basket,-0.002887078323460135
2014-03 to 2016-06,2015-08-12,Passive insurance basket,-0.004674302678571607
2014-03 to 2016-06,2015-08-13,Passive insurance basket,0.005137262520074737
2014-03 to 2016-06,2015-08-14,Passive insurance basket,0.0028293820458356045
2014-03 to 2016-06,2015-08-17,Passive insurance basket,-0.0007967853490109533
2014-03 to 2016-06,2015-08-18,Passive insurance basket,0.0007503493553338014
2014-03 to 2016-06,2015-08-19,Passive insurance basket,-0.003924222959073798
2014-03 to 2016-06,2015-08-20,Passive insurance basket,-0.01779662841740315
2014-03 to 2016-06,2015-08-21,Passive insurance basket,-0.02830560272210736
2014-03 to 2016-06,2015-08-24,Passive insurance basket,-0.045400110656661274
2014-03 to 2016-06,2015-08-25,Passive insurance basket,-0.006299923806104002
2014-03 to 2016-06,2015-08-26,Passive insurance basket,0.026942642598517974
2014-03 to 2016-06,2015-08-27,Passive insurance basket,0.023590167194639244
2014-03 to 2016-06,2015-08-28,Passive insurance basket,-0.0065615712229672996
2014-03 to 2016-06,2015-08-31,Passive insurance basket,-0.007853886639310415
2014-03 to 2016-06,2015-09-01,Passive insurance basket,-0.024937648955852487
2014-03 to 2016-06,2015-09-02,Passive insurance basket,0.01426131581877188
2014-03 to 2016-06,2015-09-03,Passive insurance basket,0.003185855271764959
2014-03 to 2016-06,2015-09-04,Passive insurance basket,-0.016418177067130668
2014-03 to 2016-06,2015-09-08,Passive insurance basket,0.018438428540635377
2014-03 to 2016-06,2015-09-09,Passive insurance basket,-0.009144724310686136
2014-03 to 2016-06,2015-09-10,Passive insurance basket,0.009433494918010155
2014-03 to 2016-06,2015-09-11,Passive insurance basket,0.009390690726830853
2014-03 to 2016-06,2015-09-14,Passive insurance basket,-0.0036762721873235815
2014-03 to 2016-06,2015-09-15,Passive insurance basket,0.009398385732023895
2014-03 to 2016-06,2015-09-16,Passive insurance basket,0.004282544167487856
2014-03 to 2016-06,2015-09-17,Passive insurance basket,-0.0038610990631888775
2014-03 to 2016-06,2015-09-18,Passive insurance basket,-0.014449694657473144
2014-03 to 2016-06,2015-09-21,Passive insurance basket,0.009040752498733706
2014-03 to 2016-06,2015-09-22,Passive insurance basket,-0.01171413771902785
2014-03 to 2016-06,2015-09-23,Passive insurance basket,0.002161366349191507
2014-03 to 2016-06,2015-09-24,Passive insurance basket,0.0027212275055517043
2014-03 to 2016-06,2015-09-25,Passive insurance basket,0.0035420516941233604
2014-03 to 2016-06,2015-09-28,Passive insurance basket,-0.01710068560807343
2014-03 to 2016-06,2015-09-29,Passive insurance basket,0.008274047495926862
2014-03 to 2016-06,2015-09-30,Passive insurance basket,0.011430249321155994
2014-03 to 2016-06,2015-10-01,Passive insurance basket,-0.0035228717268518395
2014-03 to 2016-06,2015-10-02,Passive insurance basket,0.005199643171644119
2014-03 to 2016-06,2015-10-05,Passive insurance basket,0.01874911577001126
2014-03 to 2016-06,2015-10-06,Passive insurance basket,-0.0011963167082384984
2014-03 to 2016-06,2015-10-07,Passive insurance basket,0.006862215196468124
2014-03 to 2016-06,2015-10-08,Passive insurance basket,0.01265125265126188
2014-03 to 2016-06,2015-10-09,Passive insurance basket,-0.002546207975414605
2014-03 to 2016-06,2015-10-12,Passive insurance basket,0.002747490115208695
2014-03 to 2016-06,2015-10-13,Passive insurance basket,-0.003364135960195136
2014-03 to 2016-06,2015-10-14,Passive insurance basket,-0.011685755044135382
2014-03 to 2016-06,2015-10-15,Passive insurance basket,0.01708884238700059
2014-03 to 2016-06,2015-10-16,Passive insurance basket,0.004872069082800579
2014-03 to 2016-06,2015-10-19,Passive insurance basket,0.005910801658954856
2014-03 to 2016-06,2015-10-20,Passive insurance basket,0.006674329300688564
2014-03 to 2016-06,2015-10-21,Passive insurance basket,-0.007758075899558792
2014-03 to 2016-06,2015-10-22,Passive insurance basket,0.011684288589267178
2014-03 to 2016-06,2015-10-23,Passive insurance basket,0.004754143703527003
2014-03 to 2016-06,2015-10-26,Passive insurance basket,0.0006660096770159107
2014-03 to 2016-06,2015-10-27,Passive insurance basket,-0.017600502494760417
2014-03 to 2016-06,2015-10-28,Passive insurance basket,0.022177849580081954
2014-03 to 2016-06,2015-10-29,Passive insurance basket,0.0044700331691716055
2014-03 to 2016-06,2015-10-30,Passive insurance basket,-0.010774830327098694
2014-03 to 2016-06,2015-11-02,Passive insurance basket,0.003990942466344682
2014-03 to 2016-06,2015-11-03,Passive insurance basket,-0.0036055711567273274
2014-03 to 2016-06,2015-11-04,Passive insurance basket,-0.0030206823070653144
2014-03 to 2016-06,2015-11-05,Passive insurance basket,0.0032276682278142843
2014-03 to 2016-06,2015-11-06,Passive insurance basket,0.0037098447290153658
2014-03 to 2016-06,2015-11-09,Passive insurance basket,-0.013450006176215168
2014-03 to 2016-06,2015-11-10,Passive insurance basket,0.004760738362034056
2014-03 to 2016-06,2015-11-11,Passive insurance basket,-0.0022835614269635096
2014-03 to 2016-06,2015-11-12,Passive insurance basket,-0.018408386892468487
2014-03 to 2016-06,2015-11-13,Passive insurance basket,-0.007431294640219965
2014-03 to 2016-06,2015-11-16,Passive insurance basket,0.014071448469463732
2014-03 to 2016-06,2015-11-17,Passive insurance basket,-0.0029606485060594823
2014-03 to 2016-06,2015-11-18,Passive insurance basket,0.013669952509966832
2014-03 to 2016-06,2015-11-19,Passive insurance basket,0.0006597210897172356
2014-03 to 2016-06,2015-11-20,Passive insurance basket,0.004049644547696518
2014-03 to 2016-06,2015-11-23,Passive insurance basket,-0.0003184231759375544
2014-03 to 2016-06,2015-11-24,Passive insurance basket,-7.364329265313607e-05
2014-03 to 2016-06,2015-11-25,Passive insurance basket,-0.007993988839634092
2014-03 to 2016-06,2015-11-27,Passive insurance basket,0.0008952322767743492
2014-03 to 2016-06,2015-11-30,Passive insurance basket,-0.00041641468169062446
2014-03 to 2016-06,2015-12-01,Passive insurance basket,0.007776497860212173
2014-03 to 2016-06,2015-12-02,Passive insurance basket,-0.009668908916022678
2014-03 to 2016-06,2015-12-03,Passive insurance basket,-0.013606952106419157
2014-03 to 2016-06,2015-12-04,Passive insurance basket,0.028717233800798825
2014-03 to 2016-06,2015-12-07,Passive insurance basket,-0.004751403548831523
2014-03 to 2016-06,2015-12-08,Passive insurance basket,-0.008742004663774727
2014-03 to 2016-06,2015-12-09,Passive insurance basket,-0.012485528509124322
2014-03 to 2016-06,2015-12-10,Passive insurance basket,-0.007639449810867616
2014-03 to 2016-06,2015-12-11,Passive insurance basket,-0.020931072839087794
2014-03 to 2016-06,2015-12-14,Passive insurance basket,-0.0048477587320496784
2014-03 to 2016-06,2015-12-15,Passive insurance basket,0.011729119719727787
2014-03 to 2016-06,2015-12-16,Passive insurance basket,0.01041957846328967
2014-03 to 2016-06,2015-12-17,Passive insurance basket,-0.014373835338287733
2014-03 to 2016-06,2015-12-18,Passive insurance basket,-0.022458617737836306
2014-03 to 2016-06,2015-12-21,Passive insurance basket,0.007454005146197762
2014-03 to 2016-06,2015-12-22,Passive insurance basket,0.015930389702265346
2014-03 to 2016-06,2015-12-23,Passive insurance basket,0.005178667133143522
2014-03 to 2016-06,2015-12-24,Passive insurance basket,0.0034763378701785363
2014-03 to 2016-06,2015-12-28,Passive insurance basket,-0.0007050151514662595
2014-03 to 2016-06,2015-12-29,Passive insurance basket,0.010745989253939658
2014-03 to 2016-06,2015-12-30,Passive insurance basket,-0.00619349933299751
2014-03 to 2016-06,2015-12-31,Passive insurance basket,-0.011521042959118377
2014-03 to 2016-06,2016-01-04,Passive insurance basket,-0.022450864126190684
2014-03 to 2016-06,2016-01-05,Passive insurance basket,0.006468420506649197
2014-03 to 2016-06,2016-01-06,Passive insurance basket,-0.013270117742399501
2014-03 to 2016-06,2016-01-07,Passive insurance basket,-0.024774250814470045
2014-03 to 2016-06,2016-01-08,Passive insurance basket,-0.011971490913219585
2014-03 to 2016-06,2016-01-11,Passive insurance basket,0.009683810308681595
2014-03 to 2016-06,2016-01-12,Passive insurance basket,0.00775528988583063
2014-03 to 2016-06,2016-01-13,Passive insurance basket,-0.016436931489230644
2014-03 to 2016-06,2016-01-14,Passive insurance basket,0.010496533353186344
2014-03 to 2016-06,2016-01-15,Passive insurance basket,-0.016047513900072863
2014-03 to 2016-06,2016-01-19,Passive insurance basket,0.00033605079428045137
2014-03 to 2016-06,2016-01-20,Passive insurance basket,-0.013382320762884925
2014-03 to 2016-06,2016-01-21,Passive insurance basket,0.0008979644384872199
2014-03 to 2016-06,2016-01-22,Passive insurance basket,0.01870578755681329
2014-03 to 2016-06,2016-01-25,Passive insurance basket,-0.016742651008956666
2014-03 to 2016-06,2016-01-26,Passive insurance basket,0.01366440757120424
2014-03 to 2016-06,2016-01-27,Passive insurance basket,0.001579803675338054
2014-03 to 2016-06,2016-01-28,Passive insurance basket,0.011503298006716678
2014-03 to 2016-06,2016-01-29,Passive insurance basket,0.028140104322280646
2014-03 to 2016-06,2016-02-01,Passive insurance basket,-0.007266574768358347
2014-03 to 2016-06,2016-02-02,Passive insurance basket,-0.014338981667861739
2014-03 to 2016-06,2016-02-03,Passive insurance basket,-0.0022603119466599875
2014-03 to 2016-06,2016-02-04,Passive insurance basket,0.01252152913911364
2014-03 to 2016-06,2016-02-05,Passive insurance basket,0.0067540689275142896
2014-03 to 2016-06,2016-02-08,Passive insurance basket,0.0010000644964009986
2014-03 to 2016-06,2016-02-09,Passive insurance basket,0.0017642938022484067
2014-03 to 2016-06,2016-02-10,Passive insurance basket,-0.013418654761022553
2014-03 to 2016-06,2016-02-11,Passive insurance basket,-0.015439418136197425
2014-03 to 2016-06,2016-02-12,Passive insurance basket,0.03417674166928952
2014-03 to 2016-06,2016-02-16,Passive insurance basket,0.005006336811642198
2014-03 to 2016-06,2016-02-17,Passive insurance basket,0.012562130311340569
2014-03 to 2016-06,2016-02-18,Passive insurance basket,-0.005068363027371792
2014-03 to 2016-06,2016-02-19,Passive insurance basket,0.007483553423321521
2014-03 to 2016-06,2016-02-22,Passive insurance basket,0.009724465808033766
2014-03 to 2016-06,2016-02-23,Passive insurance basket,-0.00968782887795916
2014-03 to 2016-06,2016-02-24,Passive insurance basket,0.004518807449932272
2014-03 to 2016-06,2016-02-25,Passive insurance basket,0.012909659817445407
2014-03 to 2016-06,2016-02-26,Passive insurance basket,-0.0022445685459742126
2014-03 to 2016-06,2016-02-29,Passive insurance basket,-0.012916839272759217
2014-03 to 2016-06,2016-03-01,Passive insurance basket,0.0225903461883179
2014-03 to 2016-06,2016-03-02,Passive insurance basket,0.00869019020837114
2014-03 to 2016-06,2016-03-03,Passive insurance basket,0.006986744916883447
2014-03 to 2016-06,2016-03-04,Passive insurance basket,0.001792829236562321
2014-03 to 2016-06,2016-03-07,Passive insurance basket,-0.0011746855784970922
2014-03 to 2016-06,2016-03-08,Passive insurance basket,-0.00626944870304369
2014-03 to 2016-06,2016-03-09,Passive insurance basket,0.004618093086646624
2014-03 to 2016-06,2016-03-10,Passive insurance basket,-0.001961120360565616
2014-03 to 2016-06,2016-03-11,Passive insurance basket,0.018447386641586627
2014-03 to 2016-06,2016-03-14,Passive insurance basket,-0.005324858508010011
2014-03 to 2016-06,2016-03-15,Passive insurance basket,0.0031943669973988342
2014-03 to 2016-06,2016-03-16,Passive insurance basket,0.004477497518664331
2014-03 to 2016-06,2016-03-17,Passive insurance basket,0.01528836606180839
2014-03 to 2016-06,2016-03-18,Passive insurance basket,0.0005293292201582478
2014-03 to 2016-06,2016-03-21,Passive insurance basket,-0.00274144803910803
2014-03 to 2016-06,2016-03-22,Passive insurance basket,-3.436698956726936e-05
2014-03 to 2016-06,2016-03-23,Passive insurance basket,-0.004336856642495501
2014-03 to 2016-06,2016-03-24,Passive insurance basket,-0.0067098701465172494
2014-03 to 2016-06,2016-03-28,Passive insurance basket,0.00906038594570413
2014-03 to 2016-06,2016-03-29,Passive insurance basket,0.004210577966228035
2014-03 to 2016-06,2016-03-30,Passive insurance basket,0.00873509935640926
2014-03 to 2016-06,2016-03-31,Passive insurance basket,-0.005611640083392433
2014-03 to 2016-06,2016-04-01,Passive insurance basket,0.007876119376164503
2014-03 to 2016-06,2016-04-04,Passive insurance basket,-0.007783233886747398
2014-03 to 2016-06,2016-04-05,Passive insurance basket,-0.013905081035524347
2014-03 to 2016-06,2016-04-06,Passive insurance basket,0.005168387729054258
2014-03 to 2016-06,2016-04-07,Passive insurance basket,-0.014782685236307769
2014-03 to 2016-06,2016-04-08,Passive insurance basket,0.004855272720262427
2014-03 to 2016-06,2016-04-11,Passive insurance basket,0.009686647919154856
2014-03 to 2016-06,2016-04-12,Passive insurance basket,0.014381234235106177
2014-03 to 2016-06,2016-04-13,Passive insurance basket,0.009645497612849052
2014-03 to 2016-06,2016-04-14,Passive insurance basket,-0.011147087997556704
2014-03 to 2016-06,2016-04-15,Passive insurance basket,-0.001821840689921972
2014-03 to 2016-06,2016-04-18,Passive insurance basket,0.005260010491102252
2014-03 to 2016-06,2016-04-19,Passive insurance basket,0.0046643859094481765
2014-03 to 2016-06,2016-04-20,Passive insurance basket,-0.0009100265402962604
2014-03 to 2016-06,2016-04-21,Passive insurance basket,-0.021557271374836207
2014-03 to 2016-06,2016-04-22,Passive insurance basket,0.006499142908602318
2014-03 to 2016-06,2016-04-25,Passive insurance basket,-0.004184790809032224
2014-03 to 2016-06,2016-04-26,Passive insurance basket,0.0040909505327284545
2014-03 to 2016-06,2016-04-27,Passive insurance basket,0.013993226639876566
2014-03 to 2016-06,2016-04-28,Passive insurance basket,-0.009423887730850011
2014-03 to 2016-06,2016-04-29,Passive insurance basket,0.0006176350081337212
2014-03 to 2016-06,2016-05-02,Passive insurance basket,0.009104198805320873
2014-03 to 2016-06,2016-05-03,Passive insurance basket,-0.006541738929923491
2014-03 to 2016-06,2016-05-04,Passive insurance basket,-0.010031050010469444
2014-03 to 2016-06,2016-05-05,Passive insurance basket,0.007330713705946623
2014-03 to 2016-06,2016-05-06,Passive insurance basket,0.001158373520082856
2014-03 to 2016-06,2016-05-09,Passive insurance basket,0.0014544502184226094
2014-03 to 2016-06,2016-05-10,Passive insurance basket,0.01427453347977159
2014-03 to 2016-06,2016-05-11,Passive insurance basket,-0.008582036037399376
2014-03 to 2016-06,2016-05-12,Passive insurance basket,0.008671884716042078
2014-03 to 2016-06,2016-05-13,Passive insurance basket,-0.005346078605372284
2014-03 to 2016-06,2016-05-16,Passive insurance basket,0.0011747299790707544
2014-03 to 2016-06,2016-05-17,Passive insurance basket,-0.00951571809499574
2014-03 to 2016-06,2016-05-18,Passive insurance basket,0.008015317123532206
2014-03 to 2016-06,2016-05-19,Passive insurance basket,-0.007139964052281567
2014-03 to 2016-06,2016-05-20,Passive insurance basket,0.009054736107676042
2014-03 to 2016-06,2016-05-23,Passive insurance basket,-0.0031825342777547228
2014-03 to 2016-06,2016-05-24,Passive insurance basket,0.014166016028319017
2014-03 to 2016-06,2016-05-25,Passive insurance basket,-0.0009018968163705399
2014-03 to 2016-06,2016-05-26,Passive insurance basket,-0.0023672828848627647
2014-03 to 2016-06,2016-05-27,Passive insurance basket,0.0034575283388655897
2014-03 to 2016-06,2016-05-31,Passive insurance basket,-0.003049098040254994
2014-03 to 2016-06,2016-06-01,Passive insurance basket,0.0020949307262407846
2014-03 to 2016-06,2016-06-02,Passive insurance basket,-0.0008752015734636576
2014-03 to 2016-06,2016-06-03,Passive insurance basket,-0.0026416929646100318
2014-03 to 2016-06,2016-06-06,Passive insurance basket,0.00024828814684552114
2014-03 to 2016-06,2016-06-07,Passive insurance basket,0.0004843618055863086
2014-03 to 2016-06,2016-06-08,Passive insurance basket,0.003062648450117722
2014-03 to 2016-06,2016-06-09,Passive insurance basket,0.0013981949625196943
2014-03 to 2016-06,2016-06-10,Passive insurance basket,-0.011827873707367043
2014-03 to 2016-06,2016-06-13,Passive insurance basket,-0.006915611295258195
2014-03 to 2016-06,2016-06-14,Passive insurance basket,-0.005873862948024167
2014-03 to 2016-06,2016-06-15,Passive insurance basket,-0.005879678817001355
2014-03 to 2016-06,2016-06-16,Passive insurance basket,0.008816486846154215
2014-03 to 2016-06,2016-06-17,Passive insurance basket,-0.001606366939681081
2014-03 to 2016-06,2016-06-20,Passive insurance basket,0.004351394717552415
2014-03 to 2016-06,2016-06-21,Passive insurance basket,0.003461024142951352
2014-03 to 2016-06,2016-06-22,Passive insurance basket,8.21027874116087e-05
2014-03 to 2016-06,2016-06-23,Passive insurance basket,0.01503646670236436
2014-03 to 2016-06,2016-06-24,Passive insurance basket,-0.037264932645785565
2014-03 to 2016-06,2016-06-27,Passive insurance basket,-0.01947914255978278
2014-03 to 2016-06,2016-06-28,Passive insurance basket,0.02384302188505627
2014-03 to 2016-06,2016-06-29,Passive insurance basket,0.019840271728238212
2014-03 to 2016-06,2016-06-30,Passive insurance basket,0.02617746870197557
2014-03 to 2016-06,2016-07-01,Passive insurance basket,-0.0006776436145534692
2014-03 to 2016-06,2016-07-05,Passive insurance basket,-0.01412154454442105
2014-03 to 2016-06,2016-07-06,Passive insurance basket,0.0009177989069149017
2014-03 to 2016-06,2016-07-07,Passive insurance basket,-0.0016857509089744926
2014-03 to 2016-06,2016-07-08,Passive insurance basket,0.0178455111422966
2014-03 to 2016-06,2016-07-11,Passive insurance basket,0.00512596909031604
2014-03 to 2016-06,2016-07-12,Passive insurance basket,0.0003230364454696044
2014-03 to 2016-06,2016-07-13,Passive insurance basket,0.0013530575126496913
2014-03 to 2016-06,2016-07-14,Passive insurance basket,0.005587237780821708
2014-03 to 2016-06,2016-07-15,Passive insurance basket,-0.005037206148783113
2014-03 to 2016-06,2016-07-18,Passive insurance basket,-0.002820111811761339
2014-03 to 2016-06,2016-07-19,Passive insurance basket,-0.0014238848886498623
2014-03 to 2016-06,2016-07-20,Passive insurance basket,-7.572133413036308e-05
2014-03 to 2016-06,2016-07-21,Passive insurance basket,-0.004166878230767224
2014-03 to 2016-06,2016-07-22,Passive insurance basket,0.012918433396305717
2014-03 to 2016-06,2016-07-25,Passive insurance basket,-0.002413505844180097
2014-03 to 2016-06,2016-07-26,Passive insurance basket,-0.0037133995959207633
2014-03 to 2016-06,2016-07-27,Passive insurance basket,-0.005379209059508727
2014-03 to 2016-06,2016-07-28,Passive insurance basket,0.001514030309677894
2014-03 to 2016-06,2016-07-29,Passive insurance basket,-0.01766059586532409
2014-03 to 2016-06,2016-08-01,Passive insurance basket,-0.0033171731871585175
2014-03 to 2016-06,2016-08-02,Passive insurance basket,-0.0016468416832858823
2014-03 to 2016-06,2016-08-03,Passive insurance basket,0.012812388767188265
2014-03 to 2016-06,2016-08-04,Passive insurance basket,-0.0007634108746232826
2014-03 to 2016-06,2016-08-05,Passive insurance basket,0.011016371910611333
2014-03 to 2016-06,2016-08-08,Passive insurance basket,0.0017296491165781358
2014-03 to 2016-06,2016-08-09,Passive insurance basket,-0.00014934898597696034
2014-03 to 2016-06,2016-08-10,Passive insurance basket,0.0004770071812527643
2014-03 to 2016-06,2016-08-11,Passive insurance basket,0.0009911967313940284
2014-03 to 2016-06,2016-08-12,Passive insurance basket,-0.0056171746731860095
2014-03 to 2016-06,2016-08-15,Passive insurance basket,0.0024787253750433447
2014-03 to 2016-06,2016-08-16,Passive insurance basket,-0.005785136904642441
2014-03 to 2016-06,2016-08-17,Passive insurance basket,-0.002105645045641036
2014-03 to 2016-06,2016-08-18,Passive insurance basket,0.0041071871874045485
2014-03 to 2016-06,2016-08-19,Passive insurance basket,0.00040509123686449655
2014-03 to 2016-06,2016-08-22,Passive insurance basket,0.00013841807177250587
2014-03 to 2016-06,2016-08-23,Passive insurance basket,-0.0035361020066215776
2014-03 to 2016-06,2016-08-24,Passive insurance basket,-8.616046302734048e-05
2014-03 to 2016-06,2016-08-25,Passive insurance basket,0.004663817964760675
2014-03 to 2016-06,2016-08-26,Passive insurance basket,-0.004671106522412094
2014-03 to 2016-06,2016-08-29,Passive insurance basket,0.01086733849670063
2014-03 to 2016-06,2016-08-30,Passive insurance basket,0.004587083035150652
2014-03 to 2016-06,2016-08-31,Passive insurance basket,-0.0008108982492019967
2014-03 to 2016-06,2016-09-01,Passive insurance basket,-0.00029717954649699507
2014-03 to 2016-06,2016-09-02,Passive insurance basket,0.006995558168543248
2014-03 to 2016-06,2016-09-06,Passive insurance basket,-0.0007770521366978755
2014-03 to 2016-06,2016-09-07,Passive insurance basket,0.0032052447068779966
2014-03 to 2016-06,2016-09-08,Passive insurance basket,-0.0056119313110277735
2014-03 to 2016-06,2016-09-09,Passive insurance basket,-0.017865047739915152
2014-03 to 2016-06,2016-09-12,Passive insurance basket,0.011187215615623414
2014-03 to 2016-06,2016-09-13,Passive insurance basket,-0.014632726305829458
2014-03 to 2016-06,2016-09-14,Passive insurance basket,-0.006449124480768065
2014-03 to 2016-06,2016-09-15,Passive insurance basket,0.008375061061574263
2014-03 to 2016-06,2016-09-16,Passive insurance basket,-0.007278870817508443
2014-03 to 2016-06,2016-09-19,Passive insurance basket,0.005234282258506084
2014-03 to 2016-06,2016-09-20,Passive insurance basket,0.001391846910718808
2014-03 to 2016-06,2016-09-21,Passive insurance basket,0.012557609084256516
2014-03 to 2016-06,2016-09-22,Passive insurance basket,0.009955550167055183
2014-03 to 2016-06,2016-09-23,Passive insurance basket,-0.010597876469676137
2014-03 to 2016-06,2016-09-26,Passive insurance basket,-0.006194861432918697
2014-03 to 2016-06,2016-09-27,Passive insurance basket,0.00651334980462015
2014-03 to 2016-06,2016-09-28,Passive insurance basket,0.007152267677234869
2014-03 to 2016-06,2016-09-29,Passive insurance basket,-0.012306682787941559
2014-03 to 2016-06,2016-09-30,Passive insurance basket,-0.02774700787818085
2014-03 to 2016-06,2014-06-02,US P&C insurance benchmark (KIE proxy),0.003428873162037105
2014-03 to 2016-06,2014-06-03,US P&C insurance benchmark (KIE proxy),0.0009510223490249992
2014-03 to 2016-06,2014-06-04,US P&C insurance benchmark (KIE proxy),0.016945368171021435
2014-03 to 2016-06,2014-06-05,US P&C insurance benchmark (KIE proxy),0.002802860786576211
2014-03 to 2016-06,2014-06-06,US P&C insurance benchmark (KIE proxy),0.005431668584365612
2014-03 to 2016-06,2014-06-09,US P&C insurance benchmark (KIE proxy),-0.000305791978057246
2014-03 to 2016-06,2014-06-10,US P&C insurance benchmark (KIE proxy),-0.00046346290211174423
2014-03 to 2016-06,2014-06-11,US P&C insurance benchmark (KIE proxy),-0.004173100196135926
2014-03 to 2016-06,2014-06-12,US P&C insurance benchmark (KIE proxy),-0.0037249670573227256
2014-03 to 2016-06,2014-06-13,US P&C insurance benchmark (KIE proxy),0.0012431823598968439
2014-03 to 2016-06,2014-06-16,US P&C insurance benchmark (KIE proxy),-0.0024879453678938734
2014-03 to 2016-06,2014-06-17,US P&C insurance benchmark (KIE proxy),0.010449227889564705
2014-03 to 2016-06,2014-06-18,US P&C insurance benchmark (KIE proxy),0.003241746282411695
2014-03 to 2016-06,2014-06-19,US P&C insurance benchmark (KIE proxy),-0.0004616101886599777
2014-03 to 2016-06,2014-06-20,US P&C insurance benchmark (KIE proxy),-0.004770635422776337
2014-03 to 2016-06,2014-06-23,US P&C insurance benchmark (KIE proxy),-0.0017030162412993155
2014-03 to 2016-06,2014-06-24,US P&C insurance benchmark (KIE proxy),-0.005419903036726126
2014-03 to 2016-06,2014-06-25,US P&C insurance benchmark (KIE proxy),-0.00046736178943473927
2014-03 to 2016-06,2014-06-26,US P&C insurance benchmark (KIE proxy),-0.002183600087904969
2014-03 to 2016-06,2014-06-27,US P&C insurance benchmark (KIE proxy),0.0
2014-03 to 2016-06,2014-06-30,US P&C insurance benchmark (KIE proxy),0.0023430178069352436
2014-03 to 2016-06,2014-07-01,US P&C insurance benchmark (KIE proxy),0.008415147265077083
2014-03 to 2016-06,2014-07-02,US P&C insurance benchmark (KIE proxy),-0.006801112656467212
2014-03 to 2016-06,2014-07-03,US P&C insurance benchmark (KIE proxy),0.005447340045651172
2014-03 to 2016-06,2014-07-07,US P&C insurance benchmark (KIE proxy),-0.004025069637883072
2014-03 to 2016-06,2014-07-08,US P&C insurance benchmark (KIE proxy),-0.0029505950133545955
2014-03 to 2016-06,2014-07-09,US P&C insurance benchmark (KIE proxy),-0.0001542776998597617
2014-03 to 2016-06,2014-07-10,US P&C insurance benchmark (KIE proxy),-0.00436720017581016
2014-03 to 2016-06,2014-07-11,US P&C insurance benchmark (KIE proxy),0.001408893877416828
2014-03 to 2016-06,2014-07-14,US P&C insurance benchmark (KIE proxy),0.0045349453414809116
2014-03 to 2016-06,2014-07-15,US P&C insurance benchmark (KIE proxy),0.000620915032679692
2014-03 to 2016-06,2014-07-16,US P&C insurance benchmark (KIE proxy),-0.0040404417425219386
2014-03 to 2016-06,2014-07-17,US P&C insurance benchmark (KIE proxy),-0.010774499102905732
2014-03 to 2016-06,2014-07-18,US P&C insurance benchmark (KIE proxy),0.008206774732794297
2014-03 to 2016-06,2014-07-21,US P&C insurance benchmark (KIE proxy),-0.0009394081728512083
2014-03 to 2016-06,2014-07-22,US P&C insurance benchmark (KIE proxy),0.0006252938410908904
2014-03 to 2016-06,2014-07-23,US P&C insurance benchmark (KIE proxy),0.0025090094111344108
2014-03 to 2016-06,2014-07-24,US P&C insurance benchmark (KIE proxy),-0.0029714060749788107
2014-03 to 2016-06,2014-07-25,US P&C insurance benchmark (KIE proxy),-0.009711704343002392
2014-03 to 2016-06,2014-07-28,US P&C insurance benchmark (KIE proxy),0.0006313281149867844
2014-03 to 2016-06,2014-07-29,US P&C insurance benchmark (KIE proxy),-0.009169829222011261
2014-03 to 2016-06,2014-07-30,US P&C insurance benchmark (KIE proxy),-0.009096697898662853
2014-03 to 2016-06,2014-07-31,US P&C insurance benchmark (KIE proxy),-0.015301956350529444
2014-03 to 2016-06,2014-08-01,US P&C insurance benchmark (KIE proxy),0.0013101079489696854
2014-03 to 2016-06,2014-08-04,US P&C insurance benchmark (KIE proxy),0.0034302459486346137
2014-03 to 2016-06,2014-08-05,US P&C insurance benchmark (KIE proxy),-0.005538001728794373
2014-03 to 2016-06,2014-08-06,US P&C insurance benchmark (KIE proxy),0.005077762445183209
2014-03 to 2016-06,2014-08-07,US P&C insurance benchmark (KIE proxy),-0.0030977148245685537
2014-03 to 2016-06,2014-08-08,US P&C insurance benchmark (KIE proxy),0.007841868717315403
2014-03 to 2016-06,2014-08-11,US P&C insurance benchmark (KIE proxy),0.0037299460689674824
2014-03 to 2016-06,2014-08-12,US P&C insurance benchmark (KIE proxy),0.002097868217054266
2014-03 to 2016-06,2014-08-13,US P&C insurance benchmark (KIE proxy),0.007735709485430231
2014-03 to 2016-06,2014-08-14,US P&C insurance benchmark (KIE proxy),0.00847754434278647
2014-03 to 2016-06,2014-08-15,US P&C insurance benchmark (KIE proxy),-0.0006327307326357001
2014-03 to 2016-06,2014-08-18,US P&C insurance benchmark (KIE proxy),0.009677864681268744
2014-03 to 2016-06,2014-08-19,US P&C insurance benchmark (KIE proxy),0.0001555869872698068
2014-03 to 2016-06,2014-08-20,US P&C insurance benchmark (KIE proxy),0.0012586443410502746
2014-03 to 2016-06,2014-08-21,US P&C insurance benchmark (KIE proxy),0.007500000000000284
2014-03 to 2016-06,2014-08-22,US P&C insurance benchmark (KIE proxy),-0.003859939343810237
2014-03 to 2016-06,2014-08-25,US P&C insurance benchmark (KIE proxy),0.007974967982848913
2014-03 to 2016-06,2014-08-26,US P&C insurance benchmark (KIE proxy),0.002466642155379839
2014-03 to 2016-06,2014-08-27,US P&C insurance benchmark (KIE proxy),0.004039053468711362
2014-03 to 2016-06,2014-08-28,US P&C insurance benchmark (KIE proxy),-0.003546542005946507
2014-03 to 2016-06,2014-08-29,US P&C insurance benchmark (KIE proxy),0.004176334106728463
2014-03 to 2016-06,2014-09-02,US P&C insurance benchmark (KIE proxy),0.0038493530499077444
2014-03 to 2016-06,2014-09-03,US P&C insurance benchmark (KIE proxy),-0.004446838187568192
2014-03 to 2016-06,2014-09-04,US P&C insurance benchmark (KIE proxy),-0.004623913958209047
2014-03 to 2016-06,2014-09-05,US P&C insurance benchmark (KIE proxy),-0.0004645393859717961
2014-03 to 2016-06,2014-09-08,US P&C insurance benchmark (KIE proxy),-0.0006227720793617886
2014-03 to 2016-06,2014-09-09,US P&C insurance benchmark (KIE proxy),-0.00837080820153191
2014-03 to 2016-06,2014-09-10,US P&C insurance benchmark (KIE proxy),0.0031280336533274777
2014-03 to 2016-06,2014-09-11,US P&C insurance benchmark (KIE proxy),0.0
2014-03 to 2016-06,2014-09-12,US P&C insurance benchmark (KIE proxy),-0.0006217858812528343
2014-03 to 2016-06,2014-09-15,US P&C insurance benchmark (KIE proxy),0.0009355981044780748
2014-03 to 2016-06,2014-09-16,US P&C insurance benchmark (KIE proxy),0.0012431823598968439
2014-03 to 2016-06,2014-09-17,US P&C insurance benchmark (KIE proxy),0.0004667814949141924
2014-03 to 2016-06,2014-09-18,US P&C insurance benchmark (KIE proxy),0.007777617072499465
2014-03 to 2016-06,2014-09-19,US P&C insurance benchmark (KIE proxy),-0.008486111111111083
2014-03 to 2016-06,2014-09-22,US P&C insurance benchmark (KIE proxy),-0.0071626347663272805
2014-03 to 2016-06,2014-09-23,US P&C insurance benchmark (KIE proxy),-0.010346465506294922
2014-03 to 2016-06,2014-09-24,US P&C insurance benchmark (KIE proxy),0.010454634016527908
2014-03 to 2016-06,2014-09-25,US P&C insurance benchmark (KIE proxy),-0.011597447244783066
2014-03 to 2016-06,2014-09-26,US P&C insurance benchmark (KIE proxy),0.008564617661193097
2014-03 to 2016-06,2014-09-29,US P&C insurance benchmark (KIE proxy),-0.004717715493449459
2014-03 to 2016-06,2014-09-30,US P&C insurance benchmark (KIE proxy),-0.005214085615285913
2014-03 to 2016-06,2014-10-01,US P&C insurance benchmark (KIE proxy),-0.00905335283774944
2014-03 to 2016-06,2014-10-02,US P&C insurance benchmark (KIE proxy),0.0032024311549427864
2014-03 to 2016-06,2014-10-03,US P&C insurance benchmark (KIE proxy),0.012941385111655324
2014-03 to 2016-06,2014-10-06,US P&C insurance benchmark (KIE proxy),-0.003941646595656989
2014-03 to 2016-06,2014-10-07,US P&C insurance benchmark (KIE proxy),-0.01266983372921604
2014-03 to 2016-06,2014-10-08,US P&C insurance benchmark (KIE proxy),0.01090779616326576
2014-03 to 2016-06,2014-10-09,US P&C insurance benchmark (KIE proxy),-0.01776772965254647
2014-03 to 2016-06,2014-10-10,US P&C insurance benchmark (KIE proxy),-0.005010491018428431
2014-03 to 2016-06,2014-10-13,US P&C insurance benchmark (KIE proxy),-0.008926962543770234
2014-03 to 2016-06,2014-10-14,US P&C insurance benchmark (KIE proxy),0.006879606879606648
2014-03 to 2016-06,2014-10-15,US P&C insurance benchmark (KIE proxy),-0.011551976573938472
2014-03 to 2016-06,2014-10-16,US P&C insurance benchmark (KIE proxy),0.001649113971550431
2014-03 to 2016-06,2014-10-17,US P&C insurance benchmark (KIE proxy),0.0144577481798418
2014-03 to 2016-06,2014-10-20,US P&C insurance benchmark (KIE proxy),0.0037269193391644695
2014-03 to 2016-06,2014-10-21,US P&C insurance benchmark (KIE proxy),0.020816490533337673
2014-03 to 2016-06,2014-10-22,US P&C insurance benchmark (KIE proxy),-0.002532401940559592
2014-03 to 2016-06,2014-10-23,US P&C insurance benchmark (KIE proxy),-0.0007892247055857338
2014-03 to 2016-06,2014-10-24,US P&C insurance benchmark (KIE proxy),0.007770011467071347
2014-03 to 2016-06,2014-10-27,US P&C insurance benchmark (KIE proxy),0.006454202077431637
2014-03 to 2016-06,2014-10-28,US P&C insurance benchmark (KIE proxy),0.009068007712263126
2014-03 to 2016-06,2014-10-29,US P&C insurance benchmark (KIE proxy),-0.0001534170153421055
2014-03 to 2016-06,2014-10-30,US P&C insurance benchmark (KIE proxy),0.0032547996670806434
2014-03 to 2016-06,2014-10-31,US P&C insurance benchmark (KIE proxy),0.013129904016832894
2014-03 to 2016-06,2014-11-03,US P&C insurance benchmark (KIE proxy),-0.0010658737419945163
2014-03 to 2016-06,2014-11-04,US P&C insurance benchmark (KIE proxy),0.004158137447508148
2014-03 to 2016-06,2014-11-05,US P&C insurance benchmark (KIE proxy),0.005130543837646995
2014-03 to 2016-06,2014-11-06,US P&C insurance benchmark (KIE proxy),-0.009528130671506374
2014-03 to 2016-06,2014-11-07,US P&C insurance benchmark (KIE proxy),0.0025973431058177177
2014-03 to 2016-06,2014-11-10,US P&C insurance benchmark (KIE proxy),0.0009137969634527288
2014-03 to 2016-06,2014-11-11,US P&C insurance benchmark (KIE proxy),0.0003012776912998394
2014-03 to 2016-06,2014-11-12,US P&C insurance benchmark (KIE proxy),0.0018253754569141911
2014-03 to 2016-06,2014-11-13,US P&C insurance benchmark (KIE proxy),0.000760705679783813
2014-03 to 2016-06,2014-11-14,US P&C insurance benchmark (KIE proxy),-0.003336367774237514
2014-03 to 2016-06,2014-11-17,US P&C insurance benchmark (KIE proxy),-0.0013700694625214949
2014-03 to 2016-06,2014-11-18,US P&C insurance benchmark (KIE proxy),0.002588410688398435
2014-03 to 2016-06,2014-11-19,US P&C insurance benchmark (KIE proxy),-0.0015189319126228673
2014-03 to 2016-06,2014-11-20,US P&C insurance benchmark (KIE proxy),0.005025125628140614
2014-03 to 2016-06,2014-11-21,US P&C insurance benchmark (KIE proxy),0.003031818181818524
2014-03 to 2016-06,2014-11-24,US P&C insurance benchmark (KIE proxy),0.0069471194152270765
2014-03 to 2016-06,2014-11-25,US P&C insurance benchmark (KIE proxy),-0.002551755175517423
2014-03 to 2016-06,2014-11-26,US P&C insurance benchmark (KIE proxy),0.00045119634711454637
2014-03 to 2016-06,2014-11-28,US P&C insurance benchmark (KIE proxy),-0.0008613963640956568
2014-03 to 2016-06,2014-12-01,US P&C insurance benchmark (KIE proxy),-0.008914788166577758
2014-03 to 2016-06,2014-12-02,US P&C insurance benchmark (KIE proxy),0.0062213356287601496
2014-03 to 2016-06,2014-12-03,US P&C insurance benchmark (KIE proxy),0.005884136819759744
2014-03 to 2016-06,2014-12-04,US P&C insurance benchmark (KIE proxy),0.0012014417300758584
2014-03 to 2016-06,2014-12-05,US P&C insurance benchmark (KIE proxy),0.004494382022472099
2014-03 to 2016-06,2014-12-08,US P&C insurance benchmark (KIE proxy),0.007306487695749375
2014-03 to 2016-06,2014-12-09,US P&C insurance benchmark (KIE proxy),-0.007844252064335366
2014-03 to 2016-06,2014-12-10,US P&C insurance benchmark (KIE proxy),-0.01477389229384829
2014-03 to 2016-06,2014-12-11,US P&C insurance benchmark (KIE proxy),0.0066616076013217285
2014-03 to 2016-06,2014-12-12,US P&C insurance benchmark (KIE proxy),-0.021062324800368293
2014-03 to 2016-06,2014-12-15,US P&C insurance benchmark (KIE proxy),-0.006151235549899159
2014-03 to 2016-06,2014-12-16,US P&C insurance benchmark (KIE proxy),-0.004945878357374589
2014-03 to 2016-06,2014-12-17,US P&C insurance benchmark (KIE proxy),0.016007124639221937
2014-03 to 2016-06,2014-12-18,US P&C insurance benchmark (KIE proxy),0.016062413951353882
2014-03 to 2016-06,2014-12-19,US P&C insurance benchmark (KIE proxy),-0.0027100271002710175
2014-03 to 2016-06,2014-12-22,US P&C insurance benchmark (KIE proxy),0.0033197463768117608
2014-03 to 2016-06,2014-12-23,US P&C insurance benchmark (KIE proxy),0.009930800377370375
2014-03 to 2016-06,2014-12-24,US P&C insurance benchmark (KIE proxy),-0.00044696133337496224
2014-03 to 2016-06,2014-12-26,US P&C insurance benchmark (KIE proxy),-0.00014756319505637716
2014-03 to 2016-06,2014-12-29,US P&C insurance benchmark (KIE proxy),0.003725402504472619
2014-03 to 2016-06,2014-12-30,US P&C insurance benchmark (KIE proxy),0.0022278363698742254
2014-03 to 2016-06,2014-12-31,US P&C insurance benchmark (KIE proxy),-0.011705707921914388
2014-03 to 2016-06,2015-01-02,US P&C insurance benchmark (KIE proxy),-0.0059964012595592475
2014-03 to 2016-06,2015-01-05,US P&C insurance benchmark (KIE proxy),-0.01448180044984082
2014-03 to 2016-06,2015-01-06,US P&C insurance benchmark (KIE proxy),-0.012095496562840258
2014-03 to 2016-06,2015-01-07,US P&C insurance benchmark (KIE proxy),0.007437259741648328
2014-03 to 2016-06,2015-01-08,US P&C insurance benchmark (KIE proxy),0.01738083263739232
2014-03 to 2016-06,2015-01-09,US P&C insurance benchmark (KIE proxy),-0.012848072562358093
2014-03 to 2016-06,2015-01-12,US P&C insurance benchmark (KIE proxy),-0.009335360895312617
2014-03 to 2016-06,2015-01-13,US P&C insurance benchmark (KIE proxy),-0.0009367681498829716
2014-03 to 2016-06,2015-01-14,US P&C insurance benchmark (KIE proxy),-0.013461261737988117
2014-03 to 2016-06,2015-01-15,US P&C insurance benchmark (KIE proxy),-0.005956722014934135
2014-03 to 2016-06,2015-01-16,US P&C insurance benchmark (KIE proxy),0.013726706016557122
2014-03 to 2016-06,2015-01-20,US P&C insurance benchmark (KIE proxy),-0.01027235755275091
2014-03 to 2016-06,2015-01-21,US P&C insurance benchmark (KIE proxy),0.001570999259318917
2014-03 to 2016-06,2015-01-22,US P&C insurance benchmark (KIE proxy),0.021512011304757328
2014-03 to 2016-06,2015-01-23,US P&C insurance benchmark (KIE proxy),-0.009070075207385342
2014-03 to 2016-06,2015-01-26,US P&C insurance benchmark (KIE proxy),0.006979990693345872
2014-03 to 2016-06,2015-01-27,US P&C insurance benchmark (KIE proxy),-0.006783733826247529
2014-03 to 2016-06,2015-01-28,US P&C insurance benchmark (KIE proxy),-0.01658664135633603
2014-03 to 2016-06,2015-01-29,US P&C insurance benchmark (KIE proxy),0.005833455553610811
2014-03 to 2016-06,2015-01-30,US P&C insurance benchmark (KIE proxy),-0.015051740357479026
2014-03 to 2016-06,2015-02-02,US P&C insurance benchmark (KIE proxy),0.019422158548233037
2014-03 to 2016-06,2015-02-03,US P&C insurance benchmark (KIE proxy),0.01717361465706624
2014-03 to 2016-06,2015-02-04,US P&C insurance benchmark (KIE proxy),0.001538227722179597
2014-03 to 2016-06,2015-02-05,US P&C insurance benchmark (KIE proxy),0.009656637558802084
2014-03 to 2016-06,2015-02-06,US P&C insurance benchmark (KIE proxy),0.004554418469077559
2014-03 to 2016-06,2015-02-09,US P&C insurance benchmark (KIE proxy),-0.0028744100432066544
2014-03 to 2016-06,2015-02-10,US P&C insurance benchmark (KIE proxy),0.004701431799684297
2014-03 to 2016-06,2015-02-11,US P&C insurance benchmark (KIE proxy),0.007693456488978123
2014-03 to 2016-06,2015-02-12,US P&C insurance benchmark (KIE proxy),0.007333821356554804
2014-03 to 2016-06,2015-02-13,US P&C insurance benchmark (KIE proxy),0.0019304502897903308
2014-03 to 2016-06,2015-02-17,US P&C insurance benchmark (KIE proxy),0.0
2014-03 to 2016-06,2015-02-18,US P&C insurance benchmark (KIE proxy),-0.005486510659315713
2014-03 to 2016-06,2015-02-19,US P&C insurance benchmark (KIE proxy),0.001642058165548077
2014-03 to 2016-06,2015-02-20,US P&C insurance benchmark (KIE proxy),0.0022334689793495066
2014-03 to 2016-06,2015-02-23,US P&C insurance benchmark (KIE proxy),-0.006685475136718244
2014-03 to 2016-06,2015-02-24,US P&C insurance benchmark (KIE proxy),0.005083749500823576
2014-03 to 2016-06,2015-02-25,US P&C insurance benchmark (KIE proxy),-0.0044642857142859205
2014-03 to 2016-06,2015-02-26,US P&C insurance benchmark (KIE proxy),0.0004484304932736993
2014-03 to 2016-06,2015-02-27,US P&C insurance benchmark (KIE proxy),-0.004334379202151739
2014-03 to 2016-06,2015-03-02,US P&C insurance benchmark (KIE proxy),0.006153970819284149
2014-03 to 2016-06,2015-03-03,US P&C insurance benchmark (KIE proxy),-0.002384787472035632
2014-03 to 2016-06,2015-03-04,US P&C insurance benchmark (KIE proxy),-0.007624446666995688
2014-03 to 2016-06,2015-03-05,US P&C insurance benchmark (KIE proxy),0.0054233121070923485
2014-03 to 2016-06,2015-03-06,US P&C insurance benchmark (KIE proxy),-0.002247524351926433
2014-03 to 2016-06,2015-03-09,US P&C insurance benchmark (KIE proxy),0.0020994111737331345
2014-03 to 2016-06,2015-03-10,US P&C insurance benchmark (KIE proxy),-0.019480023197996688
2014-03 to 2016-06,2015-03-11,US P&C insurance benchmark (KIE proxy),0.010087116001834096
2014-03 to 2016-06,2015-03-12,US P&C insurance benchmark (KIE proxy),0.017249205628688147
2014-03 to 2016-06,2015-03-13,US P&C insurance benchmark (KIE proxy),-0.005948237394020506
2014-03 to 2016-06,2015-03-16,US P&C insurance benchmark (KIE proxy),0.012865460324015698
2014-03 to 2016-06,2015-03-17,US P&C insurance benchmark (KIE proxy),-0.0010326503658596442
2014-03 to 2016-06,2015-03-18,US P&C insurance benchmark (KIE proxy),0.00502661934338966
2014-03 to 2016-06,2015-03-19,US P&C insurance benchmark (KIE proxy),-0.008532973120913945
2014-03 to 2016-06,2015-03-20,US P&C insurance benchmark (KIE proxy),0.006233303650934996
2014-03 to 2016-06,2015-03-23,US P&C insurance benchmark (KIE proxy),0.004721238938053318
2014-03 to 2016-06,2015-03-24,US P&C insurance benchmark (KIE proxy),-0.008957708517750351
2014-03 to 2016-06,2015-03-25,US P&C insurance benchmark (KIE proxy),-0.01110948172045878
2014-03 to 2016-06,2015-03-26,US P&C insurance benchmark (KIE proxy),-0.0025434429949715565
2014-03 to 2016-06,2015-03-27,US P&C insurance benchmark (KIE proxy),-0.0024057630188270007
2014-03 to 2016-06,2015-03-30,US P&C insurance benchmark (KIE proxy),0.015056473064086973
2014-03 to 2016-06,2015-03-31,US P&C insurance benchmark (KIE proxy),-0.005045224610374155
2014-03 to 2016-06,2015-04-01,US P&C insurance benchmark (KIE proxy),-0.001788644788560001
2014-03 to 2016-06,2015-04-02,US P&C insurance benchmark (KIE proxy),0.0064237814301650875
2014-03 to 2016-06,2015-04-06,US P&C insurance benchmark (KIE proxy),0.00489613516893872
2014-03 to 2016-06,2015-04-07,US P&C insurance benchmark (KIE proxy),-0.006201083417859854
2014-03 to 2016-06,2015-04-08,US P&C insurance benchmark (KIE proxy),0.004902681766926653
2014-03 to 2016-06,2015-04-09,US P&C insurance benchmark (KIE proxy),0.0036945539702040175
2014-03 to 2016-06,2015-04-10,US P&C insurance benchmark (KIE proxy),-0.0005877154220060854
2014-03 to 2016-06,2015-04-13,US P&C insurance benchmark (KIE proxy),0.0042711801456443155
2014-03 to 2016-06,2015-04-14,US P&C insurance benchmark (KIE proxy),0.0027913161011392518
2014-03 to 2016-06,2015-04-15,US P&C insurance benchmark (KIE proxy),0.003512361316608592
2014-03 to 2016-06,2015-04-16,US P&C insurance benchmark (KIE proxy),-0.001168147632860439
2014-03 to 2016-06,2015-04-17,US P&C insurance benchmark (KIE proxy),-0.012409110819097458
2014-03 to 2016-06,2015-04-20,US P&C insurance benchmark (KIE proxy),0.005468649514119628
2014-03 to 2016-06,2015-04-21,US P&C insurance benchmark (KIE proxy),-0.007794441993824508
2014-03 to 2016-06,2015-04-22,US P&C insurance benchmark (KIE proxy),0.002374040269769395
2014-03 to 2016-06,2015-04-23,US P&C insurance benchmark (KIE proxy),0.001033410654330602
2014-03 to 2016-06,2015-04-24,US P&C insurance benchmark (KIE proxy),0.0013291980505094614
2014-03 to 2016-06,2015-04-27,US P&C insurance benchmark (KIE proxy),-0.007964601769911317
2014-03 to 2016-06,2015-04-28,US P&C insurance benchmark (KIE proxy),0.008327386262265701
2014-03 to 2016-06,2015-04-29,US P&C insurance benchmark (KIE proxy),0.0
2014-03 to 2016-06,2015-04-30,US P&C insurance benchmark (KIE proxy),-0.01415509561324757
2014-03 to 2016-06,2015-05-01,US P&C insurance benchmark (KIE proxy),0.009270102796735458
2014-03 to 2016-06,2015-05-04,US P&C insurance benchmark (KIE proxy),0.0032631939288589873
2014-03 to 2016-06,2015-05-05,US P&C insurance benchmark (KIE proxy),-0.005468234168044095
2014-03 to 2016-06,2015-05-06,US P&C insurance benchmark (KIE proxy),-0.0008911345479497568
2014-03 to 2016-06,2015-05-07,US P&C insurance benchmark (KIE proxy),0.0050572395677705995
2014-03 to 2016-06,2015-05-08,US P&C insurance benchmark (KIE proxy),0.005914796753739848
2014-03 to 2016-06,2015-05-11,US P&C insurance benchmark (KIE proxy),0.0020599911777678948
2014-03 to 2016-06,2015-05-12,US P&C insurance benchmark (KIE proxy),-0.004842252615916975
2014-03 to 2016-06,2015-05-13,US P&C insurance benchmark (KIE proxy),0.0002919488470234377
2014-03 to 2016-06,2015-05-14,US P&C insurance benchmark (KIE proxy),0.007517699760760221
2014-03 to 2016-06,2015-05-15,US P&C insurance benchmark (KIE proxy),-0.003950261814574585
2014-03 to 2016-06,2015-05-18,US P&C insurance benchmark (KIE proxy),0.009108415259129199
2014-03 to 2016-06,2015-05-19,US P&C insurance benchmark (KIE proxy),0.0016026200873362484
2014-03 to 2016-06,2015-05-20,US P&C insurance benchmark (KIE proxy),0.002323786769674596
2014-03 to 2016-06,2015-05-21,US P&C insurance benchmark (KIE proxy),-0.0037712048716831426
2014-03 to 2016-06,2015-05-22,US P&C insurance benchmark (KIE proxy),-0.0027637938637663506
2014-03 to 2016-06,2015-05-26,US P&C insurance benchmark (KIE proxy),-0.01196584938704015
2014-03 to 2016-06,2015-05-27,US P&C insurance benchmark (KIE proxy),0.006793195283315345
2014-03 to 2016-06,2015-05-28,US P&C insurance benchmark (KIE proxy),0.0016153169014083701
2014-03 to 2016-06,2015-05-29,US P&C insurance benchmark (KIE proxy),-0.006446453132483931
2014-03 to 2016-06,2015-06-01,US P&C insurance benchmark (KIE proxy),-0.002211410880141429
2014-03 to 2016-06,2015-06-02,US P&C insurance benchmark (KIE proxy),0.005022163120567358
2014-03 to 2016-06,2015-06-03,US P&C insurance benchmark (KIE proxy),0.010294046301155824
2014-03 to 2016-06,2015-06-04,US P&C insurance benchmark (KIE proxy),-0.00975260513299625
2014-03 to 2016-06,2015-06-05,US P&C insurance benchmark (KIE proxy),0.0010315959318092371
2014-03 to 2016-06,2015-06-08,US P&C insurance benchmark (KIE proxy),-0.007486777030568437
2014-03 to 2016-06,2015-06-09,US P&C insurance benchmark (KIE proxy),-0.00015086503347849778
2014-03 to 2016-06,2015-06-10,US P&C insurance benchmark (KIE proxy),0.02500299556656138
2014-03 to 2016-06,2015-06-11,US P&C insurance benchmark (KIE proxy),0.00909220797776289
2014-03 to 2016-06,2015-06-12,US P&C insurance benchmark (KIE proxy),-0.0038615505412604723
2014-03 to 2016-06,2015-06-15,US P&C insurance benchmark (KIE proxy),-0.004453690662324927
2014-03 to 2016-06,2015-06-16,US P&C insurance benchmark (KIE proxy),0.008800128064794022
2014-03 to 2016-06,2015-06-17,US P&C insurance benchmark (KIE proxy),-0.0005746953899995466
2014-03 to 2016-06,2015-06-18,US P&C insurance benchmark (KIE proxy),0.009586625070268973
2014-03 to 2016-06,2015-06-19,US P&C insurance benchmark (KIE proxy),-0.00921081154603065
2014-03 to 2016-06,2015-06-22,US P&C insurance benchmark (KIE proxy),0.006293436293436372
2014-03 to 2016-06,2015-06-23,US P&C insurance benchmark (KIE proxy),0.004118226348974963
2014-03 to 2016-06,2015-06-24,US P&C insurance benchmark (KIE proxy),-0.008491379127341103
2014-03 to 2016-06,2015-06-25,US P&C insurance benchmark (KIE proxy),-0.008418510446061123
2014-03 to 2016-06,2015-06-26,US P&C insurance benchmark (KIE proxy),0.003022883226020845
2014-03 to 2016-06,2015-06-29,US P&C insurance benchmark (KIE proxy),-0.026409261754790747
2014-03 to 2016-06,2015-06-30,US P&C insurance benchmark (KIE proxy),0.0035377410638872675
2014-03 to 2016-06,2015-07-01,US P&C insurance benchmark (KIE proxy),0.02100620006786147
2014-03 to 2016-06,2015-07-02,US P&C insurance benchmark (KIE proxy),-0.0030211480362539733
2014-03 to 2016-06,2015-07-06,US P&C insurance benchmark (KIE proxy),0.0
2014-03 to 2016-06,2015-07-07,US P&C insurance benchmark (KIE proxy),0.005337662337662419
2014-03 to 2016-06,2015-07-08,US P&C insurance benchmark (KIE proxy),-0.013060159408869398
2014-03 to 2016-06,2015-07-09,US P&C insurance benchmark (KIE proxy),0.002910122164048845
2014-03 to 2016-06,2015-07-10,US P&C insurance benchmark (KIE proxy),0.01305102515802603
2014-03 to 2016-06,2015-07-13,US P&C insurance benchmark (KIE proxy),0.005866009352978319
2014-03 to 2016-06,2015-07-14,US P&C insurance benchmark (KIE proxy),0.0029884772854380515
2014-03 to 2016-06,2015-07-15,US P&C insurance benchmark (KIE proxy),0.003264760591317417
2014-03 to 2016-06,2015-07-16,US P&C insurance benchmark (KIE proxy),0.004666949512091678
2014-03 to 2016-06,2015-07-17,US P&C insurance benchmark (KIE proxy),-0.002956081081081252
2014-03 to 2016-06,2015-07-20,US P&C insurance benchmark (KIE proxy),-0.0032486234646335044
2014-03 to 2016-06,2015-07-21,US P&C insurance benchmark (KIE proxy),0.00014447612532020315
2014-03 to 2016-06,2015-07-22,US P&C insurance benchmark (KIE proxy),0.000989943365042656
2014-03 to 2016-06,2015-07-23,US P&C insurance benchmark (KIE proxy),-0.002546689303905114
2014-03 to 2016-06,2015-07-24,US P&C insurance benchmark (KIE proxy),0.011204255319149148
2014-03 to 2016-06,2015-07-27,US P&C insurance benchmark (KIE proxy),-0.006169176839916912
2014-03 to 2016-06,2015-07-28,US P&C insurance benchmark (KIE proxy),-0.0009908242895917407
2014-03 to 2016-06,2015-07-29,US P&C insurance benchmark (KIE proxy),0.012291625164771114
2014-03 to 2016-06,2015-07-30,US P&C insurance benchmark (KIE proxy),0.0034919797515422513
2014-03 to 2016-06,2015-07-31,US P&C insurance benchmark (KIE proxy),-0.0027830281181806527
2014-03 to 2016-06,2015-08-03,US P&C insurance benchmark (KIE proxy),0.0033472803347280866
2014-03 to 2016-06,2015-08-04,US P&C insurance benchmark (KIE proxy),-0.0022226855713094462
2014-03 to 2016-06,2015-08-05,US P&C insurance benchmark (KIE proxy),-0.0023697375735057813
2014-03 to 2016-06,2015-08-06,US P&C insurance benchmark (KIE proxy),-0.0074025974025973
2014-03 to 2016-06,2015-08-07,US P&C insurance benchmark (KIE proxy),0.0008441204897586818
2014-03 to 2016-06,2015-08-10,US P&C insurance benchmark (KIE proxy),0.01518135392374731
2014-03 to 2016-06,2015-08-11,US P&C insurance benchmark (KIE proxy),0.0
2014-03 to 2016-06,2015-08-12,US P&C insurance benchmark (KIE proxy),-0.005952652939148262
2014-03 to 2016-06,2015-08-13,US P&C insurance benchmark (KIE proxy),0.004040952778938456
2014-03 to 2016-06,2015-08-14,US P&C insurance benchmark (KIE proxy),0.007766359924583854
2014-03 to 2016-06,2015-08-17,US P&C insurance benchmark (KIE proxy),0.0033039693061249764
2014-03 to 2016-06,2015-08-18,US P&C insurance benchmark (KIE proxy),0.0004116361301265137
2014-03 to 2016-06,2015-08-19,US P&C insurance benchmark (KIE proxy),-0.008229335110869873
2014-03 to 2016-06,2015-08-20,US P&C insurance benchmark (KIE proxy),-0.01797679155966181
2014-03 to 2016-06,2015-08-21,US P&C insurance benchmark (KIE proxy),-0.023236163920574593
2014-03 to 2016-06,2015-08-24,US P&C insurance benchmark (KIE proxy),-0.03589965397923889
2014-03 to 2016-06,2015-08-25,US P&C insurance benchmark (KIE proxy),-0.01211305518169592
2014-03 to 2016-06,2015-08-26,US P&C insurance benchmark (KIE proxy),0.020585831062670312
2014-03 to 2016-06,2015-08-27,US P&C insurance benchmark (KIE proxy),0.02032189309091237
2014-03 to 2016-06,2015-08-28,US P&C insurance benchmark (KIE proxy),-0.004954208460531961
2014-03 to 2016-06,2015-08-31,US P&C insurance benchmark (KIE proxy),1.3148437089105514e-05
2014-03 to 2016-06,2015-09-01,US P&C insurance benchmark (KIE proxy),-0.023083969197999932
2014-03 to 2016-06,2015-09-02,US P&C insurance benchmark (KIE proxy),0.014504262000897494
2014-03 to 2016-06,2015-09-03,US P&C insurance benchmark (KIE proxy),0.00339180924500182
2014-03 to 2016-06,2015-09-04,US P&C insurance benchmark (KIE proxy),-0.015130013221683503
2014-03 to 2016-06,2015-09-08,US P&C insurance benchmark (KIE proxy),0.019537560355667782
2014-03 to 2016-06,2015-09-09,US P&C insurance benchmark (KIE proxy),-0.007312373536757066
2014-03 to 2016-06,2015-09-10,US P&C insurance benchmark (KIE proxy),0.0038290289918510023
2014-03 to 2016-06,2015-09-11,US P&C insurance benchmark (KIE proxy),0.004994868587386181
2014-03 to 2016-06,2015-09-14,US P&C insurance benchmark (KIE proxy),-0.0035062037893298648
2014-03 to 2016-06,2015-09-15,US P&C insurance benchmark (KIE proxy),0.010700761324202723
2014-03 to 2016-06,2015-09-16,US P&C insurance benchmark (KIE proxy),0.004208006962575839
2014-03 to 2016-06,2015-09-17,US P&C insurance benchmark (KIE proxy),-0.00736673787846609
2014-03 to 2016-06,2015-09-18,US P&C insurance benchmark (KIE proxy),-0.019208353887727125
2014-03 to 2016-06,2015-09-21,US P&C insurance benchmark (KIE proxy),0.009792270337877884
2014-03 to 2016-06,2015-09-22,US P&C insurance benchmark (KIE proxy),-0.009551851966130176
2014-03 to 2016-06,2015-09-23,US P&C insurance benchmark (KIE proxy),-0.00029817534490428343
2014-03 to 2016-06,2015-09-24,US P&C insurance benchmark (KIE proxy),0.0014868696941234827
2014-03 to 2016-06,2015-09-25,US P&C insurance benchmark (KIE proxy),0.006516511310547868
2014-03 to 2016-06,2015-09-28,US P&C insurance benchmark (KIE proxy),-0.018548533120172572
2014-03 to 2016-06,2015-09-29,US P&C insurance benchmark (KIE proxy),0.0048012671385437855
2014-03 to 2016-06,2015-09-30,US P&C insurance benchmark (KIE proxy),0.00791312136139699
2014-03 to 2016-06,2015-10-01,US P&C insurance benchmark (KIE proxy),-0.003705563232281661
2014-03 to 2016-06,2015-10-02,US P&C insurance benchmark (KIE proxy),0.004013682196643442
2014-03 to 2016-06,2015-10-05,US P&C insurance benchmark (KIE proxy),0.016434729693114658
2014-03 to 2016-06,2015-10-06,US P&C insurance benchmark (KIE proxy),0.0
2014-03 to 2016-06,2015-10-07,US P&C insurance benchmark (KIE proxy),0.010636577766318878
2014-03 to 2016-06,2015-10-08,US P&C insurance benchmark (KIE proxy),0.009365797973770684
2014-03 to 2016-06,2015-10-09,US P&C insurance benchmark (KIE proxy),-0.003996864196579075
2014-03 to 2016-06,2015-10-12,US P&C insurance benchmark (KIE proxy),0.0022924731182798475
2014-03 to 2016-06,2015-10-13,US P&C insurance benchmark (KIE proxy),-0.006290954500006496
2014-03 to 2016-06,2015-10-14,US P&C insurance benchmark (KIE proxy),-0.008351794513035249
2014-03 to 2016-06,2015-10-15,US P&C insurance benchmark (KIE proxy),0.015533481685994666
2014-03 to 2016-06,2015-10-16,US P&C insurance benchmark (KIE proxy),0.003846483704974313
2014-03 to 2016-06,2015-10-19,US P&C insurance benchmark (KIE proxy),0.0008671619029718691
2014-03 to 2016-06,2015-10-20,US P&C insurance benchmark (KIE proxy),0.006969696969696848
2014-03 to 2016-06,2015-10-21,US P&C insurance benchmark (KIE proxy),-0.006073758227971404
2014-03 to 2016-06,2015-10-22,US P&C insurance benchmark (KIE proxy),0.0072494669509592935
2014-03 to 2016-06,2015-10-23,US P&C insurance benchmark (KIE proxy),0.00832768839966147
2014-03 to 2016-06,2015-10-26,US P&C insurance benchmark (KIE proxy),-0.001960809012164
2014-03 to 2016-06,2015-10-27,US P&C insurance benchmark (KIE proxy),-0.009537231804795931
2014-03 to 2016-06,2015-10-28,US P&C insurance benchmark (KIE proxy),0.0198230494450653
2014-03 to 2016-06,2015-10-29,US P&C insurance benchmark (KIE proxy),0.0022199083715117585
2014-03 to 2016-06,2015-10-30,US P&C insurance benchmark (KIE proxy),-0.014403676968661738
2014-03 to 2016-06,2015-11-02,US P&C insurance benchmark (KIE proxy),0.011662668077768057
2014-03 to 2016-06,2015-11-03,US P&C insurance benchmark (KIE proxy),-0.0004167830185928256
2014-03 to 2016-06,2015-11-04,US P&C insurance benchmark (KIE proxy),-0.005420438388378579
2014-03 to 2016-06,2015-11-05,US P&C insurance benchmark (KIE proxy),0.00447317561930638
2014-03 to 2016-06,2015-11-06,US P&C insurance benchmark (KIE proxy),0.009737061769616195
2014-03 to 2016-06,2015-11-09,US P&C insurance benchmark (KIE proxy),-0.008952891916357175
2014-03 to 2016-06,2015-11-10,US P&C insurance benchmark (KIE proxy),0.003753644162874936
2014-03 to 2016-06,2015-11-11,US P&C insurance benchmark (KIE proxy),-0.0012465356696181873
2014-03 to 2016-06,2015-11-12,US P&C insurance benchmark (KIE proxy),-0.019553432875561105
2014-03 to 2016-06,2015-11-13,US P&C insurance benchmark (KIE proxy),-0.0024059371910365446
2014-03 to 2016-06,2015-11-16,US P&C insurance benchmark (KIE proxy),0.01049340706082491
2014-03 to 2016-06,2015-11-17,US P&C insurance benchmark (KIE proxy),-0.0039315224757643374
2014-03 to 2016-06,2015-11-18,US P&C insurance benchmark (KIE proxy),0.014934518854090362
2014-03 to 2016-06,2015-11-19,US P&C insurance benchmark (KIE proxy),0.0008327538754284713
2014-03 to 2016-06,2015-11-20,US P&C insurance benchmark (KIE proxy),0.003465533954328137
2014-03 to 2016-06,2015-11-23,US P&C insurance benchmark (KIE proxy),0.0002777777777778212
2014-03 to 2016-06,2015-11-24,US P&C insurance benchmark (KIE proxy),0.0005512564917704577
2014-03 to 2016-06,2015-11-25,US P&C insurance benchmark (KIE proxy),-0.0026222038111018975
2014-03 to 2016-06,2015-11-27,US P&C insurance benchmark (KIE proxy),0.0023508205028095475
2014-03 to 2016-06,2015-11-30,US P&C insurance benchmark (KIE proxy),-0.0004143652132113651
2014-03 to 2016-06,2015-12-01,US P&C insurance benchmark (KIE proxy),0.00967529318128113
2014-03 to 2016-06,2015-12-02,US P&C insurance benchmark (KIE proxy),-0.008761449621664474
2014-03 to 2016-06,2015-12-03,US P&C insurance benchmark (KIE proxy),-0.01394175609796533
2014-03 to 2016-06,2015-12-04,US P&C insurance benchmark (KIE proxy),0.019179474685697695
2014-03 to 2016-06,2015-12-07,US P&C insurance benchmark (KIE proxy),-0.00645419213379872
2014-03 to 2016-06,2015-12-08,US P&C insurance benchmark (KIE proxy),-0.009955738446157936
2014-03 to 2016-06,2015-12-09,US P&C insurance benchmark (KIE proxy),-0.015255565285523298
2014-03 to 2016-06,2015-12-10,US P&C insurance benchmark (KIE proxy),-0.0016721554211025502
2014-03 to 2016-06,2015-12-11,US P&C insurance benchmark (KIE proxy),-0.015909952990414644
2014-03 to 2016-06,2015-12-14,US P&C insurance benchmark (KIE proxy),-0.005339974014724969
2014-03 to 2016-06,2015-12-15,US P&C insurance benchmark (KIE proxy),0.01334976291761536
2014-03 to 2016-06,2015-12-16,US P&C insurance benchmark (KIE proxy),0.005014329725479438
2014-03 to 2016-06,2015-12-17,US P&C insurance benchmark (KIE proxy),-0.014822573749465606
2014-03 to 2016-06,2015-12-18,US P&C insurance benchmark (KIE proxy),-0.021698281062174307
2014-03 to 2016-06,2015-12-21,US P&C insurance benchmark (KIE proxy),0.009909817994703696
2014-03 to 2016-06,2015-12-22,US P&C insurance benchmark (KIE proxy),0.010686660780877322
2014-03 to 2016-06,2015-12-23,US P&C insurance benchmark (KIE proxy),0.01115601912212072
2014-03 to 2016-06,2015-12-24,US P&C insurance benchmark (KIE proxy),0.004869620530629559
2014-03 to 2016-06,2015-12-28,US P&C insurance benchmark (KIE proxy),-0.0011420017108639824
2014-03 to 2016-06,2015-12-29,US P&C insurance benchmark (KIE proxy),0.009420510163445917
2014-03 to 2016-06,2015-12-30,US P&C insurance benchmark (KIE proxy),-0.006078911310677615
2014-03 to 2016-06,2015-12-31,US P&C insurance benchmark (KIE proxy),-0.011237729406743613
2014-03 to 2016-06,2016-01-04,US P&C insurance benchmark (KIE proxy),-0.016692062313579337
2014-03 to 2016-06,2016-01-05,US P&C insurance benchmark (KIE proxy),0.004389815627743543
2014-03 to 2016-06,2016-01-06,US P&C insurance benchmark (KIE proxy),-0.01573426573426584
2014-03 to 2016-06,2016-01-07,US P&C insurance benchmark (KIE proxy),-0.022646536412077922
2014-03 to 2016-06,2016-01-08,US P&C insurance benchmark (KIE proxy),-0.009845524761472269
2014-03 to 2016-06,2016-01-11,US P&C insurance benchmark (KIE proxy),-0.0016794152331223167
2014-03 to 2016-06,2016-01-12,US P&C insurance benchmark (KIE proxy),0.0030611259979687055
2014-03 to 2016-06,2016-01-13,US P&C insurance benchmark (KIE proxy),-0.018329033647523363
2014-03 to 2016-06,2016-01-14,US P&C insurance benchmark (KIE proxy),0.00980241139320226
2014-03 to 2016-06,2016-01-15,US P&C insurance benchmark (KIE proxy),-0.014172595027110768
2014-03 to 2016-06,2016-01-19,US P&C insurance benchmark (KIE proxy),-0.004688957972869612
2014-03 to 2016-06,2016-01-20,US P&C insurance benchmark (KIE proxy),-0.01382221447516585
2014-03 to 2016-06,2016-01-21,US P&C insurance benchmark (KIE proxy),0.0009554155341011672
2014-03 to 2016-06,2016-01-22,US P&C insurance benchmark (KIE proxy),0.017343330167563398
2014-03 to 2016-06,2016-01-25,US P&C insurance benchmark (KIE proxy),-0.017671590818466476
2014-03 to 2016-06,2016-01-26,US P&C insurance benchmark (KIE proxy),0.013213944603629457
2014-03 to 2016-06,2016-01-27,US P&C insurance benchmark (KIE proxy),-0.0025168852837625932
2014-03 to 2016-06,2016-01-28,US P&C insurance benchmark (KIE proxy),0.011184456110342245
2014-03 to 2016-06,2016-01-29,US P&C insurance benchmark (KIE proxy),0.022116822429906424
2014-03 to 2016-06,2016-02-01,US P&C insurance benchmark (KIE proxy),-0.002285891932173101
2014-03 to 2016-06,2016-02-02,US P&C insurance benchmark (KIE proxy),-0.017412581965147056
2014-03 to 2016-06,2016-02-03,US P&C insurance benchmark (KIE proxy),0.00046634613142537695
2014-03 to 2016-06,2016-02-04,US P&C insurance benchmark (KIE proxy),0.00015848377638882916
2014-03 to 2016-06,2016-02-05,US P&C insurance benchmark (KIE proxy),-0.006837025264835761
2014-03 to 2016-06,2016-02-08,US P&C insurance benchmark (KIE proxy),-0.009699671515720376
2014-03 to 2016-06,2016-02-09,US P&C insurance benchmark (KIE proxy),-0.0017343259111131104
2014-03 to 2016-06,2016-02-10,US P&C insurance benchmark (KIE proxy),-0.004908220081930592
2014-03 to 2016-06,2016-02-11,US P&C insurance benchmark (KIE proxy),-0.020669455667762016
2014-03 to 2016-06,2016-02-12,US P&C insurance benchmark (KIE proxy),0.026950803701899728
2014-03 to 2016-06,2016-02-16,US P&C insurance benchmark (KIE proxy),0.010752586170096556
2014-03 to 2016-06,2016-02-17,US P&C insurance benchmark (KIE proxy),0.013294228061942803
2014-03 to 2016-06,2016-02-18,US P&C insurance benchmark (KIE proxy),0.001546776083322099
2014-03 to 2016-06,2016-02-19,US P&C insurance benchmark (KIE proxy),0.0006149805564417132
2014-03 to 2016-06,2016-02-22,US P&C insurance benchmark (KIE proxy),0.006931608133087019
2014-03 to 2016-06,2016-02-23,US P&C insurance benchmark (KIE proxy),-0.011014226709499808
2014-03 to 2016-06,2016-02-24,US P&C insurance benchmark (KIE proxy),0.002631090487239085
2014-03 to 2016-06,2016-02-25,US P&C insurance benchmark (KIE proxy),0.011570485081016546
2014-03 to 2016-06,2016-02-26,US P&C insurance benchmark (KIE proxy),0.0018301024399840493
2014-03 to 2016-06,2016-02-29,US P&C insurance benchmark (KIE proxy),-0.00959048623765213
2014-03 to 2016-06,2016-03-01,US P&C insurance benchmark (KIE proxy),0.025665500053027923
2014-03 to 2016-06,2016-03-02,US P&C insurance benchmark (KIE proxy),0.005246523672296721
2014-03 to 2016-06,2016-03-03,US P&C insurance benchmark (KIE proxy),0.005366726296959001
2014-03 to 2016-06,2016-03-04,US P&C insurance benchmark (KIE proxy),0.00177935943060481
2014-03 to 2016-06,2016-03-07,US P&C insurance benchmark (KIE proxy),0.00029751332149219323
2014-03 to 2016-06,2016-03-08,US P&C insurance benchmark (KIE proxy),-0.011692791221084464
2014-03 to 2016-06,2016-03-09,US P&C insurance benchmark (KIE proxy),0.003296905669869288
2014-03 to 2016-06,2016-03-10,US P&C insurance benchmark (KIE proxy),0.0002954778458770235
2014-03 to 2016-06,2016-03-11,US P&C insurance benchmark (KIE proxy),0.023872928349885747
2014-03 to 2016-06,2016-03-14,US P&C insurance benchmark (KIE proxy),-0.004371259840798669
2014-03 to 2016-06,2016-03-15,US P&C insurance benchmark (KIE proxy),-0.0013171354937282498
2014-03 to 2016-06,2016-03-16,US P&C insurance benchmark (KIE proxy),0.004686394070348543
2014-03 to 2016-06,2016-03-17,US P&C insurance benchmark (KIE proxy),0.013275982024477884
2014-03 to 2016-06,2016-03-18,US P&C insurance benchmark (KIE proxy),0.00014250735208376497
2014-03 to 2016-06,2016-03-21,US P&C insurance benchmark (KIE proxy),0.0024481865284975424
2014-03 to 2016-06,2016-03-22,US P&C insurance benchmark (KIE proxy),-0.003161517356041088
2014-03 to 2016-06,2016-03-23,US P&C insurance benchmark (KIE proxy),-0.007431956548979879
2014-03 to 2016-06,2016-03-24,US P&C insurance benchmark (KIE proxy),-0.011375063666400842
2014-03 to 2016-06,2016-03-28,US P&C insurance benchmark (KIE proxy),0.009687362395420562
2014-03 to 2016-06,2016-03-29,US P&C insurance benchmark (KIE proxy),0.004217182730047897
2014-03 to 2016-06,2016-03-30,US P&C insurance benchmark (KIE proxy),0.00709176738308126
2014-03 to 2016-06,2016-03-31,US P&C insurance benchmark (KIE proxy),-0.00474342388960769
2014-03 to 2016-06,2016-04-01,US P&C insurance benchmark (KIE proxy),0.009822357019064087
2014-03 to 2016-06,2016-04-04,US P&C insurance benchmark (KIE proxy),-0.011872122608520108
2014-03 to 2016-06,2016-04-05,US P&C insurance benchmark (KIE proxy),-0.013460703430308474
2014-03 to 2016-06,2016-04-06,US P&C insurance benchmark (KIE proxy),-0.0007350352112674985
2014-03 to 2016-06,2016-04-07,US P&C insurance benchmark (KIE proxy),-0.014535331868054335
2014-03 to 2016-06,2016-04-08,US P&C insurance benchmark (KIE proxy),0.0037276575203479823
2014-03 to 2016-06,2016-04-11,US P&C insurance benchmark (KIE proxy),0.00222650701127014
2014-03 to 2016-06,2016-04-12,US P&C insurance benchmark (KIE proxy),0.014364611426819662
2014-03 to 2016-06,2016-04-13,US P&C insurance benchmark (KIE proxy),0.01606219886114757
2014-03 to 2016-06,2016-04-14,US P&C insurance benchmark (KIE proxy),-0.001151025792461735
2014-03 to 2016-06,2016-04-15,US P&C insurance benchmark (KIE proxy),0.000574018126887843
2014-03 to 2016-06,2016-04-18,US P&C insurance benchmark (KIE proxy),0.005322797013367353
2014-03 to 2016-06,2016-04-19,US P&C insurance benchmark (KIE proxy),0.00300342819875854
2014-03 to 2016-06,2016-04-20,US P&C insurance benchmark (KIE proxy),0.006985588213905158
2014-03 to 2016-06,2016-04-21,US P&C insurance benchmark (KIE proxy),-0.015293118096856295
2014-03 to 2016-06,2016-04-22,US P&C insurance benchmark (KIE proxy),0.010353753235547991
2014-03 to 2016-06,2016-04-25,US P&C insurance benchmark (KIE proxy),-0.004696840307429673
2014-03 to 2016-06,2016-04-26,US P&C insurance benchmark (KIE proxy),0.004290004290004257
2014-03 to 2016-06,2016-04-27,US P&C insurance benchmark (KIE proxy),0.001567706108500655
2014-03 to 2016-06,2016-04-28,US P&C insurance benchmark (KIE proxy),-0.01364797604780199
2014-03 to 2016-06,2016-04-29,US P&C insurance benchmark (KIE proxy),0.006338993457777997
2014-03 to 2016-06,2016-05-02,US P&C insurance benchmark (KIE proxy),0.014609015481259924
2014-03 to 2016-06,2016-05-03,US P&C insurance benchmark (KIE proxy),-0.0047981434191750605
2014-03 to 2016-06,2016-05-04,US P&C insurance benchmark (KIE proxy),-0.0058170212765954465
2014-03 to 2016-06,2016-05-05,US P&C insurance benchmark (KIE proxy),0.003569701198032682
2014-03 to 2016-06,2016-05-06,US P&C insurance benchmark (KIE proxy),-0.00127949775448144
2014-03 to 2016-06,2016-05-09,US P&C insurance benchmark (KIE proxy),0.0014220620326521605
2014-03 to 2016-06,2016-05-10,US P&C insurance benchmark (KIE proxy),0.014213219616204587
2014-03 to 2016-06,2016-05-11,US P&C insurance benchmark (KIE proxy),-0.006866162391257702
2014-03 to 2016-06,2016-05-12,US P&C insurance benchmark (KIE proxy),0.0038103302286198737
2014-03 to 2016-06,2016-05-13,US P&C insurance benchmark (KIE proxy),-0.004778574441164141
2014-03 to 2016-06,2016-05-16,US P&C insurance benchmark (KIE proxy),0.0022715040662466546
2014-03 to 2016-06,2016-05-17,US P&C insurance benchmark (KIE proxy),-0.007200754324469427
2014-03 to 2016-06,2016-05-18,US P&C insurance benchmark (KIE proxy),0.01732112436115818
2014-03 to 2016-06,2016-05-19,US P&C insurance benchmark (KIE proxy),-0.008096555823951967
2014-03 to 2016-06,2016-05-20,US P&C insurance benchmark (KIE proxy),0.009707385632225174
2014-03 to 2016-06,2016-05-23,US P&C insurance benchmark (KIE proxy),-0.004598027864048948
2014-03 to 2016-06,2016-05-24,US P&C insurance benchmark (KIE proxy),0.014979024326741808
2014-03 to 2016-06,2016-05-25,US P&C insurance benchmark (KIE proxy),0.0022052130740586318
2014-03 to 2016-06,2016-05-26,US P&C insurance benchmark (KIE proxy),-0.0044007216192673
2014-03 to 2016-06,2016-05-27,US P&C insurance benchmark (KIE proxy),0.008293008579117522
2014-03 to 2016-06,2016-05-31,US P&C insurance benchmark (KIE proxy),0.0015051384439497273
2014-03 to 2016-06,2016-06-01,US P&C insurance benchmark (KIE proxy),0.0004106219690966917
2014-03 to 2016-06,2016-06-02,US P&C insurance benchmark (KIE proxy),0.00027500379669409547
2014-03 to 2016-06,2016-06-03,US P&C insurance benchmark (KIE proxy),-0.010393926959376243
2014-03 to 2016-06,2016-06-06,US P&C insurance benchmark (KIE proxy),0.0038686885021581574
2014-03 to 2016-06,2016-06-07,US P&C insurance benchmark (KIE proxy),-0.0008261049153243105
2014-03 to 2016-06,2016-06-08,US P&C insurance benchmark (KIE proxy),0.003584125671765248
2014-03 to 2016-06,2016-06-09,US P&C insurance benchmark (KIE proxy),-0.004671145584037251
2014-03 to 2016-06,2016-06-10,US P&C insurance benchmark (KIE proxy),-0.011173970442779013
2014-03 to 2016-06,2016-06-13,US P&C insurance benchmark (KIE proxy),-0.012832049151854541
2014-03 to 2016-06,2016-06-14,US P&C insurance benchmark (KIE proxy),-0.007491510045915528
2014-03 to 2016-06,2016-06-15,US P&C insurance benchmark (KIE proxy),-0.00483981204613404
2014-03 to 2016-06,2016-06-16,US P&C insurance benchmark (KIE proxy),0.004292453437611199
2014-03 to 2016-06,2016-06-17,US P&C insurance benchmark (KIE proxy),-0.004133061500126045
2014-03 to 2016-06,2016-06-20,US P&C insurance benchmark (KIE proxy),0.006725321888412239
2014-03 to 2016-06,2016-06-21,US P&C insurance benchmark (KIE proxy),0.004830176452783164
2014-03 to 2016-06,2016-06-22,US P&C insurance benchmark (KIE proxy),0.0008485362749257597
2014-03 to 2016-06,2016-06-23,US P&C insurance benchmark (KIE proxy),0.01907587961000412
2014-03 to 2016-06,2016-06-24,US P&C insurance benchmark (KIE proxy),-0.04908485856905165
2014-03 to 2016-06,2016-06-27,US P&C insurance benchmark (KIE proxy),-0.0313517060367452
2014-03 to 2016-06,2016-06-28,US P&C insurance benchmark (KIE proxy),0.023483401299716045
2014-03 to 2016-06,2016-06-29,US P&C insurance benchmark (KIE proxy),0.020738374376193747
2014-03 to 2016-06,2016-06-30,US P&C insurance benchmark (KIE proxy),0.02463980495649154
2014-03 to 2016-06,2016-07-01,US P&C insurance benchmark (KIE proxy),-0.0026705142321955533
2014-03 to 2016-06,2016-07-05,US P&C insurance benchmark (KIE proxy),-0.01734348561759702
2014-03 to 2016-06,2016-07-06,US P&C insurance benchmark (KIE proxy),0.0027249246663794136
2014-03 to 2016-06,2016-07-07,US P&C insurance benchmark (KIE proxy),-0.0011419592758430408
2014-03 to 2016-06,2016-07-08,US P&C insurance benchmark (KIE proxy),0.01575642441772973
2014-03 to 2016-06,2016-07-11,US P&C insurance benchmark (KIE proxy),0.004231317674637136
2014-03 to 2016-06,2016-07-12,US P&C insurance benchmark (KIE proxy),0.006602537363114225
2014-03 to 2016-06,2016-07-13,US P&C insurance benchmark (KIE proxy),-0.0015362076182502404
2014-03 to 2016-06,2016-07-14,US P&C insurance benchmark (KIE proxy),0.006150092440039723
2014-03 to 2016-06,2016-07-15,US P&C insurance benchmark (KIE proxy),-0.0025000000000000577
2014-03 to 2016-06,2016-07-18,US P&C insurance benchmark (KIE proxy),-0.0027861319966583364
2014-03 to 2016-06,2016-07-19,US P&C insurance benchmark (KIE proxy),-0.0006953374690554792
2014-03 to 2016-06,2016-07-20,US P&C insurance benchmark (KIE proxy),0.004049176960770007
2014-03 to 2016-06,2016-07-21,US P&C insurance benchmark (KIE proxy),-0.002225163129923491
2014-03 to 2016-06,2016-07-22,US P&C insurance benchmark (KIE proxy),0.008368200836819994
2014-03 to 2016-06,2016-07-25,US P&C insurance benchmark (KIE proxy),-0.0027676348547717167
2014-03 to 2016-06,2016-07-26,US P&C insurance benchmark (KIE proxy),0.0005575597192231108
2014-03 to 2016-06,2016-07-27,US P&C insurance benchmark (KIE proxy),-0.002773769373760171
2014-03 to 2016-06,2016-07-28,US P&C insurance benchmark (KIE proxy),0.004866555462885502
2014-03 to 2016-06,2016-07-29,US P&C insurance benchmark (KIE proxy),-0.005536027754837747
2014-03 to 2016-06,2016-08-01,US P&C insurance benchmark (KIE proxy),-0.005007657542992816
2014-03 to 2016-06,2016-08-02,US P&C insurance benchmark (KIE proxy),-0.003913048948761322
2014-03 to 2016-06,2016-08-03,US P&C insurance benchmark (KIE proxy),0.012913684210526188
2014-03 to 2016-06,2016-08-04,US P&C insurance benchmark (KIE proxy),-0.005960917332800908
2014-03 to 2016-06,2016-08-05,US P&C insurance benchmark (KIE proxy),0.01324367611329258
2014-03 to 2016-06,2016-08-08,US P&C insurance benchmark (KIE proxy),0.002199752373091002
2014-03 to 2016-06,2016-08-09,US P&C insurance benchmark (KIE proxy),0.0017872364958633202
2014-03 to 2016-06,2016-08-10,US P&C insurance benchmark (KIE proxy),-0.0034283318329242363
2014-03 to 2016-06,2016-08-11,US P&C insurance benchmark (KIE proxy),0.0
2014-03 to 2016-06,2016-08-12,US P&C insurance benchmark (KIE proxy),-0.004949821187709591
2014-03 to 2016-06,2016-08-15,US P&C insurance benchmark (KIE proxy),0.006632591726670967
2014-03 to 2016-06,2016-08-16,US P&C insurance benchmark (KIE proxy),-0.00260672972783782
2014-03 to 2016-06,2016-08-17,US P&C insurance benchmark (KIE proxy),-0.0002890173410402541
2014-03 to 2016-06,2016-08-18,US P&C insurance benchmark (KIE proxy),0.003456820716144282
2014-03 to 2016-06,2016-08-19,US P&C insurance benchmark (KIE proxy),-0.00041157852712503384
2014-03 to 2016-06,2016-08-22,US P&C insurance benchmark (KIE proxy),0.0013711208192135338
2014-03 to 2016-06,2016-08-23,US P&C insurance benchmark (KIE proxy),0.00013569078947361923
2014-03 to 2016-06,2016-08-24,US P&C insurance benchmark (KIE proxy),0.0016445136967435658
2014-03 to 2016-06,2016-08-25,US P&C insurance benchmark (KIE proxy),0.007388161702232221
2014-03 to 2016-06,2016-08-26,US P&C insurance benchmark (KIE proxy),0.0
2014-03 to 2016-06,2016-08-29,US P&C insurance benchmark (KIE proxy),0.011070230979534301
2014-03 to 2016-06,2016-08-30,US P&C insurance benchmark (KIE proxy),0.006782188192625327
2014-03 to 2016-06,2016-08-31,US P&C insurance benchmark (KIE proxy),-0.0009326229921585716
2014-03 to 2016-06,2016-09-01,US P&C insurance benchmark (KIE proxy),-0.004006410256410353
2014-03 to 2016-06,2016-09-02,US P&C insurance benchmark (KIE proxy),0.007510056315366276
2014-03 to 2016-06,2016-09-06,US P&C insurance benchmark (KIE proxy),-0.0014652628889234576
2014-03 to 2016-06,2016-09-07,US P&C insurance benchmark (KIE proxy),0.0034666133546579214
2014-03 to 2016-06,2016-09-08,US P&C insurance benchmark (KIE proxy),-0.0043830463766151295
2014-03 to 2016-06,2016-09-09,US P&C insurance benchmark (KIE proxy),-0.014807877790984803
2014-03 to 2016-06,2016-09-12,US P&C insurance benchmark (KIE proxy),0.009883534348632983
2014-03 to 2016-06,2016-09-13,US P&C insurance benchmark (KIE proxy),-0.011395816572807749
2014-03 to 2016-06,2016-09-14,US P&C insurance benchmark (KIE proxy),-0.005562178811638563
2014-03 to 2016-06,2016-09-15,US P&C insurance benchmark (KIE proxy),0.010364157119476358
2014-03 to 2016-06,2016-09-16,US P&C insurance benchmark (KIE proxy),-0.014307524713181419
2014-03 to 2016-06,2016-09-19,US P&C insurance benchmark (KIE proxy),0.005616269515201333
2014-03 to 2016-06,2016-09-20,US P&C insurance benchmark (KIE proxy),0.0006781959986437158
2014-03 to 2016-06,2016-09-21,US P&C insurance benchmark (KIE proxy),0.013338341505636064
2014-03 to 2016-06,2016-09-22,US P&C insurance benchmark (KIE proxy),0.00550765511684137
2014-03 to 2016-06,2016-09-23,US P&C insurance benchmark (KIE proxy),-0.012421514062356254
2014-03 to 2016-06,2016-09-26,US P&C insurance benchmark (KIE proxy),-0.009469827603695191
2014-03 to 2016-06,2016-09-27,US P&C insurance benchmark (KIE proxy),0.00737303027448144
2014-03 to 2016-06,2016-09-28,US P&C insurance benchmark (KIE proxy),0.008811342926732024
2014-03 to 2016-06,2016-09-29,US P&C insurance benchmark (KIE proxy),-0.01141878274889152
2014-03 to 2016-06,2016-09-30,US P&C insurance benchmark (KIE proxy),-0.023493019826314132
2014-03 to 2016-06,2014-06-02,SPY,-0.00038583402532677
2014-03 to 2016-06,2014-06-03,SPY,-0.0004924959174681387
2014-03 to 2016-06,2014-06-04,SPY,0.0020228215767632562
2014-03 to 2016-06,2014-06-05,SPY,0.006522076712045077
2014-03 to 2016-06,2014-06-06,SPY,0.0047570069426590145
2014-03 to 2016-06,2014-06-09,SPY,0.0010492642354447135
2014-03 to 2016-06,2014-06-10,SPY,0.00010225994477952582
2014-03 to 2016-06,2014-06-11,SPY,-0.00347648261758704
2014-03 to 2016-06,2014-06-12,SPY,-0.007079827621588097
2014-03 to 2016-06,2014-06-13,SPY,0.0030484654335021233
2014-03 to 2016-06,2014-06-16,SPY,0.0008241899757894799
2014-03 to 2016-06,2014-06-17,SPY,0.0027793504555047033
2014-03 to 2016-06,2014-06-18,SPY,0.007314068675255303
2014-03 to 2016-06,2014-06-19,SPY,0.0011464676059209644
2014-03 to 2016-06,2014-06-20,SPY,-0.0027483713355048733
2014-03 to 2016-06,2014-06-23,SPY,-0.0003062161886290271
2014-03 to 2016-06,2014-06-24,SPY,-0.006024096385542355
2014-03 to 2016-06,2014-06-25,SPY,0.004519774011299438
2014-03 to 2016-06,2014-06-26,SPY,-0.0007158196134573469
2014-03 to 2016-06,2014-06-27,SPY,0.001944330740892175
2014-03 to 2016-06,2014-06-30,SPY,-0.0005106730671021742
2014-03 to 2016-06,2014-07-01,SPY,0.006693235234007666
2014-03 to 2016-06,2014-07-02,SPY,0.0010150738466223608
2014-03 to 2016-06,2014-07-03,SPY,0.004918115905288234
2014-03 to 2016-06,2014-07-07,SPY,-0.003481331987891134
2014-03 to 2016-06,2014-07-08,SPY,-0.006430054174472177
2014-03 to 2016-06,2014-07-09,SPY,0.004484304932735439
2014-03 to 2016-06,2014-07-10,SPY,-0.0039569805194803465
2014-03 to 2016-06,2014-07-11,SPY,0.0013751655291840414
2014-03 to 2016-06,2014-07-14,SPY,0.005035349168404313
2014-03 to 2016-06,2014-07-15,SPY,-0.0018724696356274828
2014-03 to 2016-06,2014-07-16,SPY,0.003701262485423351
2014-03 to 2016-06,2014-07-17,SPY,-0.01136593251161877
2014-03 to 2016-06,2014-07-18,SPY,0.010218690920239304
2014-03 to 2016-06,2014-07-21,SPY,-0.0018709230038556068
2014-03 to 2016-06,2014-07-22,SPY,0.004357960879699974
2014-03 to 2016-06,2014-07-23,SPY,0.002219979818365081
2014-03 to 2016-06,2014-07-24,SPY,5.034232782930026e-05
2014-03 to 2016-06,2014-07-25,SPY,-0.004681600805436448
2014-03 to 2016-06,2014-07-28,SPY,0.0004046125834513692
2014-03 to 2016-06,2014-07-29,SPY,-0.004297269969666506
2014-03 to 2016-06,2014-07-30,SPY,0.00015232292460010122
2014-03 to 2016-06,2014-07-31,SPY,-0.019748197786577215
2014-03 to 2016-06,2014-08-01,SPY,-0.0030555699414781534
2014-03 to 2016-06,2014-08-04,SPY,0.007220779220779461
2014-03 to 2016-06,2014-08-05,SPY,-0.00969621950590549
2014-03 to 2016-06,2014-08-06,SPY,0.0003124837248058565
2014-03 to 2016-06,2014-08-07,SPY,-0.005414692560004153
2014-03 to 2016-06,2014-08-08,SPY,0.011568863529288764
2014-03 to 2016-06,2014-08-11,SPY,0.002872076174704974
2014-03 to 2016-06,2014-08-12,SPY,-0.0013674243401532449
2014-03 to 2016-06,2014-08-13,SPY,0.006768976386089864
2014-03 to 2016-06,2014-08-14,SPY,0.004721823034284478
2014-03 to 2016-06,2014-08-15,SPY,-0.00020433183489976248
2014-03 to 2016-06,2014-08-18,SPY,0.008379317392192887
2014-03 to 2016-06,2014-08-19,SPY,0.0052188893392781655
2014-03 to 2016-06,2014-08-20,SPY,0.0026715056202430976
2014-03 to 2016-06,2014-08-21,SPY,0.0029157450231249715
2014-03 to 2016-06,2014-08-22,SPY,-0.0015538847117794186
2014-03 to 2016-06,2014-08-25,SPY,0.00507053566946114
2014-03 to 2016-06,2014-08-26,SPY,0.0006493506493507883
2014-03 to 2016-06,2014-08-27,SPY,-0.0003993410872061842
2014-03 to 2016-06,2014-08-28,SPY,-0.0005493133583021059
2014-03 to 2016-06,2014-08-29,SPY,0.002848006395523184
2014-03 to 2016-06,2014-09-02,SPY,-0.0004982312789594268
2014-03 to 2016-06,2014-09-03,SPY,-0.0005483276008176885
2014-03 to 2016-06,2014-09-04,SPY,-0.0014458852867830219
2014-03 to 2016-06,2014-09-05,SPY,0.004494778235463626
2014-03 to 2016-06,2014-09-08,SPY,-0.0025856496444732757
2014-03 to 2016-06,2014-09-09,SPY,-0.00633132259833491
2014-03 to 2016-06,2014-09-10,SPY,0.003762793497892769
2014-03 to 2016-06,2014-09-11,SPY,0.0011495976408257835
2014-03 to 2016-06,2014-09-12,SPY,-0.0058412381427858096
2014-03 to 2016-06,2014-09-15,SPY,-0.0007482549088535517
2014-03 to 2016-06,2014-09-16,SPY,0.0075333825842669455
2014-03 to 2016-06,2014-09-17,SPY,0.0013467677573821835
2014-03 to 2016-06,2014-09-18,SPY,0.005330012453300226
2014-03 to 2016-06,2014-09-19,SPY,-0.005549499554058035
2014-03 to 2016-06,2014-09-22,SPY,-0.007722969606377417
2014-03 to 2016-06,2014-09-23,SPY,-0.005724328395681932
2014-03 to 2016-06,2014-09-24,SPY,0.007827887480430507
2014-03 to 2016-06,2014-09-25,SPY,-0.01613549809581072
2014-03 to 2016-06,2014-09-26,SPY,0.007945400835285499
2014-03 to 2016-06,2014-09-29,SPY,-0.0018191005558361173
2014-03 to 2016-06,2014-09-30,SPY,-0.0026323782525058403
2014-03 to 2016-06,2014-10-01,SPY,-0.013501167394172953
2014-03 to 2016-06,2014-10-02,SPY,0.00010290183165229116
2014-03 to 2016-06,2014-10-03,SPY,0.011009363103199998
2014-03 to 2016-06,2014-10-06,SPY,-0.001170364339507568
2014-03 to 2016-06,2014-10-07,SPY,-0.015436344184624917
2014-03 to 2016-06,2014-10-08,SPY,0.017489392528200254
2014-03 to 2016-06,2014-10-09,SPY,-0.01983319772172487
2014-03 to 2016-06,2014-10-10,SPY,-0.011414340562415637
2014-03 to 2016-06,2014-10-13,SPY,-0.01642752178020368
2014-03 to 2016-06,2014-10-14,SPY,0.0015479438386125643
2014-03 to 2016-06,2014-10-15,SPY,-0.006766116142780887
2014-03 to 2016-06,2014-10-16,SPY,-0.0008582309714101344
2014-03 to 2016-06,2014-10-17,SPY,0.011810812261770387
2014-03 to 2016-06,2014-10-20,SPY,0.009709768132859509
2014-03 to 2016-06,2014-10-21,SPY,0.019810825013137245
2014-03 to 2016-06,2014-10-22,SPY,-0.007110836296182033
2014-03 to 2016-06,2014-10-23,SPY,0.011624889719238363
2014-03 to 2016-06,2014-10-24,SPY,0.007695070025137252
2014-03 to 2016-06,2014-10-27,SPY,-0.0013745354579242086
2014-03 to 2016-06,2014-10-28,SPY,0.011470228384991898
2014-03 to 2016-06,2014-10-29,SPY,-0.0015120205634796546
2014-03 to 2016-06,2014-10-30,SPY,0.006410579980818509
2014-03 to 2016-06,2014-10-31,SPY,0.0114354498946736
2014-03 to 2016-06,2014-11-03,SPY,0.0005454725776059544
2014-03 to 2016-06,2014-11-04,SPY,-0.0034692967239927652
2014-03 to 2016-06,2014-11-05,SPY,0.006316208285671809
2014-03 to 2016-06,2014-11-06,SPY,0.004003162992981979
2014-03 to 2016-06,2014-11-07,SPY,0.0009352695052915472
2014-03 to 2016-06,2014-11-10,SPY,0.0031474377889249006
2014-03 to 2016-06,2014-11-11,SPY,0.0009559760760859959
2014-03 to 2016-06,2014-11-12,SPY,-0.0010530182441533809
2014-03 to 2016-06,2014-11-13,SPY,0.0011276720925672556
2014-03 to 2016-06,2014-11-14,SPY,0.0002448699740438265
2014-03 to 2016-06,2014-11-17,SPY,0.0006365060712885118
2014-03 to 2016-06,2014-11-18,SPY,0.005773841561872883
2014-03 to 2016-06,2014-11-19,SPY,-0.001605448795913289
2014-03 to 2016-06,2014-11-20,SPY,0.0017542149887925795
2014-03 to 2016-06,2014-11-21,SPY,0.005350715050102206
2014-03 to 2016-06,2014-11-24,SPY,0.0028062705631894946
2014-03 to 2016-06,2014-11-25,SPY,-4.8248576666964915e-05
2014-03 to 2016-06,2014-11-26,SPY,0.0018817852834740467
2014-03 to 2016-06,2014-11-28,SPY,-0.0021190522057404904
2014-03 to 2016-06,2014-12-01,SPY,-0.006949806949806958
2014-03 to 2016-06,2014-12-02,SPY,0.00643954121306356
2014-03 to 2016-06,2014-12-03,SPY,0.0038872926576043465
2014-03 to 2016-06,2014-12-04,SPY,-0.0011063543219971272
2014-03 to 2016-06,2014-12-05,SPY,0.001637291726861223
2014-03 to 2016-06,2014-12-08,SPY,-0.006682692307692473
2014-03 to 2016-06,2014-12-09,SPY,-0.0006776051497989766
2014-03 to 2016-06,2014-12-10,SPY,-0.01603090037293564
2014-03 to 2016-06,2014-12-11,SPY,0.005069400930596268
2014-03 to 2016-06,2014-12-12,SPY,-0.016161418286889884
2014-03 to 2016-06,2014-12-15,SPY,-0.006869431031907958
2014-03 to 2016-06,2014-12-16,SPY,-0.008019648137937874
2014-03 to 2016-06,2014-12-17,SPY,0.01960487090091445
2014-03 to 2016-06,2014-12-18,SPY,0.024728678328955978
2014-03 to 2016-06,2014-12-19,SPY,-0.0012573749879098983
2014-03 to 2016-06,2014-12-22,SPY,0.004600038737168521
2014-03 to 2016-06,2014-12-23,SPY,0.0013495927121993656
2014-03 to 2016-06,2014-12-24,SPY,9.626955475328103e-05
2014-03 to 2016-06,2014-12-26,SPY,0.003224719641911733
2014-03 to 2016-06,2014-12-29,SPY,0.001343312224141302
2014-03 to 2016-06,2014-12-30,SPY,-0.005366040628593249
2014-03 to 2016-06,2014-12-31,SPY,-0.009922928709055978
2014-03 to 2016-06,2015-01-02,SPY,-0.0005351756349128989
2014-03 to 2016-06,2015-01-05,SPY,-0.018059679696246778
2014-03 to 2016-06,2015-01-06,SPY,-0.009418996628990706
2014-03 to 2016-06,2015-01-07,SPY,0.01246121509358411
2014-03 to 2016-06,2015-01-08,SPY,0.017745044733330273
2014-03 to 2016-06,2015-01-09,SPY,-0.008013598834385793
2014-03 to 2016-06,2015-01-12,SPY,-0.007833537331701224
2014-03 to 2016-06,2015-01-13,SPY,-0.0028127313101408147
2014-03 to 2016-06,2015-01-14,SPY,-0.006037212984956408
2014-03 to 2016-06,2015-01-15,SPY,-0.009161107238872868
2014-03 to 2016-06,2015-01-16,SPY,0.013114768925117648
2014-03 to 2016-06,2015-01-20,SPY,0.0021078212567573473
2014-03 to 2016-06,2015-01-21,SPY,0.0050728761970753045
2014-03 to 2016-06,2015-01-22,SPY,0.014870986803229957
2014-03 to 2016-06,2015-01-23,SPY,-0.0054827753517708855
2014-03 to 2016-06,2015-01-26,SPY,0.0023418061179685257
2014-03 to 2016-06,2015-01-27,SPY,-0.013190557313214946
2014-03 to 2016-06,2015-01-28,SPY,-0.01282430699417958
2014-03 to 2016-06,2015-01-29,SPY,0.009244528829819076
2014-03 to 2016-06,2015-01-30,SPY,-0.012575857640618304
2014-03 to 2016-06,2015-02-02,SPY,0.012384056154424838
2014-03 to 2016-06,2015-02-03,SPY,0.014461172741679684
2014-03 to 2016-06,2015-02-04,SPY,-0.003807850029291071
2014-03 to 2016-06,2015-02-05,SPY,0.01009507007742827
2014-03 to 2016-06,2015-02-06,SPY,-0.002765379390646361
2014-03 to 2016-06,2015-02-09,SPY,-0.004475796643152452
2014-03 to 2016-06,2015-02-10,SPY,0.010653374383032821
2014-03 to 2016-06,2015-02-11,SPY,0.0005802427348775563
2014-03 to 2016-06,2015-02-12,SPY,0.009616778620789468
2014-03 to 2016-06,2015-02-13,SPY,0.004116408194524412
2014-03 to 2016-06,2015-02-17,SPY,0.0015730765563923832
2014-03 to 2016-06,2015-02-18,SPY,9.51882347339783e-05
2014-03 to 2016-06,2015-02-19,SPY,-0.0007138438109740575
2014-03 to 2016-06,2015-02-20,SPY,0.005995809124678786
2014-03 to 2016-06,2015-02-23,SPY,-0.0001420192294038225
2014-03 to 2016-06,2015-02-24,SPY,0.0028455226813250967
2014-03 to 2016-06,2015-02-25,SPY,-0.0008498182333223081
2014-03 to 2016-06,2015-02-26,SPY,-0.0011813069980625146
2014-03 to 2016-06,2015-02-27,SPY,-0.0034061879080331536
2014-03 to 2016-06,2015-03-02,SPY,0.006313490933257393
2014-03 to 2016-06,2015-03-03,SPY,-0.004103967168262779
2014-03 to 2016-06,2015-03-04,SPY,-0.004215138309965782
2014-03 to 2016-06,2015-03-05,SPY,0.0010935636714246577
2014-03 to 2016-06,2015-03-06,SPY,-0.014064430295543051
2014-03 to 2016-06,2015-03-09,SPY,0.004144578313252989
2014-03 to 2016-06,2015-03-10,SPY,-0.01622192359377994
2014-03 to 2016-06,2015-03-11,SPY,-0.0023416918723777602
2014-03 to 2016-06,2015-03-12,SPY,0.012713936430317707
2014-03 to 2016-06,2015-03-13,SPY,-0.006144857556735661
2014-03 to 2016-06,2015-03-16,SPY,0.013373340964322411
2014-03 to 2016-06,2015-03-17,SPY,-0.0029724805829898227
2014-03 to 2016-06,2015-03-18,SPY,0.012021542604346847
2014-03 to 2016-06,2015-03-19,SPY,-0.004561436852608458
2014-03 to 2016-06,2015-03-20,SPY,0.004343675417661119
2014-03 to 2016-06,2015-03-23,SPY,-0.0019485765885652873
2014-03 to 2016-06,2015-03-24,SPY,-0.005619047619047635
2014-03 to 2016-06,2015-03-25,SPY,-0.014653768796092259
2014-03 to 2016-06,2015-03-26,SPY,-0.002381415241057505
2014-03 to 2016-06,2015-03-27,SPY,0.0022896672675012386
2014-03 to 2016-06,2015-03-30,SPY,0.012199863905900443
2014-03 to 2016-06,2015-03-31,SPY,-0.008739495798319119
2014-03 to 2016-06,2015-04-01,SPY,-0.0035363077072133597
2014-03 to 2016-06,2015-04-02,SPY,0.003573164803111206
2014-03 to 2016-06,2015-04-06,SPY,0.006757575023615292
2014-03 to 2016-06,2015-04-07,SPY,-0.002646393687148363
2014-03 to 2016-06,2015-04-08,SPY,0.003352952527981623
2014-03 to 2016-06,2015-04-09,SPY,0.0044476499579275686
2014-03 to 2016-06,2015-04-10,SPY,0.005457156534226737
2014-03 to 2016-06,2015-04-13,SPY,-0.004522948009902827
2014-03 to 2016-06,2015-04-14,SPY,0.0019130517958774185
2014-03 to 2016-06,2015-04-15,SPY,0.004487087689149849
2014-03 to 2016-06,2015-04-16,SPY,-0.0002851304471797045
2014-03 to 2016-06,2015-04-17,SPY,-0.01150354137947418
2014-03 to 2016-06,2015-04-20,SPY,0.009136811733589933
2014-03 to 2016-06,2015-04-21,SPY,-0.0011913271384322854
2014-03 to 2016-06,2015-04-22,SPY,0.0049141221374044974
2014-03 to 2016-06,2015-04-23,SPY,0.0025162607415847305
2014-03 to 2016-06,2015-04-24,SPY,0.0023200416745594588
2014-03 to 2016-06,2015-04-27,SPY,-0.004157337187496779
2014-03 to 2016-06,2015-04-28,SPY,0.003178820515253422
2014-03 to 2016-06,2015-04-29,SPY,-0.004114642451759409
2014-03 to 2016-06,2015-04-30,SPY,-0.010020420762691495
2014-03 to 2016-06,2015-05-01,SPY,0.010841408423678311
2014-03 to 2016-06,2015-05-04,SPY,0.0028473804100226374
2014-03 to 2016-06,2015-05-05,SPY,-0.011451826613666394
2014-03 to 2016-06,2015-05-06,SPY,-0.004116802297750022
2014-03 to 2016-06,2015-05-07,SPY,0.003989617381272792
2014-03 to 2016-06,2015-05-08,SPY,0.013166084167185232
2014-03 to 2016-06,2015-05-11,SPY,-0.004796333049806423
2014-03 to 2016-06,2015-05-12,SPY,-0.002967640844234287
2014-03 to 2016-06,2015-05-13,SPY,0.00019049433279372252
2014-03 to 2016-06,2015-05-14,SPY,0.01042757832587382
2014-03 to 2016-06,2015-05-15,SPY,0.0010838320531547652
2014-03 to 2016-06,2015-05-18,SPY,0.0031067595556391048
2014-03 to 2016-06,2015-05-19,SPY,-0.0003284842796809073
2014-03 to 2016-06,2015-05-20,SPY,-0.0007041261794111797
2014-03 to 2016-06,2015-05-21,SPY,0.0029124389327321865
2014-03 to 2016-06,2015-05-22,SPY,-0.002388758782201461
2014-03 to 2016-06,2015-05-26,SPY,-0.010751678482558091
2014-03 to 2016-06,2015-05-27,SPY,0.009492168960607783
2014-03 to 2016-06,2015-05-28,SPY,-0.0011283497884342353
2014-03 to 2016-06,2015-05-29,SPY,-0.006212934199378961
2014-03 to 2016-06,2015-06-01,SPY,0.0020365634176375824
2014-03 to 2016-06,2015-06-02,SPY,-0.000992579288178641
2014-03 to 2016-06,2015-06-03,SPY,0.0026495079485235884
2014-03 to 2016-06,2015-06-04,SPY,-0.008450358625896492
2014-03 to 2016-06,2015-06-05,SPY,-0.0017094244874107378
2014-03 to 2016-06,2015-06-08,SPY,-0.006149592410735538
2014-03 to 2016-06,2015-06-09,SPY,-0.0001438986953183896
2014-03 to 2016-06,2015-06-10,SPY,0.011993283761093654
2014-03 to 2016-06,2015-06-11,SPY,0.0032235126807300674
2014-03 to 2016-06,2015-06-12,SPY,-0.0076548693474458585
2014-03 to 2016-06,2015-06-15,SPY,-0.004285510213799526
2014-03 to 2016-06,2015-06-16,SPY,0.005451676151307927
2014-03 to 2016-06,2015-06-17,SPY,0.0016171224732459688
2014-03 to 2016-06,2015-06-18,SPY,0.010399354195355981
2014-03 to 2016-06,2015-06-19,SPY,-0.009258388946329466
2014-03 to 2016-06,2015-06-22,SPY,0.005123096627294821
2014-03 to 2016-06,2015-06-23,SPY,0.0007079144839303719
2014-03 to 2016-06,2015-06-24,SPY,-0.007262780607432795
2014-03 to 2016-06,2015-06-25,SPY,-0.0030403800475057308
2014-03 to 2016-06,2015-06-26,SPY,-0.00019060325931585798
2014-03 to 2016-06,2015-06-29,SPY,-0.02097035554284643
2014-03 to 2016-06,2015-06-30,SPY,0.002093272320124795
2014-03 to 2016-06,2015-07-01,SPY,0.008015545299975724
2014-03 to 2016-06,2015-07-02,SPY,-0.000915662650602389
2014-03 to 2016-06,2015-07-06,SPY,-0.002845979451063685
2014-03 to 2016-06,2015-07-07,SPY,0.006288699690402577
2014-03 to 2016-06,2015-07-08,SPY,-0.016777232958369526
2014-03 to 2016-06,2015-07-09,SPY,0.0018090255708211878
2014-03 to 2016-06,2015-07-10,SPY,0.012591508052708367
2014-03 to 2016-06,2015-07-13,SPY,0.011037208405629384
2014-03 to 2016-06,2015-07-14,SPY,0.004338084568813683
2014-03 to 2016-06,2015-07-15,SPY,-0.000332257452060003
2014-03 to 2016-06,2015-07-16,SPY,0.008024310336641305
2014-03 to 2016-06,2015-07-17,SPY,0.0008478568064058667
2014-03 to 2016-06,2015-07-20,SPY,0.0005176957831327655
2014-03 to 2016-06,2015-07-21,SPY,-0.003951267698386718
2014-03 to 2016-06,2015-07-22,SPY,-0.0017945690672963588
2014-03 to 2016-06,2015-07-23,SPY,-0.005629938023371306
2014-03 to 2016-06,2015-07-24,SPY,-0.010372062042058983
2014-03 to 2016-06,2015-07-27,SPY,-0.005817307692307816
2014-03 to 2016-06,2015-07-28,SPY,0.012282992407756765
2014-03 to 2016-06,2015-07-29,SPY,0.006879090431376245
2014-03 to 2016-06,2015-07-30,SPY,0.00023722541158588406
2014-03 to 2016-06,2015-07-31,SPY,-0.0015178825538374463
2014-03 to 2016-06,2015-08-03,SPY,-0.0033729216152017516
2014-03 to 2016-06,2015-08-04,SPY,-0.0019543352876687514
2014-03 to 2016-06,2015-08-05,SPY,0.0032954436908969598
2014-03 to 2016-06,2015-08-06,SPY,-0.00818774694149571
2014-03 to 2016-06,2015-08-07,SPY,-0.0019198464122869296
2014-03 to 2016-06,2015-08-10,SPY,0.01259918249579206
2014-03 to 2016-06,2015-08-11,SPY,-0.00902312770100211
2014-03 to 2016-06,2015-08-12,SPY,0.001198063928691262
2014-03 to 2016-06,2015-08-13,SPY,-0.001244495500669962
2014-03 to 2016-06,2015-08-14,SPY,0.0036422888910185858
2014-03 to 2016-06,2015-08-17,SPY,0.005586858943749329
2014-03 to 2016-06,2015-08-18,SPY,-0.0028966237713090592
2014-03 to 2016-06,2015-08-19,SPY,-0.007905514810934378
2014-03 to 2016-06,2015-08-20,SPY,-0.020881336405530027
2014-03 to 2016-06,2015-08-21,SPY,-0.030102466048928522
2014-03 to 2016-06,2015-08-24,SPY,-0.04210685942475889
2014-03 to 2016-06,2015-08-25,SPY,-0.011767810026385273
2014-03 to 2016-06,2015-08-26,SPY,0.03839376301596631
2014-03 to 2016-06,2015-08-27,SPY,0.02473516404401921
2014-03 to 2016-06,2015-08-28,SPY,5.0183168565531844e-05
2014-03 to 2016-06,2015-08-31,SPY,-0.0080790847049379
2014-03 to 2016-06,2015-09-01,SPY,-0.029847726007993125
2014-03 to 2016-06,2015-09-02,SPY,0.01898107107472491
2014-03 to 2016-06,2015-09-03,SPY,0.0007164423519780971
2014-03 to 2016-06,2015-09-04,SPY,-0.015136793658910741
2014-03 to 2016-06,2015-09-08,SPY,0.02513110753414005
2014-03 to 2016-06,2015-09-09,SPY,-0.013371827989667406
2014-03 to 2016-06,2015-09-10,SPY,0.005441757790441093
2014-03 to 2016-06,2015-09-11,SPY,0.004544294102629687
2014-03 to 2016-06,2015-09-14,SPY,-0.0037104808376537957
2014-03 to 2016-06,2015-09-15,SPY,0.012499362277434756
2014-03 to 2016-06,2015-09-16,SPY,0.008666733850649866
2014-03 to 2016-06,2015-09-17,SPY,-0.002247976820860975
2014-03 to 2016-06,2015-09-18,SPY,-0.021428929054223445
2014-03 to 2016-06,2015-09-21,SPY,0.005167562036326734
2014-03 to 2016-06,2015-09-22,SPY,-0.012979741423190472
2014-03 to 2016-06,2015-09-23,SPY,-0.0015986797999073543
2014-03 to 2016-06,2015-09-24,SPY,-0.003615702479338845
2014-03 to 2016-06,2015-09-25,SPY,-0.00025920165889059543
2014-03 to 2016-06,2015-09-28,SPY,-0.025097225823178748
2014-03 to 2016-06,2015-09-29,SPY,0.0005850752619542821
2014-03 to 2016-06,2015-09-30,SPY,0.018658303210716376
2014-03 to 2016-06,2015-10-01,SPY,0.002609194802484005
2014-03 to 2016-06,2015-10-02,SPY,0.014937802529537247
2014-03 to 2016-06,2015-10-05,SPY,0.017794871794871714
2014-03 to 2016-06,2015-10-06,SPY,-0.0034262105104047036
2014-03 to 2016-06,2015-10-07,SPY,0.008190505081146826
2014-03 to 2016-06,2015-10-08,SPY,0.009026628554235083
2014-03 to 2016-06,2015-10-09,SPY,0.0005963918294318304
2014-03 to 2016-06,2015-10-12,SPY,0.0009437242338450336
2014-03 to 2016-06,2015-10-13,SPY,-0.006302104009527798
2014-03 to 2016-06,2015-10-14,SPY,-0.0047940074906366315
2014-03 to 2016-06,2015-10-15,SPY,0.015354508505193376
2014-03 to 2016-06,2015-10-16,SPY,0.00454657771188538
2014-03 to 2016-06,2015-10-19,SPY,0.0004919565110446111
2014-03 to 2016-06,2015-10-20,SPY,-0.0012784579829867582
2014-03 to 2016-06,2015-10-21,SPY,-0.00620353503027915
2014-03 to 2016-06,2015-10-22,SPY,0.016893732970027164
2014-03 to 2016-06,2015-10-23,SPY,0.010961707103186225
2014-03 to 2016-06,2015-10-26,SPY,-0.002457712881306806
2014-03 to 2016-06,2015-10-27,SPY,-0.0019323671497585293
2014-03 to 2016-06,2015-10-28,SPY,0.011374636979671005
2014-03 to 2016-06,2015-10-29,SPY,-0.0005743000717874924
2014-03 to 2016-06,2015-10-30,SPY,-0.004309725614135895
2014-03 to 2016-06,2015-11-02,SPY,0.011830904631366046
2014-03 to 2016-06,2015-11-03,SPY,0.0028993773468322104
2014-03 to 2016-06,2015-11-04,SPY,-0.003033175355450002
2014-03 to 2016-06,2015-11-05,SPY,-0.0009982886480320863
2014-03 to 2016-06,2015-11-06,SPY,-0.0005234356412088248
2014-03 to 2016-06,2015-11-09,SPY,-0.009331555894115051
2014-03 to 2016-06,2015-11-10,SPY,0.00230680507497083
2014-03 to 2016-06,2015-11-11,SPY,-0.0039317222861526835
2014-03 to 2016-06,2015-11-12,SPY,-0.013959757389044092
2014-03 to 2016-06,2015-11-13,SPY,-0.011228275727396708
2014-03 to 2016-06,2015-11-16,SPY,0.01520687271650023
2014-03 to 2016-06,2015-11-17,SPY,-0.0007295010213013153
2014-03 to 2016-06,2015-11-18,SPY,0.015866063172239375
2014-03 to 2016-06,2015-11-19,SPY,-0.0008623580702342704
2014-03 to 2016-06,2015-11-20,SPY,0.0036480460321266506
2014-03 to 2016-06,2015-11-23,SPY,-0.0011504423087582705
2014-03 to 2016-06,2015-11-24,SPY,0.0013392643612184507
2014-03 to 2016-06,2015-11-25,SPY,-0.0001433006926196967
2014-03 to 2016-06,2015-11-27,SPY,0.0011465698452128859
2014-03 to 2016-06,2015-11-30,SPY,-0.004151555640389493
2014-03 to 2016-06,2015-12-01,SPY,0.009535674924529447
2014-03 to 2016-06,2015-12-02,SPY,-0.010209796848300923
2014-03 to 2016-06,2015-12-03,SPY,-0.013998053028595248
2014-03 to 2016-06,2015-12-04,SPY,0.01950294246388773
2014-03 to 2016-06,2015-12-07,SPY,-0.0060585821963553554
2014-03 to 2016-06,2015-12-08,SPY,-0.006724262059035091
2014-03 to 2016-06,2015-12-09,SPY,-0.007774862405713678
2014-03 to 2016-06,2015-12-10,SPY,0.0025810850297067756
2014-03 to 2016-06,2015-12-11,SPY,-0.019381162869772206
2014-03 to 2016-06,2015-12-14,SPY,0.005056469189617552
2014-03 to 2016-06,2015-12-15,SPY,0.01049774076790233
2014-03 to 2016-06,2015-12-16,SPY,0.014628046127703742
2014-03 to 2016-06,2015-12-17,SPY,-0.015238186799980458
2014-03 to 2016-06,2015-12-18,SPY,-0.02362198574636354
2014-03 to 2016-06,2015-12-21,SPY,0.00824514250517927
2014-03 to 2016-06,2015-12-22,SPY,0.009074230178013565
2014-03 to 2016-06,2015-12-23,SPY,0.012383292383292499
2014-03 to 2016-06,2015-12-24,SPY,-0.0016503252111446098
2014-03 to 2016-06,2015-12-28,SPY,-0.002285103072734329
2014-03 to 2016-06,2015-12-29,SPY,0.010671994542176266
2014-03 to 2016-06,2015-12-30,SPY,-0.007087753134040531
2014-03 to 2016-06,2015-12-31,SPY,-0.010003399213325048
2014-03 to 2016-06,2016-01-04,SPY,-0.013983420807377023
2014-03 to 2016-06,2016-01-05,SPY,0.0016953604431815261
2014-03 to 2016-06,2016-01-06,SPY,-0.0126142232816846
2014-03 to 2016-06,2016-01-07,SPY,-0.02399155014586052
2014-03 to 2016-06,2016-01-08,SPY,-0.010961092501932668
2014-03 to 2016-06,2016-01-11,SPY,0.0009743490879157157
2014-03 to 2016-06,2016-01-12,SPY,0.008072458487324852
2014-03 to 2016-06,2016-01-13,SPY,-0.024944645483236605
2014-03 to 2016-06,2016-01-14,SPY,0.01641688291055443
2014-03 to 2016-06,2016-01-15,SPY,-0.021466159537331442
2014-03 to 2016-06,2016-01-19,SPY,0.0013311325275544572
2014-03 to 2016-06,2016-01-20,SPY,-0.012815059023715825
2014-03 to 2016-06,2016-01-21,SPY,0.005601939132776623
2014-03 to 2016-06,2016-01-22,SPY,0.020515292731265733
2014-03 to 2016-06,2016-01-25,SPY,-0.015116523199664056
2014-03 to 2016-06,2016-01-26,SPY,0.013643146450650123
2014-03 to 2016-06,2016-01-27,SPY,-0.010883280757097658
2014-03 to 2016-06,2016-01-28,SPY,0.005209163876043199
2014-03 to 2016-06,2016-01-29,SPY,0.024381576860028398
2014-03 to 2016-06,2016-02-01,SPY,-0.00036547443537282565
2014-03 to 2016-06,2016-02-02,SPY,-0.01802220500903695
2014-03 to 2016-06,2016-02-03,SPY,0.005994951619688882
2014-03 to 2016-06,2016-02-04,SPY,0.001568217459487542
2014-03 to 2016-06,2016-02-05,SPY,-0.01905010438413357
2014-03 to 2016-06,2016-02-08,SPY,-0.013461026868848203
2014-03 to 2016-06,2016-02-09,SPY,5.393161471256569e-05
2014-03 to 2016-06,2016-02-10,SPY,-0.000862859300005403
2014-03 to 2016-06,2016-02-11,SPY,-0.013008042316618895
2014-03 to 2016-06,2016-02-12,SPY,0.020616865361478443
2014-03 to 2016-06,2016-02-16,SPY,0.016878315383378917
2014-03 to 2016-06,2016-02-17,SPY,0.01633470334071041
2014-03 to 2016-06,2016-02-18,SPY,-0.004095810866860172
2014-03 to 2016-06,2016-02-19,SPY,-0.000468530376386056
2014-03 to 2016-06,2016-02-22,SPY,0.01447916666666682
2014-03 to 2016-06,2016-02-23,SPY,-0.012629633432590714
2014-03 to 2016-06,2016-02-24,SPY,0.0045757071547420924
2014-03 to 2016-06,2016-02-25,SPY,0.012111801242235876
2014-03 to 2016-06,2016-02-26,SPY,-0.002305410657665763
2014-03 to 2016-06,2016-02-29,SPY,-0.007838465686465401
2014-03 to 2016-06,2016-03-01,SPY,0.023506922917958306
2014-03 to 2016-06,2016-03-02,SPY,0.00449245368734541
2014-03 to 2016-06,2016-03-03,SPY,0.003894472361808843
2014-03 to 2016-06,2016-03-04,SPY,0.003278688524590345
2014-03 to 2016-06,2016-03-07,SPY,0.0007982836900661816
2014-03 to 2016-06,2016-03-08,SPY,-0.010917792512089353
2014-03 to 2016-06,2016-03-09,SPY,0.0049395161290322065
2014-03 to 2016-06,2016-03-10,SPY,0.0008024877119070517
2014-03 to 2016-06,2016-03-11,SPY,0.01613711536534046
2014-03 to 2016-06,2016-03-14,SPY,-0.0012823042020122521
2014-03 to 2016-06,2016-03-15,SPY,-0.0016296296296297585
2014-03 to 2016-06,2016-03-16,SPY,0.005787208784686193
2014-03 to 2016-06,2016-03-17,SPY,0.00634405429330176
2014-03 to 2016-06,2016-03-18,SPY,-0.0012217172457607006
2014-03 to 2016-06,2016-03-21,SPY,0.0014189255308738602
2014-03 to 2016-06,2016-03-22,SPY,-0.0005374505301214416
2014-03 to 2016-06,2016-03-23,SPY,-0.0066034415330464835
2014-03 to 2016-06,2016-03-24,SPY,-0.0004389565039379928
2014-03 to 2016-06,2016-03-28,SPY,0.0005907837731389254
2014-03 to 2016-06,2016-03-29,SPY,0.009254083841763405
2014-03 to 2016-06,2016-03-30,SPY,0.004383758253673209
2014-03 to 2016-06,2016-03-31,SPY,-0.0024269488399183414
2014-03 to 2016-06,2016-04-01,SPY,0.006811989100817151
2014-03 to 2016-06,2016-04-04,SPY,-0.003237966363812017
2014-03 to 2016-06,2016-04-05,SPY,-0.009991757575757543
2014-03 to 2016-06,2016-04-06,SPY,0.01092516156584189
2014-03 to 2016-06,2016-04-07,SPY,-0.011965894777637764
2014-03 to 2016-06,2016-04-08,SPY,0.0026928168668791663
2014-03 to 2016-06,2016-04-11,SPY,-0.002342796451037299
2014-03 to 2016-06,2016-04-12,SPY,0.00931231775692698
2014-03 to 2016-06,2016-04-13,SPY,0.010104895104894984
2014-03 to 2016-06,2016-04-14,SPY,4.423059911307092e-05
2014-03 to 2016-06,2016-04-15,SPY,-0.0011057160713427994
2014-03 to 2016-06,2016-04-18,SPY,0.007022812590240068
2014-03 to 2016-06,2016-04-19,SPY,0.0031581080409406326
2014-03 to 2016-06,2016-04-20,SPY,0.000952834683182413
2014-03 to 2016-06,2016-04-21,SPY,-0.00537839124226569
2014-03 to 2016-06,2016-04-22,SPY,0.0
2014-03 to 2016-06,2016-04-25,SPY,-0.0017227353208594254
2014-03 to 2016-06,2016-04-26,SPY,0.0014821916494893728
2014-03 to 2016-06,2016-04-27,SPY,0.0020620412101903796
2014-03 to 2016-06,2016-04-28,SPY,-0.009087652256985712
2014-03 to 2016-06,2016-04-29,SPY,-0.005383048723170858
2014-03 to 2016-06,2016-05-02,SPY,0.007944524036159306
2014-03 to 2016-06,2016-05-03,SPY,-0.008707025051690298
2014-03 to 2016-06,2016-05-04,SPY,-0.0055743328456840935
2014-03 to 2016-06,2016-05-05,SPY,-0.00019511243353997898
2014-03 to 2016-06,2016-05-06,SPY,0.0036590720593259185
2014-03 to 2016-06,2016-05-09,SPY,0.0008224771534122155
2014-03 to 2016-06,2016-05-10,SPY,0.01243775778428402
2014-03 to 2016-06,2016-05-11,SPY,-0.009354761333653316
2014-03 to 2016-06,2016-05-12,SPY,0.0002905569007267683
2014-03 to 2016-06,2016-05-13,SPY,-0.008714175058094797
2014-03 to 2016-06,2016-05-16,SPY,0.00986520804844715
2014-03 to 2016-06,2016-05-17,SPY,-0.009329722410291064
2014-03 to 2016-06,2016-05-18,SPY,0.0002889908167307276
2014-03 to 2016-06,2016-05-19,SPY,-0.00346493582548435
2014-03 to 2016-06,2016-05-20,SPY,0.006317335945152047
2014-03 to 2016-06,2016-05-23,SPY,-0.0013625967200350253
2014-03 to 2016-06,2016-05-24,SPY,0.012962331270405913
2014-03 to 2016-06,2016-05-25,SPY,0.006783085582335202
2014-03 to 2016-06,2016-05-26,SPY,0.00028669724770624683
2014-03 to 2016-06,2016-05-27,SPY,0.004299226139294898
2014-03 to 2016-06,2016-05-31,SPY,-0.0019025875190260555
2014-03 to 2016-06,2016-06-01,SPY,0.002049180327869049
2014-03 to 2016-06,2016-06-02,SPY,0.00304370571170387
2014-03 to 2016-06,2016-06-03,SPY,-0.0029870560902754972
2014-03 to 2016-06,2016-06-06,SPY,0.005088453490583955
2014-03 to 2016-06,2016-06-07,SPY,0.0015613910574876488
2014-03 to 2016-06,2016-06-08,SPY,0.0032596371882085418
2014-03 to 2016-06,2016-06-09,SPY,-0.001365541272307702
2014-03 to 2016-06,2016-06-10,SPY,-0.009477555639381352
2014-03 to 2016-06,2016-06-13,SPY,-0.007715523396962798
2014-03 to 2016-06,2016-06-14,SPY,-0.001963068219978825
2014-03 to 2016-06,2016-06-15,SPY,-0.0013939626994807774
2014-03 to 2016-06,2016-06-16,SPY,0.0029843561973526
2014-03 to 2016-06,2016-06-17,SPY,-0.00887843739501859
2014-03 to 2016-06,2016-06-20,SPY,0.00644005423203553
2014-03 to 2016-06,2016-06-21,SPY,0.0028385855184027697
2014-03 to 2016-06,2016-06-22,SPY,-0.0016311648436001525
2014-03 to 2016-06,2016-06-23,SPY,0.01302258529553102
2014-03 to 2016-06,2016-06-24,SPY,-0.03643090934965132
2014-03 to 2016-06,2016-06-27,SPY,-0.01737803377147651
2014-03 to 2016-06,2016-06-28,SPY,0.018034569138276613
2014-03 to 2016-06,2016-06-29,SPY,0.017029060574400345
2014-03 to 2016-06,2016-06-30,SPY,0.013621407142165864
2014-03 to 2016-06,2016-07-01,SPY,0.0021281775868242647
2014-03 to 2016-06,2016-07-05,SPY,-0.007197000011432864
2014-03 to 2016-06,2016-07-06,SPY,0.005997792812244995
2014-03 to 2016-06,2016-07-07,SPY,-0.0006391300200322414
2014-03 to 2016-06,2016-07-08,SPY,0.014909844124356697
2014-03 to 2016-06,2016-07-11,SPY,0.0035269221725839905
2014-03 to 2016-06,2016-07-12,SPY,0.007263355201499566
2014-03 to 2016-06,2016-07-13,SPY,-0.00013956734124209724
2014-03 to 2016-06,2016-07-14,SPY,0.005583472920156263
2014-03 to 2016-06,2016-07-15,SPY,-0.0013418471219692751
2014-03 to 2016-06,2016-07-18,SPY,0.002683593569012821
2014-03 to 2016-06,2016-07-19,SPY,-0.001012895939729086
2014-03 to 2016-06,2016-07-20,SPY,0.004139876960081557
2014-03 to 2016-06,2016-07-21,SPY,-0.0037773222470462997
2014-03 to 2016-06,2016-07-22,SPY,0.004508357801771279
2014-03 to 2016-06,2016-07-25,SPY,-0.0027158902596208234
2014-03 to 2016-06,2016-07-26,SPY,0.00046157396722823485
2014-03 to 2016-06,2016-07-27,SPY,-0.0010611303344866263
2014-03 to 2016-06,2016-07-28,SPY,0.0011546277480141143
2014-03 to 2016-06,2016-07-29,SPY,0.0016146145684363677
2014-03 to 2016-06,2016-08-01,SPY,-0.000829034635224768
2014-03 to 2016-06,2016-08-02,SPY,-0.006410989213607499
2014-03 to 2016-06,2016-08-03,SPY,0.002926478038424829
2014-03 to 2016-06,2016-08-04,SPY,0.0010625404755293388
2014-03 to 2016-06,2016-08-05,SPY,0.00818031724086321
2014-03 to 2016-06,2016-08-08,SPY,-0.0005958382986523958
2014-03 to 2016-06,2016-08-09,SPY,0.0005961935335931923
2014-03 to 2016-06,2016-08-10,SPY,-0.0024750206251721307
2014-03 to 2016-06,2016-08-11,SPY,0.004640691049439649
2014-03 to 2016-06,2016-08-12,SPY,-0.0008689686713926337
2014-03 to 2016-06,2016-08-15,SPY,0.0028838231255150504
2014-03 to 2016-06,2016-08-16,SPY,-0.005157697749783141
2014-03 to 2016-06,2016-08-17,SPY,0.0018810790970820168
2014-03 to 2016-06,2016-08-18,SPY,0.0022438979713330642
2014-03 to 2016-06,2016-08-19,SPY,-0.001462121904413638
2014-03 to 2016-06,2016-08-22,SPY,-4.575821359931176e-05
2014-03 to 2016-06,2016-08-23,SPY,0.002013453530407494
2014-03 to 2016-06,2016-08-24,SPY,-0.005114855916335537
2014-03 to 2016-06,2016-08-25,SPY,-0.000688547165480724
2014-03 to 2016-06,2016-08-26,SPY,-0.001883325677538017
2014-03 to 2016-06,2016-08-29,SPY,0.004927976437019588
2014-03 to 2016-06,2016-08-30,SPY,-0.0016523112206952018
2014-03 to 2016-06,2016-08-31,SPY,-0.0028440366972477538
2014-03 to 2016-06,2016-09-01,SPY,4.600239212426693e-05
2014-03 to 2016-06,2016-09-02,SPY,0.004508027048162333
2014-03 to 2016-06,2016-09-06,SPY,0.003026056692769119
2014-03 to 2016-06,2016-09-07,SPY,-9.496381330842407e-05
2014-03 to 2016-06,2016-09-08,SPY,-0.0022830007762203453
2014-03 to 2016-06,2016-09-09,SPY,-0.023934831357832365
2014-03 to 2016-06,2016-09-12,SPY,0.014347336834208413
2014-03 to 2016-06,2016-09-13,SPY,-0.014375520014791698
2014-03 to 2016-06,2016-09-14,SPY,-0.0003751817286495873
2014-03 to 2016-06,2016-09-15,SPY,0.009992962702322306
2014-03 to 2016-06,2016-09-16,SPY,-0.008872166480861976
2014-03 to 2016-06,2016-09-19,SPY,0.00018746777897549194
2014-03 to 2016-06,2016-09-20,SPY,4.685816034832868e-05
2014-03 to 2016-06,2016-09-21,SPY,0.011245431543435602
2014-03 to 2016-06,2016-09-22,SPY,0.0063015475859513614
2014-03 to 2016-06,2016-09-23,SPY,-0.005479325904779397
2014-03 to 2016-06,2016-09-26,SPY,-0.008102226954951552
2014-03 to 2016-06,2016-09-27,SPY,0.006207991038088112
2014-03 to 2016-06,2016-09-28,SPY,0.004963584914412955
2014-03 to 2016-06,2016-09-29,SPY,-0.00904726735598238
2014-03 to 2016-06,2016-09-30,SPY,-0.014222125063876767
2017-02 to 2017-07,2017-05-01,Core MA + ATR,-0.0017865657088318473
2017-02 to 2017-07,2017-05-02,Core MA + ATR,0.00014244378258167198
2017-02 to 2017-07,2017-05-03,Core MA + ATR,0.0012443875756961167
2017-02 to 2017-07,2017-05-04,Core MA + ATR,0.0007510644269825935
2017-02 to 2017-07,2017-05-05,Core MA + ATR,0.0014829257027243821
2017-02 to 2017-07,2017-05-08,Core MA + ATR,9.067566023825714e-05
2017-02 to 2017-07,2017-05-09,Core MA + ATR,-0.0009983521013904708
2017-02 to 2017-07,2017-05-10,Core MA + ATR,-0.0007209540463979436
2017-02 to 2017-07,2017-05-11,Core MA + ATR,-0.001482383854046104
2017-02 to 2017-07,2017-05-12,Core MA + ATR,7.315523091596845e-05
2017-02 to 2017-07,2017-05-15,Core MA + ATR,-0.001646680481534414
2017-02 to 2017-07,2017-05-16,Core MA + ATR,-8.439264770411215e-06
2017-02 to 2017-07,2017-05-17,Core MA + ATR,0.0008865472252115839
2017-02 to 2017-07,2017-05-18,Core MA + ATR,0.0008740335400315621
2017-02 to 2017-07,2017-05-19,Core MA + ATR,-0.0020300386162500628
2017-02 to 2017-07,2017-05-22,Core MA + ATR,0.0016464269949116163
2017-02 to 2017-07,2017-05-23,Core MA + ATR,-0.0004486417677862693
2017-02 to 2017-07,2017-05-24,Core MA + ATR,0.0005111250016657366
2017-02 to 2017-07,2017-05-25,Core MA + ATR,0.002173042919009762
2017-02 to 2017-07,2017-05-26,Core MA + ATR,-0.00031354644003784036
2017-02 to 2017-07,2017-05-30,Core MA + ATR,0.000447474008664668
2017-02 to 2017-07,2017-05-31,Core MA + ATR,5.2603626435495976e-05
2017-02 to 2017-07,2017-06-01,Core MA + ATR,0.0022994849153789637
2017-02 to 2017-07,2017-06-02,Core MA + ATR,-0.0003236385209215893
2017-02 to 2017-07,2017-06-05,Core MA + ATR,0.0
2017-02 to 2017-07,2017-06-06,Core MA + ATR,0.0
2017-02 to 2017-07,2017-06-07,Core MA + ATR,-0.002607663656505655
2017-02 to 2017-07,2017-06-08,Core MA + ATR,-0.000486394576804271
2017-02 to 2017-07,2017-06-09,Core MA + ATR,-0.0011798566702573893
2017-02 to 2017-07,2017-06-12,Core MA + ATR,-0.0015788301092419645
2017-02 to 2017-07,2017-06-13,Core MA + ATR,0.001667090645465663
2017-02 to 2017-07,2017-06-14,Core MA + ATR,0.0014489813013282898
2017-02 to 2017-07,2017-06-15,Core MA + ATR,-0.0007747846461864413
2017-02 to 2017-07,2017-06-16,Core MA + ATR,0.000505435421395741
2017-02 to 2017-07,2017-06-19,Core MA + ATR,-0.0004325412995022738
2017-02 to 2017-07,2017-06-20,Core MA + ATR,-0.0013179741649226122
2017-02 to 2017-07,2017-06-21,Core MA + ATR,0.00010338710882066968
2017-02 to 2017-07,2017-06-22,Core MA + ATR,0.0
2017-02 to 2017-07,2017-06-23,Core MA + ATR,-0.0002739922752377067
2017-02 to 2017-07,2017-06-26,Core MA + ATR,-3.6965160336392224e-05
2017-02 to 2017-07,2017-06-27,Core MA + ATR,-0.00284355283784355
2017-02 to 2017-07,2017-06-28,Core MA + ATR,0.0021833408105279193
2017-02 to 2017-07,2017-06-29,Core MA + ATR,-0.0036632849062009087
2017-02 to 2017-07,2017-06-30,Core MA + ATR,-0.00036485505846184374
2017-02 to 2017-07,2017-07-03,Core MA + ATR,0.00031980179595549334
2017-02 to 2017-07,2017-07-05,Core MA + ATR,-0.0017015303383798913
2017-02 to 2017-07,2017-07-06,Core MA + ATR,-0.0026518453137130537
2017-02 to 2017-07,2017-07-07,Core MA + ATR,-0.0005994900152155174
2017-02 to 2017-07,2017-07-10,Core MA + ATR,0.001075043215033271
2017-02 to 2017-07,2017-07-11,Core MA + ATR,-0.0009900668959185656
2017-02 to 2017-07,2017-07-12,Core MA + ATR,0.0008819556591706658
2017-02 to 2017-07,2017-07-13,Core MA + ATR,0.003495097709079279
2017-02 to 2017-07,2017-07-14,Core MA + ATR,0.0011490436754411854
2017-02 to 2017-07,2017-07-17,Core MA + ATR,-0.0003169031251523495
2017-02 to 2017-07,2017-07-18,Core MA + ATR,-0.00026891578046693717
2017-02 to 2017-07,2017-07-19,Core MA + ATR,0.0009749189637342288
2017-02 to 2017-07,2017-07-20,Core MA + ATR,0.001588539561507399
2017-02 to 2017-07,2017-07-21,Core MA + ATR,0.0005129201493923968
2017-02 to 2017-07,2017-07-24,Core MA + ATR,0.0008447642331026524
2017-02 to 2017-07,2017-07-25,Core MA + ATR,-0.0006980731664655756
2017-02 to 2017-07,2017-07-26,Core MA + ATR,-0.00280994871784479
2017-02 to 2017-07,2017-07-27,Core MA + ATR,-0.0029050025135071867
2017-02 to 2017-07,2017-07-28,Core MA + ATR,0.002886103372708245
2017-02 to 2017-07,2017-07-31,Core MA + ATR,0.00037444398980339904
2017-02 to 2017-07,2017-08-01,Core MA + ATR,0.002324151071635842
2017-02 to 2017-07,2017-08-02,Core MA + ATR,-0.00010182614675677264
2017-02 to 2017-07,2017-08-03,Core MA + ATR,-0.0023125729678844797
2017-02 to 2017-07,2017-08-04,Core MA + ATR,0.000298613805526593
2017-02 to 2017-07,2017-08-07,Core MA + ATR,-0.0011724387521564275
2017-02 to 2017-07,2017-08-08,Core MA + ATR,-0.002459521635994891
2017-02 to 2017-07,2017-08-09,Core MA + ATR,0.0029885849957646043
2017-02 to 2017-07,2017-08-10,Core MA + ATR,-0.007739891168543872
2017-02 to 2017-07,2017-08-11,Core MA + ATR,-0.0020072866452409688
2017-02 to 2017-07,2017-08-14,Core MA + ATR,0.002484744008605646
2017-02 to 2017-07,2017-08-15,Core MA + ATR,0.001196093060545371
2017-02 to 2017-07,2017-08-16,Core MA + ATR,0.0009084565330999552
2017-02 to 2017-07,2017-08-17,Core MA + ATR,-0.001851430418337247
2017-02 to 2017-07,2017-08-18,Core MA + ATR,0.0016440049934124585
2017-02 to 2017-07,2017-08-21,Core MA + ATR,0.0014518512256116692
2017-02 to 2017-07,2017-08-22,Core MA + ATR,-0.00025037691730859607
2017-02 to 2017-07,2017-08-23,Core MA + ATR,-0.0008367211135259635
2017-02 to 2017-07,2017-08-24,Core MA + ATR,0.0009488591309545275
2017-02 to 2017-07,2017-08-25,Core MA + ATR,0.001536451071414893
2017-02 to 2017-07,2017-08-28,Core MA + ATR,-0.001752796384385549
2017-02 to 2017-07,2017-08-29,Core MA + ATR,-0.0012086020120074278
2017-02 to 2017-07,2017-08-30,Core MA + ATR,-0.00032132585482780806
2017-02 to 2017-07,2017-08-31,Core MA + ATR,9.03257241291921e-05
2017-02 to 2017-07,2017-09-01,Core MA + ATR,8.931701650603463e-05
2017-02 to 2017-07,2017-09-05,Core MA + ATR,0.004884125414303912
2017-02 to 2017-07,2017-09-06,Core MA + ATR,-0.00039139444847583285
2017-02 to 2017-07,2017-09-07,Core MA + ATR,0.00207153337129102
2017-02 to 2017-07,2017-09-08,Core MA + ATR,-0.014595142197765306
2017-02 to 2017-07,2017-09-11,Core MA + ATR,-2.0411018515516165e-05
2017-02 to 2017-07,2017-09-12,Core MA + ATR,0.0004033667487479718
2017-02 to 2017-07,2017-09-13,Core MA + ATR,-0.0030300408426208367
2017-02 to 2017-07,2017-09-14,Core MA + ATR,-0.0005253762843440206
2017-02 to 2017-07,2017-09-15,Core MA + ATR,0.0
2017-02 to 2017-07,2017-09-18,Core MA + ATR,-0.0003847587830155928
2017-02 to 2017-07,2017-09-19,Core MA + ATR,-0.002459231614937495
2017-02 to 2017-07,2017-09-20,Core MA + ATR,-0.0012452927370852139
2017-02 to 2017-07,2017-09-21,Core MA + ATR,-0.0007085045206220768
2017-02 to 2017-07,2017-09-22,Core MA + ATR,-5.676176090049453e-05
2017-02 to 2017-07,2017-09-25,Core MA + ATR,0.0
2017-02 to 2017-07,2017-09-26,Core MA + ATR,0.0
2017-02 to 2017-07,2017-09-27,Core MA + ATR,0.0
2017-02 to 2017-07,2017-09-28,Core MA + ATR,0.0
2017-02 to 2017-07,2017-09-29,Core MA + ATR,0.0
2017-02 to 2017-07,2017-10-02,Core MA + ATR,0.0004247193009195757
2017-02 to 2017-07,2017-10-03,Core MA + ATR,0.0017633119618229289
2017-02 to 2017-07,2017-10-04,Core MA + ATR,-0.004210714474505927
2017-02 to 2017-07,2017-10-05,Core MA + ATR,0.001417734459716383
2017-02 to 2017-07,2017-10-06,Core MA + ATR,-0.0005663789625666129
2017-02 to 2017-07,2017-10-09,Core MA + ATR,0.0
2017-02 to 2017-07,2017-10-10,Core MA + ATR,0.0
2017-02 to 2017-07,2017-10-11,Core MA + ATR,0.0
2017-02 to 2017-07,2017-10-12,Core MA + ATR,0.0
2017-02 to 2017-07,2017-10-13,Core MA + ATR,-0.0008720268577392528
2017-02 to 2017-07,2017-10-16,Core MA + ATR,5.6982634713328e-05
2017-02 to 2017-07,2017-10-17,Core MA + ATR,-0.00021418913024515143
2017-02 to 2017-07,2017-10-18,Core MA + ATR,6.402543937032684e-05
2017-02 to 2017-07,2017-10-19,Core MA + ATR,0.0002821637426900689
2017-02 to 2017-07,2017-10-20,Core MA + ATR,-0.0015366200170989714
2017-02 to 2017-07,2017-10-23,Core MA + ATR,0.00031278598481800573
2017-02 to 2017-07,2017-10-24,Core MA + ATR,0.0007153402496051634
2017-02 to 2017-07,2017-10-25,Core MA + ATR,1.9661531637886736e-06
2017-02 to 2017-07,2017-10-26,Core MA + ATR,0.0
2017-02 to 2017-07,2017-10-27,Core MA + ATR,0.0
2017-02 to 2017-07,2017-10-30,Core MA + ATR,0.0004998824677805048
2017-02 to 2017-07,2017-10-31,Core MA + ATR,-0.0017029950401493733
2017-02 to 2017-07,2017-05-01,Enhanced short/order-book,-0.0017865657088318473
2017-02 to 2017-07,2017-05-02,Enhanced short/order-book,-0.0002436133398142482
2017-02 to 2017-07,2017-05-03,Enhanced short/order-book,0.0014451092824809646
2017-02 to 2017-07,2017-05-04,Enhanced short/order-book,0.0009592767837619718
2017-02 to 2017-07,2017-05-05,Enhanced short/order-book,0.0008625401176522995
2017-02 to 2017-07,2017-05-08,Enhanced short/order-book,-0.0013205793592225722
2017-02 to 2017-07,2017-05-09,Enhanced short/order-book,-0.0024578121498011413
2017-02 to 2017-07,2017-05-10,Enhanced short/order-book,-0.00011406827474244905
2017-02 to 2017-07,2017-05-11,Enhanced short/order-book,-0.001764749743524875
2017-02 to 2017-07,2017-05-12,Enhanced short/order-book,-0.0004423799265335308
2017-02 to 2017-07,2017-05-15,Enhanced short/order-book,0.0
2017-02 to 2017-07,2017-05-16,Enhanced short/order-book,0.0
2017-02 to 2017-07,2017-05-17,Enhanced short/order-book,0.0008865472252115839
2017-02 to 2017-07,2017-05-18,Enhanced short/order-book,0.0008740335400315621
2017-02 to 2017-07,2017-05-19,Enhanced short/order-book,-0.0020300386162500628
2017-02 to 2017-07,2017-05-22,Enhanced short/order-book,0.0016464269949116163
2017-02 to 2017-07,2017-05-23,Enhanced short/order-book,0.000928451078484657
2017-02 to 2017-07,2017-05-24,Enhanced short/order-book,0.001255459079333147
2017-02 to 2017-07,2017-05-25,Enhanced short/order-book,0.0018041798699141636
2017-02 to 2017-07,2017-05-26,Enhanced short/order-book,-0.00031354644003784036
2017-02 to 2017-07,2017-05-30,Enhanced short/order-book,0.000447474008664668
2017-02 to 2017-07,2017-05-31,Enhanced short/order-book,5.2603626435495976e-05
2017-02 to 2017-07,2017-06-01,Enhanced short/order-book,0.0022994849153789637
2017-02 to 2017-07,2017-06-02,Enhanced short/order-book,-0.0003236385209215893
2017-02 to 2017-07,2017-06-05,Enhanced short/order-book,0.0
2017-02 to 2017-07,2017-06-06,Enhanced short/order-book,0.0
2017-02 to 2017-07,2017-06-07,Enhanced short/order-book,0.0
2017-02 to 2017-07,2017-06-08,Enhanced short/order-book,0.0
2017-02 to 2017-07,2017-06-09,Enhanced short/order-book,0.0012040892031072571
2017-02 to 2017-07,2017-06-12,Enhanced short/order-book,-0.0015788301092419645
2017-02 to 2017-07,2017-06-13,Enhanced short/order-book,0.001667090645465663
2017-02 to 2017-07,2017-06-14,Enhanced short/order-book,0.0010424012687087173
2017-02 to 2017-07,2017-06-15,Enhanced short/order-book,-5.857610601701143e-05
2017-02 to 2017-07,2017-06-16,Enhanced short/order-book,0.0006483635844581368
2017-02 to 2017-07,2017-06-19,Enhanced short/order-book,-0.0008034338221980333
2017-02 to 2017-07,2017-06-20,Enhanced short/order-book,-0.0013179741649226122
2017-02 to 2017-07,2017-06-21,Enhanced short/order-book,0.00010338710882066968
2017-02 to 2017-07,2017-06-22,Enhanced short/order-book,0.0
2017-02 to 2017-07,2017-06-23,Enhanced short/order-book,0.0
2017-02 to 2017-07,2017-06-26,Enhanced short/order-book,0.0
2017-02 to 2017-07,2017-06-27,Enhanced short/order-book,-0.002482888537734469
2017-02 to 2017-07,2017-06-28,Enhanced short/order-book,0.0021833408105279193
2017-02 to 2017-07,2017-06-29,Enhanced short/order-book,-0.0036632849062009087
2017-02 to 2017-07,2017-06-30,Enhanced short/order-book,-0.00036485505846184374
2017-02 to 2017-07,2017-07-03,Enhanced short/order-book,0.0017921609135280797
2017-02 to 2017-07,2017-07-05,Enhanced short/order-book,-0.0022707412174288177
2017-02 to 2017-07,2017-07-06,Enhanced short/order-book,-0.0022830365618523676
2017-02 to 2017-07,2017-07-07,Enhanced short/order-book,0.0003008796485097441
2017-02 to 2017-07,2017-07-10,Enhanced short/order-book,-0.0002905260387172923
2017-02 to 2017-07,2017-07-11,Enhanced short/order-book,-0.0012441256253798068
2017-02 to 2017-07,2017-07-12,Enhanced short/order-book,0.0006978714919495656
2017-02 to 2017-07,2017-07-13,Enhanced short/order-book,0.0035576237182345033
2017-02 to 2017-07,2017-07-14,Enhanced short/order-book,0.0011490436754411854
2017-02 to 2017-07,2017-07-17,Enhanced short/order-book,-0.0003169031251523495
2017-02 to 2017-07,2017-07-18,Enhanced short/order-book,-0.00026891578046693717
2017-02 to 2017-07,2017-07-19,Enhanced short/order-book,0.0009749189637342288
2017-02 to 2017-07,2017-07-20,Enhanced short/order-book,0.001588539561507399
2017-02 to 2017-07,2017-07-21,Enhanced short/order-book,0.0005129201493923968
2017-02 to 2017-07,2017-07-24,Enhanced short/order-book,0.0008447642331026524
2017-02 to 2017-07,2017-07-25,Enhanced short/order-book,-0.0006980731664655756
2017-02 to 2017-07,2017-07-26,Enhanced short/order-book,-0.00280994871784479
2017-02 to 2017-07,2017-07-27,Enhanced short/order-book,-0.0029050025135071867
2017-02 to 2017-07,2017-07-28,Enhanced short/order-book,0.002886103372708245
2017-02 to 2017-07,2017-07-31,Enhanced short/order-book,0.00037444398980339904
2017-02 to 2017-07,2017-08-01,Enhanced short/order-book,0.002324151071635842
2017-02 to 2017-07,2017-08-02,Enhanced short/order-book,-0.00010182614675677264
2017-02 to 2017-07,2017-08-03,Enhanced short/order-book,-0.0023125729678844797
2017-02 to 2017-07,2017-08-04,Enhanced short/order-book,0.000298613805526593
2017-02 to 2017-07,2017-08-07,Enhanced short/order-book,-0.0011724387521564275
2017-02 to 2017-07,2017-08-08,Enhanced short/order-book,-0.002459521635994891
2017-02 to 2017-07,2017-08-09,Enhanced short/order-book,-4.08999949879917e-05
2017-02 to 2017-07,2017-08-10,Enhanced short/order-book,-0.0037763820236875836
2017-02 to 2017-07,2017-08-11,Enhanced short/order-book,-0.002701874599593331
2017-02 to 2017-07,2017-08-14,Enhanced short/order-book,0.0010015130752540685
2017-02 to 2017-07,2017-08-15,Enhanced short/order-book,0.00017150866462794766
2017-02 to 2017-07,2017-08-16,Enhanced short/order-book,0.00010520335773976204
2017-02 to 2017-07,2017-08-17,Enhanced short/order-book,-0.0017680970850039138
2017-02 to 2017-07,2017-08-18,Enhanced short/order-book,0.00021061534058589024
2017-02 to 2017-07,2017-08-21,Enhanced short/order-book,0.0001370895880457764
2017-02 to 2017-07,2017-08-22,Enhanced short/order-book,0.00045640218160242837
2017-02 to 2017-07,2017-08-23,Enhanced short/order-book,-0.00013636053726052822
2017-02 to 2017-07,2017-08-24,Enhanced short/order-book,0.0001669681662001883
2017-02 to 2017-07,2017-08-25,Enhanced short/order-book,0.0
2017-02 to 2017-07,2017-08-28,Enhanced short/order-book,0.0
2017-02 to 2017-07,2017-08-29,Enhanced short/order-book,0.0
2017-02 to 2017-07,2017-08-30,Enhanced short/order-book,0.0
2017-02 to 2017-07,2017-08-31,Enhanced short/order-book,0.0
2017-02 to 2017-07,2017-09-01,Enhanced short/order-book,0.0
2017-02 to 2017-07,2017-09-05,Enhanced short/order-book,0.0
2017-02 to 2017-07,2017-09-06,Enhanced short/order-book,0.00036857273980515893
2017-02 to 2017-07,2017-09-07,Enhanced short/order-book,6.613511948133343e-05
2017-02 to 2017-07,2017-09-08,Enhanced short/order-book,-0.010846842994551948
2017-02 to 2017-07,2017-09-11,Enhanced short/order-book,0.0
2017-02 to 2017-07,2017-09-12,Enhanced short/order-book,0.0005100248827639123
2017-02 to 2017-07,2017-09-13,Enhanced short/order-book,-0.0031228625257019274
2017-02 to 2017-07,2017-09-14,Enhanced short/order-book,-0.0005253762843440206
2017-02 to 2017-07,2017-09-15,Enhanced short/order-book,0.0
2017-02 to 2017-07,2017-09-18,Enhanced short/order-book,-0.0003847587830155928
2017-02 to 2017-07,2017-09-19,Enhanced short/order-book,-0.00019815971270178853
2017-02 to 2017-07,2017-09-20,Enhanced short/order-book,-0.0012054407145361133
2017-02 to 2017-07,2017-09-21,Enhanced short/order-book,-0.00031473635538148095
2017-02 to 2017-07,2017-09-22,Enhanced short/order-book,-0.0002464578672632419
2017-02 to 2017-07,2017-09-25,Enhanced short/order-book,0.0
2017-02 to 2017-07,2017-09-26,Enhanced short/order-book,0.0
2017-02 to 2017-07,2017-09-27,Enhanced short/order-book,0.0
2017-02 to 2017-07,2017-09-28,Enhanced short/order-book,0.0
2017-02 to 2017-07,2017-09-29,Enhanced short/order-book,0.0
2017-02 to 2017-07,2017-10-02,Enhanced short/order-book,0.0004247193009195757
2017-02 to 2017-07,2017-10-03,Enhanced short/order-book,0.0016942295048803944
2017-02 to 2017-07,2017-10-04,Enhanced short/order-book,-0.00271488704575456
2017-02 to 2017-07,2017-10-05,Enhanced short/order-book,0.001167687908496729
2017-02 to 2017-07,2017-10-06,Enhanced short/order-book,0.0
2017-02 to 2017-07,2017-10-09,Enhanced short/order-book,0.0
2017-02 to 2017-07,2017-10-10,Enhanced short/order-book,0.0
2017-02 to 2017-07,2017-10-11,Enhanced short/order-book,0.0
2017-02 to 2017-07,2017-10-12,Enhanced short/order-book,0.0
2017-02 to 2017-07,2017-10-13,Enhanced short/order-book,0.0
2017-02 to 2017-07,2017-10-16,Enhanced short/order-book,0.0
2017-02 to 2017-07,2017-10-17,Enhanced short/order-book,0.0
2017-02 to 2017-07,2017-10-18,Enhanced short/order-book,0.0
2017-02 to 2017-07,2017-10-19,Enhanced short/order-book,0.0
2017-02 to 2017-07,2017-10-20,Enhanced short/order-book,-0.0015366200170989714
2017-02 to 2017-07,2017-10-23,Enhanced short/order-book,0.00031278598481800573
2017-02 to 2017-07,2017-10-24,Enhanced short/order-book,0.0007153402496051634
2017-02 to 2017-07,2017-10-25,Enhanced short/order-book,1.9661531637886736e-06
2017-02 to 2017-07,2017-10-26,Enhanced short/order-book,0.0
2017-02 to 2017-07,2017-10-27,Enhanced short/order-book,0.0
2017-02 to 2017-07,2017-10-30,Enhanced short/order-book,0.0
2017-02 to 2017-07,2017-10-31,Enhanced short/order-book,-0.0024107868016792415
2017-02 to 2017-07,2017-05-01,Passive insurance basket,-0.00326415491021792
2017-02 to 2017-07,2017-05-02,Passive insurance basket,-0.0009294117411441372
2017-02 to 2017-07,2017-05-03,Passive insurance basket,0.012587689637822086
2017-02 to 2017-07,2017-05-04,Passive insurance basket,0.006008820433190731
2017-02 to 2017-07,2017-05-05,Passive insurance basket,-0.0038944686710723486
2017-02 to 2017-07,2017-05-08,Passive insurance basket,-0.007291508338606145
2017-02 to 2017-07,2017-05-09,Passive insurance basket,-0.002327214063451044
2017-02 to 2017-07,2017-05-10,Passive insurance basket,0.0034268944893081077
2017-02 to 2017-07,2017-05-11,Passive insurance basket,-0.0031984080605439447
2017-02 to 2017-07,2017-05-12,Passive insurance basket,-0.004387835909629212
2017-02 to 2017-07,2017-05-15,Passive insurance basket,0.007696502291331786
2017-02 to 2017-07,2017-05-16,Passive insurance basket,-0.001102354533975558
2017-02 to 2017-07,2017-05-17,Passive insurance basket,-0.001656141835293945
2017-02 to 2017-07,2017-05-18,Passive insurance basket,0.0018459733093336705
2017-02 to 2017-07,2017-05-19,Passive insurance basket,-0.0010909985112236287
2017-02 to 2017-07,2017-05-22,Passive insurance basket,0.007327403011493816
2017-02 to 2017-07,2017-05-23,Passive insurance basket,0.004908645822526481
2017-02 to 2017-07,2017-05-24,Passive insurance basket,0.004973918499741048
2017-02 to 2017-07,2017-05-25,Passive insurance basket,0.006835325239131551
2017-02 to 2017-07,2017-05-26,Passive insurance basket,-0.00701468865819066
2017-02 to 2017-07,2017-05-30,Passive insurance basket,-0.0021120850570401917
2017-02 to 2017-07,2017-05-31,Passive insurance basket,0.0023059535141178866
2017-02 to 2017-07,2017-06-01,Passive insurance basket,0.011203040735242142
2017-02 to 2017-07,2017-06-02,Passive insurance basket,-0.00019743151196516262
2017-02 to 2017-07,2017-06-05,Passive insurance basket,-0.005086304721992452
2017-02 to 2017-07,2017-06-06,Passive insurance basket,-0.00899830900336318
2017-02 to 2017-07,2017-06-07,Passive insurance basket,0.003408474318141952
2017-02 to 2017-07,2017-06-08,Passive insurance basket,0.009178873072848148
2017-02 to 2017-07,2017-06-09,Passive insurance basket,0.009771010637107613
2017-02 to 2017-07,2017-06-12,Passive insurance basket,-0.0007643130626280303
2017-02 to 2017-07,2017-06-13,Passive insurance basket,0.006672726113678529
2017-02 to 2017-07,2017-06-14,Passive insurance basket,0.008381054777309327
2017-02 to 2017-07,2017-06-15,Passive insurance basket,0.004220285170392746
2017-02 to 2017-07,2017-06-16,Passive insurance basket,0.004144784324149331
2017-02 to 2017-07,2017-06-19,Passive insurance basket,-0.0005039592440831964
2017-02 to 2017-07,2017-06-20,Passive insurance basket,-0.005715459109577492
2017-02 to 2017-07,2017-06-21,Passive insurance basket,-0.00507935212643007
2017-02 to 2017-07,2017-06-22,Passive insurance basket,-0.008381079327148933
2017-02 to 2017-07,2017-06-23,Passive insurance basket,0.002702743582131184
2017-02 to 2017-07,2017-06-26,Passive insurance basket,0.008954684189446116
2017-02 to 2017-07,2017-06-27,Passive insurance basket,-0.002266500492252743
2017-02 to 2017-07,2017-06-28,Passive insurance basket,0.007713850912117293
2017-02 to 2017-07,2017-06-29,Passive insurance basket,-0.0044730726893214
2017-02 to 2017-07,2017-06-30,Passive insurance basket,-0.004248802224523285
2017-02 to 2017-07,2017-07-03,Passive insurance basket,0.009386882930565665
2017-02 to 2017-07,2017-07-05,Passive insurance basket,-0.0026137161158023003
2017-02 to 2017-07,2017-07-06,Passive insurance basket,-0.007037384411372805
2017-02 to 2017-07,2017-07-07,Passive insurance basket,0.008925897220113388
2017-02 to 2017-07,2017-07-10,Passive insurance basket,-0.003552395053794455
2017-02 to 2017-07,2017-07-11,Passive insurance basket,-0.0026762233308514904
2017-02 to 2017-07,2017-07-12,Passive insurance basket,0.004023422221845374
2017-02 to 2017-07,2017-07-13,Passive insurance basket,0.004642675771774352
2017-02 to 2017-07,2017-07-14,Passive insurance basket,0.0018862314433885086
2017-02 to 2017-07,2017-07-17,Passive insurance basket,-0.00036774125084104714
2017-02 to 2017-07,2017-07-18,Passive insurance basket,-0.00031015959747060506
2017-02 to 2017-07,2017-07-19,Passive insurance basket,0.005979611619516101
2017-02 to 2017-07,2017-07-20,Passive insurance basket,0.003665141138860184
2017-02 to 2017-07,2017-07-21,Passive insurance basket,0.0022075965405048414
2017-02 to 2017-07,2017-07-24,Passive insurance basket,0.00645202461795269
2017-02 to 2017-07,2017-07-25,Passive insurance basket,0.009866213398283863
2017-02 to 2017-07,2017-07-26,Passive insurance basket,-0.00888073121688715
2017-02 to 2017-07,2017-07-27,Passive insurance basket,-0.002261596806726218
2017-02 to 2017-07,2017-07-28,Passive insurance basket,0.011743013509921907
2017-02 to 2017-07,2017-07-31,Passive insurance basket,0.00590618491560746
2017-02 to 2017-07,2017-08-01,Passive insurance basket,0.005488719439198375
2017-02 to 2017-07,2017-08-02,Passive insurance basket,-0.0010100991464170317
2017-02 to 2017-07,2017-08-03,Passive insurance basket,0.005242538484211412
2017-02 to 2017-07,2017-08-04,Passive insurance basket,0.011236151883108114
2017-02 to 2017-07,2017-08-07,Passive insurance basket,-0.0013273311774009144
2017-02 to 2017-07,2017-08-08,Passive insurance basket,0.001608048072033963
2017-02 to 2017-07,2017-08-09,Passive insurance basket,0.0054141313518707435
2017-02 to 2017-07,2017-08-10,Passive insurance basket,-0.015618988993939431
2017-02 to 2017-07,2017-08-11,Passive insurance basket,-0.004868152364497225
2017-02 to 2017-07,2017-08-14,Passive insurance basket,0.009878458817934144
2017-02 to 2017-07,2017-08-15,Passive insurance basket,-0.001707138992788071
2017-02 to 2017-07,2017-08-16,Passive insurance basket,0.00022769798138333464
2017-02 to 2017-07,2017-08-17,Passive insurance basket,-0.0141099207018629
2017-02 to 2017-07,2017-08-18,Passive insurance basket,-0.0009644698012796216
2017-02 to 2017-07,2017-08-21,Passive insurance basket,0.000398736851610737
2017-02 to 2017-07,2017-08-22,Passive insurance basket,0.006210714878778223
2017-02 to 2017-07,2017-08-23,Passive insurance basket,-0.0048686576080287924
2017-02 to 2017-07,2017-08-24,Passive insurance basket,-0.009412847956576709
2017-02 to 2017-07,2017-08-25,Passive insurance basket,0.007672367826478954
2017-02 to 2017-07,2017-08-28,Passive insurance basket,-0.014417612706687954
2017-02 to 2017-07,2017-08-29,Passive insurance basket,-0.001223467262272293
2017-02 to 2017-07,2017-08-30,Passive insurance basket,-0.00447018717078429
2017-02 to 2017-07,2017-08-31,Passive insurance basket,0.0031824592733793455
2017-02 to 2017-07,2017-09-01,Passive insurance basket,-0.00241356805887627
2017-02 to 2017-07,2017-09-05,Passive insurance basket,-0.029315550913706634
2017-02 to 2017-07,2017-09-06,Passive insurance basket,0.00892909176844614
2017-02 to 2017-07,2017-09-07,Passive insurance basket,-0.021016830166981415
2017-02 to 2017-07,2017-09-08,Passive insurance basket,0.03173085007992138
2017-02 to 2017-07,2017-09-11,Passive insurance basket,0.020021162218042177
2017-02 to 2017-07,2017-09-12,Passive insurance basket,0.006307083309291972
2017-02 to 2017-07,2017-09-13,Passive insurance basket,-0.0018527276714159768
2017-02 to 2017-07,2017-09-14,Passive insurance basket,-0.004712068583770934
2017-02 to 2017-07,2017-09-15,Passive insurance basket,0.001831653811803502
2017-02 to 2017-07,2017-09-18,Passive insurance basket,0.00040750250960353007
2017-02 to 2017-07,2017-09-19,Passive insurance basket,0.0024569157323615087
2017-02 to 2017-07,2017-09-20,Passive insurance basket,0.0049797345792614855
2017-02 to 2017-07,2017-09-21,Passive insurance basket,-0.0024491510103819003
2017-02 to 2017-07,2017-09-22,Passive insurance basket,0.0031372986870850106
2017-02 to 2017-07,2017-09-25,Passive insurance basket,0.0037725738010292442
2017-02 to 2017-07,2017-09-26,Passive insurance basket,-0.002888199763247723
2017-02 to 2017-07,2017-09-27,Passive insurance basket,0.006850893938692204
2017-02 to 2017-07,2017-09-28,Passive insurance basket,0.004951996841319195
2017-02 to 2017-07,2017-09-29,Passive insurance basket,-0.0026209813168259766
2017-02 to 2017-07,2017-10-02,Passive insurance basket,0.011302157397311552
2017-02 to 2017-07,2017-10-03,Passive insurance basket,0.0006974453831483096
2017-02 to 2017-07,2017-10-04,Passive insurance basket,-0.0038029635950996843
2017-02 to 2017-07,2017-10-05,Passive insurance basket,5.860011046054936e-05
2017-02 to 2017-07,2017-10-06,Passive insurance basket,-0.0012683733019990262
2017-02 to 2017-07,2017-10-09,Passive insurance basket,-0.011906682350689701
2017-02 to 2017-07,2017-10-10,Passive insurance basket,0.0027100383937719297
2017-02 to 2017-07,2017-10-11,Passive insurance basket,0.0030781269725135285
2017-02 to 2017-07,2017-10-12,Passive insurance basket,0.0006000162401733622
2017-02 to 2017-07,2017-10-13,Passive insurance basket,0.003037431066380769
2017-02 to 2017-07,2017-10-16,Passive insurance basket,0.00451093294834215
2017-02 to 2017-07,2017-10-17,Passive insurance basket,-0.0067514185705889185
2017-02 to 2017-07,2017-10-18,Passive insurance basket,0.007288356220043868
2017-02 to 2017-07,2017-10-19,Passive insurance basket,0.008513124189002186
2017-02 to 2017-07,2017-10-20,Passive insurance basket,-0.00026904189912135834
2017-02 to 2017-07,2017-10-23,Passive insurance basket,-0.006091085448137967
2017-02 to 2017-07,2017-10-24,Passive insurance basket,0.004193227235769648
2017-02 to 2017-07,2017-10-25,Passive insurance basket,-0.0022878217042829885
2017-02 to 2017-07,2017-10-26,Passive insurance basket,0.004140279828509952
2017-02 to 2017-07,2017-10-27,Passive insurance basket,-0.006072302813847741
2017-02 to 2017-07,2017-10-30,Passive insurance basket,-0.0015542370960850427
2017-02 to 2017-07,2017-10-31,Passive insurance basket,-0.02456595942038764
2017-02 to 2017-07,2017-05-01,US P&C insurance benchmark (KIE proxy),-0.001385615152030617
2017-02 to 2017-07,2017-05-02,US P&C insurance benchmark (KIE proxy),-0.0035855605692466375
2017-02 to 2017-07,2017-05-03,US P&C insurance benchmark (KIE proxy),0.0024384551341671834
2017-02 to 2017-07,2017-05-04,US P&C insurance benchmark (KIE proxy),0.006022233265106536
2017-02 to 2017-07,2017-05-05,US P&C insurance benchmark (KIE proxy),0.0010362694300518616
2017-02 to 2017-07,2017-05-08,US P&C insurance benchmark (KIE proxy),-0.004026915113871543
2017-02 to 2017-07,2017-05-09,US P&C insurance benchmark (KIE proxy),-0.011433204103481032
2017-02 to 2017-07,2017-05-10,US P&C insurance benchmark (KIE proxy),0.001401870796577942
2017-02 to 2017-07,2017-05-11,US P&C insurance benchmark (KIE proxy),-0.003615263200260399
2017-02 to 2017-07,2017-05-12,US P&C insurance benchmark (KIE proxy),-0.006557780119423873
2017-02 to 2017-07,2017-05-15,US P&C insurance benchmark (KIE proxy),0.006601068475036387
2017-02 to 2017-07,2017-05-16,US P&C insurance benchmark (KIE proxy),0.0007024938531787761
2017-02 to 2017-07,2017-05-17,US P&C insurance benchmark (KIE proxy),-0.01298701298701288
2017-02 to 2017-07,2017-05-18,US P&C insurance benchmark (KIE proxy),0.003438833570412525
2017-02 to 2017-07,2017-05-19,US P&C insurance benchmark (KIE proxy),0.0008257521255143896
2017-02 to 2017-07,2017-05-22,US P&C insurance benchmark (KIE proxy),0.004249291784702569
2017-02 to 2017-07,2017-05-23,US P&C insurance benchmark (KIE proxy),0.004231311706629048
2017-02 to 2017-07,2017-05-24,US P&C insurance benchmark (KIE proxy),0.00175561797752799
2017-02 to 2017-07,2017-05-25,US P&C insurance benchmark (KIE proxy),0.008061689449702092
2017-02 to 2017-07,2017-05-26,US P&C insurance benchmark (KIE proxy),-0.0006954102920723182
2017-02 to 2017-07,2017-05-30,US P&C insurance benchmark (KIE proxy),-0.002898399443284627
2017-02 to 2017-07,2017-05-31,US P&C insurance benchmark (KIE proxy),0.006047451381352209
2017-02 to 2017-07,2017-06-01,US P&C insurance benchmark (KIE proxy),0.011678806798473884
2017-02 to 2017-07,2017-06-02,US P&C insurance benchmark (KIE proxy),-0.0020571405061249326
2017-02 to 2017-07,2017-06-05,US P&C insurance benchmark (KIE proxy),-0.007445021249403272
2017-02 to 2017-07,2017-06-06,US P&C insurance benchmark (KIE proxy),-0.00980616130148837
2017-02 to 2017-07,2017-06-07,US P&C insurance benchmark (KIE proxy),0.0012794205553243732
2017-02 to 2017-07,2017-06-08,US P&C insurance benchmark (KIE proxy),0.009544989578714747
2017-02 to 2017-07,2017-06-09,US P&C insurance benchmark (KIE proxy),0.010948690549059892
2017-02 to 2017-07,2017-06-12,US P&C insurance benchmark (KIE proxy),0.0029657958560955766
2017-02 to 2017-07,2017-06-13,US P&C insurance benchmark (KIE proxy),0.0028410641200546927
2017-02 to 2017-07,2017-06-14,US P&C insurance benchmark (KIE proxy),0.003968942261582953
2017-02 to 2017-07,2017-06-15,US P&C insurance benchmark (KIE proxy),0.002371273712737043
2017-02 to 2017-07,2017-06-16,US P&C insurance benchmark (KIE proxy),-0.00022642784724569154
2017-02 to 2017-07,2017-06-19,US P&C insurance benchmark (KIE proxy),0.0004529582568542079
2017-02 to 2017-07,2017-06-20,US P&C insurance benchmark (KIE proxy),-0.006419634621427361
2017-02 to 2017-07,2017-06-21,US P&C insurance benchmark (KIE proxy),-0.009409420302175953
2017-02 to 2017-07,2017-06-22,US P&C insurance benchmark (KIE proxy),-0.004232749742533404
2017-02 to 2017-07,2017-06-23,US P&C insurance benchmark (KIE proxy),-0.0010342438126362818
2017-02 to 2017-07,2017-06-26,US P&C insurance benchmark (KIE proxy),0.004486363181452679
2017-02 to 2017-07,2017-06-27,US P&C insurance benchmark (KIE proxy),0.00011337595811244938
2017-02 to 2017-07,2017-06-28,US P&C insurance benchmark (KIE proxy),0.012480247337684824
2017-02 to 2017-07,2017-06-29,US P&C insurance benchmark (KIE proxy),-0.0006785802743500824
2017-02 to 2017-07,2017-06-30,US P&C insurance benchmark (KIE proxy),-0.003395205291088055
2017-02 to 2017-07,2017-07-03,US P&C insurance benchmark (KIE proxy),0.011242347538437114
2017-02 to 2017-07,2017-07-05,US P&C insurance benchmark (KIE proxy),-0.004042677195594813
2017-02 to 2017-07,2017-07-06,US P&C insurance benchmark (KIE proxy),-0.0036058220834614962
2017-02 to 2017-07,2017-07-07,US P&C insurance benchmark (KIE proxy),0.007808070829386615
2017-02 to 2017-07,2017-07-10,US P&C insurance benchmark (KIE proxy),-0.0024724876796679007
2017-02 to 2017-07,2017-07-11,US P&C insurance benchmark (KIE proxy),-0.0052881644396266525
2017-02 to 2017-07,2017-07-12,US P&C insurance benchmark (KIE proxy),0.003958352429158429
2017-02 to 2017-07,2017-07-13,US P&C insurance benchmark (KIE proxy),0.00394612708084674
2017-02 to 2017-07,2017-07-14,US P&C insurance benchmark (KIE proxy),0.002246547659144449
2017-02 to 2017-07,2017-07-17,US P&C insurance benchmark (KIE proxy),0.001566033868002803
2017-02 to 2017-07,2017-07-18,US P&C insurance benchmark (KIE proxy),-0.0013421332537002506
2017-02 to 2017-07,2017-07-19,US P&C insurance benchmark (KIE proxy),0.007280778677095867
2017-02 to 2017-07,2017-07-20,US P&C insurance benchmark (KIE proxy),0.002778519012675229
2017-02 to 2017-07,2017-07-21,US P&C insurance benchmark (KIE proxy),0.0034394095125949153
2017-02 to 2017-07,2017-07-24,US P&C insurance benchmark (KIE proxy),0.004309387503439233
2017-02 to 2017-07,2017-07-25,US P&C insurance benchmark (KIE proxy),0.0074793624388134194
2017-02 to 2017-07,2017-07-26,US P&C insurance benchmark (KIE proxy),-0.01113903149397344
2017-02 to 2017-07,2017-07-27,US P&C insurance benchmark (KIE proxy),-0.00640420364903771
2017-02 to 2017-07,2017-07-28,US P&C insurance benchmark (KIE proxy),0.011780593531176997
2017-02 to 2017-07,2017-07-31,US P&C insurance benchmark (KIE proxy),0.00450511315512836
2017-02 to 2017-07,2017-08-01,US P&C insurance benchmark (KIE proxy),0.0048129921259842945
2017-02 to 2017-07,2017-08-02,US P&C insurance benchmark (KIE proxy),-0.000979537462410529
2017-02 to 2017-07,2017-08-03,US P&C insurance benchmark (KIE proxy),-0.001634163161386426
2017-02 to 2017-07,2017-08-04,US P&C insurance benchmark (KIE proxy),0.0030543397486471058
2017-02 to 2017-07,2017-08-07,US P&C insurance benchmark (KIE proxy),-0.001850522193211468
2017-02 to 2017-07,2017-08-08,US P&C insurance benchmark (KIE proxy),-0.00010790202496135937
2017-02 to 2017-07,2017-08-09,US P&C insurance benchmark (KIE proxy),-0.0029431000654023265
2017-02 to 2017-07,2017-08-10,US P&C insurance benchmark (KIE proxy),-0.00819940964250565
2017-02 to 2017-07,2017-08-11,US P&C insurance benchmark (KIE proxy),-0.0029761904761905766
2017-02 to 2017-07,2017-08-14,US P&C insurance benchmark (KIE proxy),0.007737976782752787
2017-02 to 2017-07,2017-08-15,US P&C insurance benchmark (KIE proxy),-0.0014251249864232207
2017-02 to 2017-07,2017-08-16,US P&C insurance benchmark (KIE proxy),-0.000550428477257725
2017-02 to 2017-07,2017-08-17,US P&C insurance benchmark (KIE proxy),-0.01637684552802643
2017-02 to 2017-07,2017-08-18,US P&C insurance benchmark (KIE proxy),-0.0021256122869779404
2017-02 to 2017-07,2017-08-21,US P&C insurance benchmark (KIE proxy),-0.0023518897434088304
2017-02 to 2017-07,2017-08-22,US P&C insurance benchmark (KIE proxy),0.0059508373942944726
2017-02 to 2017-07,2017-08-23,US P&C insurance benchmark (KIE proxy),-0.0026782725142281416
2017-02 to 2017-07,2017-08-24,US P&C insurance benchmark (KIE proxy),-0.003917421953675837
2017-02 to 2017-07,2017-08-25,US P&C insurance benchmark (KIE proxy),0.005617844998702326
2017-02 to 2017-07,2017-08-28,US P&C insurance benchmark (KIE proxy),-0.010164209115281375
2017-02 to 2017-07,2017-08-29,US P&C insurance benchmark (KIE proxy),-0.0049667024413695415
2017-02 to 2017-07,2017-08-30,US P&C insurance benchmark (KIE proxy),0.0003402517863217991
2017-02 to 2017-07,2017-08-31,US P&C insurance benchmark (KIE proxy),0.0021530612244897718
2017-02 to 2017-07,2017-09-01,US P&C insurance benchmark (KIE proxy),0.001812424270193791
2017-02 to 2017-07,2017-09-05,US P&C insurance benchmark (KIE proxy),-0.03286275227244251
2017-02 to 2017-07,2017-09-06,US P&C insurance benchmark (KIE proxy),0.0025677223637057267
2017-02 to 2017-07,2017-09-07,US P&C insurance benchmark (KIE proxy),-0.024224318658281008
2017-02 to 2017-07,2017-09-08,US P&C insurance benchmark (KIE proxy),0.027808513000103785
2017-02 to 2017-07,2017-09-11,US P&C insurance benchmark (KIE proxy),0.021718757076712558
2017-02 to 2017-07,2017-09-12,US P&C insurance benchmark (KIE proxy),0.010001125254460952
2017-02 to 2017-07,2017-09-13,US P&C insurance benchmark (KIE proxy),-0.0006752194463200967
2017-02 to 2017-07,2017-09-14,US P&C insurance benchmark (KIE proxy),-0.006756756756756688
2017-02 to 2017-07,2017-09-15,US P&C insurance benchmark (KIE proxy),0.0028333333333332433
2017-02 to 2017-07,2017-09-18,US P&C insurance benchmark (KIE proxy),-0.0009022056554046642
2017-02 to 2017-07,2017-09-19,US P&C insurance benchmark (KIE proxy),0.0020368880424486147
2017-02 to 2017-07,2017-09-20,US P&C insurance benchmark (KIE proxy),0.004641440269406827
2017-02 to 2017-07,2017-09-21,US P&C insurance benchmark (KIE proxy),-1.3489041839731541e-05
2017-02 to 2017-07,2017-09-22,US P&C insurance benchmark (KIE proxy),0.0028125031615366947
2017-02 to 2017-07,2017-09-25,US P&C insurance benchmark (KIE proxy),0.0007835435673764213
2017-02 to 2017-07,2017-09-26,US P&C insurance benchmark (KIE proxy),-0.00033602150537637154
2017-02 to 2017-07,2017-09-27,US P&C insurance benchmark (KIE proxy),0.005714285714285783
2017-02 to 2017-07,2017-09-28,US P&C insurance benchmark (KIE proxy),0.002229278074866059
2017-02 to 2017-07,2017-09-29,US P&C insurance benchmark (KIE proxy),0.00033348117665532584
2017-02 to 2017-07,2017-10-02,US P&C insurance benchmark (KIE proxy),0.006667400080675456
2017-02 to 2017-07,2017-10-03,US P&C insurance benchmark (KIE proxy),0.0023181341007461054
2017-02 to 2017-07,2017-10-04,US P&C insurance benchmark (KIE proxy),-0.0035253265139576495
2017-02 to 2017-07,2017-10-05,US P&C insurance benchmark (KIE proxy),0.004419761273209533
2017-02 to 2017-07,2017-10-06,US P&C insurance benchmark (KIE proxy),0.0014326600271348244
2017-02 to 2017-07,2017-10-09,US P&C insurance benchmark (KIE proxy),-0.0029667036955237647
2017-02 to 2017-07,2017-10-10,US P&C insurance benchmark (KIE proxy),0.005729550661724758
2017-02 to 2017-07,2017-10-11,US P&C insurance benchmark (KIE proxy),-0.001863905325443671
2017-02 to 2017-07,2017-10-12,US P&C insurance benchmark (KIE proxy),0.00044132225416859683
2017-02 to 2017-07,2017-10-13,US P&C insurance benchmark (KIE proxy),0.005596394605075661
2017-02 to 2017-07,2017-10-16,US P&C insurance benchmark (KIE proxy),0.0034897386624415105
2017-02 to 2017-07,2017-10-17,US P&C insurance benchmark (KIE proxy),-0.0029360623489151916
2017-02 to 2017-07,2017-10-18,US P&C insurance benchmark (KIE proxy),0.00447268455958616
2017-02 to 2017-07,2017-10-19,US P&C insurance benchmark (KIE proxy),0.007491856677524389
2017-02 to 2017-07,2017-10-20,US P&C insurance benchmark (KIE proxy),0.00032331070158431174
2017-02 to 2017-07,2017-10-23,US P&C insurance benchmark (KIE proxy),-0.0021557853910795233
2017-02 to 2017-07,2017-10-24,US P&C insurance benchmark (KIE proxy),-0.0003239044740926955
2017-02 to 2017-07,2017-10-25,US P&C insurance benchmark (KIE proxy),-0.005073987551557857
2017-02 to 2017-07,2017-10-26,US P&C insurance benchmark (KIE proxy),0.0040154103176179845
2017-02 to 2017-07,2017-10-27,US P&C insurance benchmark (KIE proxy),-0.0005416801816410244
2017-02 to 2017-07,2017-10-30,US P&C insurance benchmark (KIE proxy),-0.0007561669798432646
2017-02 to 2017-07,2017-10-31,US P&C insurance benchmark (KIE proxy),-0.015044263049332263
2017-02 to 2017-07,2017-05-01,SPY,0.0010163810483869717
2017-02 to 2017-07,2017-05-02,SPY,0.0003770739064858919
2017-02 to 2017-07,2017-05-03,SPY,-0.0012145579427905728
2017-02 to 2017-07,2017-05-04,SPY,0.0011741026501175256
2017-02 to 2017-07,2017-05-05,SPY,0.003937007874015741
2017-02 to 2017-07,2017-05-08,SPY,-0.00016687526074243841
2017-02 to 2017-07,2017-05-09,SPY,-0.0009179671200869599
2017-02 to 2017-07,2017-05-10,SPY,0.0017958569996661122
2017-02 to 2017-07,2017-05-11,SPY,-0.0020427731688000828
2017-02 to 2017-07,2017-05-12,SPY,-0.0016709833737154067
2017-02 to 2017-07,2017-05-15,SPY,0.005523474767763048
2017-02 to 2017-07,2017-05-16,SPY,-0.0009155222638369542
2017-02 to 2017-07,2017-05-17,SPY,-0.017744085304898127
2017-02 to 2017-07,2017-05-18,SPY,0.004028496310745311
2017-02 to 2017-07,2017-05-19,SPY,0.006504202390505531
2017-02 to 2017-07,2017-05-22,SPY,0.0050774201670094055
2017-02 to 2017-07,2017-05-23,SPY,0.0022127588510352236
2017-02 to 2017-07,2017-05-24,SPY,0.002332847323474496
2017-02 to 2017-07,2017-05-25,SPY,0.004779518723244891
2017-02 to 2017-07,2017-05-26,SPY,-0.00020681667769695267
2017-02 to 2017-07,2017-05-30,SPY,-0.0008688097306689402
2017-02 to 2017-07,2017-05-31,SPY,-0.0002484472049689712
2017-02 to 2017-07,2017-06-01,SPY,0.007952286282306265
2017-02 to 2017-07,2017-06-02,SPY,0.003328402366863825
2017-02 to 2017-07,2017-06-05,SPY,-0.0007371913011425812
2017-02 to 2017-07,2017-06-06,SPY,-0.0031968523300135443
2017-02 to 2017-07,2017-06-07,SPY,0.0018502528678920882
2017-02 to 2017-07,2017-06-08,SPY,0.0004924895345972402
2017-02 to 2017-07,2017-06-09,SPY,-0.0015177619164821188
2017-02 to 2017-07,2017-06-12,SPY,-0.0002054147323443667
2017-02 to 2017-07,2017-06-13,SPY,0.0048898750821826376
2017-02 to 2017-07,2017-06-14,SPY,-0.0012676344305867504
2017-02 to 2017-07,2017-06-15,SPY,-0.0019243367179822002
2017-02 to 2017-07,2017-06-16,SPY,-0.004635517085777807
2017-02 to 2017-07,2017-06-19,SPY,0.008325090669304425
2017-02 to 2017-07,2017-06-20,SPY,-0.006744052971470738
2017-02 to 2017-07,2017-06-21,SPY,-0.0002469034196124209
2017-02 to 2017-07,2017-06-22,SPY,-0.00045276805927130237
2017-02 to 2017-07,2017-06-23,SPY,0.0011942019436665952
2017-02 to 2017-07,2017-06-26,SPY,0.000658084152510785
2017-02 to 2017-07,2017-06-27,SPY,-0.00805622919149973
2017-02 to 2017-07,2017-06-28,SPY,0.008950399867401426
2017-02 to 2017-07,2017-06-29,SPY,-0.008788861965583816
2017-02 to 2017-07,2017-06-30,SPY,0.0018645121193288094
2017-02 to 2017-07,2017-07-03,SPY,0.0016956162117451878
2017-02 to 2017-07,2017-07-05,SPY,0.0023120432682384173
2017-02 to 2017-07,2017-07-06,SPY,-0.009144457717181198
2017-02 to 2017-07,2017-07-07,SPY,0.006485138224901377
2017-02 to 2017-07,2017-07-10,SPY,0.0010738920325472634
2017-02 to 2017-07,2017-07-11,SPY,-0.0007426661715561611
2017-02 to 2017-07,2017-07-12,SPY,0.007514761137949799
2017-02 to 2017-07,2017-07-13,SPY,0.001680259005778506
2017-02 to 2017-07,2017-07-14,SPY,0.004664102773913603
2017-02 to 2017-07,2017-07-17,SPY,-0.00012216973448442303
2017-02 to 2017-07,2017-07-18,SPY,0.0005294668675925873
2017-02 to 2017-07,2017-07-19,SPY,0.005413986811039662
2017-02 to 2017-07,2017-07-20,SPY,0.0004453621604114666
2017-02 to 2017-07,2017-07-21,SPY,-0.0008903278025091943
2017-02 to 2017-07,2017-07-24,SPY,-0.00024303305249517848
2017-02 to 2017-07,2017-07-25,SPY,0.0024309213191799905
2017-02 to 2017-07,2017-07-26,SPY,4.041710451874181e-05
2017-02 to 2017-07,2017-07-27,SPY,-0.0009295558339733612
2017-02 to 2017-07,2017-07-28,SPY,-0.0011731391585757533
2017-02 to 2017-07,2017-07-31,SPY,-0.0005670082216194805
2017-02 to 2017-07,2017-08-01,SPY,0.0022287960449003386
2017-02 to 2017-07,2017-08-02,SPY,0.00048520135856389146
2017-02 to 2017-07,2017-08-03,SPY,-0.0019398642095052043
2017-02 to 2017-07,2017-08-04,SPY,0.0018221574344021718
2017-02 to 2017-07,2017-08-07,SPY,0.0018592619538415622
2017-02 to 2017-07,2017-08-08,SPY,-0.0024609674426108175
2017-02 to 2017-07,2017-08-09,SPY,-4.044325810892424e-05
2017-02 to 2017-07,2017-08-10,SPY,-0.014115267947421795
2017-02 to 2017-07,2017-08-11,SPY,0.0014768624876930758
2017-02 to 2017-07,2017-08-14,SPY,0.009913157463542266
2017-02 to 2017-07,2017-08-15,SPY,-0.00012168410805524221
2017-02 to 2017-07,2017-08-16,SPY,0.0017443511419412694
2017-02 to 2017-07,2017-08-17,SPY,-0.015590831780999403
2017-02 to 2017-07,2017-08-18,SPY,-0.0015632070426588873
2017-02 to 2017-07,2017-08-21,SPY,0.0007828272423879845
2017-02 to 2017-07,2017-08-22,SPY,0.010456978180320986
2017-02 to 2017-07,2017-08-23,SPY,-0.0035853976531941
2017-02 to 2017-07,2017-08-24,SPY,-0.0023307163886162607
2017-02 to 2017-07,2017-08-25,SPY,0.0023361613180867824
2017-02 to 2017-07,2017-08-28,SPY,4.0889761203866115e-05
2017-02 to 2017-07,2017-08-29,SPY,0.001144866500388364
2017-02 to 2017-07,2017-08-30,SPY,0.004737594445578974
2017-02 to 2017-07,2017-08-31,SPY,0.006016015609121572
2017-02 to 2017-07,2017-09-01,SPY,0.0014141985534767976
2017-02 to 2017-07,2017-09-05,SPY,-0.007182052937378947
2017-02 to 2017-07,2017-09-06,SPY,0.003413801511826353
2017-02 to 2017-07,2017-09-07,SPY,-0.0001215066828678113
2017-02 to 2017-07,2017-09-08,SPY,-0.0011747073358446825
2017-02 to 2017-07,2017-09-11,SPY,0.010665909643928995
2017-02 to 2017-07,2017-09-12,SPY,0.003370651257975199
2017-02 to 2017-07,2017-09-13,SPY,0.0004799040191960646
2017-02 to 2017-07,2017-09-14,SPY,-0.0003197825478674643
2017-02 to 2017-07,2017-09-15,SPY,-0.0035987044663919887
2017-02 to 2017-07,2017-09-18,SPY,0.002126891127252284
2017-02 to 2017-07,2017-09-19,SPY,0.0010011212558065363
2017-02 to 2017-07,2017-09-20,SPY,0.0003600432051849012
2017-02 to 2017-07,2017-09-21,SPY,-0.0026793569543311913
2017-02 to 2017-07,2017-09-22,SPY,0.0002004891936324693
2017-02 to 2017-07,2017-09-25,SPY,-0.0020445798588837327
2017-02 to 2017-07,2017-09-26,SPY,0.000602579038283757
2017-02 to 2017-07,2017-09-27,SPY,0.003894331138590168
2017-02 to 2017-07,2017-09-28,SPY,0.0011997600479902726
2017-02 to 2017-07,2017-09-29,SPY,0.0035150788895546015
2017-02 to 2017-07,2017-10-02,SPY,0.004338653823189986
2017-02 to 2017-07,2017-10-03,SPY,0.0021401395053901595
2017-02 to 2017-07,2017-10-04,SPY,0.0011864272720081281
2017-02 to 2017-07,2017-10-05,SPY,0.005925106651919476
2017-02 to 2017-07,2017-10-06,SPY,-0.00113877326631584
2017-02 to 2017-07,2017-10-09,SPY,-0.0016511381059085561
2017-02 to 2017-07,2017-10-10,SPY,0.0026383146288637693
2017-02 to 2017-07,2017-10-11,SPY,0.0015709685020814934
2017-02 to 2017-07,2017-10-12,SPY,-0.0014900792094737492
2017-02 to 2017-07,2017-10-13,SPY,0.001217404963870683
2017-02 to 2017-07,2017-10-16,SPY,0.0013335948225141614
2017-02 to 2017-07,2017-10-17,SPY,0.000705080496689936
2017-02 to 2017-07,2017-10-18,SPY,0.0009785884839705883
2017-02 to 2017-07,2017-10-19,SPY,0.00027373689973408943
2017-02 to 2017-07,2017-10-20,SPY,0.005160483208882294
2017-02 to 2017-07,2017-10-23,SPY,-0.0038893858659717617
2017-02 to 2017-07,2017-10-24,SPY,0.0017570575143492917
2017-02 to 2017-07,2017-10-25,SPY,-0.004950109136264369
2017-02 to 2017-07,2017-10-26,SPY,0.0012926475772649937
2017-02 to 2017-07,2017-10-27,SPY,0.008176199045457855
2017-02 to 2017-07,2017-10-30,SPY,-0.0037251173800004755
2017-02 to 2017-07,2017-10-31,SPY,-0.013040694439907297
2018-06 to 2020-05,2018-09-04,Core MA + ATR,0.0020942900367223564
2018-06 to 2020-05,2018-09-05,Core MA + ATR,-0.0004456293234969748
2018-06 to 2020-05,2018-09-06,Core MA + ATR,-8.169092497857863e-05
2018-06 to 2020-05,2018-09-07,Core MA + ATR,-0.00024248189221541875
2018-06 to 2020-05,2018-09-10,Core MA + ATR,-0.0002840254232746883
2018-06 to 2020-05,2018-09-11,Core MA + ATR,0.0005188090257970433
2018-06 to 2020-05,2018-09-12,Core MA + ATR,-0.00041602925113563556
2018-06 to 2020-05,2018-09-13,Core MA + ATR,-0.00021075433231396149
2018-06 to 2020-05,2018-09-14,Core MA + ATR,0.0
2018-06 to 2020-05,2018-09-17,Core MA + ATR,-0.0011053803474959873
2018-06 to 2020-05,2018-09-18,Core MA + ATR,0.00019297082228115592
2018-06 to 2020-05,2018-09-19,Core MA + ATR,-0.0024181327034804795
2018-06 to 2020-05,2018-09-20,Core MA + ATR,0.00026793307450545854
2018-06 to 2020-05,2018-09-21,Core MA + ATR,0.0029548611111111112
2018-06 to 2020-05,2018-09-24,Core MA + ATR,-0.001425855513307983
2018-06 to 2020-05,2018-09-25,Core MA + ATR,0.00028958300018206806
2018-06 to 2020-05,2018-09-26,Core MA + ATR,-0.001017899970979955
2018-06 to 2020-05,2018-09-27,Core MA + ATR,0.0003186523800493785
2018-06 to 2020-05,2018-09-28,Core MA + ATR,-0.001415436203402135
2018-06 to 2020-05,2018-10-01,Core MA + ATR,-0.000929752528954567
2018-06 to 2020-05,2018-10-02,Core MA + ATR,-0.0016458071135439715
2018-06 to 2020-05,2018-10-03,Core MA + ATR,0.0010219330340509728
2018-06 to 2020-05,2018-10-04,Core MA + ATR,-0.004149875860698373
2018-06 to 2020-05,2018-10-05,Core MA + ATR,0.0002203060210619069
2018-06 to 2020-05,2018-10-08,Core MA + ATR,-0.001075013544937669
2018-06 to 2020-05,2018-10-09,Core MA + ATR,-0.0025291473068439407
2018-06 to 2020-05,2018-10-10,Core MA + ATR,-0.004866435658338192
2018-06 to 2020-05,2018-10-11,Core MA + ATR,0.0065478092974343835
2018-06 to 2020-05,2018-10-12,Core MA + ATR,-0.005006151557867974
2018-06 to 2020-05,2018-10-15,Core MA + ATR,0.0014595090016229992
2018-06 to 2020-05,2018-10-16,Core MA + ATR,-0.002403198586512614
2018-06 to 2020-05,2018-10-17,Core MA + ATR,-0.0025788577783800904
2018-06 to 2020-05,2018-10-18,Core MA + ATR,0.0020416846340931927
2018-06 to 2020-05,2018-10-19,Core MA + ATR,0.001817885704819616
2018-06 to 2020-05,2018-10-22,Core MA + ATR,0.004395349040220545
2018-06 to 2020-05,2018-10-23,Core MA + ATR,-0.0016261842161372196
2018-06 to 2020-05,2018-10-24,Core MA + ATR,0.011011555558312673
2018-06 to 2020-05,2018-10-25,Core MA + ATR,-0.0030371418900291317
2018-06 to 2020-05,2018-10-26,Core MA + ATR,-0.003904296286886521
2018-06 to 2020-05,2018-10-29,Core MA + ATR,0.002800790597012814
2018-06 to 2020-05,2018-10-30,Core MA + ATR,-0.01283147425664876
2018-06 to 2020-05,2018-10-31,Core MA + ATR,-0.006655447307817772
2018-06 to 2020-05,2018-11-01,Core MA + ATR,-0.008185781251959378
2018-06 to 2020-05,2018-11-02,Core MA + ATR,-0.001981541486691891
2018-06 to 2020-05,2018-11-05,Core MA + ATR,-0.002313687638306689
2018-06 to 2020-05,2018-11-06,Core MA + ATR,0.0003601612330126267
2018-06 to 2020-05,2018-11-07,Core MA + ATR,0.0004458549762699597
2018-06 to 2020-05,2018-11-08,Core MA + ATR,-0.0016120104314729768
2018-06 to 2020-05,2018-11-09,Core MA + ATR,-0.0017905558778770387
2018-06 to 2020-05,2018-11-12,Core MA + ATR,-0.005321295414729362
2018-06 to 2020-05,2018-11-13,Core MA + ATR,0.0018174190010930623
2018-06 to 2020-05,2018-11-14,Core MA + ATR,-0.002491944589994614
2018-06 to 2020-05,2018-11-15,Core MA + ATR,-0.007014658421813936
2018-06 to 2020-05,2018-11-16,Core MA + ATR,0.002472692360418293
2018-06 to 2020-05,2018-11-19,Core MA + ATR,0.0015098552441930705
2018-06 to 2020-05,2018-11-20,Core MA + ATR,-0.005837879471266542
2018-06 to 2020-05,2018-11-21,Core MA + ATR,0.0009285402544301969
2018-06 to 2020-05,2018-11-23,Core MA + ATR,0.0014867685755819986
2018-06 to 2020-05,2018-11-26,Core MA + ATR,-0.002393737031224841
2018-06 to 2020-05,2018-11-27,Core MA + ATR,0.004122121767079211
2018-06 to 2020-05,2018-11-28,Core MA + ATR,-0.010407900130489015
2018-06 to 2020-05,2018-11-29,Core MA + ATR,0.0013563346429590816
2018-06 to 2020-05,2018-11-30,Core MA + ATR,-0.0011628512147052214
2018-06 to 2020-05,2018-12-03,Core MA + ATR,0.00157618854516666
2018-06 to 2020-05,2018-12-04,Core MA + ATR,0.0059335197787904175
2018-06 to 2020-05,2018-12-06,Core MA + ATR,0.002068765785437164
2018-06 to 2020-05,2018-12-07,Core MA + ATR,0.009343168321372627
2018-06 to 2020-05,2018-12-10,Core MA + ATR,-0.004496051651227446
2018-06 to 2020-05,2018-12-11,Core MA + ATR,0.005810273875550264
2018-06 to 2020-05,2018-12-12,Core MA + ATR,-0.0018539359661359496
2018-06 to 2020-05,2018-12-13,Core MA + ATR,0.0053663432768318
2018-06 to 2020-05,2018-12-14,Core MA + ATR,0.0034747974997368283
2018-06 to 2020-05,2018-12-17,Core MA + ATR,0.00545437942142881
2018-06 to 2020-05,2018-12-18,Core MA + ATR,-0.0005617992762781289
2018-06 to 2020-05,2018-12-19,Core MA + ATR,0.0010830884333505708
2018-06 to 2020-05,2018-12-20,Core MA + ATR,0.007000839574700105
2018-06 to 2020-05,2018-12-21,Core MA + ATR,0.0046558284832153496
2018-06 to 2020-05,2018-12-24,Core MA + ATR,0.011070343606404884
2018-06 to 2020-05,2018-12-26,Core MA + ATR,-0.027300154123281628
2018-06 to 2020-05,2018-12-27,Core MA + ATR,-0.004350544356226875
2018-06 to 2020-05,2018-12-28,Core MA + ATR,-0.0028581887977307844
2018-06 to 2020-05,2018-12-31,Core MA + ATR,-0.003331045943922683
2018-06 to 2020-05,2019-01-02,Core MA + ATR,0.0033786934329226737
2018-06 to 2020-05,2019-01-03,Core MA + ATR,0.0
2018-06 to 2020-05,2019-01-04,Core MA + ATR,-0.004306946557734345
2018-06 to 2020-05,2019-01-07,Core MA + ATR,0.00038451151472995346
2018-06 to 2020-05,2019-01-08,Core MA + ATR,-0.0009429217690484498
2018-06 to 2020-05,2019-01-09,Core MA + ATR,-0.001799098362369222
2018-06 to 2020-05,2019-01-10,Core MA + ATR,0.00010612685088023631
2018-06 to 2020-05,2019-01-11,Core MA + ATR,0.0
2018-06 to 2020-05,2019-01-14,Core MA + ATR,0.0
2018-06 to 2020-05,2019-01-15,Core MA + ATR,0.0
2018-06 to 2020-05,2019-01-16,Core MA + ATR,0.0
2018-06 to 2020-05,2019-01-17,Core MA + ATR,0.0
2018-06 to 2020-05,2019-01-18,Core MA + ATR,0.0
2018-06 to 2020-05,2019-01-22,Core MA + ATR,0.0
2018-06 to 2020-05,2019-01-23,Core MA + ATR,0.0
2018-06 to 2020-05,2019-01-24,Core MA + ATR,0.0
2018-06 to 2020-05,2019-01-25,Core MA + ATR,0.0
2018-06 to 2020-05,2019-01-28,Core MA + ATR,-0.0011784606626378893
2018-06 to 2020-05,2019-01-29,Core MA + ATR,0.0025496130981864508
2018-06 to 2020-05,2019-01-30,Core MA + ATR,0.001568830666755022
2018-06 to 2020-05,2019-01-31,Core MA + ATR,0.00012921727175926995
2018-06 to 2020-05,2019-02-01,Core MA + ATR,-0.0016270487623990452
2018-06 to 2020-05,2019-02-04,Core MA + ATR,0.00013922847408191942
2018-06 to 2020-05,2019-02-05,Core MA + ATR,0.0
2018-06 to 2020-05,2019-02-06,Core MA + ATR,0.0
2018-06 to 2020-05,2019-02-07,Core MA + ATR,0.0
2018-06 to 2020-05,2019-02-08,Core MA + ATR,0.00018178504202125603
2018-06 to 2020-05,2019-02-11,Core MA + ATR,5.289745827714082e-05
2018-06 to 2020-05,2019-02-12,Core MA + ATR,-0.002136941743889899
2018-06 to 2020-05,2019-02-13,Core MA + ATR,-0.004914127397410584
2018-06 to 2020-05,2019-02-14,Core MA + ATR,-0.0005830046022353676
2018-06 to 2020-05,2019-02-15,Core MA + ATR,0.0
2018-06 to 2020-05,2019-02-19,Core MA + ATR,-2.675368616402649e-05
2018-06 to 2020-05,2019-02-20,Core MA + ATR,6.369887803112719e-05
2018-06 to 2020-05,2019-02-21,Core MA + ATR,0.0
2018-06 to 2020-05,2019-02-22,Core MA + ATR,0.0
2018-06 to 2020-05,2019-02-25,Core MA + ATR,0.0
2018-06 to 2020-05,2019-02-26,Core MA + ATR,0.0005024002342934167
2018-06 to 2020-05,2019-02-27,Core MA + ATR,-9.333197092515262e-06
2018-06 to 2020-05,2019-02-28,Core MA + ATR,-0.0001496485294605177
2018-06 to 2020-05,2019-03-01,Core MA + ATR,0.0
2018-06 to 2020-05,2019-03-04,Core MA + ATR,0.0
2018-06 to 2020-05,2019-03-05,Core MA + ATR,0.0
2018-06 to 2020-05,2019-03-06,Core MA + ATR,0.0
2018-06 to 2020-05,2019-03-07,Core MA + ATR,0.0
2018-06 to 2020-05,2019-03-08,Core MA + ATR,0.0
2018-06 to 2020-05,2019-03-11,Core MA + ATR,0.0
2018-06 to 2020-05,2019-03-12,Core MA + ATR,0.0
2018-06 to 2020-05,2019-03-13,Core MA + ATR,0.0
2018-06 to 2020-05,2019-03-14,Core MA + ATR,0.0
2018-06 to 2020-05,2019-03-15,Core MA + ATR,0.0
2018-06 to 2020-05,2019-03-18,Core MA + ATR,0.0
2018-06 to 2020-05,2019-03-19,Core MA + ATR,0.0
2018-06 to 2020-05,2019-03-20,Core MA + ATR,0.0
2018-06 to 2020-05,2019-03-21,Core MA + ATR,0.0
2018-06 to 2020-05,2019-03-22,Core MA + ATR,-0.00027179700107188585
2018-06 to 2020-05,2019-03-25,Core MA + ATR,0.00014084752162165593
2018-06 to 2020-05,2019-03-26,Core MA + ATR,0.0
2018-06 to 2020-05,2019-03-27,Core MA + ATR,0.0
2018-06 to 2020-05,2019-03-28,Core MA + ATR,-0.001022893683886537
2018-06 to 2020-05,2019-03-29,Core MA + ATR,0.0015818395161186537
2018-06 to 2020-05,2019-04-01,Core MA + ATR,-0.0007268768169007905
2018-06 to 2020-05,2019-04-02,Core MA + ATR,0.0
2018-06 to 2020-05,2019-04-03,Core MA + ATR,0.0
2018-06 to 2020-05,2019-04-04,Core MA + ATR,0.0
2018-06 to 2020-05,2019-04-05,Core MA + ATR,0.0
2018-06 to 2020-05,2019-04-08,Core MA + ATR,0.0
2018-06 to 2020-05,2019-04-09,Core MA + ATR,0.0013216902725279292
2018-06 to 2020-05,2019-04-10,Core MA + ATR,-0.0016518358185024834
2018-06 to 2020-05,2019-04-11,Core MA + ATR,-0.0005478631627845299
2018-06 to 2020-05,2019-04-12,Core MA + ATR,0.0
2018-06 to 2020-05,2019-04-15,Core MA + ATR,-0.0013671127800243851
2018-06 to 2020-05,2019-04-16,Core MA + ATR,0.0009416195856873798
2018-06 to 2020-05,2019-04-17,Core MA + ATR,-0.0036207449093752695
2018-06 to 2020-05,2019-04-18,Core MA + ATR,-0.0011553387235374456
2018-06 to 2020-05,2019-04-22,Core MA + ATR,0.0005083569330382547
2018-06 to 2020-05,2019-04-23,Core MA + ATR,0.0015759498052832128
2018-06 to 2020-05,2019-04-24,Core MA + ATR,0.0008784778493219748
2018-06 to 2020-05,2019-04-25,Core MA + ATR,-0.00018821083317988637
2018-06 to 2020-05,2019-04-26,Core MA + ATR,-0.00022103105642867153
2018-06 to 2020-05,2019-04-29,Core MA + ATR,0.0024696623567072216
2018-06 to 2020-05,2019-04-30,Core MA + ATR,0.004761693983573147
2018-06 to 2020-05,2019-05-01,Core MA + ATR,-0.0026533112264807363
2018-06 to 2020-05,2019-05-02,Core MA + ATR,-0.0029391471528159357
2018-06 to 2020-05,2019-05-03,Core MA + ATR,0.012021505649470084
2018-06 to 2020-05,2019-05-06,Core MA + ATR,-0.0015309765405172686
2018-06 to 2020-05,2019-05-07,Core MA + ATR,-0.00344909036098902
2018-06 to 2020-05,2019-05-08,Core MA + ATR,-0.00027854999678013804
2018-06 to 2020-05,2019-05-09,Core MA + ATR,0.0028478207729392886
2018-06 to 2020-05,2019-05-10,Core MA + ATR,0.00636072307365921
2018-06 to 2020-05,2019-05-13,Core MA + ATR,-0.0025092674869135172
2018-06 to 2020-05,2019-05-14,Core MA + ATR,0.0009298443055922292
2018-06 to 2020-05,2019-05-15,Core MA + ATR,0.008711503972228777
2018-06 to 2020-05,2019-05-16,Core MA + ATR,0.004334632808028259
2018-06 to 2020-05,2019-05-17,Core MA + ATR,-0.0015469320214780103
2018-06 to 2020-05,2019-05-20,Core MA + ATR,-0.0021397115271554364
2018-06 to 2020-05,2019-05-21,Core MA + ATR,0.003826261940268922
2018-06 to 2020-05,2019-05-22,Core MA + ATR,0.003105395308063064
2018-06 to 2020-05,2019-05-23,Core MA + ATR,-0.005723858421093137
2018-06 to 2020-05,2019-05-24,Core MA + ATR,0.001021202749577393
2018-06 to 2020-05,2019-05-28,Core MA + ATR,-0.0010111083409512808
2018-06 to 2020-05,2019-05-29,Core MA + ATR,-0.00012377897034711346
2018-06 to 2020-05,2019-05-30,Core MA + ATR,-0.0006795625083356725
2018-06 to 2020-05,2019-05-31,Core MA + ATR,-0.0010765771121651261
2018-06 to 2020-05,2019-06-03,Core MA + ATR,0.0015674310616651532
2018-06 to 2020-05,2019-06-04,Core MA + ATR,0.000547823313495094
2018-06 to 2020-05,2019-06-05,Core MA + ATR,0.00781786168894148
2018-06 to 2020-05,2019-06-06,Core MA + ATR,0.0017016572894726233
2018-06 to 2020-05,2019-06-07,Core MA + ATR,-0.0007135661926222469
2018-06 to 2020-05,2019-06-10,Core MA + ATR,-0.000355747929114355
2018-06 to 2020-05,2019-06-11,Core MA + ATR,0.0007414021267257588
2018-06 to 2020-05,2019-06-12,Core MA + ATR,0.00037701883607625517
2018-06 to 2020-05,2019-06-13,Core MA + ATR,1.8545049347337458e-05
2018-06 to 2020-05,2019-06-14,Core MA + ATR,-0.0005105141001324525
2018-06 to 2020-05,2019-06-17,Core MA + ATR,0.0012001945040464848
2018-06 to 2020-05,2019-06-18,Core MA + ATR,-0.000617276887871853
2018-06 to 2020-05,2019-06-19,Core MA + ATR,0.0
2018-06 to 2020-05,2019-06-20,Core MA + ATR,0.0
2018-06 to 2020-05,2019-06-21,Core MA + ATR,0.0
2018-06 to 2020-05,2019-06-24,Core MA + ATR,-3.0408158944885246e-05
2018-06 to 2020-05,2019-06-25,Core MA + ATR,-0.0032600620582823253
2018-06 to 2020-05,2019-06-26,Core MA + ATR,-0.001824846246949899
2018-06 to 2020-05,2019-06-27,Core MA + ATR,0.0003478345978129388
2018-06 to 2020-05,2019-06-28,Core MA + ATR,0.0005273014826213335
2018-06 to 2020-05,2019-07-01,Core MA + ATR,0.002907816526947487
2018-06 to 2020-05,2019-07-02,Core MA + ATR,0.0016089555651313907
2018-06 to 2020-05,2019-07-03,Core MA + ATR,0.0035367770367827345
2018-06 to 2020-05,2019-07-05,Core MA + ATR,0.00164632703753318
2018-06 to 2020-05,2019-07-08,Core MA + ATR,-0.0021630750501863724
2018-06 to 2020-05,2019-07-09,Core MA + ATR,0.0021410565595806497
2018-06 to 2020-05,2019-07-10,Core MA + ATR,-0.0016144264942103415
2018-06 to 2020-05,2019-07-11,Core MA + ATR,-0.0003765431743673515
2018-06 to 2020-05,2019-07-12,Core MA + ATR,0.0004472037574509271
2018-06 to 2020-05,2019-07-15,Core MA + ATR,0.0
2018-06 to 2020-05,2019-07-16,Core MA + ATR,0.0
2018-06 to 2020-05,2019-07-17,Core MA + ATR,0.0
2018-06 to 2020-05,2019-07-18,Core MA + ATR,0.0
2018-06 to 2020-05,2019-07-19,Core MA + ATR,0.0
2018-06 to 2020-05,2019-07-22,Core MA + ATR,0.0
2018-06 to 2020-05,2019-07-23,Core MA + ATR,0.0
2018-06 to 2020-05,2019-07-24,Core MA + ATR,0.0
2018-06 to 2020-05,2019-07-25,Core MA + ATR,0.0
2018-06 to 2020-05,2019-07-26,Core MA + ATR,0.0
2018-06 to 2020-05,2019-07-29,Core MA + ATR,0.0
2018-06 to 2020-05,2019-07-30,Core MA + ATR,0.0
2018-06 to 2020-05,2019-07-31,Core MA + ATR,0.0
2018-06 to 2020-05,2019-08-01,Core MA + ATR,-0.003978296604077108
2018-06 to 2020-05,2019-08-02,Core MA + ATR,-0.0003603263151053186
2018-06 to 2020-05,2019-08-05,Core MA + ATR,-0.002065082451531879
2018-06 to 2020-05,2019-08-06,Core MA + ATR,0.0007096309111880091
2018-06 to 2020-05,2019-08-07,Core MA + ATR,0.004990313923735483
2018-06 to 2020-05,2019-08-08,Core MA + ATR,0.0017527860963542671
2018-06 to 2020-05,2019-08-09,Core MA + ATR,0.004201460263003511
2018-06 to 2020-05,2019-08-12,Core MA + ATR,0.001640887014056448
2018-06 to 2020-05,2019-08-13,Core MA + ATR,0.0023609703620883827
2018-06 to 2020-05,2019-08-14,Core MA + ATR,-0.005938890323519862
2018-06 to 2020-05,2019-08-15,Core MA + ATR,-0.002021169828154318
2018-06 to 2020-05,2019-08-16,Core MA + ATR,0.0022272841619053437
2018-06 to 2020-05,2019-08-19,Core MA + ATR,-0.0012482392359721363
2018-06 to 2020-05,2019-08-20,Core MA + ATR,-0.001505402005602511
2018-06 to 2020-05,2019-08-21,Core MA + ATR,0.001456242363602707
2018-06 to 2020-05,2019-08-22,Core MA + ATR,0.0008937697813923384
2018-06 to 2020-05,2019-08-23,Core MA + ATR,-0.015222472166705442
2018-06 to 2020-05,2019-08-26,Core MA + ATR,0.0025784112503046013
2018-06 to 2020-05,2019-08-27,Core MA + ATR,0.0007470872984799029
2018-06 to 2020-05,2019-08-28,Core MA + ATR,0.0003489778711617528
2018-06 to 2020-05,2019-08-29,Core MA + ATR,-0.002024009368381752
2018-06 to 2020-05,2019-08-30,Core MA + ATR,-0.0008497614002962488
2018-06 to 2020-05,2019-09-03,Core MA + ATR,0.0009187385381463951
2018-06 to 2020-05,2019-09-04,Core MA + ATR,-0.0020057262856102683
2018-06 to 2020-05,2019-09-05,Core MA + ATR,0.00020556659273820082
2018-06 to 2020-05,2019-09-06,Core MA + ATR,0.0026211239008164335
2018-06 to 2020-05,2019-09-09,Core MA + ATR,0.0008364942304858245
2018-06 to 2020-05,2019-09-10,Core MA + ATR,-0.0034262808790162186
2018-06 to 2020-05,2019-09-11,Core MA + ATR,-0.0010560794015601644
2018-06 to 2020-05,2019-09-12,Core MA + ATR,0.00045009682315380297
2018-06 to 2020-05,2019-09-13,Core MA + ATR,0.00026069619065490716
2018-06 to 2020-05,2019-09-16,Core MA + ATR,-0.0011972763116131387
2018-06 to 2020-05,2019-09-17,Core MA + ATR,-0.001651996840514069
2018-06 to 2020-05,2019-09-18,Core MA + ATR,-0.0008639771614044938
2018-06 to 2020-05,2019-09-19,Core MA + ATR,-0.0023499798071682496
2018-06 to 2020-05,2019-09-20,Core MA + ATR,-0.002140988047973367
2018-06 to 2020-05,2019-09-23,Core MA + ATR,-0.0005301458842978914
2018-06 to 2020-05,2019-09-24,Core MA + ATR,-0.0006244301935110453
2018-06 to 2020-05,2019-09-25,Core MA + ATR,-0.00146604576620016
2018-06 to 2020-05,2019-09-26,Core MA + ATR,-0.0011529457646235648
2018-06 to 2020-05,2019-09-27,Core MA + ATR,-0.0009685764871037358
2018-06 to 2020-05,2019-09-30,Core MA + ATR,0.002054262036306237
2018-06 to 2020-05,2019-10-01,Core MA + ATR,-0.0016240226287656226
2018-06 to 2020-05,2019-10-02,Core MA + ATR,0.00013500183316128374
2018-06 to 2020-05,2019-10-03,Core MA + ATR,-0.0018949028431132875
2018-06 to 2020-05,2019-10-04,Core MA + ATR,-0.003076013496428767
2018-06 to 2020-05,2019-10-07,Core MA + ATR,-0.0022317247729420823
2018-06 to 2020-05,2019-10-08,Core MA + ATR,-0.001277669374621453
2018-06 to 2020-05,2019-10-09,Core MA + ATR,-0.0007712104470659711
2018-06 to 2020-05,2019-10-10,Core MA + ATR,0.0012713262116945956
2018-06 to 2020-05,2019-10-11,Core MA + ATR,-0.0006539133975518646
2018-06 to 2020-05,2019-10-14,Core MA + ATR,-0.0009792978487221133
2018-06 to 2020-05,2019-10-15,Core MA + ATR,0.0
2018-06 to 2020-05,2019-10-16,Core MA + ATR,0.0
2018-06 to 2020-05,2019-10-17,Core MA + ATR,0.0043320185394494365
2018-06 to 2020-05,2019-10-18,Core MA + ATR,0.0018948266534839478
2018-06 to 2020-05,2019-10-21,Core MA + ATR,0.0002972918791433354
2018-06 to 2020-05,2019-10-22,Core MA + ATR,0.0019488969554164902
2018-06 to 2020-05,2019-10-23,Core MA + ATR,0.0005835923408641067
2018-06 to 2020-05,2019-10-24,Core MA + ATR,-0.0008847649139125584
2018-06 to 2020-05,2019-10-25,Core MA + ATR,0.0016928308006729637
2018-06 to 2020-05,2019-10-28,Core MA + ATR,0.002486719467637004
2018-06 to 2020-05,2019-10-29,Core MA + ATR,-0.001383282011059137
2018-06 to 2020-05,2019-10-30,Core MA + ATR,0.00029898524349394813
2018-06 to 2020-05,2019-10-31,Core MA + ATR,-0.0016735944686373863
2018-06 to 2020-05,2019-11-01,Core MA + ATR,-0.0015590497146515966
2018-06 to 2020-05,2019-11-04,Core MA + ATR,0.0014347517057776192
2018-06 to 2020-05,2019-11-05,Core MA + ATR,-0.004360722255587037
2018-06 to 2020-05,2019-11-06,Core MA + ATR,-0.0019409281795743664
2018-06 to 2020-05,2019-11-07,Core MA + ATR,0.0015366706221605815
2018-06 to 2020-05,2019-11-08,Core MA + ATR,-0.0014866112703564984
2018-06 to 2020-05,2019-11-11,Core MA + ATR,-0.00218422451012417
2018-06 to 2020-05,2019-11-12,Core MA + ATR,0.002316434769543954
2018-06 to 2020-05,2019-11-13,Core MA + ATR,0.0012443632649806653
2018-06 to 2020-05,2019-11-14,Core MA + ATR,0.0008404172799829141
2018-06 to 2020-05,2019-11-15,Core MA + ATR,0.00014605763582357787
2018-06 to 2020-05,2019-11-18,Core MA + ATR,0.0004878828408240042
2018-06 to 2020-05,2019-11-19,Core MA + ATR,-0.0001252083280989462
2018-06 to 2020-05,2019-11-20,Core MA + ATR,0.0
2018-06 to 2020-05,2019-11-21,Core MA + ATR,0.0010487527811023768
2018-06 to 2020-05,2019-11-22,Core MA + ATR,-0.0011856712236074948
2018-06 to 2020-05,2019-11-25,Core MA + ATR,-0.001059335603960227
2018-06 to 2020-05,2019-11-26,Core MA + ATR,7.206682206681926e-05
2018-06 to 2020-05,2019-11-27,Core MA + ATR,-0.0005894775927446946
2018-06 to 2020-05,2019-11-29,Core MA + ATR,-0.00012501041927149656
2018-06 to 2020-05,2019-12-02,Core MA + ATR,0.0
2018-06 to 2020-05,2019-12-03,Core MA + ATR,0.0
2018-06 to 2020-05,2019-12-04,Core MA + ATR,-0.0005490202868038776
2018-06 to 2020-05,2019-12-05,Core MA + ATR,0.00035632674575185596
2018-06 to 2020-05,2019-12-06,Core MA + ATR,-0.0007108463622462684
2018-06 to 2020-05,2019-12-09,Core MA + ATR,-6.728686275452489e-05
2018-06 to 2020-05,2019-12-10,Core MA + ATR,-0.00025863164834826255
2018-06 to 2020-05,2019-12-11,Core MA + ATR,0.00021631325773487667
2018-06 to 2020-05,2019-12-12,Core MA + ATR,-0.003759152189988902
2018-06 to 2020-05,2019-12-13,Core MA + ATR,-0.0005431242166915551
2018-06 to 2020-05,2019-12-16,Core MA + ATR,-0.000622371895055399
2018-06 to 2020-05,2019-12-17,Core MA + ATR,-0.0022974298721215878
2018-06 to 2020-05,2019-12-18,Core MA + ATR,-0.0006204824664152728
2018-06 to 2020-05,2019-12-19,Core MA + ATR,0.0
2018-06 to 2020-05,2019-12-20,Core MA + ATR,0.0008247584827186652
2018-06 to 2020-05,2019-12-23,Core MA + ATR,-0.0009229482879283596
2018-06 to 2020-05,2019-12-24,Core MA + ATR,0.00035511391091966777
2018-06 to 2020-05,2019-12-26,Core MA + ATR,-0.0002462362668512184
2018-06 to 2020-05,2019-12-27,Core MA + ATR,0.0
2018-06 to 2020-05,2019-12-30,Core MA + ATR,0.0
2018-06 to 2020-05,2019-12-31,Core MA + ATR,0.0
2018-06 to 2020-05,2020-01-02,Core MA + ATR,0.0
2018-06 to 2020-05,2020-01-03,Core MA + ATR,0.0
2018-06 to 2020-05,2020-01-06,Core MA + ATR,0.0
2018-06 to 2020-05,2020-01-07,Core MA + ATR,0.0
2018-06 to 2020-05,2020-01-08,Core MA + ATR,0.00032807643079173075
2018-06 to 2020-05,2020-01-09,Core MA + ATR,0.001138589060436315
2018-06 to 2020-05,2020-01-10,Core MA + ATR,6.829862050315326e-06
2018-06 to 2020-05,2020-01-13,Core MA + ATR,0.0001379002446210741
2018-06 to 2020-05,2020-01-14,Core MA + ATR,-0.00010682902187449252
2018-06 to 2020-05,2020-01-15,Core MA + ATR,0.0
2018-06 to 2020-05,2020-01-16,Core MA + ATR,0.0005690735821799743
2018-06 to 2020-05,2020-01-17,Core MA + ATR,0.0005147607649345076
2018-06 to 2020-05,2020-01-21,Core MA + ATR,-0.00044452105670594866
2018-06 to 2020-05,2020-01-22,Core MA + ATR,0.0009434480019188396
2018-06 to 2020-05,2020-01-23,Core MA + ATR,-0.0007721658685088456
2018-06 to 2020-05,2020-01-24,Core MA + ATR,0.0018725836476632615
2018-06 to 2020-05,2020-01-27,Core MA + ATR,0.004209961999420999
2018-06 to 2020-05,2020-01-28,Core MA + ATR,0.001521982069504568
2018-06 to 2020-05,2020-01-29,Core MA + ATR,-0.0019856619070178798
2018-06 to 2020-05,2020-01-30,Core MA + ATR,0.0006030698547307396
2018-06 to 2020-05,2020-01-31,Core MA + ATR,-0.0007282635050422543
2018-06 to 2020-05,2020-02-03,Core MA + ATR,-0.0015261753699896507
2018-06 to 2020-05,2020-02-04,Core MA + ATR,0.0006876318434316643
2018-06 to 2020-05,2020-02-05,Core MA + ATR,0.008087907868379714
2018-06 to 2020-05,2020-02-06,Core MA + ATR,-0.0040355118465637925
2018-06 to 2020-05,2020-02-07,Core MA + ATR,0.000901447568773892
2018-06 to 2020-05,2020-02-10,Core MA + ATR,0.0018538508633936122
2018-06 to 2020-05,2020-02-11,Core MA + ATR,-0.0005270726546727611
2018-06 to 2020-05,2020-02-12,Core MA + ATR,-0.00743013790454929
2018-06 to 2020-05,2020-02-13,Core MA + ATR,-0.0037242284597785186
2018-06 to 2020-05,2020-02-14,Core MA + ATR,0.003992123411948386
2018-06 to 2020-05,2020-02-18,Core MA + ATR,-0.004430002671560407
2018-06 to 2020-05,2020-02-19,Core MA + ATR,-6.518952281431829e-05
2018-06 to 2020-05,2020-02-20,Core MA + ATR,0.000711059085446109
2018-06 to 2020-05,2020-02-21,Core MA + ATR,-5.278369293015795e-05
2018-06 to 2020-05,2020-02-24,Core MA + ATR,0.0076589445623125064
2018-06 to 2020-05,2020-02-25,Core MA + ATR,0.0073550377931440114
2018-06 to 2020-05,2020-02-26,Core MA + ATR,-0.000896458918151389
2018-06 to 2020-05,2020-02-27,Core MA + ATR,0.011546828469319044
2018-06 to 2020-05,2020-02-28,Core MA + ATR,0.008453178333012337
2018-06 to 2020-05,2020-03-02,Core MA + ATR,-0.014267930352204158
2018-06 to 2020-05,2020-03-03,Core MA + ATR,-0.0013064261453180433
2018-06 to 2020-05,2020-03-04,Core MA + ATR,-0.0017275920465807228
2018-06 to 2020-05,2020-03-05,Core MA + ATR,0.005733554445765113
2018-06 to 2020-05,2020-03-06,Core MA + ATR,0.005046003137633921
2018-06 to 2020-05,2020-03-09,Core MA + ATR,0.01062413788260806
2018-06 to 2020-05,2020-03-10,Core MA + ATR,-0.007695884069200357
2018-06 to 2020-05,2020-03-11,Core MA + ATR,0.035256180500511256
2018-06 to 2020-05,2020-03-12,Core MA + ATR,0.08339731354835228
2018-06 to 2020-05,2020-03-13,Core MA + ATR,-0.0775671220826815
2018-06 to 2020-05,2020-03-16,Core MA + ATR,0.1255244778870365
2018-06 to 2020-05,2020-03-17,Core MA + ATR,-0.02648231848215284
2018-06 to 2020-05,2020-03-18,Core MA + ATR,0.08838806171182714
2018-06 to 2020-05,2020-03-19,Core MA + ATR,-0.036055742670231136
2018-06 to 2020-05,2020-03-20,Core MA + ATR,0.0030048360170728448
2018-06 to 2020-05,2020-03-23,Core MA + ATR,0.023173856674611013
2018-06 to 2020-05,2020-03-24,Core MA + ATR,-0.08216738673988348
2018-06 to 2020-05,2020-03-25,Core MA + ATR,-0.0020716478725127923
2018-06 to 2020-05,2020-03-26,Core MA + ATR,-0.02911783789084453
2018-06 to 2020-05,2020-03-27,Core MA + ATR,0.015259360911684693
2018-06 to 2020-05,2020-03-30,Core MA + ATR,-0.006281601844994971
2018-06 to 2020-05,2020-03-31,Core MA + ATR,0.0012690333082895017
2018-06 to 2020-05,2020-04-01,Core MA + ATR,-0.002614090887026665
2018-06 to 2020-05,2020-04-02,Core MA + ATR,0.00011751752536376324
2018-06 to 2020-05,2020-04-03,Core MA + ATR,0.0082239902023291
2018-06 to 2020-05,2020-04-06,Core MA + ATR,-0.0282800536498831
2018-06 to 2020-05,2020-04-07,Core MA + ATR,-0.029279991704171376
2018-06 to 2020-05,2020-04-08,Core MA + ATR,-0.0072458885366153535
2018-06 to 2020-05,2020-04-09,Core MA + ATR,-0.0001290754507301971
2018-06 to 2020-05,2020-04-13,Core MA + ATR,0.0013246942687323582
2018-06 to 2020-05,2020-04-14,Core MA + ATR,-0.0035170298938449938
2018-06 to 2020-05,2020-04-15,Core MA + ATR,0.0
2018-06 to 2020-05,2020-04-16,Core MA + ATR,0.0
2018-06 to 2020-05,2020-04-17,Core MA + ATR,-0.003278126166189836
2018-06 to 2020-05,2020-04-20,Core MA + ATR,0.004218762141784534
2018-06 to 2020-05,2020-04-21,Core MA + ATR,0.0006003102831059783
2018-06 to 2020-05,2020-04-22,Core MA + ATR,-0.0036595599428309975
2018-06 to 2020-05,2020-04-23,Core MA + ATR,-0.0012821532216313394
2018-06 to 2020-05,2020-04-24,Core MA + ATR,-0.002417502214856451
2018-06 to 2020-05,2020-04-27,Core MA + ATR,0.0
2018-06 to 2020-05,2020-04-28,Core MA + ATR,0.0
2018-06 to 2020-05,2020-04-29,Core MA + ATR,0.00403554500826855
2018-06 to 2020-05,2020-04-30,Core MA + ATR,0.0074296390648579975
2018-06 to 2020-05,2020-05-01,Core MA + ATR,0.008425327414887225
2018-06 to 2020-05,2020-05-04,Core MA + ATR,0.0008626776656448934
2018-06 to 2020-05,2020-05-05,Core MA + ATR,0.00935259781919589
2018-06 to 2020-05,2020-05-06,Core MA + ATR,0.01945843848109602
2018-06 to 2020-05,2020-05-07,Core MA + ATR,-0.012371961373872637
2018-06 to 2020-05,2020-05-08,Core MA + ATR,-0.003115992201057014
2018-06 to 2020-05,2020-05-11,Core MA + ATR,0.004982571558606139
2018-06 to 2020-05,2020-05-12,Core MA + ATR,0.004909569006597788
2018-06 to 2020-05,2020-05-13,Core MA + ATR,0.0008884839650145853
2018-06 to 2020-05,2020-05-14,Core MA + ATR,-0.010163958087823225
2018-06 to 2020-05,2020-05-15,Core MA + ATR,-0.0008860199492278166
2018-06 to 2020-05,2020-05-18,Core MA + ATR,-0.021189387868453594
2018-06 to 2020-05,2020-05-19,Core MA + ATR,6.294798654211497e-05
2018-06 to 2020-05,2020-05-20,Core MA + ATR,0.0
2018-06 to 2020-05,2020-05-21,Core MA + ATR,0.0
2018-06 to 2020-05,2020-05-22,Core MA + ATR,0.0
2018-06 to 2020-05,2020-05-26,Core MA + ATR,0.0
2018-06 to 2020-05,2020-05-27,Core MA + ATR,0.0
2018-06 to 2020-05,2020-05-28,Core MA + ATR,0.0
2018-06 to 2020-05,2020-05-29,Core MA + ATR,0.0
2018-06 to 2020-05,2020-06-01,Core MA + ATR,0.0
2018-06 to 2020-05,2020-06-02,Core MA + ATR,0.0
2018-06 to 2020-05,2020-06-03,Core MA + ATR,0.0
2018-06 to 2020-05,2020-06-04,Core MA + ATR,0.0
2018-06 to 2020-05,2020-06-05,Core MA + ATR,0.0
2018-06 to 2020-05,2020-06-08,Core MA + ATR,0.0
2018-06 to 2020-05,2020-06-09,Core MA + ATR,0.0
2018-06 to 2020-05,2020-06-10,Core MA + ATR,0.0
2018-06 to 2020-05,2020-06-11,Core MA + ATR,0.0
2018-06 to 2020-05,2020-06-12,Core MA + ATR,-4.1969733993953586e-05
2018-06 to 2020-05,2020-06-15,Core MA + ATR,0.0031573315491470557
2018-06 to 2020-05,2020-06-16,Core MA + ATR,0.0
2018-06 to 2020-05,2020-06-17,Core MA + ATR,0.0
2018-06 to 2020-05,2020-06-18,Core MA + ATR,0.0
2018-06 to 2020-05,2020-06-19,Core MA + ATR,-0.0029826973438084633
2018-06 to 2020-05,2020-06-22,Core MA + ATR,-0.00023322495232607702
2018-06 to 2020-05,2020-06-23,Core MA + ATR,0.0008790247188539793
2018-06 to 2020-05,2020-06-24,Core MA + ATR,0.0
2018-06 to 2020-05,2020-06-25,Core MA + ATR,0.0
2018-06 to 2020-05,2020-06-26,Core MA + ATR,0.0
2018-06 to 2020-05,2020-06-29,Core MA + ATR,0.0
2018-06 to 2020-05,2020-06-30,Core MA + ATR,0.0
2018-06 to 2020-05,2020-07-01,Core MA + ATR,0.0
2018-06 to 2020-05,2020-07-02,Core MA + ATR,0.0
2018-06 to 2020-05,2020-07-06,Core MA + ATR,0.0
2018-06 to 2020-05,2020-07-07,Core MA + ATR,0.0
2018-06 to 2020-05,2020-07-08,Core MA + ATR,0.0
2018-06 to 2020-05,2020-07-09,Core MA + ATR,0.0033533155851378856
2018-06 to 2020-05,2020-07-10,Core MA + ATR,-0.001492926120635284
2018-06 to 2020-05,2020-07-13,Core MA + ATR,-0.0017441870121242204
2018-06 to 2020-05,2020-07-14,Core MA + ATR,0.0
2018-06 to 2020-05,2020-07-15,Core MA + ATR,0.0
2018-06 to 2020-05,2020-07-16,Core MA + ATR,0.0
2018-06 to 2020-05,2020-07-17,Core MA + ATR,0.0
2018-06 to 2020-05,2020-07-20,Core MA + ATR,0.0
2018-06 to 2020-05,2020-07-21,Core MA + ATR,0.0
2018-06 to 2020-05,2020-07-22,Core MA + ATR,0.0
2018-06 to 2020-05,2020-07-23,Core MA + ATR,0.0
2018-06 to 2020-05,2020-07-24,Core MA + ATR,0.0
2018-06 to 2020-05,2020-07-27,Core MA + ATR,0.0
2018-06 to 2020-05,2020-07-28,Core MA + ATR,0.0
2018-06 to 2020-05,2020-07-29,Core MA + ATR,0.0
2018-06 to 2020-05,2020-07-30,Core MA + ATR,0.0
2018-06 to 2020-05,2020-07-31,Core MA + ATR,0.0
2018-06 to 2020-05,2020-08-03,Core MA + ATR,-0.0008728352140396017
2018-06 to 2020-05,2020-08-04,Core MA + ATR,-0.0006872383808436627
2018-06 to 2020-05,2020-08-05,Core MA + ATR,0.007709540627964658
2018-06 to 2020-05,2020-08-06,Core MA + ATR,-0.003322362116710476
2018-06 to 2020-05,2020-08-07,Core MA + ATR,0.0027344883170518086
2018-06 to 2020-05,2020-08-10,Core MA + ATR,-0.0004914783379019491
2018-06 to 2020-05,2020-08-11,Core MA + ATR,-0.0015702212641184815
2018-06 to 2020-05,2020-08-12,Core MA + ATR,-0.001871093596588411
2018-06 to 2020-05,2020-08-13,Core MA + ATR,-0.0003838424196633919
2018-06 to 2020-05,2020-08-14,Core MA + ATR,-0.0011548001714347018
2018-06 to 2020-05,2020-08-17,Core MA + ATR,0.0
2018-06 to 2020-05,2020-08-18,Core MA + ATR,0.0
2018-06 to 2020-05,2020-08-19,Core MA + ATR,0.0
2018-06 to 2020-05,2020-08-20,Core MA + ATR,0.0
2018-06 to 2020-05,2020-08-21,Core MA + ATR,0.0
2018-06 to 2020-05,2020-08-24,Core MA + ATR,0.0
2018-06 to 2020-05,2020-08-25,Core MA + ATR,0.0
2018-06 to 2020-05,2020-08-26,Core MA + ATR,0.0
2018-06 to 2020-05,2020-08-27,Core MA + ATR,0.0
2018-06 to 2020-05,2020-08-28,Core MA + ATR,0.0
2018-06 to 2020-05,2020-08-31,Core MA + ATR,-0.012369646616405001
2018-06 to 2020-05,2018-09-04,Enhanced short/order-book,0.0020942900367223564
2018-06 to 2020-05,2018-09-05,Enhanced short/order-book,-0.0004456293234969748
2018-06 to 2020-05,2018-09-06,Enhanced short/order-book,-8.169092497857863e-05
2018-06 to 2020-05,2018-09-07,Enhanced short/order-book,-0.00024248189221541875
2018-06 to 2020-05,2018-09-10,Enhanced short/order-book,-0.0002840254232746883
2018-06 to 2020-05,2018-09-11,Enhanced short/order-book,0.0005188090257970433
2018-06 to 2020-05,2018-09-12,Enhanced short/order-book,-0.00041602925113563556
2018-06 to 2020-05,2018-09-13,Enhanced short/order-book,-0.00021075433231396149
2018-06 to 2020-05,2018-09-14,Enhanced short/order-book,0.0
2018-06 to 2020-05,2018-09-17,Enhanced short/order-book,-0.0011053803474959873
2018-06 to 2020-05,2018-09-18,Enhanced short/order-book,0.00019297082228115592
2018-06 to 2020-05,2018-09-19,Enhanced short/order-book,-0.0024181327034804795
2018-06 to 2020-05,2018-09-20,Enhanced short/order-book,0.00026793307450545854
2018-06 to 2020-05,2018-09-21,Enhanced short/order-book,0.0029548611111111112
2018-06 to 2020-05,2018-09-24,Enhanced short/order-book,-0.001425855513307983
2018-06 to 2020-05,2018-09-25,Enhanced short/order-book,0.00028958300018206806
2018-06 to 2020-05,2018-09-26,Enhanced short/order-book,-0.001017899970979955
2018-06 to 2020-05,2018-09-27,Enhanced short/order-book,0.0003186523800493785
2018-06 to 2020-05,2018-09-28,Enhanced short/order-book,-0.001415436203402135
2018-06 to 2020-05,2018-10-01,Enhanced short/order-book,-0.000929752528954567
2018-06 to 2020-05,2018-10-02,Enhanced short/order-book,-0.0016458071135439715
2018-06 to 2020-05,2018-10-03,Enhanced short/order-book,0.0010219330340509728
2018-06 to 2020-05,2018-10-04,Enhanced short/order-book,-0.004149875860698373
2018-06 to 2020-05,2018-10-05,Enhanced short/order-book,0.0002203060210619069
2018-06 to 2020-05,2018-10-08,Enhanced short/order-book,-0.001075013544937669
2018-06 to 2020-05,2018-10-09,Enhanced short/order-book,-0.0025291473068439407
2018-06 to 2020-05,2018-10-10,Enhanced short/order-book,-0.004866435658338192
2018-06 to 2020-05,2018-10-11,Enhanced short/order-book,0.0047951176430483244
2018-06 to 2020-05,2018-10-12,Enhanced short/order-book,-0.005031746101292577
2018-06 to 2020-05,2018-10-15,Enhanced short/order-book,0.0008194334269633044
2018-06 to 2020-05,2018-10-16,Enhanced short/order-book,-0.0004227309809377195
2018-06 to 2020-05,2018-10-17,Enhanced short/order-book,-0.0003718285603671465
2018-06 to 2020-05,2018-10-18,Enhanced short/order-book,0.0026124316100061377
2018-06 to 2020-05,2018-10-19,Enhanced short/order-book,-0.0020812788917883313
2018-06 to 2020-05,2018-10-22,Enhanced short/order-book,-0.0008436158133204667
2018-06 to 2020-05,2018-10-23,Enhanced short/order-book,-0.0035481864479842955
2018-06 to 2020-05,2018-10-24,Enhanced short/order-book,0.002280007134174383
2018-06 to 2020-05,2018-10-25,Enhanced short/order-book,-0.0015871346736354634
2018-06 to 2020-05,2018-10-26,Enhanced short/order-book,0.0002929073036039241
2018-06 to 2020-05,2018-10-29,Enhanced short/order-book,0.003599083935251069
2018-06 to 2020-05,2018-10-30,Enhanced short/order-book,-0.008738134036244839
2018-06 to 2020-05,2018-10-31,Enhanced short/order-book,-0.004813870726531993
2018-06 to 2020-05,2018-11-01,Enhanced short/order-book,-0.0075309475014307325
2018-06 to 2020-05,2018-11-02,Enhanced short/order-book,-0.0028931814934132446
2018-06 to 2020-05,2018-11-05,Enhanced short/order-book,-0.0012600804788187054
2018-06 to 2020-05,2018-11-06,Enhanced short/order-book,0.0011322395599872952
2018-06 to 2020-05,2018-11-07,Enhanced short/order-book,0.0028195489110436653
2018-06 to 2020-05,2018-11-08,Enhanced short/order-book,0.0017355188235041823
2018-06 to 2020-05,2018-11-09,Enhanced short/order-book,-0.0012593260768235897
2018-06 to 2020-05,2018-11-12,Enhanced short/order-book,-0.005321295414729362
2018-06 to 2020-05,2018-11-13,Enhanced short/order-book,0.0008697024875870739
2018-06 to 2020-05,2018-11-14,Enhanced short/order-book,-0.003034905143391598
2018-06 to 2020-05,2018-11-15,Enhanced short/order-book,-0.002146621607154562
2018-06 to 2020-05,2018-11-16,Enhanced short/order-book,0.0010972206322349021
2018-06 to 2020-05,2018-11-19,Enhanced short/order-book,3.6894548581524265e-05
2018-06 to 2020-05,2018-11-20,Enhanced short/order-book,-0.0015734580529960876
2018-06 to 2020-05,2018-11-21,Enhanced short/order-book,-0.0004807149735186126
2018-06 to 2020-05,2018-11-23,Enhanced short/order-book,0.00022140713821870264
2018-06 to 2020-05,2018-11-26,Enhanced short/order-book,0.0006779913716533298
2018-06 to 2020-05,2018-11-27,Enhanced short/order-book,0.0005572991822991726
2018-06 to 2020-05,2018-11-28,Enhanced short/order-book,-0.0043320346345627325
2018-06 to 2020-05,2018-11-29,Enhanced short/order-book,0.0011932090150208279
2018-06 to 2020-05,2018-11-30,Enhanced short/order-book,0.0
2018-06 to 2020-05,2018-12-03,Enhanced short/order-book,0.00157618854516666
2018-06 to 2020-05,2018-12-04,Enhanced short/order-book,0.006221046548051836
2018-06 to 2020-05,2018-12-06,Enhanced short/order-book,0.0037539686748664074
2018-06 to 2020-05,2018-12-07,Enhanced short/order-book,0.005798174950989188
2018-06 to 2020-05,2018-12-10,Enhanced short/order-book,-0.004436844053330186
2018-06 to 2020-05,2018-12-11,Enhanced short/order-book,0.004323430081818115
2018-06 to 2020-05,2018-12-12,Enhanced short/order-book,-0.0012232800121466654
2018-06 to 2020-05,2018-12-13,Enhanced short/order-book,0.002249915390754113
2018-06 to 2020-05,2018-12-14,Enhanced short/order-book,0.0019668662577603004
2018-06 to 2020-05,2018-12-17,Enhanced short/order-book,0.00779071568641862
2018-06 to 2020-05,2018-12-18,Enhanced short/order-book,0.0006333150081954124
2018-06 to 2020-05,2018-12-19,Enhanced short/order-book,-0.00014800864340142107
2018-06 to 2020-05,2018-12-20,Enhanced short/order-book,0.0032740850016700356
2018-06 to 2020-05,2018-12-21,Enhanced short/order-book,0.0029105456110069283
2018-06 to 2020-05,2018-12-24,Enhanced short/order-book,0.006994703085146407
2018-06 to 2020-05,2018-12-26,Enhanced short/order-book,-0.012128833643953583
2018-06 to 2020-05,2018-12-27,Enhanced short/order-book,-0.004110180470556733
2018-06 to 2020-05,2018-12-28,Enhanced short/order-book,-0.002188328858344284
2018-06 to 2020-05,2018-12-31,Enhanced short/order-book,-0.001602984818198417
2018-06 to 2020-05,2019-01-02,Enhanced short/order-book,0.0018504751643737087
2018-06 to 2020-05,2019-01-03,Enhanced short/order-book,0.0
2018-06 to 2020-05,2019-01-04,Enhanced short/order-book,-0.0029140449262550503
2018-06 to 2020-05,2019-01-07,Enhanced short/order-book,-0.0002592309089521553
2018-06 to 2020-05,2019-01-08,Enhanced short/order-book,-0.0013602598267821392
2018-06 to 2020-05,2019-01-09,Enhanced short/order-book,0.0
2018-06 to 2020-05,2019-01-10,Enhanced short/order-book,0.0
2018-06 to 2020-05,2019-01-11,Enhanced short/order-book,0.0
2018-06 to 2020-05,2019-01-14,Enhanced short/order-book,0.0
2018-06 to 2020-05,2019-01-15,Enhanced short/order-book,0.0
2018-06 to 2020-05,2019-01-16,Enhanced short/order-book,0.0
2018-06 to 2020-05,2019-01-17,Enhanced short/order-book,0.0
2018-06 to 2020-05,2019-01-18,Enhanced short/order-book,0.0
2018-06 to 2020-05,2019-01-22,Enhanced short/order-book,0.0
2018-06 to 2020-05,2019-01-23,Enhanced short/order-book,0.0
2018-06 to 2020-05,2019-01-24,Enhanced short/order-book,0.0
2018-06 to 2020-05,2019-01-25,Enhanced short/order-book,0.0
2018-06 to 2020-05,2019-01-28,Enhanced short/order-book,0.0
2018-06 to 2020-05,2019-01-29,Enhanced short/order-book,0.0
2018-06 to 2020-05,2019-01-30,Enhanced short/order-book,0.0
2018-06 to 2020-05,2019-01-31,Enhanced short/order-book,0.0
2018-06 to 2020-05,2019-02-01,Enhanced short/order-book,0.0
2018-06 to 2020-05,2019-02-04,Enhanced short/order-book,0.0
2018-06 to 2020-05,2019-02-05,Enhanced short/order-book,0.0
2018-06 to 2020-05,2019-02-06,Enhanced short/order-book,0.0
2018-06 to 2020-05,2019-02-07,Enhanced short/order-book,0.0
2018-06 to 2020-05,2019-02-08,Enhanced short/order-book,0.00018178504202125603
2018-06 to 2020-05,2019-02-11,Enhanced short/order-book,5.289745827714082e-05
2018-06 to 2020-05,2019-02-12,Enhanced short/order-book,-0.002136941743889899
2018-06 to 2020-05,2019-02-13,Enhanced short/order-book,-0.004914127397410584
2018-06 to 2020-05,2019-02-14,Enhanced short/order-book,-0.0005830046022353676
2018-06 to 2020-05,2019-02-15,Enhanced short/order-book,0.0
2018-06 to 2020-05,2019-02-19,Enhanced short/order-book,-2.675368616402649e-05
2018-06 to 2020-05,2019-02-20,Enhanced short/order-book,6.369887803112719e-05
2018-06 to 2020-05,2019-02-21,Enhanced short/order-book,0.0
2018-06 to 2020-05,2019-02-22,Enhanced short/order-book,0.0
2018-06 to 2020-05,2019-02-25,Enhanced short/order-book,0.0
2018-06 to 2020-05,2019-02-26,Enhanced short/order-book,0.0005024002342934167
2018-06 to 2020-05,2019-02-27,Enhanced short/order-book,-9.333197092515262e-06
2018-06 to 2020-05,2019-02-28,Enhanced short/order-book,-0.0001496485294605177
2018-06 to 2020-05,2019-03-01,Enhanced short/order-book,0.0
2018-06 to 2020-05,2019-03-04,Enhanced short/order-book,0.0
2018-06 to 2020-05,2019-03-05,Enhanced short/order-book,0.0
2018-06 to 2020-05,2019-03-06,Enhanced short/order-book,0.0
2018-06 to 2020-05,2019-03-07,Enhanced short/order-book,0.0
2018-06 to 2020-05,2019-03-08,Enhanced short/order-book,0.0
2018-06 to 2020-05,2019-03-11,Enhanced short/order-book,0.0
2018-06 to 2020-05,2019-03-12,Enhanced short/order-book,0.0
2018-06 to 2020-05,2019-03-13,Enhanced short/order-book,0.0
2018-06 to 2020-05,2019-03-14,Enhanced short/order-book,0.0
2018-06 to 2020-05,2019-03-15,Enhanced short/order-book,0.0
2018-06 to 2020-05,2019-03-18,Enhanced short/order-book,0.0
2018-06 to 2020-05,2019-03-19,Enhanced short/order-book,0.0
2018-06 to 2020-05,2019-03-20,Enhanced short/order-book,0.0
2018-06 to 2020-05,2019-03-21,Enhanced short/order-book,0.0
2018-06 to 2020-05,2019-03-22,Enhanced short/order-book,-0.00027179700107188585
2018-06 to 2020-05,2019-03-25,Enhanced short/order-book,0.00014084752162165593
2018-06 to 2020-05,2019-03-26,Enhanced short/order-book,0.0
2018-06 to 2020-05,2019-03-27,Enhanced short/order-book,0.0
2018-06 to 2020-05,2019-03-28,Enhanced short/order-book,-0.001022893683886537
2018-06 to 2020-05,2019-03-29,Enhanced short/order-book,0.000276090934339708
2018-06 to 2020-05,2019-04-01,Enhanced short/order-book,0.0
2018-06 to 2020-05,2019-04-02,Enhanced short/order-book,0.0
2018-06 to 2020-05,2019-04-03,Enhanced short/order-book,0.0
2018-06 to 2020-05,2019-04-04,Enhanced short/order-book,0.0
2018-06 to 2020-05,2019-04-05,Enhanced short/order-book,0.0
2018-06 to 2020-05,2019-04-08,Enhanced short/order-book,0.0
2018-06 to 2020-05,2019-04-09,Enhanced short/order-book,0.0
2018-06 to 2020-05,2019-04-10,Enhanced short/order-book,0.0
2018-06 to 2020-05,2019-04-11,Enhanced short/order-book,0.0
2018-06 to 2020-05,2019-04-12,Enhanced short/order-book,0.0
2018-06 to 2020-05,2019-04-15,Enhanced short/order-book,-0.0013671127800243851
2018-06 to 2020-05,2019-04-16,Enhanced short/order-book,0.0009416195856873798
2018-06 to 2020-05,2019-04-17,Enhanced short/order-book,-0.0036207449093752695
2018-06 to 2020-05,2019-04-18,Enhanced short/order-book,-0.0011553387235374456
2018-06 to 2020-05,2019-04-22,Enhanced short/order-book,0.0005083569330382547
2018-06 to 2020-05,2019-04-23,Enhanced short/order-book,0.0015759498052832128
2018-06 to 2020-05,2019-04-24,Enhanced short/order-book,0.0008784778493219748
2018-06 to 2020-05,2019-04-25,Enhanced short/order-book,-0.00018821083317988637
2018-06 to 2020-05,2019-04-26,Enhanced short/order-book,-0.00022103105642867153
2018-06 to 2020-05,2019-04-29,Enhanced short/order-book,0.0024696623567072216
2018-06 to 2020-05,2019-04-30,Enhanced short/order-book,0.004761693983573147
2018-06 to 2020-05,2019-05-01,Enhanced short/order-book,-0.0026533112264807363
2018-06 to 2020-05,2019-05-02,Enhanced short/order-book,-0.0029391471528159357
2018-06 to 2020-05,2019-05-03,Enhanced short/order-book,0.012021505649470084
2018-06 to 2020-05,2019-05-06,Enhanced short/order-book,-0.0015309765405172686
2018-06 to 2020-05,2019-05-07,Enhanced short/order-book,-0.00344909036098902
2018-06 to 2020-05,2019-05-08,Enhanced short/order-book,-0.00027854999678013804
2018-06 to 2020-05,2019-05-09,Enhanced short/order-book,0.0028478207729392886
2018-06 to 2020-05,2019-05-10,Enhanced short/order-book,0.00636072307365921
2018-06 to 2020-05,2019-05-13,Enhanced short/order-book,-0.0025092674869135172
2018-06 to 2020-05,2019-05-14,Enhanced short/order-book,0.0009298443055922292
2018-06 to 2020-05,2019-05-15,Enhanced short/order-book,0.008711503972228777
2018-06 to 2020-05,2019-05-16,Enhanced short/order-book,0.004334632808028259
2018-06 to 2020-05,2019-05-17,Enhanced short/order-book,-0.0015469320214780103
2018-06 to 2020-05,2019-05-20,Enhanced short/order-book,-0.0021397115271554364
2018-06 to 2020-05,2019-05-21,Enhanced short/order-book,0.003826261940268922
2018-06 to 2020-05,2019-05-22,Enhanced short/order-book,0.003105395308063064
2018-06 to 2020-05,2019-05-23,Enhanced short/order-book,-0.005723858421093137
2018-06 to 2020-05,2019-05-24,Enhanced short/order-book,0.001021202749577393
2018-06 to 2020-05,2019-05-28,Enhanced short/order-book,-0.0010111083409512808
2018-06 to 2020-05,2019-05-29,Enhanced short/order-book,-0.00012377897034711346
2018-06 to 2020-05,2019-05-30,Enhanced short/order-book,-0.0006795625083356725
2018-06 to 2020-05,2019-05-31,Enhanced short/order-book,-0.0010765771121651261
2018-06 to 2020-05,2019-06-03,Enhanced short/order-book,0.0015674310616651532
2018-06 to 2020-05,2019-06-04,Enhanced short/order-book,0.000547823313495094
2018-06 to 2020-05,2019-06-05,Enhanced short/order-book,0.007192950219541836
2018-06 to 2020-05,2019-06-06,Enhanced short/order-book,0.0019707415749503445
2018-06 to 2020-05,2019-06-07,Enhanced short/order-book,0.000614372390218292
2018-06 to 2020-05,2019-06-10,Enhanced short/order-book,-0.0006714149947814235
2018-06 to 2020-05,2019-06-11,Enhanced short/order-book,0.0007414021267257588
2018-06 to 2020-05,2019-06-12,Enhanced short/order-book,0.00037701883607625517
2018-06 to 2020-05,2019-06-13,Enhanced short/order-book,1.8545049347337458e-05
2018-06 to 2020-05,2019-06-14,Enhanced short/order-book,-0.0005105141001324525
2018-06 to 2020-05,2019-06-17,Enhanced short/order-book,0.0012001945040464848
2018-06 to 2020-05,2019-06-18,Enhanced short/order-book,-0.000617276887871853
2018-06 to 2020-05,2019-06-19,Enhanced short/order-book,0.0
2018-06 to 2020-05,2019-06-20,Enhanced short/order-book,0.0
2018-06 to 2020-05,2019-06-21,Enhanced short/order-book,0.0
2018-06 to 2020-05,2019-06-24,Enhanced short/order-book,-3.0408158944885246e-05
2018-06 to 2020-05,2019-06-25,Enhanced short/order-book,-0.0032600620582823253
2018-06 to 2020-05,2019-06-26,Enhanced short/order-book,-0.001824846246949899
2018-06 to 2020-05,2019-06-27,Enhanced short/order-book,0.0003478345978129388
2018-06 to 2020-05,2019-06-28,Enhanced short/order-book,0.0005273014826213335
2018-06 to 2020-05,2019-07-01,Enhanced short/order-book,0.002907816526947487
2018-06 to 2020-05,2019-07-02,Enhanced short/order-book,0.0016089555651313907
2018-06 to 2020-05,2019-07-03,Enhanced short/order-book,0.0035367770367827345
2018-06 to 2020-05,2019-07-05,Enhanced short/order-book,0.00164632703753318
2018-06 to 2020-05,2019-07-08,Enhanced short/order-book,-0.0021630750501863724
2018-06 to 2020-05,2019-07-09,Enhanced short/order-book,0.0021410565595806497
2018-06 to 2020-05,2019-07-10,Enhanced short/order-book,-0.0016144264942103415
2018-06 to 2020-05,2019-07-11,Enhanced short/order-book,-0.0003765431743673515
2018-06 to 2020-05,2019-07-12,Enhanced short/order-book,0.0004472037574509271
2018-06 to 2020-05,2019-07-15,Enhanced short/order-book,0.0
2018-06 to 2020-05,2019-07-16,Enhanced short/order-book,0.0
2018-06 to 2020-05,2019-07-17,Enhanced short/order-book,0.0
2018-06 to 2020-05,2019-07-18,Enhanced short/order-book,0.0
2018-06 to 2020-05,2019-07-19,Enhanced short/order-book,0.0
2018-06 to 2020-05,2019-07-22,Enhanced short/order-book,0.0
2018-06 to 2020-05,2019-07-23,Enhanced short/order-book,0.0
2018-06 to 2020-05,2019-07-24,Enhanced short/order-book,0.0
2018-06 to 2020-05,2019-07-25,Enhanced short/order-book,0.0
2018-06 to 2020-05,2019-07-26,Enhanced short/order-book,0.0
2018-06 to 2020-05,2019-07-29,Enhanced short/order-book,0.0
2018-06 to 2020-05,2019-07-30,Enhanced short/order-book,0.0
2018-06 to 2020-05,2019-07-31,Enhanced short/order-book,0.0
2018-06 to 2020-05,2019-08-01,Enhanced short/order-book,-0.003978296604077108
2018-06 to 2020-05,2019-08-02,Enhanced short/order-book,-0.0003603263151053186
2018-06 to 2020-05,2019-08-05,Enhanced short/order-book,-0.002065082451531879
2018-06 to 2020-05,2019-08-06,Enhanced short/order-book,0.0007096309111880091
2018-06 to 2020-05,2019-08-07,Enhanced short/order-book,0.004990313923735483
2018-06 to 2020-05,2019-08-08,Enhanced short/order-book,0.0017527860963542671
2018-06 to 2020-05,2019-08-09,Enhanced short/order-book,0.002935432190618367
2018-06 to 2020-05,2019-08-12,Enhanced short/order-book,0.00045093989211468163
2018-06 to 2020-05,2019-08-13,Enhanced short/order-book,0.003011621276966918
2018-06 to 2020-05,2019-08-14,Enhanced short/order-book,-0.009813024588820534
2018-06 to 2020-05,2019-08-15,Enhanced short/order-book,0.0007364905840688906
2018-06 to 2020-05,2019-08-16,Enhanced short/order-book,0.003204255655645821
2018-06 to 2020-05,2019-08-19,Enhanced short/order-book,-0.000191691103063464
2018-06 to 2020-05,2019-08-20,Enhanced short/order-book,-0.0048864894046395995
2018-06 to 2020-05,2019-08-21,Enhanced short/order-book,0.002714597792970648
2018-06 to 2020-05,2019-08-22,Enhanced short/order-book,0.0017932651060127208
2018-06 to 2020-05,2019-08-23,Enhanced short/order-book,-0.015222472166705442
2018-06 to 2020-05,2019-08-26,Enhanced short/order-book,0.0034789518697484587
2018-06 to 2020-05,2019-08-27,Enhanced short/order-book,-0.00024860336507056673
2018-06 to 2020-05,2019-08-28,Enhanced short/order-book,0.0011476868371976803
2018-06 to 2020-05,2019-08-29,Enhanced short/order-book,0.0009094722476453918
2018-06 to 2020-05,2019-08-30,Enhanced short/order-book,9.785617655286004e-06
2018-06 to 2020-05,2019-09-03,Enhanced short/order-book,-9.361725705831437e-06
2018-06 to 2020-05,2019-09-04,Enhanced short/order-book,-0.0014997009600929592
2018-06 to 2020-05,2019-09-05,Enhanced short/order-book,0.0015273531708190193
2018-06 to 2020-05,2019-09-06,Enhanced short/order-book,0.0026211239008164335
2018-06 to 2020-05,2019-09-09,Enhanced short/order-book,0.0008364942304858245
2018-06 to 2020-05,2019-09-10,Enhanced short/order-book,-0.0034262808790162186
2018-06 to 2020-05,2019-09-11,Enhanced short/order-book,-0.0010560794015601644
2018-06 to 2020-05,2019-09-12,Enhanced short/order-book,0.00045009682315380297
2018-06 to 2020-05,2019-09-13,Enhanced short/order-book,0.00026069619065490716
2018-06 to 2020-05,2019-09-16,Enhanced short/order-book,0.0
2018-06 to 2020-05,2019-09-17,Enhanced short/order-book,-0.0007028514134794124
2018-06 to 2020-05,2019-09-18,Enhanced short/order-book,0.0008830655585517427
2018-06 to 2020-05,2019-09-19,Enhanced short/order-book,-0.0014481459343268716
2018-06 to 2020-05,2019-09-20,Enhanced short/order-book,-0.0018670444686061938
2018-06 to 2020-05,2019-09-23,Enhanced short/order-book,-0.0005301458842978914
2018-06 to 2020-05,2019-09-24,Enhanced short/order-book,-0.0006244301935110453
2018-06 to 2020-05,2019-09-25,Enhanced short/order-book,-0.00146604576620016
2018-06 to 2020-05,2019-09-26,Enhanced short/order-book,-0.0011529457646235648
2018-06 to 2020-05,2019-09-27,Enhanced short/order-book,-0.0009685764871037358
2018-06 to 2020-05,2019-09-30,Enhanced short/order-book,0.002054262036306237
2018-06 to 2020-05,2019-10-01,Enhanced short/order-book,-0.0016240226287656226
2018-06 to 2020-05,2019-10-02,Enhanced short/order-book,0.00013500183316128374
2018-06 to 2020-05,2019-10-03,Enhanced short/order-book,-0.0018949028431132875
2018-06 to 2020-05,2019-10-04,Enhanced short/order-book,-0.003076013496428767
2018-06 to 2020-05,2019-10-07,Enhanced short/order-book,-0.0022317247729420823
2018-06 to 2020-05,2019-10-08,Enhanced short/order-book,-0.001277669374621453
2018-06 to 2020-05,2019-10-09,Enhanced short/order-book,-0.0007712104470659711
2018-06 to 2020-05,2019-10-10,Enhanced short/order-book,0.0012713262116945956
2018-06 to 2020-05,2019-10-11,Enhanced short/order-book,-0.0006539133975518646
2018-06 to 2020-05,2019-10-14,Enhanced short/order-book,-0.0009792978487221133
2018-06 to 2020-05,2019-10-15,Enhanced short/order-book,0.0
2018-06 to 2020-05,2019-10-16,Enhanced short/order-book,0.0
2018-06 to 2020-05,2019-10-17,Enhanced short/order-book,0.0043320185394494365
2018-06 to 2020-05,2019-10-18,Enhanced short/order-book,0.0018948266534839478
2018-06 to 2020-05,2019-10-21,Enhanced short/order-book,0.0002972918791433354
2018-06 to 2020-05,2019-10-22,Enhanced short/order-book,0.0019488969554164902
2018-06 to 2020-05,2019-10-23,Enhanced short/order-book,0.0005835923408641067
2018-06 to 2020-05,2019-10-24,Enhanced short/order-book,-0.0008847649139125584
2018-06 to 2020-05,2019-10-25,Enhanced short/order-book,0.0017685139487912849
2018-06 to 2020-05,2019-10-28,Enhanced short/order-book,0.0004347791879969828
2018-06 to 2020-05,2019-10-29,Enhanced short/order-book,-0.0017358684684842876
2018-06 to 2020-05,2019-10-30,Enhanced short/order-book,0.00029898524349394813
2018-06 to 2020-05,2019-10-31,Enhanced short/order-book,-0.0016735944686373863
2018-06 to 2020-05,2019-11-01,Enhanced short/order-book,-0.0015590497146515966
2018-06 to 2020-05,2019-11-04,Enhanced short/order-book,0.0014347517057776192
2018-06 to 2020-05,2019-11-05,Enhanced short/order-book,-0.004360722255587037
2018-06 to 2020-05,2019-11-06,Enhanced short/order-book,-0.0019409281795743664
2018-06 to 2020-05,2019-11-07,Enhanced short/order-book,0.0015366706221605815
2018-06 to 2020-05,2019-11-08,Enhanced short/order-book,-0.0014866112703564984
2018-06 to 2020-05,2019-11-11,Enhanced short/order-book,-0.001432261717838794
2018-06 to 2020-05,2019-11-12,Enhanced short/order-book,0.002335531880747817
2018-06 to 2020-05,2019-11-13,Enhanced short/order-book,0.0012443632649806653
2018-06 to 2020-05,2019-11-14,Enhanced short/order-book,0.0008404172799829141
2018-06 to 2020-05,2019-11-15,Enhanced short/order-book,0.00014605763582357787
2018-06 to 2020-05,2019-11-18,Enhanced short/order-book,0.0004878828408240042
2018-06 to 2020-05,2019-11-19,Enhanced short/order-book,-0.0001252083280989462
2018-06 to 2020-05,2019-11-20,Enhanced short/order-book,0.0
2018-06 to 2020-05,2019-11-21,Enhanced short/order-book,0.0
2018-06 to 2020-05,2019-11-22,Enhanced short/order-book,0.0
2018-06 to 2020-05,2019-11-25,Enhanced short/order-book,0.0
2018-06 to 2020-05,2019-11-26,Enhanced short/order-book,0.0
2018-06 to 2020-05,2019-11-27,Enhanced short/order-book,-0.0005894775927446946
2018-06 to 2020-05,2019-11-29,Enhanced short/order-book,-0.00012501041927149656
2018-06 to 2020-05,2019-12-02,Enhanced short/order-book,0.0
2018-06 to 2020-05,2019-12-03,Enhanced short/order-book,0.0
2018-06 to 2020-05,2019-12-04,Enhanced short/order-book,-0.0005490202868038776
2018-06 to 2020-05,2019-12-05,Enhanced short/order-book,0.00035632674575185596
2018-06 to 2020-05,2019-12-06,Enhanced short/order-book,-0.0007108463622462684
2018-06 to 2020-05,2019-12-09,Enhanced short/order-book,-6.728686275452489e-05
2018-06 to 2020-05,2019-12-10,Enhanced short/order-book,-0.00025863164834826255
2018-06 to 2020-05,2019-12-11,Enhanced short/order-book,0.00021631325773487667
2018-06 to 2020-05,2019-12-12,Enhanced short/order-book,0.00021784357334815143
2018-06 to 2020-05,2019-12-13,Enhanced short/order-book,-0.0010740779531102104
2018-06 to 2020-05,2019-12-16,Enhanced short/order-book,-0.0006625351392793288
2018-06 to 2020-05,2019-12-17,Enhanced short/order-book,6.652751016912756e-05
2018-06 to 2020-05,2019-12-18,Enhanced short/order-book,0.0
2018-06 to 2020-05,2019-12-19,Enhanced short/order-book,0.0
2018-06 to 2020-05,2019-12-20,Enhanced short/order-book,0.0
2018-06 to 2020-05,2019-12-23,Enhanced short/order-book,-0.0010173741529044668
2018-06 to 2020-05,2019-12-24,Enhanced short/order-book,0.0007019273515049071
2018-06 to 2020-05,2019-12-26,Enhanced short/order-book,-0.0002462362668512184
2018-06 to 2020-05,2019-12-27,Enhanced short/order-book,0.0
2018-06 to 2020-05,2019-12-30,Enhanced short/order-book,0.0
2018-06 to 2020-05,2019-12-31,Enhanced short/order-book,0.0
2018-06 to 2020-05,2020-01-02,Enhanced short/order-book,0.0
2018-06 to 2020-05,2020-01-03,Enhanced short/order-book,0.0
2018-06 to 2020-05,2020-01-06,Enhanced short/order-book,0.0
2018-06 to 2020-05,2020-01-07,Enhanced short/order-book,0.0
2018-06 to 2020-05,2020-01-08,Enhanced short/order-book,0.00032807643079173075
2018-06 to 2020-05,2020-01-09,Enhanced short/order-book,0.001138589060436315
2018-06 to 2020-05,2020-01-10,Enhanced short/order-book,6.829862050315326e-06
2018-06 to 2020-05,2020-01-13,Enhanced short/order-book,0.0
2018-06 to 2020-05,2020-01-14,Enhanced short/order-book,0.0
2018-06 to 2020-05,2020-01-15,Enhanced short/order-book,0.0
2018-06 to 2020-05,2020-01-16,Enhanced short/order-book,0.0
2018-06 to 2020-05,2020-01-17,Enhanced short/order-book,0.0
2018-06 to 2020-05,2020-01-21,Enhanced short/order-book,-0.001033766054528324
2018-06 to 2020-05,2020-01-22,Enhanced short/order-book,0.00018911568795348645
2018-06 to 2020-05,2020-01-23,Enhanced short/order-book,-0.0006405416253482583
2018-06 to 2020-05,2020-01-24,Enhanced short/order-book,0.0019501346077476654
2018-06 to 2020-05,2020-01-27,Enhanced short/order-book,-0.0005515636508796545
2018-06 to 2020-05,2020-01-28,Enhanced short/order-book,0.002590812486821815
2018-06 to 2020-05,2020-01-29,Enhanced short/order-book,-0.0022957331663346755
2018-06 to 2020-05,2020-01-30,Enhanced short/order-book,0.002494460018485174
2018-06 to 2020-05,2020-01-31,Enhanced short/order-book,-0.0008113887651337969
2018-06 to 2020-05,2020-02-03,Enhanced short/order-book,-0.0009362072839898157
2018-06 to 2020-05,2020-02-04,Enhanced short/order-book,0.0018370298304507477
2018-06 to 2020-05,2020-02-05,Enhanced short/order-book,0.008087907868379714
2018-06 to 2020-05,2020-02-06,Enhanced short/order-book,-0.0040355118465637925
2018-06 to 2020-05,2020-02-07,Enhanced short/order-book,0.000901447568773892
2018-06 to 2020-05,2020-02-10,Enhanced short/order-book,0.0018538508633936122
2018-06 to 2020-05,2020-02-11,Enhanced short/order-book,0.0002649899870345955
2018-06 to 2020-05,2020-02-12,Enhanced short/order-book,-0.007122639585786661
2018-06 to 2020-05,2020-02-13,Enhanced short/order-book,-0.003043169998345039
2018-06 to 2020-05,2020-02-14,Enhanced short/order-book,0.0037424549380953853
2018-06 to 2020-05,2020-02-18,Enhanced short/order-book,-0.00549358490084241
2018-06 to 2020-05,2020-02-19,Enhanced short/order-book,-0.0008805338345550224
2018-06 to 2020-05,2020-02-20,Enhanced short/order-book,0.0007076703034353315
2018-06 to 2020-05,2020-02-21,Enhanced short/order-book,-9.537580566245355e-05
2018-06 to 2020-05,2020-02-24,Enhanced short/order-book,0.004843469771724049
2018-06 to 2020-05,2020-02-25,Enhanced short/order-book,0.004781272679701552
2018-06 to 2020-05,2020-02-26,Enhanced short/order-book,-0.0025094117540968583
2018-06 to 2020-05,2020-02-27,Enhanced short/order-book,0.006393998562047236
2018-06 to 2020-05,2020-02-28,Enhanced short/order-book,0.004105076367651255
2018-06 to 2020-05,2020-03-02,Enhanced short/order-book,-0.007248476962483846
2018-06 to 2020-05,2020-03-03,Enhanced short/order-book,0.0010282538444824347
2018-06 to 2020-05,2020-03-04,Enhanced short/order-book,-0.0017275920465807228
2018-06 to 2020-05,2020-03-05,Enhanced short/order-book,0.005733554445765113
2018-06 to 2020-05,2020-03-06,Enhanced short/order-book,0.005046003137633921
2018-06 to 2020-05,2020-03-09,Enhanced short/order-book,0.01062413788260806
2018-06 to 2020-05,2020-03-10,Enhanced short/order-book,-0.008051643358867676
2018-06 to 2020-05,2020-03-11,Enhanced short/order-book,0.023118533760735176
2018-06 to 2020-05,2020-03-12,Enhanced short/order-book,0.04874540851776398
2018-06 to 2020-05,2020-03-13,Enhanced short/order-book,-0.0321542599909769
2018-06 to 2020-05,2020-03-16,Enhanced short/order-book,0.06410857671929013
2018-06 to 2020-05,2020-03-17,Enhanced short/order-book,0.006542885025430333
2018-06 to 2020-05,2020-03-18,Enhanced short/order-book,0.05345852401206805
2018-06 to 2020-05,2020-03-19,Enhanced short/order-book,-0.04246625370589828
2018-06 to 2020-05,2020-03-20,Enhanced short/order-book,0.01597712041076713
2018-06 to 2020-05,2020-03-23,Enhanced short/order-book,0.008832408798177406
2018-06 to 2020-05,2020-03-24,Enhanced short/order-book,-0.04589010737348657
2018-06 to 2020-05,2020-03-25,Enhanced short/order-book,-0.0006799848400952887
2018-06 to 2020-05,2020-03-26,Enhanced short/order-book,-0.02911783789084453
2018-06 to 2020-05,2020-03-27,Enhanced short/order-book,0.015259360911684693
2018-06 to 2020-05,2020-03-30,Enhanced short/order-book,-0.006281601844994971
2018-06 to 2020-05,2020-03-31,Enhanced short/order-book,0.0012690333082895017
2018-06 to 2020-05,2020-04-01,Enhanced short/order-book,-0.002614090887026665
2018-06 to 2020-05,2020-04-02,Enhanced short/order-book,0.0009509592603924291
2018-06 to 2020-05,2020-04-03,Enhanced short/order-book,0.004106498761308262
2018-06 to 2020-05,2020-04-06,Enhanced short/order-book,-0.022193305271452753
2018-06 to 2020-05,2020-04-07,Enhanced short/order-book,-0.020112088546284476
2018-06 to 2020-05,2020-04-08,Enhanced short/order-book,-0.003151130453847328
2018-06 to 2020-05,2020-04-09,Enhanced short/order-book,0.003730101691600685
2018-06 to 2020-05,2020-04-13,Enhanced short/order-book,0.0013246942687323582
2018-06 to 2020-05,2020-04-14,Enhanced short/order-book,-0.0035170298938449938
2018-06 to 2020-05,2020-04-15,Enhanced short/order-book,0.0
2018-06 to 2020-05,2020-04-16,Enhanced short/order-book,0.0
2018-06 to 2020-05,2020-04-17,Enhanced short/order-book,0.0
2018-06 to 2020-05,2020-04-20,Enhanced short/order-book,0.0
2018-06 to 2020-05,2020-04-21,Enhanced short/order-book,0.0
2018-06 to 2020-05,2020-04-22,Enhanced short/order-book,0.0
2018-06 to 2020-05,2020-04-23,Enhanced short/order-book,-2.3164812043750327e-05
2018-06 to 2020-05,2020-04-24,Enhanced short/order-book,-0.001468287692791932
2018-06 to 2020-05,2020-04-27,Enhanced short/order-book,0.0
2018-06 to 2020-05,2020-04-28,Enhanced short/order-book,0.0
2018-06 to 2020-05,2020-04-29,Enhanced short/order-book,0.0
2018-06 to 2020-05,2020-04-30,Enhanced short/order-book,0.0
2018-06 to 2020-05,2020-05-01,Enhanced short/order-book,0.0
2018-06 to 2020-05,2020-05-04,Enhanced short/order-book,-0.0006011812773805401
2018-06 to 2020-05,2020-05-05,Enhanced short/order-book,0.007241637797977318
2018-06 to 2020-05,2020-05-06,Enhanced short/order-book,0.008138034370917029
2018-06 to 2020-05,2020-05-07,Enhanced short/order-book,-0.008451155781556188
2018-06 to 2020-05,2020-05-08,Enhanced short/order-book,-0.001629201439588938
2018-06 to 2020-05,2020-05-11,Enhanced short/order-book,0.001219477014703155
2018-06 to 2020-05,2020-05-12,Enhanced short/order-book,0.005150352733686049
2018-06 to 2020-05,2020-05-13,Enhanced short/order-book,0.0008884839650145853
2018-06 to 2020-05,2020-05-14,Enhanced short/order-book,-0.010163958087823225
2018-06 to 2020-05,2020-05-15,Enhanced short/order-book,5.22917390838711e-05
2018-06 to 2020-05,2020-05-18,Enhanced short/order-book,-0.014857098812480337
2018-06 to 2020-05,2020-05-19,Enhanced short/order-book,6.294798654211497e-05
2018-06 to 2020-05,2020-05-20,Enhanced short/order-book,0.0
2018-06 to 2020-05,2020-05-21,Enhanced short/order-book,0.0
2018-06 to 2020-05,2020-05-22,Enhanced short/order-book,0.0
2018-06 to 2020-05,2020-05-26,Enhanced short/order-book,0.0
2018-06 to 2020-05,2020-05-27,Enhanced short/order-book,0.0
2018-06 to 2020-05,2020-05-28,Enhanced short/order-book,0.0
2018-06 to 2020-05,2020-05-29,Enhanced short/order-book,0.0
2018-06 to 2020-05,2020-06-01,Enhanced short/order-book,0.0
2018-06 to 2020-05,2020-06-02,Enhanced short/order-book,0.0
2018-06 to 2020-05,2020-06-03,Enhanced short/order-book,0.0
2018-06 to 2020-05,2020-06-04,Enhanced short/order-book,0.0
2018-06 to 2020-05,2020-06-05,Enhanced short/order-book,0.0
2018-06 to 2020-05,2020-06-08,Enhanced short/order-book,0.0
2018-06 to 2020-05,2020-06-09,Enhanced short/order-book,0.0
2018-06 to 2020-05,2020-06-10,Enhanced short/order-book,0.0
2018-06 to 2020-05,2020-06-11,Enhanced short/order-book,0.0
2018-06 to 2020-05,2020-06-12,Enhanced short/order-book,0.0
2018-06 to 2020-05,2020-06-15,Enhanced short/order-book,0.0
2018-06 to 2020-05,2020-06-16,Enhanced short/order-book,0.0
2018-06 to 2020-05,2020-06-17,Enhanced short/order-book,0.0
2018-06 to 2020-05,2020-06-18,Enhanced short/order-book,0.0
2018-06 to 2020-05,2020-06-19,Enhanced short/order-book,-0.0029826973438084633
2018-06 to 2020-05,2020-06-22,Enhanced short/order-book,-0.00023322495232607702
2018-06 to 2020-05,2020-06-23,Enhanced short/order-book,0.0008790247188539793
2018-06 to 2020-05,2020-06-24,Enhanced short/order-book,0.0
2018-06 to 2020-05,2020-06-25,Enhanced short/order-book,0.0
2018-06 to 2020-05,2020-06-26,Enhanced short/order-book,0.0
2018-06 to 2020-05,2020-06-29,Enhanced short/order-book,0.0
2018-06 to 2020-05,2020-06-30,Enhanced short/order-book,0.0
2018-06 to 2020-05,2020-07-01,Enhanced short/order-book,0.0
2018-06 to 2020-05,2020-07-02,Enhanced short/order-book,0.0
2018-06 to 2020-05,2020-07-06,Enhanced short/order-book,0.0
2018-06 to 2020-05,2020-07-07,Enhanced short/order-book,0.0
2018-06 to 2020-05,2020-07-08,Enhanced short/order-book,0.0
2018-06 to 2020-05,2020-07-09,Enhanced short/order-book,0.0
2018-06 to 2020-05,2020-07-10,Enhanced short/order-book,0.0
2018-06 to 2020-05,2020-07-13,Enhanced short/order-book,0.0
2018-06 to 2020-05,2020-07-14,Enhanced short/order-book,0.0
2018-06 to 2020-05,2020-07-15,Enhanced short/order-book,0.0
2018-06 to 2020-05,2020-07-16,Enhanced short/order-book,0.0
2018-06 to 2020-05,2020-07-17,Enhanced short/order-book,0.0
2018-06 to 2020-05,2020-07-20,Enhanced short/order-book,0.0
2018-06 to 2020-05,2020-07-21,Enhanced short/order-book,0.0
2018-06 to 2020-05,2020-07-22,Enhanced short/order-book,0.0
2018-06 to 2020-05,2020-07-23,Enhanced short/order-book,0.0
2018-06 to 2020-05,2020-07-24,Enhanced short/order-book,0.0
2018-06 to 2020-05,2020-07-27,Enhanced short/order-book,0.0
2018-06 to 2020-05,2020-07-28,Enhanced short/order-book,0.0
2018-06 to 2020-05,2020-07-29,Enhanced short/order-book,0.0
2018-06 to 2020-05,2020-07-30,Enhanced short/order-book,0.0
2018-06 to 2020-05,2020-07-31,Enhanced short/order-book,0.0
2018-06 to 2020-05,2020-08-03,Enhanced short/order-book,-0.0008728352140396017
2018-06 to 2020-05,2020-08-04,Enhanced short/order-book,-0.0006872383808436627
2018-06 to 2020-05,2020-08-05,Enhanced short/order-book,0.007709540627964658
2018-06 to 2020-05,2020-08-06,Enhanced short/order-book,-0.003322362116710476
2018-06 to 2020-05,2020-08-07,Enhanced short/order-book,0.0027344883170518086
2018-06 to 2020-05,2020-08-10,Enhanced short/order-book,-0.0004914783379019491
2018-06 to 2020-05,2020-08-11,Enhanced short/order-book,-0.0015702212641184815
2018-06 to 2020-05,2020-08-12,Enhanced short/order-book,-0.001871093596588411
2018-06 to 2020-05,2020-08-13,Enhanced short/order-book,-0.0003838424196633919
2018-06 to 2020-05,2020-08-14,Enhanced short/order-book,-0.0011548001714347018
2018-06 to 2020-05,2020-08-17,Enhanced short/order-book,0.0
2018-06 to 2020-05,2020-08-18,Enhanced short/order-book,0.0
2018-06 to 2020-05,2020-08-19,Enhanced short/order-book,0.0
2018-06 to 2020-05,2020-08-20,Enhanced short/order-book,0.0
2018-06 to 2020-05,2020-08-21,Enhanced short/order-book,0.0
2018-06 to 2020-05,2020-08-24,Enhanced short/order-book,0.0
2018-06 to 2020-05,2020-08-25,Enhanced short/order-book,0.0
2018-06 to 2020-05,2020-08-26,Enhanced short/order-book,0.0
2018-06 to 2020-05,2020-08-27,Enhanced short/order-book,0.0
2018-06 to 2020-05,2020-08-28,Enhanced short/order-book,0.0
2018-06 to 2020-05,2020-08-31,Enhanced short/order-book,-0.0139812651673533
2018-06 to 2020-05,2018-09-04,Passive insurance basket,-0.0014636958608027495
2018-06 to 2020-05,2018-09-05,Passive insurance basket,0.0016454431950789772
2018-06 to 2020-05,2018-09-06,Passive insurance basket,0.0005881435399310853
2018-06 to 2020-05,2018-09-07,Passive insurance basket,-0.004078708786816154
2018-06 to 2020-05,2018-09-10,Passive insurance basket,-0.0120390821029559
2018-06 to 2020-05,2018-09-11,Passive insurance basket,-0.0009910674392273888
2018-06 to 2020-05,2018-09-12,Passive insurance basket,-0.004568300631186184
2018-06 to 2020-05,2018-09-13,Passive insurance basket,0.01103230345863393
2018-06 to 2020-05,2018-09-14,Passive insurance basket,0.004836795859133325
2018-06 to 2020-05,2018-09-17,Passive insurance basket,-0.002803759221136737
2018-06 to 2020-05,2018-09-18,Passive insurance basket,0.008182337762022485
2018-06 to 2020-05,2018-09-19,Passive insurance basket,0.0034217249861234755
2018-06 to 2020-05,2018-09-20,Passive insurance basket,0.009285574817833764
2018-06 to 2020-05,2018-09-21,Passive insurance basket,0.004464418129937808
2018-06 to 2020-05,2018-09-24,Passive insurance basket,-0.009362827555126296
2018-06 to 2020-05,2018-09-25,Passive insurance basket,0.0012330536729439068
2018-06 to 2020-05,2018-09-26,Passive insurance basket,-0.002623473515548036
2018-06 to 2020-05,2018-09-27,Passive insurance basket,-0.004521519928280648
2018-06 to 2020-05,2018-09-28,Passive insurance basket,0.005773713476744602
2018-06 to 2020-05,2018-10-01,Passive insurance basket,-0.007231083911377056
2018-06 to 2020-05,2018-10-02,Passive insurance basket,0.0006885895300567935
2018-06 to 2020-05,2018-10-03,Passive insurance basket,0.0035924333340373593
2018-06 to 2020-05,2018-10-04,Passive insurance basket,-0.0014634633038520528
2018-06 to 2020-05,2018-10-05,Passive insurance basket,-0.0016733474825745276
2018-06 to 2020-05,2018-10-08,Passive insurance basket,0.004288054023958265
2018-06 to 2020-05,2018-10-09,Passive insurance basket,0.0060845200478854
2018-06 to 2020-05,2018-10-10,Passive insurance basket,-0.027543635521979914
2018-06 to 2020-05,2018-10-11,Passive insurance basket,-0.02904248923317665
2018-06 to 2020-05,2018-10-12,Passive insurance basket,-0.0037754150937491238
2018-06 to 2020-05,2018-10-15,Passive insurance basket,-0.003328021390128777
2018-06 to 2020-05,2018-10-16,Passive insurance basket,0.0261329826657013
2018-06 to 2020-05,2018-10-17,Passive insurance basket,0.007089680496561668
2018-06 to 2020-05,2018-10-18,Passive insurance basket,-0.00015014717321681914
2018-06 to 2020-05,2018-10-19,Passive insurance basket,-0.006134415227765366
2018-06 to 2020-05,2018-10-22,Passive insurance basket,-0.013678830866788894
2018-06 to 2020-05,2018-10-23,Passive insurance basket,-0.01199254030766217
2018-06 to 2020-05,2018-10-24,Passive insurance basket,-0.028657478455249796
2018-06 to 2020-05,2018-10-25,Passive insurance basket,0.009507359145714656
2018-06 to 2020-05,2018-10-26,Passive insurance basket,0.0029614440831209343
2018-06 to 2020-05,2018-10-29,Passive insurance basket,0.016538346839816143
2018-06 to 2020-05,2018-10-30,Passive insurance basket,0.022019364567991584
2018-06 to 2020-05,2018-10-31,Passive insurance basket,0.0008796950589120556
2018-06 to 2020-05,2018-11-01,Passive insurance basket,-0.003620688369939784
2018-06 to 2020-05,2018-11-02,Passive insurance basket,0.0006689605119163389
2018-06 to 2020-05,2018-11-05,Passive insurance basket,0.00938550544281358
2018-06 to 2020-05,2018-11-06,Passive insurance basket,0.009737360125469774
2018-06 to 2020-05,2018-11-07,Passive insurance basket,0.013317624830037511
2018-06 to 2020-05,2018-11-08,Passive insurance basket,0.00017909684644434876
2018-06 to 2020-05,2018-11-09,Passive insurance basket,-0.0022441331912148588
2018-06 to 2020-05,2018-11-12,Passive insurance basket,-0.01702643514735047
2018-06 to 2020-05,2018-11-13,Passive insurance basket,-0.0009003600599343242
2018-06 to 2020-05,2018-11-14,Passive insurance basket,-0.029145600078651412
2018-06 to 2020-05,2018-11-15,Passive insurance basket,0.010821372733894385
2018-06 to 2020-05,2018-11-16,Passive insurance basket,0.004195199255516924
2018-06 to 2020-05,2018-11-19,Passive insurance basket,-0.005860117816894883
2018-06 to 2020-05,2018-11-20,Passive insurance basket,-0.011070648624340262
2018-06 to 2020-05,2018-11-21,Passive insurance basket,0.001227700074571736
2018-06 to 2020-05,2018-11-23,Passive insurance basket,-0.006838368833820274
2018-06 to 2020-05,2018-11-26,Passive insurance basket,0.011495899607724347
2018-06 to 2020-05,2018-11-27,Passive insurance basket,-0.014581943243419992
2018-06 to 2020-05,2018-11-28,Passive insurance basket,0.020051369365665428
2018-06 to 2020-05,2018-11-29,Passive insurance basket,-0.0012945146287988152
2018-06 to 2020-05,2018-11-30,Passive insurance basket,0.0013164050318901221
2018-06 to 2020-05,2018-12-03,Passive insurance basket,0.006528119802131416
2018-06 to 2020-05,2018-12-04,Passive insurance basket,-0.024180674135662716
2018-06 to 2020-05,2018-12-06,Passive insurance basket,-0.012881543613228907
2018-06 to 2020-05,2018-12-07,Passive insurance basket,-0.009988825706727655
2018-06 to 2020-05,2018-12-10,Passive insurance basket,-0.005890924811083331
2018-06 to 2020-05,2018-12-11,Passive insurance basket,-0.0025854161538719778
2018-06 to 2020-05,2018-12-12,Passive insurance basket,-0.004450124917852238
2018-06 to 2020-05,2018-12-13,Passive insurance basket,-0.005942952082573338
2018-06 to 2020-05,2018-12-14,Passive insurance basket,-0.006291245904259557
2018-06 to 2020-05,2018-12-17,Passive insurance basket,-0.011225758644051176
2018-06 to 2020-05,2018-12-18,Passive insurance basket,-0.004985240122450385
2018-06 to 2020-05,2018-12-19,Passive insurance basket,0.006476497137280823
2018-06 to 2020-05,2018-12-20,Passive insurance basket,-0.013267078911522012
2018-06 to 2020-05,2018-12-21,Passive insurance basket,-0.011154194582051247
2018-06 to 2020-05,2018-12-24,Passive insurance basket,-0.0292859206489815
2018-06 to 2020-05,2018-12-26,Passive insurance basket,0.03926156745977716
2018-06 to 2020-05,2018-12-27,Passive insurance basket,0.011831701623759239
2018-06 to 2020-05,2018-12-28,Passive insurance basket,0.002101850278641626
2018-06 to 2020-05,2018-12-31,Passive insurance basket,0.013252998674972538
2018-06 to 2020-05,2019-01-02,Passive insurance basket,-0.006681629127668343
2018-06 to 2020-05,2019-01-03,Passive insurance basket,-0.013260424571871376
2018-06 to 2020-05,2019-01-04,Passive insurance basket,0.024078465723174736
2018-06 to 2020-05,2019-01-07,Passive insurance basket,0.0007450976237508566
2018-06 to 2020-05,2019-01-08,Passive insurance basket,-0.0007295394870661109
2018-06 to 2020-05,2019-01-09,Passive insurance basket,0.005535380570420578
2018-06 to 2020-05,2019-01-10,Passive insurance basket,0.011408582908972287
2018-06 to 2020-05,2019-01-11,Passive insurance basket,-0.001180053948288462
2018-06 to 2020-05,2019-01-14,Passive insurance basket,0.004507459768254618
2018-06 to 2020-05,2019-01-15,Passive insurance basket,0.00535477097208048
2018-06 to 2020-05,2019-01-16,Passive insurance basket,0.008503303766505432
2018-06 to 2020-05,2019-01-17,Passive insurance basket,0.006540746015954779
2018-06 to 2020-05,2019-01-18,Passive insurance basket,0.016349644515446515
2018-06 to 2020-05,2019-01-22,Passive insurance basket,-0.010451949162985197
2018-06 to 2020-05,2019-01-23,Passive insurance basket,0.005822116146962486
2018-06 to 2020-05,2019-01-24,Passive insurance basket,-0.0019733586840464667
2018-06 to 2020-05,2019-01-25,Passive insurance basket,-0.005152065055352706
2018-06 to 2020-05,2019-01-28,Passive insurance basket,-0.001593632773804754
2018-06 to 2020-05,2019-01-29,Passive insurance basket,0.0006448974722517153
2018-06 to 2020-05,2019-01-30,Passive insurance basket,0.003747194406062082
2018-06 to 2020-05,2019-01-31,Passive insurance basket,0.01180460628584945
2018-06 to 2020-05,2019-02-01,Passive insurance basket,0.003802690837411804
2018-06 to 2020-05,2019-02-04,Passive insurance basket,0.006521332301556049
2018-06 to 2020-05,2019-02-05,Passive insurance basket,0.005112790602108674
2018-06 to 2020-05,2019-02-06,Passive insurance basket,0.003948568602235358
2018-06 to 2020-05,2019-02-07,Passive insurance basket,-0.0025605614017797373
2018-06 to 2020-05,2019-02-08,Passive insurance basket,0.0008197540896837108
2018-06 to 2020-05,2019-02-11,Passive insurance basket,-0.006621030389620919
2018-06 to 2020-05,2019-02-12,Passive insurance basket,0.01068806106183251
2018-06 to 2020-05,2019-02-13,Passive insurance basket,0.01168713930189691
2018-06 to 2020-05,2019-02-14,Passive insurance basket,-0.017198644450395872
2018-06 to 2020-05,2019-02-15,Passive insurance basket,0.016025639575577122
2018-06 to 2020-05,2019-02-19,Passive insurance basket,0.006751817804671267
2018-06 to 2020-05,2019-02-20,Passive insurance basket,0.004970177190049885
2018-06 to 2020-05,2019-02-21,Passive insurance basket,-0.006854036306185973
2018-06 to 2020-05,2019-02-22,Passive insurance basket,0.012125637629623265
2018-06 to 2020-05,2019-02-25,Passive insurance basket,0.0019483878283179656
2018-06 to 2020-05,2019-02-26,Passive insurance basket,0.00014238008894351672
2018-06 to 2020-05,2019-02-27,Passive insurance basket,0.0021609288245507674
2018-06 to 2020-05,2019-02-28,Passive insurance basket,0.0037888110001602637
2018-06 to 2020-05,2019-03-01,Passive insurance basket,0.001388061592205947
2018-06 to 2020-05,2019-03-04,Passive insurance basket,-0.004718238155607901
2018-06 to 2020-05,2019-03-05,Passive insurance basket,-0.003782754115864373
2018-06 to 2020-05,2019-03-06,Passive insurance basket,-0.009332734016099353
2018-06 to 2020-05,2019-03-07,Passive insurance basket,-0.005844419449938076
2018-06 to 2020-05,2019-03-08,Passive insurance basket,0.0007668095936224084
2018-06 to 2020-05,2019-03-11,Passive insurance basket,0.011713168548971309
2018-06 to 2020-05,2019-03-12,Passive insurance basket,0.002222782061123363
2018-06 to 2020-05,2019-03-13,Passive insurance basket,-0.0012190304670226526
2018-06 to 2020-05,2019-03-14,Passive insurance basket,0.0017677206252586508
2018-06 to 2020-05,2019-03-15,Passive insurance basket,0.005672118545905658
2018-06 to 2020-05,2019-03-18,Passive insurance basket,0.004936576848273644
2018-06 to 2020-05,2019-03-19,Passive insurance basket,-0.01134270149486516
2018-06 to 2020-05,2019-03-20,Passive insurance basket,-0.011140905347602148
2018-06 to 2020-05,2019-03-21,Passive insurance basket,0.009395263560217693
2018-06 to 2020-05,2019-03-22,Passive insurance basket,-0.01063580034278222
2018-06 to 2020-05,2019-03-25,Passive insurance basket,0.0001693795628032735
2018-06 to 2020-05,2019-03-26,Passive insurance basket,0.003821503010795979
2018-06 to 2020-05,2019-03-27,Passive insurance basket,0.0013984079598263754
2018-06 to 2020-05,2019-03-28,Passive insurance basket,-0.00230926539720544
2018-06 to 2020-05,2019-03-29,Passive insurance basket,0.0022322330233661702
2018-06 to 2020-05,2019-04-01,Passive insurance basket,0.007802011975963863
2018-06 to 2020-05,2019-04-02,Passive insurance basket,-0.00835039007829197
2018-06 to 2020-05,2019-04-03,Passive insurance basket,0.005749487759512784
2018-06 to 2020-05,2019-04-04,Passive insurance basket,0.001533354404674947
2018-06 to 2020-05,2019-04-05,Passive insurance basket,0.006230090277660416
2018-06 to 2020-05,2019-04-08,Passive insurance basket,-0.005196140464630794
2018-06 to 2020-05,2019-04-09,Passive insurance basket,-0.008850160851191502
2018-06 to 2020-05,2019-04-10,Passive insurance basket,0.006781084893540346
2018-06 to 2020-05,2019-04-11,Passive insurance basket,0.007048900094690946
2018-06 to 2020-05,2019-04-12,Passive insurance basket,0.007048318723997138
2018-06 to 2020-05,2019-04-15,Passive insurance basket,-0.009643809885333865
2018-06 to 2020-05,2019-04-16,Passive insurance basket,0.01813489605119445
2018-06 to 2020-05,2019-04-17,Passive insurance basket,-0.0113530437574757
2018-06 to 2020-05,2019-04-18,Passive insurance basket,-0.0017433114066410793
2018-06 to 2020-05,2019-04-22,Passive insurance basket,-0.002501762741103253
2018-06 to 2020-05,2019-04-23,Passive insurance basket,0.008899675279701924
2018-06 to 2020-05,2019-04-24,Passive insurance basket,0.001402382891441345
2018-06 to 2020-05,2019-04-25,Passive insurance basket,0.009004474885913938
2018-06 to 2020-05,2019-04-26,Passive insurance basket,0.008576438959166488
2018-06 to 2020-05,2019-04-29,Passive insurance basket,0.006432409797860972
2018-06 to 2020-05,2019-04-30,Passive insurance basket,0.010969879796802529
2018-06 to 2020-05,2019-05-01,Passive insurance basket,-0.004252414052982489
2018-06 to 2020-05,2019-05-02,Passive insurance basket,0.002942018358386367
2018-06 to 2020-05,2019-05-03,Passive insurance basket,0.015953641486369685
2018-06 to 2020-05,2019-05-06,Passive insurance basket,-0.004110455252771206
2018-06 to 2020-05,2019-05-07,Passive insurance basket,-0.0015812938860272352
2018-06 to 2020-05,2019-05-08,Passive insurance basket,-0.0029699505756307643
2018-06 to 2020-05,2019-05-09,Passive insurance basket,-0.0005179833613928597
2018-06 to 2020-05,2019-05-10,Passive insurance basket,0.011615994149965614
2018-06 to 2020-05,2019-05-13,Passive insurance basket,-0.018050301075130837
2018-06 to 2020-05,2019-05-14,Passive insurance basket,0.009881878131743127
2018-06 to 2020-05,2019-05-15,Passive insurance basket,0.013884162157546731
2018-06 to 2020-05,2019-05-16,Passive insurance basket,0.0072313652175290954
2018-06 to 2020-05,2019-05-17,Passive insurance basket,-0.004128652936466581
2018-06 to 2020-05,2019-05-20,Passive insurance basket,0.001862586938829125
2018-06 to 2020-05,2019-05-21,Passive insurance basket,0.013547594209502467
2018-06 to 2020-05,2019-05-22,Passive insurance basket,0.005087763713706561
2018-06 to 2020-05,2019-05-23,Passive insurance basket,-0.008343551609967692
2018-06 to 2020-05,2019-05-24,Passive insurance basket,0.005849589020005208
2018-06 to 2020-05,2019-05-28,Passive insurance basket,-0.008436112691454833
2018-06 to 2020-05,2019-05-29,Passive insurance basket,-0.0011632264175672757
2018-06 to 2020-05,2019-05-30,Passive insurance basket,0.00446591047153766
2018-06 to 2020-05,2019-05-31,Passive insurance basket,-0.004449343549143281
2018-06 to 2020-05,2019-06-03,Passive insurance basket,0.016994242446390695
2018-06 to 2020-05,2019-06-04,Passive insurance basket,0.010665981421288606
2018-06 to 2020-05,2019-06-05,Passive insurance basket,0.008312249568514618
2018-06 to 2020-05,2019-06-06,Passive insurance basket,0.0021039887304037386
2018-06 to 2020-05,2019-06-07,Passive insurance basket,0.0035937175532001486
2018-06 to 2020-05,2019-06-10,Passive insurance basket,-0.002257871640885978
2018-06 to 2020-05,2019-06-11,Passive insurance basket,-0.0005560745451099747
2018-06 to 2020-05,2019-06-12,Passive insurance basket,-0.0036534449736506103
2018-06 to 2020-05,2019-06-13,Passive insurance basket,0.005130064246814614
2018-06 to 2020-05,2019-06-14,Passive insurance basket,0.005129706432875469
2018-06 to 2020-05,2019-06-17,Passive insurance basket,-0.005548852927699577
2018-06 to 2020-05,2019-06-18,Passive insurance basket,0.0025763667413021274
2018-06 to 2020-05,2019-06-19,Passive insurance basket,0.005798428444130588
2018-06 to 2020-05,2019-06-20,Passive insurance basket,0.008507044427264354
2018-06 to 2020-05,2019-06-21,Passive insurance basket,-0.01170898098473383
2018-06 to 2020-05,2019-06-24,Passive insurance basket,0.003293800623551224
2018-06 to 2020-05,2019-06-25,Passive insurance basket,-0.00297146904008061
2018-06 to 2020-05,2019-06-26,Passive insurance basket,-0.013243527939622135
2018-06 to 2020-05,2019-06-27,Passive insurance basket,0.014154614916923158
2018-06 to 2020-05,2019-06-28,Passive insurance basket,0.008296092476691497
2018-06 to 2020-05,2019-07-01,Passive insurance basket,0.014335640550224849
2018-06 to 2020-05,2019-07-02,Passive insurance basket,0.004928610360929397
2018-06 to 2020-05,2019-07-03,Passive insurance basket,0.012356783052900111
2018-06 to 2020-05,2019-07-05,Passive insurance basket,0.004918320922396857
2018-06 to 2020-05,2019-07-08,Passive insurance basket,-0.00301397418184024
2018-06 to 2020-05,2019-07-09,Passive insurance basket,0.0033139003543749546
2018-06 to 2020-05,2019-07-10,Passive insurance basket,-0.0041084070213872614
2018-06 to 2020-05,2019-07-11,Passive insurance basket,-0.0013787758429938402
2018-06 to 2020-05,2019-07-12,Passive insurance basket,0.008679048991856453
2018-06 to 2020-05,2019-07-15,Passive insurance basket,0.0007288558163318637
2018-06 to 2020-05,2019-07-16,Passive insurance basket,-0.0004054977586680497
2018-06 to 2020-05,2019-07-17,Passive insurance basket,-0.01667956149021954
2018-06 to 2020-05,2019-07-18,Passive insurance basket,0.0034986657408506705
2018-06 to 2020-05,2019-07-19,Passive insurance basket,-0.010539444165723943
2018-06 to 2020-05,2019-07-22,Passive insurance basket,-0.0016459276397365885
2018-06 to 2020-05,2019-07-23,Passive insurance basket,-0.0006097643273781372
2018-06 to 2020-05,2019-07-24,Passive insurance basket,0.00826664910564845
2018-06 to 2020-05,2019-07-25,Passive insurance basket,-0.0033148644789707804
2018-06 to 2020-05,2019-07-26,Passive insurance basket,0.007510173005532028
2018-06 to 2020-05,2019-07-29,Passive insurance basket,-0.01969281306780335
2018-06 to 2020-05,2019-07-30,Passive insurance basket,0.00011738252663073823
2018-06 to 2020-05,2019-07-31,Passive insurance basket,0.002332009461102791
2018-06 to 2020-05,2019-08-01,Passive insurance basket,-0.010855654790245528
2018-06 to 2020-05,2019-08-02,Passive insurance basket,-0.0022696022464996357
2018-06 to 2020-05,2019-08-05,Passive insurance basket,-0.019394740221503892
2018-06 to 2020-05,2019-08-06,Passive insurance basket,0.018742962909784167
2018-06 to 2020-05,2019-08-07,Passive insurance basket,0.012337453941686283
2018-06 to 2020-05,2019-08-08,Passive insurance basket,0.01220189802308691
2018-06 to 2020-05,2019-08-09,Passive insurance basket,-0.004517942230667704
2018-06 to 2020-05,2019-08-12,Passive insurance basket,-0.008640079535716327
2018-06 to 2020-05,2019-08-13,Passive insurance basket,0.014872598250414093
2018-06 to 2020-05,2019-08-14,Passive insurance basket,-0.032452324586085046
2018-06 to 2020-05,2019-08-15,Passive insurance basket,0.0075807502343383515
2018-06 to 2020-05,2019-08-16,Passive insurance basket,0.014755103640775369
2018-06 to 2020-05,2019-08-19,Passive insurance basket,0.005057748112205607
2018-06 to 2020-05,2019-08-20,Passive insurance basket,-0.012700708981502773
2018-06 to 2020-05,2019-08-21,Passive insurance basket,0.004980849421707623
2018-06 to 2020-05,2019-08-22,Passive insurance basket,0.0031620527579239166
2018-06 to 2020-05,2019-08-23,Passive insurance basket,-0.024490781799963113
2018-06 to 2020-05,2019-08-26,Passive insurance basket,0.012244419309570986
2018-06 to 2020-05,2019-08-27,Passive insurance basket,-0.0015254962486584978
2018-06 to 2020-05,2019-08-28,Passive insurance basket,0.003918796473040942
2018-06 to 2020-05,2019-08-29,Passive insurance basket,0.007657376615066047
2018-06 to 2020-05,2019-08-30,Passive insurance basket,0.0014121684583914274
2018-06 to 2020-05,2019-09-03,Passive insurance basket,0.0034195879422889153
2018-06 to 2020-05,2019-09-04,Passive insurance basket,0.012566750269729088
2018-06 to 2020-05,2019-09-05,Passive insurance basket,0.009440130085710319
2018-06 to 2020-05,2019-09-06,Passive insurance basket,0.006300064022853213
2018-06 to 2020-05,2019-09-09,Passive insurance basket,-0.006099894473750478
2018-06 to 2020-05,2019-09-10,Passive insurance basket,-0.009336034460282527
2018-06 to 2020-05,2019-09-11,Passive insurance basket,0.004988695923351383
2018-06 to 2020-05,2019-09-12,Passive insurance basket,0.004419145596346041
2018-06 to 2020-05,2019-09-13,Passive insurance basket,0.0002314346400866807
2018-06 to 2020-05,2019-09-16,Passive insurance basket,0.0012356740844718939
2018-06 to 2020-05,2019-09-17,Passive insurance basket,0.00675872612205497
2018-06 to 2020-05,2019-09-18,Passive insurance basket,0.0050413244278255664
2018-06 to 2020-05,2019-09-19,Passive insurance basket,-0.004094220745095245
2018-06 to 2020-05,2019-09-20,Passive insurance basket,-0.004369249942820619
2018-06 to 2020-05,2019-09-23,Passive insurance basket,-0.0028479051714598302
2018-06 to 2020-05,2019-09-24,Passive insurance basket,0.004080834961219804
2018-06 to 2020-05,2019-09-25,Passive insurance basket,0.00391848045541221
2018-06 to 2020-05,2019-09-26,Passive insurance basket,0.0033948484377464005
2018-06 to 2020-05,2019-09-27,Passive insurance basket,-0.0038832673424048503
2018-06 to 2020-05,2019-09-30,Passive insurance basket,0.003916998325517396
2018-06 to 2020-05,2019-10-01,Passive insurance basket,-0.0183125557961914
2018-06 to 2020-05,2019-10-02,Passive insurance basket,-0.01445062997530322
2018-06 to 2020-05,2019-10-03,Passive insurance basket,0.005565009089157913
2018-06 to 2020-05,2019-10-04,Passive insurance basket,0.022641358610378637
2018-06 to 2020-05,2019-10-07,Passive insurance basket,-0.01058646094986504
2018-06 to 2020-05,2019-10-08,Passive insurance basket,-0.015333598825700734
2018-06 to 2020-05,2019-10-09,Passive insurance basket,0.008162097358364484
2018-06 to 2020-05,2019-10-10,Passive insurance basket,0.0057889226711522745
2018-06 to 2020-05,2019-10-11,Passive insurance basket,0.006750429196600738
2018-06 to 2020-05,2019-10-14,Passive insurance basket,0.0018618462603632313
2018-06 to 2020-05,2019-10-15,Passive insurance basket,-0.001736366599142336
2018-06 to 2020-05,2019-10-16,Passive insurance basket,-0.0061966651183020804
2018-06 to 2020-05,2019-10-17,Passive insurance basket,0.001020903170953824
2018-06 to 2020-05,2019-10-18,Passive insurance basket,0.0020226033915606845
2018-06 to 2020-05,2019-10-21,Passive insurance basket,0.006867997869217435
2018-06 to 2020-05,2019-10-22,Passive insurance basket,-0.020054766138629554
2018-06 to 2020-05,2019-10-23,Passive insurance basket,0.002765238179563312
2018-06 to 2020-05,2019-10-24,Passive insurance basket,0.0036759615222257125
2018-06 to 2020-05,2019-10-25,Passive insurance basket,-0.009339023999053842
2018-06 to 2020-05,2019-10-28,Passive insurance basket,-0.012996563853376442
2018-06 to 2020-05,2019-10-29,Passive insurance basket,0.008024069707949888
2018-06 to 2020-05,2019-10-30,Passive insurance basket,-0.004061707808028059
2018-06 to 2020-05,2019-10-31,Passive insurance basket,0.003872161483047032
2018-06 to 2020-05,2019-11-01,Passive insurance basket,-0.014908552848466594
2018-06 to 2020-05,2019-11-04,Passive insurance basket,-0.01658203845231776
2018-06 to 2020-05,2019-11-05,Passive insurance basket,0.003991314375676902
2018-06 to 2020-05,2019-11-06,Passive insurance basket,0.013814960769842344
2018-06 to 2020-05,2019-11-07,Passive insurance basket,-0.00011820017058106203
2018-06 to 2020-05,2019-11-08,Passive insurance basket,0.002213438050256089
2018-06 to 2020-05,2019-11-11,Passive insurance basket,-0.0011515700954680685
2018-06 to 2020-05,2019-11-12,Passive insurance basket,0.005659473847916097
2018-06 to 2020-05,2019-11-13,Passive insurance basket,0.011578776739476826
2018-06 to 2020-05,2019-11-14,Passive insurance basket,-0.0020884140947087237
2018-06 to 2020-05,2019-11-15,Passive insurance basket,-0.00021142412873620398
2018-06 to 2020-05,2019-11-18,Passive insurance basket,-0.0017245753135796127
2018-06 to 2020-05,2019-11-19,Passive insurance basket,0.00024995115592796324
2018-06 to 2020-05,2019-11-20,Passive insurance basket,-0.004258407146416232
2018-06 to 2020-05,2019-11-21,Passive insurance basket,-0.0055919135120554575
2018-06 to 2020-05,2019-11-22,Passive insurance basket,0.0011981728085002086
2018-06 to 2020-05,2019-11-25,Passive insurance basket,0.009319634054044235
2018-06 to 2020-05,2019-11-26,Passive insurance basket,0.010674938434596326
2018-06 to 2020-05,2019-11-27,Passive insurance basket,0.0017963868728536614
2018-06 to 2020-05,2019-11-29,Passive insurance basket,-0.003436719746500283
2018-06 to 2020-05,2019-12-02,Passive insurance basket,-0.0060675874797582185
2018-06 to 2020-05,2019-12-03,Passive insurance basket,-0.013282724065208473
2018-06 to 2020-05,2019-12-04,Passive insurance basket,0.0009440204554018727
2018-06 to 2020-05,2019-12-05,Passive insurance basket,-0.002521499860563048
2018-06 to 2020-05,2019-12-06,Passive insurance basket,0.007381778608902545
2018-06 to 2020-05,2019-12-09,Passive insurance basket,-0.00012639297931349436
2018-06 to 2020-05,2019-12-10,Passive insurance basket,-0.005410471664436867
2018-06 to 2020-05,2019-12-11,Passive insurance basket,-0.0074484258219461585
2018-06 to 2020-05,2019-12-12,Passive insurance basket,0.009166653760194432
2018-06 to 2020-05,2019-12-13,Passive insurance basket,0.0007061182067951144
2018-06 to 2020-05,2019-12-16,Passive insurance basket,0.001987394647495977
2018-06 to 2020-05,2019-12-17,Passive insurance basket,0.0071014772002131465
2018-06 to 2020-05,2019-12-18,Passive insurance basket,-0.0018855545529750106
2018-06 to 2020-05,2019-12-19,Passive insurance basket,0.0006787336682181344
2018-06 to 2020-05,2019-12-20,Passive insurance basket,0.0025538715457582573
2018-06 to 2020-05,2019-12-23,Passive insurance basket,-0.016829016030377786
2018-06 to 2020-05,2019-12-24,Passive insurance basket,0.0034472583614999497
2018-06 to 2020-05,2019-12-26,Passive insurance basket,0.0006030653150823628
2018-06 to 2020-05,2019-12-27,Passive insurance basket,0.006759767499468827
2018-06 to 2020-05,2019-12-30,Passive insurance basket,0.0009359056258513299
2018-06 to 2020-05,2019-12-31,Passive insurance basket,0.004495274577246855
2018-06 to 2020-05,2020-01-02,Passive insurance basket,0.011959839766176428
2018-06 to 2020-05,2020-01-03,Passive insurance basket,0.0013055509328308013
2018-06 to 2020-05,2020-01-06,Passive insurance basket,0.003839146489979628
2018-06 to 2020-05,2020-01-07,Passive insurance basket,-0.01617584217651269
2018-06 to 2020-05,2020-01-08,Passive insurance basket,0.0021781055807927885
2018-06 to 2020-05,2020-01-09,Passive insurance basket,0.011525017566573759
2018-06 to 2020-05,2020-01-10,Passive insurance basket,-0.011257388480957475
2018-06 to 2020-05,2020-01-13,Passive insurance basket,0.0068026551838829
2018-06 to 2020-05,2020-01-14,Passive insurance basket,-0.002883402295317028
2018-06 to 2020-05,2020-01-15,Passive insurance basket,0.007599684717885857
2018-06 to 2020-05,2020-01-16,Passive insurance basket,0.007251453847033851
2018-06 to 2020-05,2020-01-17,Passive insurance basket,0.008866833488183401
2018-06 to 2020-05,2020-01-21,Passive insurance basket,-0.0041103678176600544
2018-06 to 2020-05,2020-01-22,Passive insurance basket,0.0029580838819538435
2018-06 to 2020-05,2020-01-23,Passive insurance basket,-0.008192511262548496
2018-06 to 2020-05,2020-01-24,Passive insurance basket,0.002758075840014751
2018-06 to 2020-05,2020-01-27,Passive insurance basket,-0.010156630387296417
2018-06 to 2020-05,2020-01-28,Passive insurance basket,0.012603843977900597
2018-06 to 2020-05,2020-01-29,Passive insurance basket,0.002417530762116593
2018-06 to 2020-05,2020-01-30,Passive insurance basket,0.012159556353187106
2018-06 to 2020-05,2020-01-31,Passive insurance basket,-0.011785682072307235
2018-06 to 2020-05,2020-02-03,Passive insurance basket,0.009670668803703375
2018-06 to 2020-05,2020-02-04,Passive insurance basket,0.001827763355121137
2018-06 to 2020-05,2020-02-05,Passive insurance basket,0.022084417728077455
2018-06 to 2020-05,2020-02-06,Passive insurance basket,0.0026399032954815826
2018-06 to 2020-05,2020-02-07,Passive insurance basket,0.0009183508702241827
2018-06 to 2020-05,2020-02-10,Passive insurance basket,0.013418135214069205
2018-06 to 2020-05,2020-02-11,Passive insurance basket,0.003274224991762331
2018-06 to 2020-05,2020-02-12,Passive insurance basket,-0.004860412940626335
2018-06 to 2020-05,2020-02-13,Passive insurance basket,0.004073130101845734
2018-06 to 2020-05,2020-02-14,Passive insurance basket,-0.0010931256166614167
2018-06 to 2020-05,2020-02-18,Passive insurance basket,-0.0049892477704076565
2018-06 to 2020-05,2020-02-19,Passive insurance basket,-0.003985537106093839
2018-06 to 2020-05,2020-02-20,Passive insurance basket,-0.00612247222133111
2018-06 to 2020-05,2020-02-21,Passive insurance basket,-0.002536729545590477
2018-06 to 2020-05,2020-02-24,Passive insurance basket,-0.021589306792696883
2018-06 to 2020-05,2020-02-25,Passive insurance basket,-0.01190030804448483
2018-06 to 2020-05,2020-02-26,Passive insurance basket,-0.011619573856904264
2018-06 to 2020-05,2020-02-27,Passive insurance basket,-0.041729949202911176
2018-06 to 2020-05,2020-02-28,Passive insurance basket,-0.03504759661023771
2018-06 to 2020-05,2020-03-02,Passive insurance basket,0.06270420301834245
2018-06 to 2020-05,2020-03-03,Passive insurance basket,-0.021843076829789476
2018-06 to 2020-05,2020-03-04,Passive insurance basket,0.03847199154522496
2018-06 to 2020-05,2020-03-05,Passive insurance basket,-0.03261876600916658
2018-06 to 2020-05,2020-03-06,Passive insurance basket,-0.019983479561791695
2018-06 to 2020-05,2020-03-09,Passive insurance basket,-0.08724543288173503
2018-06 to 2020-05,2020-03-10,Passive insurance basket,0.04300806860768236
2018-06 to 2020-05,2020-03-11,Passive insurance basket,-0.05311236431311639
2018-06 to 2020-05,2020-03-12,Passive insurance basket,-0.10983247696256282
2018-06 to 2020-05,2020-03-13,Passive insurance basket,0.09339661427726176
2018-06 to 2020-05,2020-03-16,Passive insurance basket,-0.1493870514277571
2018-06 to 2020-05,2020-03-17,Passive insurance basket,0.06658955077131745
2018-06 to 2020-05,2020-03-18,Passive insurance basket,-0.08305993480977691
2018-06 to 2020-05,2020-03-19,Passive insurance basket,0.017828052647044235
2018-06 to 2020-05,2020-03-20,Passive insurance basket,-0.036246188782042776
2018-06 to 2020-05,2020-03-23,Passive insurance basket,-0.023339943531941243
2018-06 to 2020-05,2020-03-24,Passive insurance basket,0.0888287737580673
2018-06 to 2020-05,2020-03-25,Passive insurance basket,0.00032516263950288504
2018-06 to 2020-05,2020-03-26,Passive insurance basket,0.06777365550657533
2018-06 to 2020-05,2020-03-27,Passive insurance basket,-0.023810374476813334
2018-06 to 2020-05,2020-03-30,Passive insurance basket,0.048982906783664903
2018-06 to 2020-05,2020-03-31,Passive insurance basket,-0.02121434241222031
2018-06 to 2020-05,2020-04-01,Passive insurance basket,-0.04504309002657936
2018-06 to 2020-05,2020-04-02,Passive insurance basket,0.012377084066443444
2018-06 to 2020-05,2020-04-03,Passive insurance basket,-0.024060720907987387
2018-06 to 2020-05,2020-04-06,Passive insurance basket,0.05638862501885522
2018-06 to 2020-05,2020-04-07,Passive insurance basket,0.011969443936885149
2018-06 to 2020-05,2020-04-08,Passive insurance basket,0.02843668066515237
2018-06 to 2020-05,2020-04-09,Passive insurance basket,0.04103707823310909
2018-06 to 2020-05,2020-04-13,Passive insurance basket,-0.025844166885387043
2018-06 to 2020-05,2020-04-14,Passive insurance basket,0.02665381935414768
2018-06 to 2020-05,2020-04-15,Passive insurance basket,-0.039726202136109334
2018-06 to 2020-05,2020-04-16,Passive insurance basket,0.0005690049783209084
2018-06 to 2020-05,2020-04-17,Passive insurance basket,0.04293825289620856
2018-06 to 2020-05,2020-04-20,Passive insurance basket,-0.019084647980254776
2018-06 to 2020-05,2020-04-21,Passive insurance basket,-0.025554270724880146
2018-06 to 2020-05,2020-04-22,Passive insurance basket,-0.0044147859846211945
2018-06 to 2020-05,2020-04-23,Passive insurance basket,-0.00898413477100013
2018-06 to 2020-05,2020-04-24,Passive insurance basket,0.005603497009076808
2018-06 to 2020-05,2020-04-27,Passive insurance basket,0.030892321333924277
2018-06 to 2020-05,2020-04-28,Passive insurance basket,-0.006041274552711751
2018-06 to 2020-05,2020-04-29,Passive insurance basket,0.02637835747206596
2018-06 to 2020-05,2020-04-30,Passive insurance basket,-0.048850546155507435
2018-06 to 2020-05,2020-05-01,Passive insurance basket,-0.01151591452767009
2018-06 to 2020-05,2020-05-04,Passive insurance basket,-0.009440517901116552
2018-06 to 2020-05,2020-05-05,Passive insurance basket,0.02725737162216957
2018-06 to 2020-05,2020-05-06,Passive insurance basket,-0.03068447189196344
2018-06 to 2020-05,2020-05-07,Passive insurance basket,0.01735036442503679
2018-06 to 2020-05,2020-05-08,Passive insurance basket,0.018268367742108715
2018-06 to 2020-05,2020-05-11,Passive insurance basket,-0.009750731495054454
2018-06 to 2020-05,2020-05-12,Passive insurance basket,-0.025555022149938766
2018-06 to 2020-05,2020-05-13,Passive insurance basket,-0.031077211818187345
2018-06 to 2020-05,2020-05-14,Passive insurance basket,0.014684262079375232
2018-06 to 2020-05,2020-05-15,Passive insurance basket,0.014063717081999938
2018-06 to 2020-05,2020-05-18,Passive insurance basket,0.04659228612407085
2018-06 to 2020-05,2020-05-19,Passive insurance basket,-0.017125670764844614
2018-06 to 2020-05,2020-05-20,Passive insurance basket,0.01713463753876976
2018-06 to 2020-05,2020-05-21,Passive insurance basket,0.015057290230459097
2018-06 to 2020-05,2020-05-22,Passive insurance basket,0.009406591792182395
2018-06 to 2020-05,2020-05-26,Passive insurance basket,0.012518919743445656
2018-06 to 2020-05,2020-05-27,Passive insurance basket,0.025447049608757766
2018-06 to 2020-05,2020-05-28,Passive insurance basket,-0.009614648503841638
2018-06 to 2020-05,2020-05-29,Passive insurance basket,-0.007217083575657646
2018-06 to 2020-05,2020-06-01,Passive insurance basket,0.010990946158646597
2018-06 to 2020-05,2020-06-02,Passive insurance basket,0.013077343464082514
2018-06 to 2020-05,2020-06-03,Passive insurance basket,0.03218049116530031
2018-06 to 2020-05,2020-06-04,Passive insurance basket,0.012092499766436005
2018-06 to 2020-05,2020-06-05,Passive insurance basket,0.039691450361698744
2018-06 to 2020-05,2020-06-08,Passive insurance basket,0.018281020683885263
2018-06 to 2020-05,2020-06-09,Passive insurance basket,-0.02006304291538874
2018-06 to 2020-05,2020-06-10,Passive insurance basket,-0.025464565344787804
2018-06 to 2020-05,2020-06-11,Passive insurance basket,-0.064995628043378
2018-06 to 2020-05,2020-06-12,Passive insurance basket,0.017041380795031813
2018-06 to 2020-05,2020-06-15,Passive insurance basket,0.01647501114815486
2018-06 to 2020-05,2020-06-16,Passive insurance basket,0.01182862559769382
2018-06 to 2020-05,2020-06-17,Passive insurance basket,-0.011068990263453204
2018-06 to 2020-05,2020-06-18,Passive insurance basket,-0.002616381266267065
2018-06 to 2020-05,2020-06-19,Passive insurance basket,-0.005438663986938708
2018-06 to 2020-05,2020-06-22,Passive insurance basket,-0.003007650650939331
2018-06 to 2020-05,2020-06-23,Passive insurance basket,-0.007599639258479174
2018-06 to 2020-05,2020-06-24,Passive insurance basket,-0.03019533170121247
2018-06 to 2020-05,2020-06-25,Passive insurance basket,0.014176042884996853
2018-06 to 2020-05,2020-06-26,Passive insurance basket,-0.024398289589120603
2018-06 to 2020-05,2020-06-29,Passive insurance basket,0.021969386737064278
2018-06 to 2020-05,2020-06-30,Passive insurance basket,0.016596413379082797
2018-06 to 2020-05,2020-07-01,Passive insurance basket,-0.007765909572722163
2018-06 to 2020-05,2020-07-02,Passive insurance basket,-0.008469627802812352
2018-06 to 2020-05,2020-07-06,Passive insurance basket,0.017997094283269455
2018-06 to 2020-05,2020-07-07,Passive insurance basket,-0.017629123909056577
2018-06 to 2020-05,2020-07-08,Passive insurance basket,0.004359367472900333
2018-06 to 2020-05,2020-07-09,Passive insurance basket,-0.02708091648809008
2018-06 to 2020-05,2020-07-10,Passive insurance basket,0.03325949323556321
2018-06 to 2020-05,2020-07-13,Passive insurance basket,-0.0037648010743380755
2018-06 to 2020-05,2020-07-14,Passive insurance basket,0.01967929485412978
2018-06 to 2020-05,2020-07-15,Passive insurance basket,0.017196845730404142
2018-06 to 2020-05,2020-07-16,Passive insurance basket,0.01797007171196552
2018-06 to 2020-05,2020-07-17,Passive insurance basket,-0.0006548530131222918
2018-06 to 2020-05,2020-07-20,Passive insurance basket,-0.004875219360378713
2018-06 to 2020-05,2020-07-21,Passive insurance basket,0.011259906747100201
2018-06 to 2020-05,2020-07-22,Passive insurance basket,0.011145613129182719
2018-06 to 2020-05,2020-07-23,Passive insurance basket,0.010225228039889123
2018-06 to 2020-05,2020-07-24,Passive insurance basket,-0.007995010973154248
2018-06 to 2020-05,2020-07-27,Passive insurance basket,-0.002785792850344193
2018-06 to 2020-05,2020-07-28,Passive insurance basket,-0.007053118386145196
2018-06 to 2020-05,2020-07-29,Passive insurance basket,0.01778706815875597
2018-06 to 2020-05,2020-07-30,Passive insurance basket,-0.015300619313573738
2018-06 to 2020-05,2020-07-31,Passive insurance basket,0.05906950219355722
2018-06 to 2020-05,2020-08-03,Passive insurance basket,0.0024894489507272244
2018-06 to 2020-05,2020-08-04,Passive insurance basket,-0.011305453907093588
2018-06 to 2020-05,2020-08-05,Passive insurance basket,0.04396612155354007
2018-06 to 2020-05,2020-08-06,Passive insurance basket,-0.009515083860409335
2018-06 to 2020-05,2020-08-07,Passive insurance basket,0.016975706078830477
2018-06 to 2020-05,2020-08-10,Passive insurance basket,0.0010438303204427513
2018-06 to 2020-05,2020-08-11,Passive insurance basket,-0.007561729334196521
2018-06 to 2020-05,2020-08-12,Passive insurance basket,-0.010400891043388372
2018-06 to 2020-05,2020-08-13,Passive insurance basket,0.009550333044018755
2018-06 to 2020-05,2020-08-14,Passive insurance basket,-0.0065226250559417
2018-06 to 2020-05,2020-08-17,Passive insurance basket,-0.00802072685679589
2018-06 to 2020-05,2020-08-18,Passive insurance basket,0.0007842741867338798
2018-06 to 2020-05,2020-08-19,Passive insurance basket,0.003325431494142439
2018-06 to 2020-05,2020-08-20,Passive insurance basket,-0.001677399845701144
2018-06 to 2020-05,2020-08-21,Passive insurance basket,-0.0010145413331761333
2018-06 to 2020-05,2020-08-24,Passive insurance basket,0.011032127422484272
2018-06 to 2020-05,2020-08-25,Passive insurance basket,-0.0008721334296938332
2018-06 to 2020-05,2020-08-26,Passive insurance basket,-0.005660895891076323
2018-06 to 2020-05,2020-08-27,Passive insurance basket,0.017742431868410513
2018-06 to 2020-05,2020-08-28,Passive insurance basket,-0.007549355702291871
2018-06 to 2020-05,2020-08-31,Passive insurance basket,-0.032254852450442684
2018-06 to 2020-05,2018-09-04,US P&C insurance benchmark (KIE proxy),0.0003698501872659854
2018-06 to 2020-05,2018-09-05,US P&C insurance benchmark (KIE proxy),0.005295950155763451
2018-06 to 2020-05,2018-09-06,US P&C insurance benchmark (KIE proxy),-0.002169197396963307
2018-06 to 2020-05,2018-09-07,US P&C insurance benchmark (KIE proxy),-0.004037267080745366
2018-06 to 2020-05,2018-09-10,US P&C insurance benchmark (KIE proxy),-0.007171811661989325
2018-06 to 2020-05,2018-09-11,US P&C insurance benchmark (KIE proxy),0.0006281407035175768
2018-06 to 2020-05,2018-09-12,US P&C insurance benchmark (KIE proxy),-0.005649717514124353
2018-06 to 2020-05,2018-09-13,US P&C insurance benchmark (KIE proxy),0.011679292929292817
2018-06 to 2020-05,2018-09-14,US P&C insurance benchmark (KIE proxy),0.010764430577223427
2018-06 to 2020-05,2018-09-17,US P&C insurance benchmark (KIE proxy),-0.007562895508566259
2018-06 to 2020-05,2018-09-18,US P&C insurance benchmark (KIE proxy),0.0034214618973562594
2018-06 to 2020-05,2018-09-19,US P&C insurance benchmark (KIE proxy),0.0068195908245507475
2018-06 to 2020-05,2018-09-20,US P&C insurance benchmark (KIE proxy),0.008312807881773354
2018-06 to 2020-05,2018-09-21,US P&C insurance benchmark (KIE proxy),-0.0009160305343511865
2018-06 to 2020-05,2018-09-24,US P&C insurance benchmark (KIE proxy),-0.011002444987774918
2018-06 to 2020-05,2018-09-25,US P&C insurance benchmark (KIE proxy),-0.004326328800989154
2018-06 to 2020-05,2018-09-26,US P&C insurance benchmark (KIE proxy),-0.008069522036002197
2018-06 to 2020-05,2018-09-27,US P&C insurance benchmark (KIE proxy),-0.00031289111389243285
2018-06 to 2020-05,2018-09-28,US P&C insurance benchmark (KIE proxy),0.0034428794992176215
2018-06 to 2020-05,2018-10-01,US P&C insurance benchmark (KIE proxy),-0.006238303181534843
2018-06 to 2020-05,2018-10-02,US P&C insurance benchmark (KIE proxy),0.003138731952291307
2018-06 to 2020-05,2018-10-03,US P&C insurance benchmark (KIE proxy),0.004067584480600628
2018-06 to 2020-05,2018-10-04,US P&C insurance benchmark (KIE proxy),0.003427859146151402
2018-06 to 2020-05,2018-10-05,US P&C insurance benchmark (KIE proxy),-0.004968944099378869
2018-06 to 2020-05,2018-10-08,US P&C insurance benchmark (KIE proxy),0.008739076154806513
2018-06 to 2020-05,2018-10-09,US P&C insurance benchmark (KIE proxy),0.0015470297029702706
2018-06 to 2020-05,2018-10-10,US P&C insurance benchmark (KIE proxy),-0.02718566573988257
2018-06 to 2020-05,2018-10-11,US P&C insurance benchmark (KIE proxy),-0.03715465227056203
2018-06 to 2020-05,2018-10-12,US P&C insurance benchmark (KIE proxy),-0.0049472295514512155
2018-06 to 2020-05,2018-10-15,US P&C insurance benchmark (KIE proxy),-0.0009943652635067135
2018-06 to 2020-05,2018-10-16,US P&C insurance benchmark (KIE proxy),0.011944260119442607
2018-06 to 2020-05,2018-10-17,US P&C insurance benchmark (KIE proxy),0.00721311475409836
2018-06 to 2020-05,2018-10-18,US P&C insurance benchmark (KIE proxy),-0.01139322916666663
2018-06 to 2020-05,2018-10-19,US P&C insurance benchmark (KIE proxy),0.004939084622983092
2018-06 to 2020-05,2018-10-22,US P&C insurance benchmark (KIE proxy),-0.01179554390563553
2018-06 to 2020-05,2018-10-23,US P&C insurance benchmark (KIE proxy),-0.010610079575596787
2018-06 to 2020-05,2018-10-24,US P&C insurance benchmark (KIE proxy),-0.02915549597855227
2018-06 to 2020-05,2018-10-25,US P&C insurance benchmark (KIE proxy),0.015533310321021565
2018-06 to 2020-05,2018-10-26,US P&C insurance benchmark (KIE proxy),-0.005778382053025055
2018-06 to 2020-05,2018-10-29,US P&C insurance benchmark (KIE proxy),0.005811965811965747
2018-06 to 2020-05,2018-10-30,US P&C insurance benchmark (KIE proxy),0.019034670292318312
2018-06 to 2020-05,2018-10-31,US P&C insurance benchmark (KIE proxy),0.002001334222815121
2018-06 to 2020-05,2018-11-01,US P&C insurance benchmark (KIE proxy),0.003661784287616543
2018-06 to 2020-05,2018-11-02,US P&C insurance benchmark (KIE proxy),-0.0009950248756218638
2018-06 to 2020-05,2018-11-05,US P&C insurance benchmark (KIE proxy),0.015604249667994674
2018-06 to 2020-05,2018-11-06,US P&C insurance benchmark (KIE proxy),0.00980712651193194
2018-06 to 2020-05,2018-11-07,US P&C insurance benchmark (KIE proxy),0.015215280025898226
2018-06 to 2020-05,2018-11-08,US P&C insurance benchmark (KIE proxy),0.0012755102040815647
2018-06 to 2020-05,2018-11-09,US P&C insurance benchmark (KIE proxy),-0.00573248407643312
2018-06 to 2020-05,2018-11-12,US P&C insurance benchmark (KIE proxy),-0.01761691223574624
2018-06 to 2020-05,2018-11-13,US P&C insurance benchmark (KIE proxy),0.004890772742093263
2018-06 to 2020-05,2018-11-14,US P&C insurance benchmark (KIE proxy),-0.018818948734588004
2018-06 to 2020-05,2018-11-15,US P&C insurance benchmark (KIE proxy),0.009920634920634885
2018-06 to 2020-05,2018-11-16,US P&C insurance benchmark (KIE proxy),0.0006548788474132206
2018-06 to 2020-05,2018-11-19,US P&C insurance benchmark (KIE proxy),0.0013089005235602524
2018-06 to 2020-05,2018-11-20,US P&C insurance benchmark (KIE proxy),-0.014705882352941235
2018-06 to 2020-05,2018-11-21,US P&C insurance benchmark (KIE proxy),0.004975124378109319
2018-06 to 2020-05,2018-11-23,US P&C insurance benchmark (KIE proxy),-0.003960396039604075
2018-06 to 2020-05,2018-11-26,US P&C insurance benchmark (KIE proxy),0.014579191517561485
2018-06 to 2020-05,2018-11-27,US P&C insurance benchmark (KIE proxy),-0.010124101894186777
2018-06 to 2020-05,2018-11-28,US P&C insurance benchmark (KIE proxy),0.021115143516990953
2018-06 to 2020-05,2018-11-29,US P&C insurance benchmark (KIE proxy),-0.0042003231017769815
2018-06 to 2020-05,2018-11-30,US P&C insurance benchmark (KIE proxy),0.004866969500324503
2018-06 to 2020-05,2018-12-03,US P&C insurance benchmark (KIE proxy),0.003874717468517863
2018-06 to 2020-05,2018-12-04,US P&C insurance benchmark (KIE proxy),-0.031199742682534448
2018-06 to 2020-05,2018-12-06,US P&C insurance benchmark (KIE proxy),-0.01162018592297498
2018-06 to 2020-05,2018-12-07,US P&C insurance benchmark (KIE proxy),-0.013100436681222627
2018-06 to 2020-05,2018-12-10,US P&C insurance benchmark (KIE proxy),-0.010551395507147676
2018-06 to 2020-05,2018-12-11,US P&C insurance benchmark (KIE proxy),-0.007567939456484374
2018-06 to 2020-05,2018-12-12,US P&C insurance benchmark (KIE proxy),0.004506065857885488
2018-06 to 2020-05,2018-12-13,US P&C insurance benchmark (KIE proxy),-0.001725327812284183
2018-06 to 2020-05,2018-12-14,US P&C insurance benchmark (KIE proxy),-0.010024196335983504
2018-06 to 2020-05,2018-12-17,US P&C insurance benchmark (KIE proxy),-0.012220670391061561
2018-06 to 2020-05,2018-12-18,US P&C insurance benchmark (KIE proxy),0.0017674089784376346
2018-06 to 2020-05,2018-12-19,US P&C insurance benchmark (KIE proxy),-0.005292872265349358
2018-06 to 2020-05,2018-12-20,US P&C insurance benchmark (KIE proxy),-0.01099680737850306
2018-06 to 2020-05,2018-12-21,US P&C insurance benchmark (KIE proxy),-0.011477761836441891
2018-06 to 2020-05,2018-12-24,US P&C insurance benchmark (KIE proxy),-0.030116110304789667
2018-06 to 2020-05,2018-12-26,US P&C insurance benchmark (KIE proxy),0.038907594463150064
2018-06 to 2020-05,2018-12-27,US P&C insurance benchmark (KIE proxy),0.012963629816348465
2018-06 to 2020-05,2018-12-28,US P&C insurance benchmark (KIE proxy),-0.0014219694276572659
2018-06 to 2020-05,2018-12-31,US P&C insurance benchmark (KIE proxy),0.009967960128159703
2018-06 to 2020-05,2019-01-02,US P&C insurance benchmark (KIE proxy),-0.004934790271413636
2018-06 to 2020-05,2019-01-03,US P&C insurance benchmark (KIE proxy),-0.014169323414807034
2018-06 to 2020-05,2019-01-04,US P&C insurance benchmark (KIE proxy),0.030183255479698357
2018-06 to 2020-05,2019-01-07,US P&C insurance benchmark (KIE proxy),-0.001046389954656557
2018-06 to 2020-05,2019-01-08,US P&C insurance benchmark (KIE proxy),0.0027932960893854997
2018-06 to 2020-05,2019-01-09,US P&C insurance benchmark (KIE proxy),0.009052924791086436
2018-06 to 2020-05,2019-01-10,US P&C insurance benchmark (KIE proxy),0.008281573498964967
2018-06 to 2020-05,2019-01-11,US P&C insurance benchmark (KIE proxy),-0.002053388090349051
2018-06 to 2020-05,2019-01-14,US P&C insurance benchmark (KIE proxy),0.0030864197530864335
2018-06 to 2020-05,2019-01-15,US P&C insurance benchmark (KIE proxy),0.00752136752136745
2018-06 to 2020-05,2019-01-16,US P&C insurance benchmark (KIE proxy),0.009501187648456089
2018-06 to 2020-05,2019-01-17,US P&C insurance benchmark (KIE proxy),0.0063865546218488944
2018-06 to 2020-05,2019-01-18,US P&C insurance benchmark (KIE proxy),0.012024048096192397
2018-06 to 2020-05,2019-01-22,US P&C insurance benchmark (KIE proxy),-0.011221122112211268
2018-06 to 2020-05,2019-01-23,US P&C insurance benchmark (KIE proxy),0.002670226969292422
2018-06 to 2020-05,2019-01-24,US P&C insurance benchmark (KIE proxy),0.0006657789613848664
2018-06 to 2020-05,2019-01-25,US P&C insurance benchmark (KIE proxy),0.0023286759813705427
2018-06 to 2020-05,2019-01-28,US P&C insurance benchmark (KIE proxy),-0.0016594756057086713
2018-06 to 2020-05,2019-01-29,US P&C insurance benchmark (KIE proxy),-0.006981382978723305
2018-06 to 2020-05,2019-01-30,US P&C insurance benchmark (KIE proxy),0.00836960160696365
2018-06 to 2020-05,2019-01-31,US P&C insurance benchmark (KIE proxy),0.011288180610889764
2018-06 to 2020-05,2019-02-01,US P&C insurance benchmark (KIE proxy),0.009520682862770968
2018-06 to 2020-05,2019-02-04,US P&C insurance benchmark (KIE proxy),0.0006504065040648932
2018-06 to 2020-05,2019-02-05,US P&C insurance benchmark (KIE proxy),0.001624959376015811
2018-06 to 2020-05,2019-02-06,US P&C insurance benchmark (KIE proxy),0.00032446463335489284
2018-06 to 2020-05,2019-02-07,US P&C insurance benchmark (KIE proxy),-0.003243593902043318
2018-06 to 2020-05,2019-02-08,US P&C insurance benchmark (KIE proxy),-0.002277904328018221
2018-06 to 2020-05,2019-02-11,US P&C insurance benchmark (KIE proxy),0.0029354207436400603
2018-06 to 2020-05,2019-02-12,US P&C insurance benchmark (KIE proxy),0.014634146341463428
2018-06 to 2020-05,2019-02-13,US P&C insurance benchmark (KIE proxy),0.0028846153846153744
2018-06 to 2020-05,2019-02-14,US P&C insurance benchmark (KIE proxy),-0.01118568232662187
2018-06 to 2020-05,2019-02-15,US P&C insurance benchmark (KIE proxy),0.015513897866838988
2018-06 to 2020-05,2019-02-19,US P&C insurance benchmark (KIE proxy),0.005092297899427001
2018-06 to 2020-05,2019-02-20,US P&C insurance benchmark (KIE proxy),0.005699810006333239
2018-06 to 2020-05,2019-02-21,US P&C insurance benchmark (KIE proxy),-0.0028337531486146705
2018-06 to 2020-05,2019-02-22,US P&C insurance benchmark (KIE proxy),0.0022102936532995
2018-06 to 2020-05,2019-02-25,US P&C insurance benchmark (KIE proxy),-0.00031505986137359
2018-06 to 2020-05,2019-02-26,US P&C insurance benchmark (KIE proxy),-0.00409706901985496
2018-06 to 2020-05,2019-02-27,US P&C insurance benchmark (KIE proxy),0.0006329113924050667
2018-06 to 2020-05,2019-02-28,US P&C insurance benchmark (KIE proxy),0.001897533206830948
2018-06 to 2020-05,2019-03-01,US P&C insurance benchmark (KIE proxy),0.004734848484848397
2018-06 to 2020-05,2019-03-04,US P&C insurance benchmark (KIE proxy),-0.0037700282752120007
2018-06 to 2020-05,2019-03-05,US P&C insurance benchmark (KIE proxy),-0.0031535793125196943
2018-06 to 2020-05,2019-03-06,US P&C insurance benchmark (KIE proxy),-0.010123378677633688
2018-06 to 2020-05,2019-03-07,US P&C insurance benchmark (KIE proxy),-0.010546500479386434
2018-06 to 2020-05,2019-03-08,US P&C insurance benchmark (KIE proxy),-0.0019379844961239234
2018-06 to 2020-05,2019-03-11,US P&C insurance benchmark (KIE proxy),0.006796116504854233
2018-06 to 2020-05,2019-03-12,US P&C insurance benchmark (KIE proxy),0.003535840565734416
2018-06 to 2020-05,2019-03-13,US P&C insurance benchmark (KIE proxy),0.0016015374759770218
2018-06 to 2020-05,2019-03-14,US P&C insurance benchmark (KIE proxy),0.00415733930284623
2018-06 to 2020-05,2019-03-15,US P&C insurance benchmark (KIE proxy),0.008280254777070173
2018-06 to 2020-05,2019-03-18,US P&C insurance benchmark (KIE proxy),-0.0018951358180669953
2018-06 to 2020-05,2019-03-19,US P&C insurance benchmark (KIE proxy),-0.010759493670886133
2018-06 to 2020-05,2019-03-20,US P&C insurance benchmark (KIE proxy),-0.015355086372360827
2018-06 to 2020-05,2019-03-21,US P&C insurance benchmark (KIE proxy),0.009096816114360085
2018-06 to 2020-05,2019-03-22,US P&C insurance benchmark (KIE proxy),-0.014810045074050149
2018-06 to 2020-05,2019-03-25,US P&C insurance benchmark (KIE proxy),-0.0009803921568628526
2018-06 to 2020-05,2019-03-26,US P&C insurance benchmark (KIE proxy),0.008505070330389053
2018-06 to 2020-05,2019-03-27,US P&C insurance benchmark (KIE proxy),0.0012974375608176825
2018-06 to 2020-05,2019-03-28,US P&C insurance benchmark (KIE proxy),-0.0003239390994493885
2018-06 to 2020-05,2019-03-29,US P&C insurance benchmark (KIE proxy),0.0012961762799741372
2018-06 to 2020-05,2019-04-01,US P&C insurance benchmark (KIE proxy),0.01747572815533971
2018-06 to 2020-05,2019-04-02,US P&C insurance benchmark (KIE proxy),-0.0073155216284988
2018-06 to 2020-05,2019-04-03,US P&C insurance benchmark (KIE proxy),0.003524511374559447
2018-06 to 2020-05,2019-04-04,US P&C insurance benchmark (KIE proxy),0.0031928480204341803
2018-06 to 2020-05,2019-04-05,US P&C insurance benchmark (KIE proxy),0.004774029280712799
2018-06 to 2020-05,2019-04-08,US P&C insurance benchmark (KIE proxy),-0.000950269242952273
2018-06 to 2020-05,2019-04-09,US P&C insurance benchmark (KIE proxy),-0.010779961953075401
2018-06 to 2020-05,2019-04-10,US P&C insurance benchmark (KIE proxy),0.010897435897435859
2018-06 to 2020-05,2019-04-11,US P&C insurance benchmark (KIE proxy),0.00887761572606216
2018-06 to 2020-05,2019-04-12,US P&C insurance benchmark (KIE proxy),0.009742300439975038
2018-06 to 2020-05,2019-04-15,US P&C insurance benchmark (KIE proxy),-0.002645502645502562
2018-06 to 2020-05,2019-04-16,US P&C insurance benchmark (KIE proxy),0.014198782961460266
2018-06 to 2020-05,2019-04-17,US P&C insurance benchmark (KIE proxy),-0.008615384615384802
2018-06 to 2020-05,2019-04-18,US P&C insurance benchmark (KIE proxy),0.0015518311607700674
2018-06 to 2020-05,2019-04-22,US P&C insurance benchmark (KIE proxy),-0.005577936163619568
2018-06 to 2020-05,2019-04-23,US P&C insurance benchmark (KIE proxy),0.01028357743845465
2018-06 to 2020-05,2019-04-24,US P&C insurance benchmark (KIE proxy),-0.0006169031462063268
2018-06 to 2020-05,2019-04-25,US P&C insurance benchmark (KIE proxy),0.0037037037037037646
2018-06 to 2020-05,2019-04-26,US P&C insurance benchmark (KIE proxy),0.008610086100860892
2018-06 to 2020-05,2019-04-29,US P&C insurance benchmark (KIE proxy),0.006707317073171071
2018-06 to 2020-05,2019-04-30,US P&C insurance benchmark (KIE proxy),0.006965475469412397
2018-06 to 2020-05,2019-05-01,US P&C insurance benchmark (KIE proxy),-0.00872180451127813
2018-06 to 2020-05,2019-05-02,US P&C insurance benchmark (KIE proxy),0.0006067961165048263
2018-06 to 2020-05,2019-05-03,US P&C insurance benchmark (KIE proxy),0.009399636143116785
2018-06 to 2020-05,2019-05-06,US P&C insurance benchmark (KIE proxy),0.0003003905076601754
2018-06 to 2020-05,2019-05-07,US P&C insurance benchmark (KIE proxy),-0.012012012012012185
2018-06 to 2020-05,2019-05-08,US P&C insurance benchmark (KIE proxy),0.0003039513677811634
2018-06 to 2020-05,2019-05-09,US P&C insurance benchmark (KIE proxy),0.0009115770282590585
2018-06 to 2020-05,2019-05-10,US P&C insurance benchmark (KIE proxy),0.00941105039465695
2018-06 to 2020-05,2019-05-13,US P&C insurance benchmark (KIE proxy),-0.02406015037593978
2018-06 to 2020-05,2019-05-14,US P&C insurance benchmark (KIE proxy),0.009553158705700948
2018-06 to 2020-05,2019-05-15,US P&C insurance benchmark (KIE proxy),0.00366300366300365
2018-06 to 2020-05,2019-05-16,US P&C insurance benchmark (KIE proxy),0.010340632603406119
2018-06 to 2020-05,2019-05-17,US P&C insurance benchmark (KIE proxy),-0.00722456351595413
2018-06 to 2020-05,2019-05-20,US P&C insurance benchmark (KIE proxy),0.0024257125530626755
2018-06 to 2020-05,2019-05-21,US P&C insurance benchmark (KIE proxy),0.00816696914700521
2018-06 to 2020-05,2019-05-22,US P&C insurance benchmark (KIE proxy),0.002400240024002409
2018-06 to 2020-05,2019-05-23,US P&C insurance benchmark (KIE proxy),-0.013768332834480534
2018-06 to 2020-05,2019-05-24,US P&C insurance benchmark (KIE proxy),0.007587253414264028
2018-06 to 2020-05,2019-05-28,US P&C insurance benchmark (KIE proxy),-0.012650602409638556
2018-06 to 2020-05,2019-05-29,US P&C insurance benchmark (KIE proxy),0.0015253203172664875
2018-06 to 2020-05,2019-05-30,US P&C insurance benchmark (KIE proxy),-0.002132196162046851
2018-06 to 2020-05,2019-05-31,US P&C insurance benchmark (KIE proxy),-0.009157509157509125
2018-06 to 2020-05,2019-06-03,US P&C insurance benchmark (KIE proxy),0.01663585951940849
2018-06 to 2020-05,2019-06-04,US P&C insurance benchmark (KIE proxy),0.013939393939393696
2018-06 to 2020-05,2019-06-05,US P&C insurance benchmark (KIE proxy),0.0071727435744173285
2018-06 to 2020-05,2019-06-06,US P&C insurance benchmark (KIE proxy),0.001186943620178127
2018-06 to 2020-05,2019-06-07,US P&C insurance benchmark (KIE proxy),0.0014819205690574933
2018-06 to 2020-05,2019-06-10,US P&C insurance benchmark (KIE proxy),-0.0008878366380586922
2018-06 to 2020-05,2019-06-11,US P&C insurance benchmark (KIE proxy),-0.0017772511848340722
2018-06 to 2020-05,2019-06-12,US P&C insurance benchmark (KIE proxy),-0.0008902077151333732
2018-06 to 2020-05,2019-06-13,US P&C insurance benchmark (KIE proxy),0.005346005346005045
2018-06 to 2020-05,2019-06-14,US P&C insurance benchmark (KIE proxy),0.005022156573116776
2018-06 to 2020-05,2019-06-17,US P&C insurance benchmark (KIE proxy),-0.008230452674897082
2018-06 to 2020-05,2019-06-18,US P&C insurance benchmark (KIE proxy),0.007113218731475968
2018-06 to 2020-05,2019-06-19,US P&C insurance benchmark (KIE proxy),0.0032371983519716707
2018-06 to 2020-05,2019-06-20,US P&C insurance benchmark (KIE proxy),0.009093575828688527
2018-06 to 2020-05,2019-06-21,US P&C insurance benchmark (KIE proxy),-0.006686046511627741
2018-06 to 2020-05,2019-06-24,US P&C insurance benchmark (KIE proxy),-0.005853087503658316
2018-06 to 2020-05,2019-06-25,US P&C insurance benchmark (KIE proxy),-0.004415660877244543
2018-06 to 2020-05,2019-06-26,US P&C insurance benchmark (KIE proxy),-0.016558249556475557
2018-06 to 2020-05,2019-06-27,US P&C insurance benchmark (KIE proxy),0.011425135297654876
2018-06 to 2020-05,2019-06-28,US P&C insurance benchmark (KIE proxy),0.010404280618311557
2018-06 to 2020-05,2019-07-01,US P&C insurance benchmark (KIE proxy),0.014710208884965992
2018-06 to 2020-05,2019-07-02,US P&C insurance benchmark (KIE proxy),-0.0008698173383590024
2018-06 to 2020-05,2019-07-03,US P&C insurance benchmark (KIE proxy),0.013058618688334134
2018-06 to 2020-05,2019-07-05,US P&C insurance benchmark (KIE proxy),0.001432254368376018
2018-06 to 2020-05,2019-07-08,US P&C insurance benchmark (KIE proxy),-0.0031464530892448828
2018-06 to 2020-05,2019-07-09,US P&C insurance benchmark (KIE proxy),0.001434720229555042
2018-06 to 2020-05,2019-07-10,US P&C insurance benchmark (KIE proxy),-0.003151862464183419
2018-06 to 2020-05,2019-07-11,US P&C insurance benchmark (KIE proxy),-0.0008623167576888857
2018-06 to 2020-05,2019-07-12,US P&C insurance benchmark (KIE proxy),0.007479861910241636
2018-06 to 2020-05,2019-07-15,US P&C insurance benchmark (KIE proxy),-0.000856653340947866
2018-06 to 2020-05,2019-07-16,US P&C insurance benchmark (KIE proxy),-0.0014289797084884315
2018-06 to 2020-05,2019-07-17,US P&C insurance benchmark (KIE proxy),-0.010589582140812737
2018-06 to 2020-05,2019-07-18,US P&C insurance benchmark (KIE proxy),0.005206826728377134
2018-06 to 2020-05,2019-07-19,US P&C insurance benchmark (KIE proxy),-0.007194244604316391
2018-06 to 2020-05,2019-07-22,US P&C insurance benchmark (KIE proxy),-0.003478260869565264
2018-06 to 2020-05,2019-07-23,US P&C insurance benchmark (KIE proxy),0.006689936009307784
2018-06 to 2020-05,2019-07-24,US P&C insurance benchmark (KIE proxy),0.00866801502455905
2018-06 to 2020-05,2019-07-25,US P&C insurance benchmark (KIE proxy),-0.0020051561157258257
2018-06 to 2020-05,2019-07-26,US P&C insurance benchmark (KIE proxy),0.008897818599310936
2018-06 to 2020-05,2019-07-29,US P&C insurance benchmark (KIE proxy),-0.009388335704125006
2018-06 to 2020-05,2019-07-30,US P&C insurance benchmark (KIE proxy),0.0002871912693851453
2018-06 to 2020-05,2019-07-31,US P&C insurance benchmark (KIE proxy),-0.005742176284811662
2018-06 to 2020-05,2019-08-01,US P&C insurance benchmark (KIE proxy),-0.017903551833670428
2018-06 to 2020-05,2019-08-02,US P&C insurance benchmark (KIE proxy),-0.004116436342252339
2018-06 to 2020-05,2019-08-05,US P&C insurance benchmark (KIE proxy),-0.02686743430764682
2018-06 to 2020-05,2019-08-06,US P&C insurance benchmark (KIE proxy),0.01850728155339798
2018-06 to 2020-05,2019-08-07,US P&C insurance benchmark (KIE proxy),0.0038725052129877646
2018-06 to 2020-05,2019-08-08,US P&C insurance benchmark (KIE proxy),0.020178041543026826
2018-06 to 2020-05,2019-08-09,US P&C insurance benchmark (KIE proxy),-0.003490401396160636
2018-06 to 2020-05,2019-08-12,US P&C insurance benchmark (KIE proxy),-0.014302393461762875
2018-06 to 2020-05,2019-08-13,US P&C insurance benchmark (KIE proxy),0.013325436778205413
2018-06 to 2020-05,2019-08-14,US P&C insurance benchmark (KIE proxy),-0.030099357101110336
2018-06 to 2020-05,2019-08-15,US P&C insurance benchmark (KIE proxy),0.005724615848147208
2018-06 to 2020-05,2019-08-16,US P&C insurance benchmark (KIE proxy),0.015278609946075328
2018-06 to 2020-05,2019-08-19,US P&C insurance benchmark (KIE proxy),0.008557096488639893
2018-06 to 2020-05,2019-08-20,US P&C insurance benchmark (KIE proxy),-0.012287887653598784
2018-06 to 2020-05,2019-08-21,US P&C insurance benchmark (KIE proxy),0.004739336492891377
2018-06 to 2020-05,2019-08-22,US P&C insurance benchmark (KIE proxy),0.004127358490565891
2018-06 to 2020-05,2019-08-23,US P&C insurance benchmark (KIE proxy),-0.024955960070463856
2018-06 to 2020-05,2019-08-26,US P&C insurance benchmark (KIE proxy),0.009334537789822406
2018-06 to 2020-05,2019-08-27,US P&C insurance benchmark (KIE proxy),-0.0065632458233890745
2018-06 to 2020-05,2019-08-28,US P&C insurance benchmark (KIE proxy),0.001201201201201263
2018-06 to 2020-05,2019-08-29,US P&C insurance benchmark (KIE proxy),0.008998200359928044
2018-06 to 2020-05,2019-08-30,US P&C insurance benchmark (KIE proxy),0.0008917954815697016
2018-06 to 2020-05,2019-09-03,US P&C insurance benchmark (KIE proxy),0.0008910008910008038
2018-06 to 2020-05,2019-09-04,US P&C insurance benchmark (KIE proxy),0.011275964391691318
2018-06 to 2020-05,2019-09-05,US P&C insurance benchmark (KIE proxy),0.009976525821596471
2018-06 to 2020-05,2019-09-06,US P&C insurance benchmark (KIE proxy),0.0026147588611269423
2018-06 to 2020-05,2019-09-09,US P&C insurance benchmark (KIE proxy),0.006664734859461285
2018-06 to 2020-05,2019-09-10,US P&C insurance benchmark (KIE proxy),-0.004029936672424017
2018-06 to 2020-05,2019-09-11,US P&C insurance benchmark (KIE proxy),0.005780346820809523
2018-06 to 2020-05,2019-09-12,US P&C insurance benchmark (KIE proxy),0.0031609195402297896
2018-06 to 2020-05,2019-09-13,US P&C insurance benchmark (KIE proxy),0.0017187052420510884
2018-06 to 2020-05,2019-09-16,US P&C insurance benchmark (KIE proxy),-0.0022876751501286208
2018-06 to 2020-05,2019-09-17,US P&C insurance benchmark (KIE proxy),0.008885067354542864
2018-06 to 2020-05,2019-09-18,US P&C insurance benchmark (KIE proxy),0.002556818181818077
2018-06 to 2020-05,2019-09-19,US P&C insurance benchmark (KIE proxy),0.00028336639274573194
2018-06 to 2020-05,2019-09-20,US P&C insurance benchmark (KIE proxy),-0.0025495750708215414
2018-06 to 2020-05,2019-09-23,US P&C insurance benchmark (KIE proxy),-0.0005680204487361618
2018-06 to 2020-05,2019-09-24,US P&C insurance benchmark (KIE proxy),-0.0002841716396702054
2018-06 to 2020-05,2019-09-25,US P&C insurance benchmark (KIE proxy),0.00284252416145514
2018-06 to 2020-05,2019-09-26,US P&C insurance benchmark (KIE proxy),0.0014172335600908248
2018-06 to 2020-05,2019-09-27,US P&C insurance benchmark (KIE proxy),-0.0033965468440418922
2018-06 to 2020-05,2019-09-30,US P&C insurance benchmark (KIE proxy),0.0005680204487361618
2018-06 to 2020-05,2019-10-01,US P&C insurance benchmark (KIE proxy),-0.01845018450184499
2018-06 to 2020-05,2019-10-02,US P&C insurance benchmark (KIE proxy),-0.01995373048004634
2018-06 to 2020-05,2019-10-03,US P&C insurance benchmark (KIE proxy),0.0032457952198288176
2018-06 to 2020-05,2019-10-04,US P&C insurance benchmark (KIE proxy),0.018529411764706127
2018-06 to 2020-05,2019-10-07,US P&C insurance benchmark (KIE proxy),-0.007507941091539183
2018-06 to 2020-05,2019-10-08,US P&C insurance benchmark (KIE proxy),-0.022112307244690155
2018-06 to 2020-05,2019-10-09,US P&C insurance benchmark (KIE proxy),0.00833085391252597
2018-06 to 2020-05,2019-10-10,US P&C insurance benchmark (KIE proxy),0.0044260843906756
2018-06 to 2020-05,2019-10-11,US P&C insurance benchmark (KIE proxy),0.01116333725029417
2018-06 to 2020-05,2019-10-14,US P&C insurance benchmark (KIE proxy),-0.0002905287623476971
2018-06 to 2020-05,2019-10-15,US P&C insurance benchmark (KIE proxy),0.005812263876780133
2018-06 to 2020-05,2019-10-16,US P&C insurance benchmark (KIE proxy),-0.0026004045073677595
2018-06 to 2020-05,2019-10-17,US P&C insurance benchmark (KIE proxy),0.002317497103128341
2018-06 to 2020-05,2019-10-18,US P&C insurance benchmark (KIE proxy),0.0026011560693643965
2018-06 to 2020-05,2019-10-21,US P&C insurance benchmark (KIE proxy),0.008071490343038334
2018-06 to 2020-05,2019-10-22,US P&C insurance benchmark (KIE proxy),-0.014297969688304435
2018-06 to 2020-05,2019-10-23,US P&C insurance benchmark (KIE proxy),0.0029010733971570613
2018-06 to 2020-05,2019-10-24,US P&C insurance benchmark (KIE proxy),-0.001446340757882414
2018-06 to 2020-05,2019-10-25,US P&C insurance benchmark (KIE proxy),-0.006083429895712644
2018-06 to 2020-05,2019-10-28,US P&C insurance benchmark (KIE proxy),-0.0017487612940835229
2018-06 to 2020-05,2019-10-29,US P&C insurance benchmark (KIE proxy),0.008175182481751753
2018-06 to 2020-05,2019-10-30,US P&C insurance benchmark (KIE proxy),0.0
2018-06 to 2020-05,2019-10-31,US P&C insurance benchmark (KIE proxy),-0.003764842166232296
2018-06 to 2020-05,2019-11-01,US P&C insurance benchmark (KIE proxy),0.006976744186046657
2018-06 to 2020-05,2019-11-04,US P&C insurance benchmark (KIE proxy),-0.0017321016166280678
2018-06 to 2020-05,2019-11-05,US P&C insurance benchmark (KIE proxy),0.003470213996529914
2018-06 to 2020-05,2019-11-06,US P&C insurance benchmark (KIE proxy),0.008069164265129602
2018-06 to 2020-05,2019-11-07,US P&C insurance benchmark (KIE proxy),0.003144654088050425
2018-06 to 2020-05,2019-11-08,US P&C insurance benchmark (KIE proxy),0.0017098888572242288
2018-06 to 2020-05,2019-11-11,US P&C insurance benchmark (KIE proxy),-0.001137980085348378
2018-06 to 2020-05,2019-11-12,US P&C insurance benchmark (KIE proxy),0.004272287097692784
2018-06 to 2020-05,2019-11-13,US P&C insurance benchmark (KIE proxy),-0.003686897334089445
2018-06 to 2020-05,2019-11-14,US P&C insurance benchmark (KIE proxy),0.000569313976658048
2018-06 to 2020-05,2019-11-15,US P&C insurance benchmark (KIE proxy),-0.0014224751066854724
2018-06 to 2020-05,2019-11-18,US P&C insurance benchmark (KIE proxy),-0.0005698005698006048
2018-06 to 2020-05,2019-11-19,US P&C insurance benchmark (KIE proxy),0.003135689851767376
2018-06 to 2020-05,2019-11-20,US P&C insurance benchmark (KIE proxy),-0.0008525149190111714
2018-06 to 2020-05,2019-11-21,US P&C insurance benchmark (KIE proxy),-0.0068259385665527805
2018-06 to 2020-05,2019-11-22,US P&C insurance benchmark (KIE proxy),0.004295532646048095
2018-06 to 2020-05,2019-11-25,US P&C insurance benchmark (KIE proxy),0.004277159965782706
2018-06 to 2020-05,2019-11-26,US P&C insurance benchmark (KIE proxy),0.007666098807496136
2018-06 to 2020-05,2019-11-27,US P&C insurance benchmark (KIE proxy),0.00507185122569731
2018-06 to 2020-05,2019-11-29,US P&C insurance benchmark (KIE proxy),-0.0047659097280629
2018-06 to 2020-05,2019-12-02,US P&C insurance benchmark (KIE proxy),-0.009859154929577563
2018-06 to 2020-05,2019-12-03,US P&C insurance benchmark (KIE proxy),-0.014793741109530356
2018-06 to 2020-05,2019-12-04,US P&C insurance benchmark (KIE proxy),0.006641640196361598
2018-06 to 2020-05,2019-12-05,US P&C insurance benchmark (KIE proxy),0.0034423407917381077
2018-06 to 2020-05,2019-12-06,US P&C insurance benchmark (KIE proxy),0.009719839908519212
2018-06 to 2020-05,2019-12-09,US P&C insurance benchmark (KIE proxy),0.0016987542468858141
2018-06 to 2020-05,2019-12-10,US P&C insurance benchmark (KIE proxy),-0.001130582249858736
2018-06 to 2020-05,2019-12-11,US P&C insurance benchmark (KIE proxy),0.0002829654782114943
2018-06 to 2020-05,2019-12-12,US P&C insurance benchmark (KIE proxy),0.011881188118812114
2018-06 to 2020-05,2019-12-13,US P&C insurance benchmark (KIE proxy),-0.0027956388034665602
2018-06 to 2020-05,2019-12-16,US P&C insurance benchmark (KIE proxy),0.006167647883375427
2018-06 to 2020-05,2019-12-17,US P&C insurance benchmark (KIE proxy),0.006129841181387485
2018-06 to 2020-05,2019-12-18,US P&C insurance benchmark (KIE proxy),-0.007477153143173765
2018-06 to 2020-05,2019-12-19,US P&C insurance benchmark (KIE proxy),-0.0002790178571429047
2018-06 to 2020-05,2019-12-20,US P&C insurance benchmark (KIE proxy),0.0022327658386827043
2018-06 to 2020-05,2019-12-23,US P&C insurance benchmark (KIE proxy),-0.017822333611807073
2018-06 to 2020-05,2019-12-24,US P&C insurance benchmark (KIE proxy),0.00014176353841754974
2018-06 to 2020-05,2019-12-26,US P&C insurance benchmark (KIE proxy),0.0009922041105603352
2018-06 to 2020-05,2019-12-27,US P&C insurance benchmark (KIE proxy),-0.0011328235627301453
2018-06 to 2020-05,2019-12-30,US P&C insurance benchmark (KIE proxy),0.0011341083073435065
2018-06 to 2020-05,2019-12-31,US P&C insurance benchmark (KIE proxy),0.003398470688190214
2018-06 to 2020-05,2020-01-02,US P&C insurance benchmark (KIE proxy),0.00592718035563089
2018-06 to 2020-05,2020-01-03,US P&C insurance benchmark (KIE proxy),-0.001823793490460135
2018-06 to 2020-05,2020-01-06,US P&C insurance benchmark (KIE proxy),-0.0007027406886858101
2018-06 to 2020-05,2020-01-07,US P&C insurance benchmark (KIE proxy),-0.007032348804500765
2018-06 to 2020-05,2020-01-08,US P&C insurance benchmark (KIE proxy),0.0025495750708215414
2018-06 to 2020-05,2020-01-09,US P&C insurance benchmark (KIE proxy),0.008759536592257922
2018-06 to 2020-05,2020-01-10,US P&C insurance benchmark (KIE proxy),-0.006722689075630339
2018-06 to 2020-05,2020-01-13,US P&C insurance benchmark (KIE proxy),0.0036661026508741923
2018-06 to 2020-05,2020-01-14,US P&C insurance benchmark (KIE proxy),-0.00196684461927521
2018-06 to 2020-05,2020-01-15,US P&C insurance benchmark (KIE proxy),0.0014076576576578237
2018-06 to 2020-05,2020-01-16,US P&C insurance benchmark (KIE proxy),0.009277481023334033
2018-06 to 2020-05,2020-01-17,US P&C insurance benchmark (KIE proxy),0.007520891364902749
2018-06 to 2020-05,2020-01-21,US P&C insurance benchmark (KIE proxy),-0.00801769422173082
2018-06 to 2020-05,2020-01-22,US P&C insurance benchmark (KIE proxy),0.002369007803790568
2018-06 to 2020-05,2020-01-23,US P&C insurance benchmark (KIE proxy),-0.0037536493813431493
2018-06 to 2020-05,2020-01-24,US P&C insurance benchmark (KIE proxy),-0.0036282444878591447
2018-06 to 2020-05,2020-01-27,US P&C insurance benchmark (KIE proxy),-0.012885154061624715
2018-06 to 2020-05,2020-01-28,US P&C insurance benchmark (KIE proxy),0.011066969353008105
2018-06 to 2020-05,2020-01-29,US P&C insurance benchmark (KIE proxy),0.0
2018-06 to 2020-05,2020-01-30,US P&C insurance benchmark (KIE proxy),0.010665169800729402
2018-06 to 2020-05,2020-01-31,US P&C insurance benchmark (KIE proxy),-0.01555123576784212
2018-06 to 2020-05,2020-02-03,US P&C insurance benchmark (KIE proxy),0.01100141043723557
2018-06 to 2020-05,2020-02-04,US P&C insurance benchmark (KIE proxy),0.0078125
2018-06 to 2020-05,2020-02-05,US P&C insurance benchmark (KIE proxy),0.02187153931339969
2018-06 to 2020-05,2020-02-06,US P&C insurance benchmark (KIE proxy),-0.0008127878623676033
2018-06 to 2020-05,2020-02-07,US P&C insurance benchmark (KIE proxy),-0.0005422993492407713
2018-06 to 2020-05,2020-02-10,US P&C insurance benchmark (KIE proxy),0.0037981551817687365
2018-06 to 2020-05,2020-02-11,US P&C insurance benchmark (KIE proxy),0.010000000000000009
2018-06 to 2020-05,2020-02-12,US P&C insurance benchmark (KIE proxy),-0.004549103559004508
2018-06 to 2020-05,2020-02-13,US P&C insurance benchmark (KIE proxy),0.008333333333333082
2018-06 to 2020-05,2020-02-14,US P&C insurance benchmark (KIE proxy),0.00026659557451358395
2018-06 to 2020-05,2020-02-18,US P&C insurance benchmark (KIE proxy),-0.0034648187633262717
2018-06 to 2020-05,2020-02-19,US P&C insurance benchmark (KIE proxy),-0.0013372559507890402
2018-06 to 2020-05,2020-02-20,US P&C insurance benchmark (KIE proxy),-0.004017139796465008
2018-06 to 2020-05,2020-02-21,US P&C insurance benchmark (KIE proxy),-0.0048400107555793825
2018-06 to 2020-05,2020-02-24,US P&C insurance benchmark (KIE proxy),-0.028640907862739762
2018-06 to 2020-05,2020-02-25,US P&C insurance benchmark (KIE proxy),-0.027816411682892728
2018-06 to 2020-05,2020-02-26,US P&C insurance benchmark (KIE proxy),-0.00972818311874113
2018-06 to 2020-05,2020-02-27,US P&C insurance benchmark (KIE proxy),-0.04651834729846871
2018-06 to 2020-05,2020-02-28,US P&C insurance benchmark (KIE proxy),-0.037878787878787956
2018-06 to 2020-05,2020-03-02,US P&C insurance benchmark (KIE proxy),0.054803149606299284
2018-06 to 2020-05,2020-03-03,US P&C insurance benchmark (KIE proxy),-0.028068080023887942
2018-06 to 2020-05,2020-03-04,US P&C insurance benchmark (KIE proxy),0.03686635944700467
2018-06 to 2020-05,2020-03-05,US P&C insurance benchmark (KIE proxy),-0.0402962962962965
2018-06 to 2020-05,2020-03-06,US P&C insurance benchmark (KIE proxy),-0.01852423587527008
2018-06 to 2020-05,2020-03-09,US P&C insurance benchmark (KIE proxy),-0.09782950613400443
2018-06 to 2020-05,2020-03-10,US P&C insurance benchmark (KIE proxy),0.04218967921896777
2018-06 to 2020-05,2020-03-11,US P&C insurance benchmark (KIE proxy),-0.055202408832385474
2018-06 to 2020-05,2020-03-12,US P&C insurance benchmark (KIE proxy),-0.11260623229461741
2018-06 to 2020-05,2020-03-13,US P&C insurance benchmark (KIE proxy),0.08260175578611317
2018-06 to 2020-05,2020-03-16,US P&C insurance benchmark (KIE proxy),-0.1378547733136749
2018-06 to 2020-05,2020-03-17,US P&C insurance benchmark (KIE proxy),0.056006840530141044
2018-06 to 2020-05,2020-03-18,US P&C insurance benchmark (KIE proxy),-0.10202429149797554
2018-06 to 2020-05,2020-03-19,US P&C insurance benchmark (KIE proxy),0.004508566275924331
2018-06 to 2020-05,2020-03-20,US P&C insurance benchmark (KIE proxy),-0.034560143626571005
2018-06 to 2020-05,2020-03-23,US P&C insurance benchmark (KIE proxy),-0.035797303579730544
2018-06 to 2020-05,2020-03-24,US P&C insurance benchmark (KIE proxy),0.1248794599807137
2018-06 to 2020-05,2020-03-25,US P&C insurance benchmark (KIE proxy),0.029147021003000706
2018-06 to 2020-05,2020-03-26,US P&C insurance benchmark (KIE proxy),0.062473969179508426
2018-06 to 2020-05,2020-03-27,US P&C insurance benchmark (KIE proxy),-0.02234417875343009
2018-06 to 2020-05,2020-03-30,US P&C insurance benchmark (KIE proxy),0.03608660785886131
2018-06 to 2020-05,2020-03-31,US P&C insurance benchmark (KIE proxy),-0.03521671826625383
2018-06 to 2020-05,2020-04-01,US P&C insurance benchmark (KIE proxy),-0.057360609707180044
2018-06 to 2020-05,2020-04-02,US P&C insurance benchmark (KIE proxy),0.009787234042553328
2018-06 to 2020-05,2020-04-03,US P&C insurance benchmark (KIE proxy),-0.026970080067425184
2018-06 to 2020-05,2020-04-06,US P&C insurance benchmark (KIE proxy),0.07275877003031606
2018-06 to 2020-05,2020-04-07,US P&C insurance benchmark (KIE proxy),0.016552280985062673
2018-06 to 2020-05,2020-04-08,US P&C insurance benchmark (KIE proxy),0.04646544876886405
2018-06 to 2020-05,2020-04-09,US P&C insurance benchmark (KIE proxy),0.05047438330170784
2018-06 to 2020-05,2020-04-13,US P&C insurance benchmark (KIE proxy),-0.03215317919075156
2018-06 to 2020-05,2020-04-14,US P&C insurance benchmark (KIE proxy),0.015677491601343796
2018-06 to 2020-05,2020-04-15,US P&C insurance benchmark (KIE proxy),-0.05622932745314213
2018-06 to 2020-05,2020-04-16,US P&C insurance benchmark (KIE proxy),-0.012850467289719503
2018-06 to 2020-05,2020-04-17,US P&C insurance benchmark (KIE proxy),0.044970414201183084
2018-06 to 2020-05,2020-04-20,US P&C insurance benchmark (KIE proxy),-0.026802567006417255
2018-06 to 2020-05,2020-04-21,US P&C insurance benchmark (KIE proxy),-0.03413498836307216
2018-06 to 2020-05,2020-04-22,US P&C insurance benchmark (KIE proxy),0.0008032128514057213
2018-06 to 2020-05,2020-04-23,US P&C insurance benchmark (KIE proxy),-0.01243980738362771
2018-06 to 2020-05,2020-04-24,US P&C insurance benchmark (KIE proxy),0.014628199918732099
2018-06 to 2020-05,2020-04-27,US P&C insurance benchmark (KIE proxy),0.03404084901882265
2018-06 to 2020-05,2020-04-28,US P&C insurance benchmark (KIE proxy),0.014717273431448463
2018-06 to 2020-05,2020-04-29,US P&C insurance benchmark (KIE proxy),0.034732824427480935
2018-06 to 2020-05,2020-04-30,US P&C insurance benchmark (KIE proxy),-0.03799336038362233
2018-06 to 2020-05,2020-05-01,US P&C insurance benchmark (KIE proxy),-0.03489263803680964
2018-06 to 2020-05,2020-05-04,US P&C insurance benchmark (KIE proxy),0.0
2018-06 to 2020-05,2020-05-05,US P&C insurance benchmark (KIE proxy),0.005959475566150063
2018-06 to 2020-05,2020-05-06,US P&C insurance benchmark (KIE proxy),-0.03515007898894151
2018-06 to 2020-05,2020-05-07,US P&C insurance benchmark (KIE proxy),0.03847728203029077
2018-06 to 2020-05,2020-05-08,US P&C insurance benchmark (KIE proxy),0.024832479306267086
2018-06 to 2020-05,2020-05-11,US P&C insurance benchmark (KIE proxy),-0.013461538461538414
2018-06 to 2020-05,2020-05-12,US P&C insurance benchmark (KIE proxy),-0.031968810916179535
2018-06 to 2020-05,2020-05-13,US P&C insurance benchmark (KIE proxy),-0.043898509867096314
2018-06 to 2020-05,2020-05-14,US P&C insurance benchmark (KIE proxy),0.017691659646167146
2018-06 to 2020-05,2020-05-15,US P&C insurance benchmark (KIE proxy),0.007036423841059403
2018-06 to 2020-05,2020-05-18,US P&C insurance benchmark (KIE proxy),0.058364159473900834
2018-06 to 2020-05,2020-05-19,US P&C insurance benchmark (KIE proxy),-0.019417475728155442
2018-06 to 2020-05,2020-05-20,US P&C insurance benchmark (KIE proxy),0.02297029702970277
2018-06 to 2020-05,2020-05-21,US P&C insurance benchmark (KIE proxy),0.016647309330236393
2018-06 to 2020-05,2020-05-22,US P&C insurance benchmark (KIE proxy),-0.0015232292460016783
2018-06 to 2020-05,2020-05-26,US P&C insurance benchmark (KIE proxy),0.032799389778794596
2018-06 to 2020-05,2020-05-27,US P&C insurance benchmark (KIE proxy),0.02732644017725261
2018-06 to 2020-05,2020-05-28,US P&C insurance benchmark (KIE proxy),-0.013299784327821751
2018-06 to 2020-05,2020-05-29,US P&C insurance benchmark (KIE proxy),-0.014207650273224126
2018-06 to 2020-05,2020-06-01,US P&C insurance benchmark (KIE proxy),0.011086474501108556
2018-06 to 2020-05,2020-06-02,US P&C insurance benchmark (KIE proxy),0.01206140350877205
2018-06 to 2020-05,2020-06-03,US P&C insurance benchmark (KIE proxy),0.03358613217768158
2018-06 to 2020-05,2020-06-04,US P&C insurance benchmark (KIE proxy),0.017470300489168533
2018-06 to 2020-05,2020-06-05,US P&C insurance benchmark (KIE proxy),0.03914835164835151
2018-06 to 2020-05,2020-06-08,US P&C insurance benchmark (KIE proxy),0.028420356906807775
2018-06 to 2020-05,2020-06-09,US P&C insurance benchmark (KIE proxy),-0.023778920308483387
2018-06 to 2020-05,2020-06-10,US P&C insurance benchmark (KIE proxy),-0.03456221198156695
2018-06 to 2020-05,2020-06-11,US P&C insurance benchmark (KIE proxy),-0.07739515854074319
2018-06 to 2020-05,2020-06-12,US P&C insurance benchmark (KIE proxy),0.021803399852180272
2018-06 to 2020-05,2020-06-15,US P&C insurance benchmark (KIE proxy),0.01410488245931285
2018-06 to 2020-05,2020-06-16,US P&C insurance benchmark (KIE proxy),0.014265335235378096
2018-06 to 2020-05,2020-06-17,US P&C insurance benchmark (KIE proxy),-0.010900140646976197
2018-06 to 2020-05,2020-06-18,US P&C insurance benchmark (KIE proxy),0.0024884464984002985
2018-06 to 2020-05,2020-06-19,US P&C insurance benchmark (KIE proxy),-0.01134751773049647
2018-06 to 2020-05,2020-06-22,US P&C insurance benchmark (KIE proxy),-0.0068149210903872826
2018-06 to 2020-05,2020-06-23,US P&C insurance benchmark (KIE proxy),0.0
2018-06 to 2020-05,2020-06-24,US P&C insurance benchmark (KIE proxy),-0.03503069700252803
2018-06 to 2020-05,2020-06-25,US P&C insurance benchmark (KIE proxy),0.02020958083832336
2018-06 to 2020-05,2020-06-26,US P&C insurance benchmark (KIE proxy),-0.03338224504768894
2018-06 to 2020-05,2020-06-29,US P&C insurance benchmark (KIE proxy),0.020872865275142205
2018-06 to 2020-05,2020-06-30,US P&C insurance benchmark (KIE proxy),0.016728624535315983
2018-06 to 2020-05,2020-07-01,US P&C insurance benchmark (KIE proxy),-0.017550274223034568
2018-06 to 2020-05,2020-07-02,US P&C insurance benchmark (KIE proxy),-0.0018608113137329463
2018-06 to 2020-05,2020-07-06,US P&C insurance benchmark (KIE proxy),0.016778523489932917
2018-06 to 2020-05,2020-07-07,US P&C insurance benchmark (KIE proxy),-0.025302530253025424
2018-06 to 2020-05,2020-07-08,US P&C insurance benchmark (KIE proxy),0.012791572610985957
2018-06 to 2020-05,2020-07-09,US P&C insurance benchmark (KIE proxy),-0.03008915304606241
2018-06 to 2020-05,2020-07-10,US P&C insurance benchmark (KIE proxy),0.03676752202221367
2018-06 to 2020-05,2020-07-13,US P&C insurance benchmark (KIE proxy),0.0007388252678242058
2018-06 to 2020-05,2020-07-14,US P&C insurance benchmark (KIE proxy),0.02067183462532296
2018-06 to 2020-05,2020-07-15,US P&C insurance benchmark (KIE proxy),0.025316455696202667
2018-06 to 2020-05,2020-07-16,US P&C insurance benchmark (KIE proxy),0.013756613756613634
2018-06 to 2020-05,2020-07-17,US P&C insurance benchmark (KIE proxy),-0.005915100904662407
2018-06 to 2020-05,2020-07-20,US P&C insurance benchmark (KIE proxy),-0.009450472523626186
2018-06 to 2020-05,2020-07-21,US P&C insurance benchmark (KIE proxy),0.01660777385159018
2018-06 to 2020-05,2020-07-22,US P&C insurance benchmark (KIE proxy),0.008689607229753094
2018-06 to 2020-05,2020-07-23,US P&C insurance benchmark (KIE proxy),0.008959338387319216
2018-06 to 2020-05,2020-07-24,US P&C insurance benchmark (KIE proxy),-0.014002732240437132
2018-06 to 2020-05,2020-07-27,US P&C insurance benchmark (KIE proxy),-0.010391409767925297
2018-06 to 2020-05,2020-07-28,US P&C insurance benchmark (KIE proxy),-0.007000350017500767
2018-06 to 2020-05,2020-07-29,US P&C insurance benchmark (KIE proxy),0.017271765949946838
2018-06 to 2020-05,2020-07-30,US P&C insurance benchmark (KIE proxy),-0.017671517671517534
2018-06 to 2020-05,2020-07-31,US P&C insurance benchmark (KIE proxy),0.004938271604938205
2018-06 to 2020-05,2020-08-03,US P&C insurance benchmark (KIE proxy),0.006669006669006716
2018-06 to 2020-05,2020-08-04,US P&C insurance benchmark (KIE proxy),-0.009065550906555031
2018-06 to 2020-05,2020-08-05,US P&C insurance benchmark (KIE proxy),0.028149190710767158
2018-06 to 2020-05,2020-08-06,US P&C insurance benchmark (KIE proxy),-0.009924709103353746
2018-06 to 2020-05,2020-08-07,US P&C insurance benchmark (KIE proxy),0.030072589007950068
2018-06 to 2020-05,2020-08-10,US P&C insurance benchmark (KIE proxy),0.013087248322147582
2018-06 to 2020-05,2020-08-11,US P&C insurance benchmark (KIE proxy),0.0013249420337859696
2018-06 to 2020-05,2020-08-12,US P&C insurance benchmark (KIE proxy),-0.009593119417796836
2018-06 to 2020-05,2020-08-13,US P&C insurance benchmark (KIE proxy),-0.0036740146960588804
2018-06 to 2020-05,2020-08-14,US P&C insurance benchmark (KIE proxy),0.002011397921555469
2018-06 to 2020-05,2020-08-17,US P&C insurance benchmark (KIE proxy),-0.011709601873536202
2018-06 to 2020-05,2020-08-18,US P&C insurance benchmark (KIE proxy),-0.004400812457684422
2018-06 to 2020-05,2020-08-19,US P&C insurance benchmark (KIE proxy),-0.0013600816048963127
2018-06 to 2020-05,2020-08-20,US P&C insurance benchmark (KIE proxy),-0.009193054136874323
2018-06 to 2020-05,2020-08-21,US P&C insurance benchmark (KIE proxy),-0.00996563573883169
2018-06 to 2020-05,2020-08-24,US P&C insurance benchmark (KIE proxy),0.022908712252689867
2018-06 to 2020-05,2020-08-25,US P&C insurance benchmark (KIE proxy),-0.000678656260604038
2018-06 to 2020-05,2020-08-26,US P&C insurance benchmark (KIE proxy),-0.008149405772495677
2018-06 to 2020-05,2020-08-27,US P&C insurance benchmark (KIE proxy),0.017802122560766742
2018-06 to 2020-05,2020-08-28,US P&C insurance benchmark (KIE proxy),0.0003363605785400292
2018-06 to 2020-05,2020-08-31,US P&C insurance benchmark (KIE proxy),-0.010423671822461178
2018-06 to 2020-05,2018-09-04,SPY,-0.0032197134098033153
2018-06 to 2020-05,2018-09-05,SPY,-0.0026914185155791914
2018-06 to 2020-05,2018-09-06,SPY,-0.0030100681590145006
2018-06 to 2020-05,2018-09-07,SPY,-0.0019433647973348123
2018-06 to 2020-05,2018-09-10,SPY,0.001738525730180962
2018-06 to 2020-05,2018-09-11,SPY,0.0032974661575839725
2018-06 to 2020-05,2018-09-12,SPY,0.0002421726344923325
2018-06 to 2020-05,2018-09-13,SPY,0.005914499169894949
2018-06 to 2020-05,2018-09-14,SPY,0.00017192174122326875
2018-06 to 2020-05,2018-09-17,SPY,-0.005294279427942916
2018-06 to 2020-05,2018-09-18,SPY,0.005426142254786992
2018-06 to 2020-05,2018-09-19,SPY,0.001065621669932293
2018-06 to 2020-05,2018-09-20,SPY,0.008103839022045145
2018-06 to 2020-05,2018-09-21,SPY,-0.005415900265685392
2018-06 to 2020-05,2018-09-24,SPY,-0.0033220315764243002
2018-06 to 2020-05,2018-09-25,SPY,-0.000927771287196566
2018-06 to 2020-05,2018-09-26,SPY,-0.0029922613929493913
2018-06 to 2020-05,2018-09-27,SPY,0.002794259693666312
2018-06 to 2020-05,2018-09-28,SPY,0.00010320272455199841
2018-06 to 2020-05,2018-10-01,SPY,0.0034741331865713043
2018-06 to 2020-05,2018-10-02,SPY,-0.0005827306070683713
2018-06 to 2020-05,2018-10-03,SPY,0.000548772122376251
2018-06 to 2020-05,2018-10-04,SPY,-0.007815713698066773
2018-06 to 2020-05,2018-10-05,SPY,-0.005597014925373123
2018-06 to 2020-05,2018-10-08,SPY,0.0
2018-06 to 2020-05,2018-10-09,SPY,-0.0014592453616844026
2018-06 to 2020-05,2018-10-10,SPY,-0.03166318719554617
2018-06 to 2020-05,2018-10-11,SPY,-0.022026590010779667
2018-06 to 2020-05,2018-10-12,SPY,0.013888378586912609
2018-06 to 2020-05,2018-10-15,SPY,-0.005616959594129445
2018-06 to 2020-05,2018-10-16,SPY,0.02186588921282806
2018-06 to 2020-05,2018-10-17,SPY,0.00017831669044232612
2018-06 to 2020-05,2018-10-18,SPY,-0.014441076840791656
2018-06 to 2020-05,2018-10-19,SPY,-0.0005426917510853446
2018-06 to 2020-05,2018-10-22,SPY,-0.004488687782805534
2018-06 to 2020-05,2018-10-23,SPY,-0.005090723973673494
2018-06 to 2020-05,2018-10-24,SPY,-0.030298600197361414
2018-06 to 2020-05,2018-10-25,SPY,0.01794060003015252
2018-06 to 2020-05,2018-10-26,SPY,-0.017587381516587675
2018-06 to 2020-05,2018-10-29,SPY,-0.005540270606414599
2018-06 to 2020-05,2018-10-30,SPY,0.014818464337148285
2018-06 to 2020-05,2018-10-31,SPY,0.010680808156253496
2018-06 to 2020-05,2018-11-01,SPY,0.010641835716661108
2018-06 to 2020-05,2018-11-02,SPY,-0.005923000987166915
2018-06 to 2020-05,2018-11-05,SPY,0.005516936996579513
2018-06 to 2020-05,2018-11-06,SPY,0.0063279563992832966
2018-06 to 2020-05,2018-11-07,SPY,0.02140883977900554
2018-06 to 2020-05,2018-11-08,SPY,-0.001814882032667886
2018-06 to 2020-05,2018-11-09,SPY,-0.00976827094474153
2018-06 to 2020-05,2018-11-12,SPY,-0.018685195852534475
2018-06 to 2020-05,2018-11-13,SPY,-0.001871078988883501
2018-06 to 2020-05,2018-11-14,SPY,-0.006836727192531145
2018-06 to 2020-05,2018-11-15,SPY,0.01043671354552167
2018-06 to 2020-05,2018-11-16,SPY,0.0026005420848291827
2018-06 to 2020-05,2018-11-19,SPY,-0.016914477770065495
2018-06 to 2020-05,2018-11-20,SPY,-0.018506131549609783
2018-06 to 2020-05,2018-11-21,SPY,0.0034075420263515177
2018-06 to 2020-05,2018-11-23,SPY,-0.006678741227077123
2018-06 to 2020-05,2018-11-26,SPY,0.01614434947768273
2018-06 to 2020-05,2018-11-27,SPY,0.0033644859813084516
2018-06 to 2020-05,2018-11-28,SPY,0.023025335320417284
2018-06 to 2020-05,2018-11-29,SPY,-0.002185155510233572
2018-06 to 2020-05,2018-11-30,SPY,0.006095335425943205
2018-06 to 2020-05,2018-12-03,SPY,0.013241429348812117
2018-06 to 2020-05,2018-12-04,SPY,-0.0324024346580738
2018-06 to 2020-05,2018-12-06,SPY,-0.0015171137835339188
2018-06 to 2020-05,2018-12-07,SPY,-0.02323599169878432
2018-06 to 2020-05,2018-12-10,SPY,0.0018970292521909293
2018-06 to 2020-05,2018-12-11,SPY,0.00022721248153900753
2018-06 to 2020-05,2018-12-12,SPY,0.005035399235225002
2018-06 to 2020-05,2018-12-13,SPY,-0.0003390341294355892
2018-06 to 2020-05,2018-12-14,SPY,-0.01846478501714577
2018-06 to 2020-05,2018-12-17,SPY,-0.019618382155334624
2018-06 to 2020-05,2018-12-18,SPY,-0.0010964912280703176
2018-06 to 2020-05,2018-12-19,SPY,-0.014975693899953013
2018-06 to 2020-05,2018-12-20,SPY,-0.01627795908620555
2018-06 to 2020-05,2018-12-21,SPY,-0.026176315895941937
2018-06 to 2020-05,2018-12-24,SPY,-0.026422933111757363
2018-06 to 2020-05,2018-12-26,SPY,0.05052487838183839
2018-06 to 2020-05,2018-12-27,SPY,0.00767730928588839
2018-06 to 2020-05,2018-12-28,SPY,-0.0012899584794615615
2018-06 to 2020-05,2018-12-31,SPY,0.008758829465186801
2018-06 to 2020-05,2019-01-02,SPY,0.0010403329065302724
2018-06 to 2020-05,2019-01-03,SPY,-0.02386281877048524
2018-06 to 2020-05,2019-01-04,SPY,0.03349576184431413
2018-06 to 2020-05,2019-01-07,SPY,0.007884623004080993
2018-06 to 2020-05,2019-01-08,SPY,0.009395392719553364
2018-06 to 2020-05,2019-01-09,SPY,0.00467344315924767
2018-06 to 2020-05,2019-01-10,SPY,0.0035275419622435855
2018-06 to 2020-05,2019-01-11,SPY,0.00038627935723112294
2018-06 to 2020-05,2019-01-14,SPY,-0.006100857209050958
2018-06 to 2020-05,2019-01-15,SPY,0.011460761460761804
2018-06 to 2020-05,2019-01-16,SPY,0.002419819473785223
2018-06 to 2020-05,2019-01-17,SPY,0.0075867882596365455
2018-06 to 2020-05,2019-01-18,SPY,0.01331000912686342
2018-06 to 2020-05,2019-01-22,SPY,-0.013510470614726322
2018-06 to 2020-05,2019-01-23,SPY,0.0020923685612113108
2018-06 to 2020-05,2019-01-24,SPY,0.0005314908317832767
2018-06 to 2020-05,2019-01-25,SPY,0.008461392525137335
2018-06 to 2020-05,2019-01-28,SPY,-0.007600270900744999
2018-06 to 2020-05,2019-01-29,SPY,-0.001326963906581602
2018-06 to 2020-05,2019-01-30,SPY,0.015830834060969412
2018-06 to 2020-05,2019-01-31,SPY,0.008782420210778241
2018-06 to 2020-05,2019-02-01,SPY,0.0004816063423849215
2018-06 to 2020-05,2019-02-04,SPY,0.007035473598459463
2018-06 to 2020-05,2019-02-05,SPY,0.004191792910722247
2018-06 to 2020-05,2019-02-06,SPY,-0.001318198462101794
2018-06 to 2020-05,2019-02-07,SPY,-0.009532888465205058
2018-06 to 2020-05,2019-02-08,SPY,0.0012215888058046964
2018-06 to 2020-05,2019-02-11,SPY,0.0005545901578731804
2018-06 to 2020-05,2019-02-12,SPY,0.012859359988175445
2018-06 to 2020-05,2019-02-13,SPY,0.0032469901495801867
2018-06 to 2020-05,2019-02-14,SPY,-0.002218262482272082
2018-06 to 2020-05,2019-02-15,SPY,0.010897295721262523
2018-06 to 2020-05,2019-02-19,SPY,0.001730540433356298
2018-06 to 2020-05,2019-02-20,SPY,0.002015475976246295
2018-06 to 2020-05,2019-02-21,SPY,-0.0035559067562229707
2018-06 to 2020-05,2019-02-22,SPY,0.0061999855814287574
2018-06 to 2020-05,2019-02-25,SPY,0.0013613240667764703
2018-06 to 2020-05,2019-02-26,SPY,-0.0007155123068117719
2018-06 to 2020-05,2019-02-27,SPY,-0.0004296147787483662
2018-06 to 2020-05,2019-02-28,SPY,-0.0018624641833809852
2018-06 to 2020-05,2019-03-01,SPY,0.006243720396153396
2018-06 to 2020-05,2019-03-04,SPY,-0.003637401041295285
2018-06 to 2020-05,2019-03-05,SPY,-0.0013600572655690923
2018-06 to 2020-05,2019-03-06,SPY,-0.006056913482904491
2018-06 to 2020-05,2019-03-07,SPY,-0.008365485162081243
2018-06 to 2020-05,2019-03-08,SPY,-0.0019999272753717934
2018-06 to 2020-05,2019-03-11,SPY,0.014501202360999832
2018-06 to 2020-05,2019-03-12,SPY,0.0037710099123691165
2018-06 to 2020-05,2019-03-13,SPY,0.006619199255787134
2018-06 to 2020-05,2019-03-14,SPY,-0.0006397952655148309
2018-06 to 2020-05,2019-03-15,SPY,0.0005335040546308178
2018-06 to 2020-05,2019-03-18,SPY,0.003625893142796155
2018-06 to 2020-05,2019-03-19,SPY,0.0002479368115324565
2018-06 to 2020-05,2019-03-20,SPY,-0.003009915014164144
2018-06 to 2020-05,2019-03-21,SPY,0.011294619072988787
2018-06 to 2020-05,2019-03-22,SPY,-0.019246303515611296
2018-06 to 2020-05,2019-03-25,SPY,-0.0007520143240823396
2018-06 to 2020-05,2019-03-26,SPY,0.0074541284403670804
2018-06 to 2020-05,2019-03-27,SPY,-0.005229083665338807
2018-06 to 2020-05,2019-03-28,SPY,0.003790452351153162
2018-06 to 2020-05,2019-03-29,SPY,0.006305439777706701
2018-06 to 2020-05,2019-04-01,SPY,0.011859246672330626
2018-06 to 2020-05,2019-04-02,SPY,0.0004898016303398478
2018-06 to 2020-05,2019-04-03,SPY,0.0015735916354864266
2018-06 to 2020-05,2019-04-04,SPY,0.0026534459884084427
2018-06 to 2020-05,2019-04-05,SPY,0.004840169928268079
2018-06 to 2020-05,2019-04-08,SPY,0.0007623800117824153
2018-06 to 2020-05,2019-04-09,SPY,-0.005124831192215851
2018-06 to 2020-05,2019-04-10,SPY,0.003410949845114919
2018-06 to 2020-05,2019-04-11,SPY,-0.0002774983523536889
2018-06 to 2020-05,2019-04-12,SPY,0.006765899864682234
2018-06 to 2020-05,2019-04-15,SPY,-0.0006548111386820432
2018-06 to 2020-05,2019-04-16,SPY,0.0006552401972617083
2018-06 to 2020-05,2019-04-17,SPY,-0.0024469258340227285
2018-06 to 2020-05,2019-04-18,SPY,0.0019692520297114324
2018-06 to 2020-05,2019-04-22,SPY,0.000862009516585216
2018-06 to 2020-05,2019-04-23,SPY,0.008991628483825398
2018-06 to 2020-05,2019-04-24,SPY,-0.0022193389784210815
2018-06 to 2020-05,2019-04-25,SPY,-0.000615953187557805
2018-06 to 2020-05,2019-04-26,SPY,0.004656736860126687
2018-06 to 2020-05,2019-04-29,SPY,0.0015677720595752564
2018-06 to 2020-05,2019-04-30,SPY,0.0005104297818763204
2018-06 to 2020-05,2019-05-01,SPY,-0.007516495476498131
2018-06 to 2020-05,2019-05-02,SPY,-0.00215893903567399
2018-06 to 2020-05,2019-05-03,SPY,0.009787760148362024
2018-06 to 2020-05,2019-05-06,SPY,-0.004115226337448652
2018-06 to 2020-05,2019-05-07,SPY,-0.01669967898367597
2018-06 to 2020-05,2019-05-08,SPY,-0.00138922654811946
2018-06 to 2020-05,2019-05-09,SPY,-0.0030257712238720424
2018-06 to 2020-05,2019-05-10,SPY,0.005023372636572931
2018-06 to 2020-05,2019-05-13,SPY,-0.025130163137799588
2018-06 to 2020-05,2019-05-14,SPY,0.009043651641387207
2018-06 to 2020-05,2019-05-15,SPY,0.0058574453069866195
2018-06 to 2020-05,2019-05-16,SPY,0.009261208166701618
2018-06 to 2020-05,2019-05-17,SPY,-0.006465067778936295
2018-06 to 2020-05,2019-05-20,SPY,-0.006612090680100713
2018-06 to 2020-05,2019-05-21,SPY,0.009015671773199507
2018-06 to 2020-05,2019-05-22,SPY,-0.003071446022826385
2018-06 to 2020-05,2019-05-23,SPY,-0.012218604488324125
2018-06 to 2020-05,2019-05-24,SPY,0.002268377401290156
2018-06 to 2020-05,2019-05-28,SPY,-0.009300516302425899
2018-06 to 2020-05,2019-05-29,SPY,-0.006710690701409949
2018-06 to 2020-05,2019-05-30,SPY,0.0027311603837998355
2018-06 to 2020-05,2019-05-31,SPY,-0.013475253556965106
2018-06 to 2020-05,2019-06-03,SPY,-0.002542957823228109
2018-06 to 2020-05,2019-06-04,SPY,0.021706668609097646
2018-06 to 2020-05,2019-06-05,SPY,0.008662175168431263
2018-06 to 2020-05,2019-06-06,SPY,0.006502685891998983
2018-06 to 2020-05,2019-06-07,SPY,0.01000702247191021
2018-06 to 2020-05,2019-06-10,SPY,0.004588910133843216
2018-06 to 2020-05,2019-06-11,SPY,-0.0002422396788595016
2018-06 to 2020-05,2019-06-12,SPY,-0.0017653167185877061
2018-06 to 2020-05,2019-06-13,SPY,0.004126356669787334
2018-06 to 2020-05,2019-06-14,SPY,-0.001105048691207977
2018-06 to 2020-05,2019-06-17,SPY,0.00038028071631068805
2018-06 to 2020-05,2019-06-18,SPY,0.01047102325742122
2018-06 to 2020-05,2019-06-19,SPY,0.0022571819425445394
2018-06 to 2020-05,2019-06-20,SPY,0.009554357469460317
2018-06 to 2020-05,2019-06-21,SPY,-0.0062867572500506785
2018-06 to 2020-05,2019-06-24,SPY,-0.001224489795918715
2018-06 to 2020-05,2019-06-25,SPY,-0.009807928075193706
2018-06 to 2020-05,2019-06-26,SPY,-0.000997386160407343
2018-06 to 2020-05,2019-06-27,SPY,0.0035459772093504593
2018-06 to 2020-05,2019-06-28,SPY,0.005145797598627544
2018-06 to 2020-05,2019-07-01,SPY,0.009078498293515258
2018-06 to 2020-05,2019-07-02,SPY,0.0026043428262192414
2018-06 to 2020-05,2019-07-03,SPY,0.00799514219208608
2018-06 to 2020-05,2019-07-05,SPY,-0.0011378848728249569
2018-06 to 2020-05,2019-07-08,SPY,-0.0054948736849157465
2018-06 to 2020-05,2019-07-09,SPY,0.0012465467286570941
2018-06 to 2020-05,2019-07-10,SPY,0.004778088091793142
2018-06 to 2020-05,2019-07-11,SPY,0.0023441947690967524
2018-06 to 2020-05,2019-07-12,SPY,0.00447696368313788
2018-06 to 2020-05,2019-07-15,SPY,0.00033261267254292015
2018-06 to 2020-05,2019-07-16,SPY,-0.003458021612635198
2018-06 to 2020-05,2019-07-17,SPY,-0.006573020586566947
2018-06 to 2020-05,2019-07-18,SPY,0.0036609122052795318
2018-06 to 2020-05,2019-07-19,SPY,-0.005554997824850139
2018-06 to 2020-05,2019-07-22,SPY,0.002456506376821377
2018-06 to 2020-05,2019-07-23,SPY,0.0071500503524672965
2018-06 to 2020-05,2019-07-24,SPY,0.004699530046995193
2018-06 to 2020-05,2019-07-25,SPY,-0.004777070063694322
2018-06 to 2020-05,2019-07-26,SPY,0.00670000000000015
2018-06 to 2020-05,2019-07-29,SPY,-0.0018211317506043878
2018-06 to 2020-05,2019-07-30,SPY,-0.002454720360910101
2018-06 to 2020-05,2019-07-31,SPY,-0.010940409683426577
2018-06 to 2020-05,2019-08-01,SPY,-0.008707931277947889
2018-06 to 2020-05,2019-08-02,SPY,-0.007529507529507651
2018-06 to 2020-05,2019-08-05,SPY,-0.03007313239013043
2018-06 to 2020-05,2019-08-06,SPY,0.01402297230639138
2018-06 to 2020-05,2019-08-07,SPY,0.0005906879777624052
2018-06 to 2020-05,2019-08-08,SPY,0.019620099315900807
2018-06 to 2020-05,2019-08-09,SPY,-0.006811525100470006
2018-06 to 2020-05,2019-08-12,SPY,-0.012173376311638506
2018-06 to 2020-05,2019-08-13,SPY,0.015551775610094909
2018-06 to 2020-05,2019-08-14,SPY,-0.029567595282857795
2018-06 to 2020-05,2019-08-15,SPY,0.002641775272983482
2018-06 to 2020-05,2019-08-16,SPY,0.014754962234323044
2018-06 to 2020-05,2019-08-19,SPY,0.01204777566210824
2018-06 to 2020-05,2019-08-20,SPY,-0.007662573119419758
2018-06 to 2020-05,2019-08-21,SPY,0.008135406253231725
2018-06 to 2020-05,2019-08-22,SPY,-0.0003077449136601462
2018-06 to 2020-05,2019-08-23,SPY,-0.02568750855110158
2018-06 to 2020-05,2019-08-26,SPY,0.011058451816745585
2018-06 to 2020-05,2019-08-27,SPY,-0.003923611111111058
2018-06 to 2020-05,2019-08-28,SPY,0.007041517063478109
2018-06 to 2020-05,2019-08-29,SPY,0.012773027796046943
2018-06 to 2020-05,2019-08-30,SPY,-0.0004443229202268917
2018-06 to 2020-05,2019-09-03,SPY,-0.0058471533595486624
2018-06 to 2020-05,2019-09-04,SPY,0.011350347389420312
2018-06 to 2020-05,2019-09-05,SPY,0.012855393823969496
2018-06 to 2020-05,2019-09-06,SPY,0.0007722785575179358
2018-06 to 2020-05,2019-09-09,SPY,0.0005032712632107028
2018-06 to 2020-05,2019-09-10,SPY,-0.00023474178403748436
2018-06 to 2020-05,2019-09-11,SPY,0.007110991849193171
2018-06 to 2020-05,2019-09-12,SPY,0.0034637801831807202
2018-06 to 2020-05,2019-09-13,SPY,-0.0006638122738890084
2018-06 to 2020-05,2019-09-16,SPY,-0.0030887774419606773
2018-06 to 2020-05,2019-09-17,SPY,0.0025319829424306217
2018-06 to 2020-05,2019-09-18,SPY,0.000598165625415481
2018-06 to 2020-05,2019-09-19,SPY,-6.642311524429623e-05
2018-06 to 2020-05,2019-09-20,SPY,-0.009299853859439433
2018-06 to 2020-05,2019-09-23,SPY,-0.0002346788252647336
2018-06 to 2020-05,2019-09-24,SPY,-0.007846819355487589
2018-06 to 2020-05,2019-09-25,SPY,0.00591475986074963
2018-06 to 2020-05,2019-09-26,SPY,-0.0020831933337812636
2018-06 to 2020-05,2019-09-27,SPY,-0.005387205387205496
2018-06 to 2020-05,2019-09-30,SPY,0.004637779282328891
2018-06 to 2020-05,2019-10-01,SPY,-0.011894733295144122
2018-06 to 2020-05,2019-10-02,SPY,-0.017664711499113417
2018-06 to 2020-05,2019-10-03,SPY,0.008192737624105995
2018-06 to 2020-05,2019-10-04,SPY,0.013532125886646984
2018-06 to 2020-05,2019-10-07,SPY,-0.004314591472736606
2018-06 to 2020-05,2019-10-08,SPY,-0.0155247713934763
2018-06 to 2020-05,2019-10-09,SPY,0.009496412851349945
2018-06 to 2020-05,2019-10-10,SPY,0.006763484052597413
2018-06 to 2020-05,2019-10-11,SPY,0.01036693493384222
2018-06 to 2020-05,2019-10-14,SPY,-0.0011138112596190686
2018-06 to 2020-05,2019-10-15,SPY,0.00990032100016891
2018-06 to 2020-05,2019-10-16,SPY,-0.001605995717344877
2018-06 to 2020-05,2019-10-17,SPY,0.002949061662198549
2018-06 to 2020-05,2019-10-18,SPY,-0.004377171879176522
2018-06 to 2020-05,2019-10-21,SPY,0.006779205960331547
2018-06 to 2020-05,2019-10-22,SPY,-0.0032667755591851977
2018-06 to 2020-05,2019-10-23,SPY,0.002909601685562091
2018-06 to 2020-05,2019-10-24,SPY,0.0016339869281045694
2018-06 to 2020-05,2019-10-25,SPY,0.0040949495622066845
2018-06 to 2020-05,2019-10-28,SPY,0.00563660477453598
2018-06 to 2020-05,2019-10-29,SPY,-0.0002967359050448648
2018-06 to 2020-05,2019-10-30,SPY,0.003067181161571453
2018-06 to 2020-05,2019-10-31,SPY,-0.0026632471887947373
2018-06 to 2020-05,2019-11-01,SPY,0.009263838064154761
2018-06 to 2020-05,2019-11-04,SPY,0.0040177696478735925
2018-06 to 2020-05,2019-11-05,SPY,-0.0011061587012396457
2018-06 to 2020-05,2019-11-06,SPY,0.00022799075008994585
2018-06 to 2020-05,2019-11-07,SPY,0.0035167697818296872
2018-06 to 2020-05,2019-11-08,SPY,0.002466091245376001
2018-06 to 2020-05,2019-11-11,SPY,-0.0019097559396645813
2018-06 to 2020-05,2019-11-12,SPY,0.0021079941624775334
2018-06 to 2020-05,2019-11-13,SPY,0.0003236245954691963
2018-06 to 2020-05,2019-11-14,SPY,0.001455839534131309
2018-06 to 2020-05,2019-11-15,SPY,0.00723631077370368
2018-06 to 2020-05,2019-11-18,SPY,0.0007376759998716231
2018-06 to 2020-05,2019-11-19,SPY,-0.0002884430485224909
2018-06 to 2020-05,2019-11-20,SPY,-0.0037187830603021554
2018-06 to 2020-05,2019-11-21,SPY,-0.0016089069086462349
2018-06 to 2020-05,2019-11-22,SPY,0.002223869532987255
2018-06 to 2020-05,2019-11-25,SPY,0.0077501929508621
2018-06 to 2020-05,2019-11-26,SPY,0.0022656923126016526
2018-06 to 2020-05,2019-11-27,SPY,0.004457463066734668
2018-06 to 2020-05,2019-11-29,SPY,-0.0037086344617723865
2018-06 to 2020-05,2019-12-02,SPY,-0.008494798129235592
2018-06 to 2020-05,2019-12-03,SPY,-0.006706456167372532
2018-06 to 2020-05,2019-12-04,SPY,0.006170247132934792
2018-06 to 2020-05,2019-12-05,SPY,0.0017979836897192847
2018-06 to 2020-05,2019-12-06,SPY,0.0091340298698801
2018-06 to 2020-05,2019-12-09,SPY,-0.0031441547305236517
2018-06 to 2020-05,2019-12-10,SPY,-0.001115075825156131
2018-06 to 2020-05,2019-12-11,SPY,0.0028386438299365935
2018-06 to 2020-05,2019-12-12,SPY,0.008619044590038705
2018-06 to 2020-05,2019-12-13,SPY,0.0005991233878852587
2018-06 to 2020-05,2019-12-16,SPY,0.006870036556157588
2018-06 to 2020-05,2019-12-17,SPY,0.00021909233176842235
2018-06 to 2020-05,2019-12-18,SPY,6.258409738069126e-05
2018-06 to 2020-05,2019-12-19,SPY,0.0040990018461153355
2018-06 to 2020-05,2019-12-20,SPY,-0.0005297600498592736
2018-06 to 2020-05,2019-12-23,SPY,0.0015277647865805655
2018-06 to 2020-05,2019-12-24,SPY,3.1131311873489054e-05
2018-06 to 2020-05,2019-12-26,SPY,0.005323288609407673
2018-06 to 2020-05,2019-12-27,SPY,-0.00024772403542439037
2018-06 to 2020-05,2019-12-30,SPY,-0.005513225546676659
2018-06 to 2020-05,2019-12-31,SPY,0.002429301108757942
2018-06 to 2020-05,2020-01-02,SPY,0.009351892127011707
2018-06 to 2020-05,2020-01-03,SPY,-0.007572259673099935
2018-06 to 2020-05,2020-01-06,SPY,0.003815018144598392
2018-06 to 2020-05,2020-01-07,SPY,-0.0028117661599307286
2018-06 to 2020-05,2020-01-08,SPY,0.005329532426486372
2018-06 to 2020-05,2020-01-09,SPY,0.006780705809831922
2018-06 to 2020-05,2020-01-10,SPY,-0.002877697841726534
2018-06 to 2020-05,2020-01-13,SPY,0.006877283473028184
2018-06 to 2020-05,2020-01-14,SPY,-0.0015246226558925935
2018-06 to 2020-05,2020-01-15,SPY,0.00225988700564983
2018-06 to 2020-05,2020-01-16,SPY,0.008318352174045529
2018-06 to 2020-05,2020-01-17,SPY,0.00311253475160167
2018-06 to 2020-05,2020-01-21,SPY,-0.001958126223828738
2018-06 to 2020-05,2020-01-22,SPY,0.00012073649260480046
2018-06 to 2020-05,2020-01-23,SPY,0.0011468582121085813
2018-06 to 2020-05,2020-01-24,SPY,-0.008893042324852218
2018-06 to 2020-05,2020-01-27,SPY,-0.01602944307570653
2018-06 to 2020-05,2020-01-28,SPY,0.010479134466769624
2018-06 to 2020-05,2020-01-29,SPY,-0.0008259659212579429
2018-06 to 2020-05,2020-01-30,SPY,0.003245361582266959
2018-06 to 2020-05,2020-01-31,SPY,-0.01815795898437511
2018-06 to 2020-05,2020-02-03,SPY,0.0074285891896932466
2018-06 to 2020-05,2020-02-04,SPY,0.015241268665926233
2018-06 to 2020-05,2020-02-05,SPY,0.011548045949066887
2018-06 to 2020-05,2020-02-06,SPY,0.003364777984738554
2018-06 to 2020-05,2020-02-07,SPY,-0.005329660458710195
2018-06 to 2020-05,2020-02-10,SPY,0.007465382299819634
2018-06 to 2020-05,2020-02-11,SPY,0.0017329986853114043
2018-06 to 2020-05,2020-02-12,SPY,0.006442760842331197
2018-06 to 2020-05,2020-02-13,SPY,-0.001066919566119262
2018-06 to 2020-05,2020-02-14,SPY,0.001602088648905431
2018-06 to 2020-05,2020-02-18,SPY,-0.002577014218009599
2018-06 to 2020-05,2020-02-19,SPY,0.004781278769340425
2018-06 to 2020-05,2020-02-20,SPY,-0.004108293432641852
2018-06 to 2020-05,2020-02-21,SPY,-0.01029826383736454
2018-06 to 2020-05,2020-02-24,SPY,-0.03316540722082273
2018-06 to 2020-05,2020-02-25,SPY,-0.03030209044103982
2018-06 to 2020-05,2020-02-26,SPY,-0.0036782344474650674
2018-06 to 2020-05,2020-02-27,SPY,-0.04491171749598721
2018-06 to 2020-05,2020-02-28,SPY,-0.004201539444052216
2018-06 to 2020-05,2020-03-02,SPY,0.043306555052993856
2018-06 to 2020-05,2020-03-03,SPY,-0.028632437154226698
2018-06 to 2020-05,2020-03-04,SPY,0.04203304023447885
2018-06 to 2020-05,2020-03-05,SPY,-0.03324170555520034
2018-06 to 2020-05,2020-03-06,SPY,-0.01653111155194087
2018-06 to 2020-05,2020-03-09,SPY,-0.07809453371881936
2018-06 to 2020-05,2020-03-10,SPY,0.051744885679903874
2018-06 to 2020-05,2020-03-11,SPY,-0.0487483530961792
2018-06 to 2020-05,2020-03-12,SPY,-0.09567721242163574
2018-06 to 2020-05,2020-03-13,SPY,0.08548627624843808
2018-06 to 2020-05,2020-03-16,SPY,-0.10942373384821036
2018-06 to 2020-05,2020-03-17,SPY,0.05399207838232245
2018-06 to 2020-05,2020-03-18,SPY,-0.05063291139240511
2018-06 to 2020-05,2020-03-19,SPY,0.0021249999999999325
2018-06 to 2020-05,2020-03-20,SPY,-0.04868820423267217
2018-06 to 2020-05,2020-03-23,SPY,-0.02556818181818188
2018-06 to 2020-05,2020-03-24,SPY,0.09060327427674353
2018-06 to 2020-05,2020-03-25,SPY,0.01497018301460007
2018-06 to 2020-05,2020-03-26,SPY,0.05838972405689047
2018-06 to 2020-05,2020-03-27,SPY,-0.02978560490045945
2018-06 to 2020-05,2020-03-30,SPY,0.03247573198642573
2018-06 to 2020-05,2020-03-31,SPY,-0.014905407987769737
2018-06 to 2020-05,2020-04-01,SPY,-0.04500484966052387
2018-06 to 2020-05,2020-04-02,SPY,0.023075360552508695
2018-06 to 2020-05,2020-04-03,SPY,-0.01445419529047387
2018-06 to 2020-05,2020-04-06,SPY,0.0671662838954028
2018-06 to 2020-05,2020-04-07,SPY,0.0010194064788944246
2018-06 to 2020-05,2020-04-08,SPY,0.033568438124693456
2018-06 to 2020-05,2020-04-09,SPY,0.0152173119731418
2018-06 to 2020-05,2020-04-13,SPY,-0.00913012221423426
2018-06 to 2020-05,2020-04-14,SPY,0.029492853515199924
2018-06 to 2020-05,2020-04-15,SPY,-0.02124810599386895
2018-06 to 2020-05,2020-04-16,SPY,0.004824308755760454
2018-06 to 2020-05,2020-04-17,SPY,0.02701540666427804
2018-06 to 2020-05,2020-04-20,SPY,-0.017617917945855432
2018-06 to 2020-05,2020-04-21,SPY,-0.03036329415107064
2018-06 to 2020-05,2020-04-22,SPY,0.022194550249047706
2018-06 to 2020-05,2020-04-23,SPY,-7.16589036189319e-05
2018-06 to 2020-05,2020-04-24,SPY,0.013938655582628856
2018-06 to 2020-05,2020-04-27,SPY,0.014418489592536332
2018-06 to 2020-05,2020-04-28,SPY,-0.004598502003135385
2018-06 to 2020-05,2020-04-29,SPY,0.02617856017919018
2018-06 to 2020-05,2020-04-30,SPY,-0.009310732921796516
2018-06 to 2020-05,2020-05-01,SPY,-0.02647342329936664
2018-06 to 2020-05,2020-05-04,SPY,0.0027582304890554354
2018-06 to 2020-05,2020-05-05,SPY,0.009239341256127354
2018-06 to 2020-05,2020-05-06,SPY,-0.006778713442119
2018-06 to 2020-05,2020-05-07,SPY,0.012066842568161817
2018-06 to 2020-05,2020-05-08,SPY,0.016546162402669706
2018-06 to 2020-05,2020-05-11,SPY,0.00020517029134192732
2018-06 to 2020-05,2020-05-12,SPY,-0.019931623931623954
2018-06 to 2020-05,2020-05-13,SPY,-0.017685840862315616
2018-06 to 2020-05,2020-05-14,SPY,0.011967329545454763
2018-06 to 2020-05,2020-05-15,SPY,0.004596975120187752
2018-06 to 2020-05,2020-05-18,SPY,0.030459689814168023
2018-06 to 2020-05,2020-05-19,SPY,-0.010271186440677926
2018-06 to 2020-05,2020-05-20,SPY,0.01698804671712839
2018-06 to 2020-05,2020-05-21,SPY,-0.006903984103997507
2018-06 to 2020-05,2020-05-22,SPY,0.0018990775908847013
2018-06 to 2020-05,2020-05-26,SPY,0.012320606552937763
2018-06 to 2020-05,2020-05-27,SPY,0.014878962150594921
2018-06 to 2020-05,2020-05-28,SPY,-0.0018449576648105204
2018-06 to 2020-05,2020-05-29,SPY,0.004455886721457469
2018-06 to 2020-05,2020-06-01,SPY,0.004041798107255357
2018-06 to 2020-05,2020-06-02,SPY,0.008280150548191756
2018-06 to 2020-05,2020-06-03,SPY,0.013308231628148537
2018-06 to 2020-05,2020-06-04,SPY,-0.0026266897302836822
2018-06 to 2020-05,2020-06-05,SPY,0.025629496402877594
2018-06 to 2020-05,2020-06-08,SPY,0.012087430325045334
2018-06 to 2020-05,2020-06-09,SPY,-0.007456683168316602
2018-06 to 2020-05,2020-06-10,SPY,-0.0055799744381059835
2018-06 to 2020-05,2020-06-11,SPY,-0.057648902821316406
2018-06 to 2020-05,2020-06-12,SPY,0.011975649512657283
2018-06 to 2020-05,2020-06-15,SPY,0.009335656290063055
2018-06 to 2020-05,2020-06-16,SPY,0.0192476795310208
2018-06 to 2020-05,2020-06-17,SPY,-0.0041538854805726055
2018-06 to 2020-05,2020-06-18,SPY,0.00038503497401021214
2018-06 to 2020-05,2020-06-19,SPY,-0.010071204054140859
2018-06 to 2020-05,2020-06-22,SPY,0.006415241057542875
2018-06 to 2020-05,2020-06-23,SPY,0.004603695834138
2018-06 to 2020-05,2020-06-24,SPY,-0.025508732574907822
2018-06 to 2020-05,2020-06-25,SPY,0.010720510375217929
2018-06 to 2020-05,2020-06-26,SPY,-0.02375142345859771
2018-06 to 2020-05,2020-06-29,SPY,0.01469755040826537
2018-06 to 2020-05,2020-06-30,SPY,0.012809564474807855
2018-06 to 2020-05,2020-07-01,SPY,0.007004799584900523
2018-06 to 2020-05,2020-07-02,SPY,0.005506891665593372
2018-06 to 2020-05,2020-07-06,SPY,0.01543733785991086
2018-06 to 2020-05,2020-07-07,SPY,-0.010313830626084264
2018-06 to 2020-05,2020-07-08,SPY,0.007648671043406274
2018-06 to 2020-05,2020-07-09,SPY,-0.005692959706496192
2018-06 to 2020-05,2020-07-10,SPY,0.010210573191678618
2018-06 to 2020-05,2020-07-13,SPY,-0.008658962813690496
2018-06 to 2020-05,2020-07-14,SPY,0.012958963282937663
2018-06 to 2020-05,2020-07-15,SPY,0.009187256992349013
2018-06 to 2020-05,2020-07-16,SPY,-0.003293459686189104
2018-06 to 2020-05,2020-07-17,SPY,0.0028990928644907488
2018-06 to 2020-05,2020-07-20,SPY,0.008081561606365861
2018-06 to 2020-05,2020-07-21,SPY,0.002127528367044773
2018-06 to 2020-05,2020-07-22,SPY,0.005692132549767859
2018-06 to 2020-05,2020-07-23,SPY,-0.011931713883620021
2018-06 to 2020-05,2020-07-24,SPY,-0.0064404260589544515
2018-06 to 2020-05,2020-07-27,SPY,0.007292445774121248
2018-06 to 2020-05,2020-07-28,SPY,-0.006342429305117192
2018-06 to 2020-05,2020-07-29,SPY,0.012298782576205536
2018-06 to 2020-05,2020-07-30,SPY,-0.0035679133858269596
2018-06 to 2020-05,2020-07-31,SPY,0.007902210149401068
2018-06 to 2020-05,2020-08-03,SPY,0.0069521009432809144
2018-06 to 2020-05,2020-08-04,SPY,0.003862647890750859
2018-06 to 2020-05,2020-08-05,SPY,0.006210991940859278
2018-06 to 2020-05,2020-08-06,SPY,0.006684532233296014
2018-06 to 2020-05,2020-08-07,SPY,0.0007178536176830619
2018-06 to 2020-05,2020-08-10,SPY,0.0029889111396719237
2018-06 to 2020-05,2020-08-11,SPY,-0.008254611556455904
2018-06 to 2020-05,2020-08-12,SPY,0.013942307692307532
2018-06 to 2020-05,2020-08-13,SPY,-0.0018077287814131093
2018-06 to 2020-05,2020-08-14,SPY,2.968856693308375e-05
2018-06 to 2020-05,2020-08-17,SPY,0.003176582353639823
2018-06 to 2020-05,2020-08-18,SPY,0.0021603385516852924
2018-06 to 2020-05,2020-08-19,SPY,-0.004163713678242087
2018-06 to 2020-05,2020-08-20,SPY,0.0031136019927049396
2018-06 to 2020-05,2020-08-21,SPY,0.003547357218872227
2018-06 to 2020-05,2020-08-24,SPY,0.010133144809708838
2018-06 to 2020-05,2020-08-25,SPY,0.003499358450950618
2018-06 to 2020-05,2020-08-26,SPY,0.010025572474718247
2018-06 to 2020-05,2020-08-27,SPY,0.0021866098915324095
2018-06 to 2020-05,2020-08-28,SPY,0.006459391955903948
2018-06 to 2020-05,2020-08-31,SPY,-0.03708284201646184
2023-04 to 2024-08,2023-07-03,Core MA + ATR,-0.0007388651534144638
2023-04 to 2024-08,2023-07-05,Core MA + ATR,0.00054356060606061
2023-04 to 2024-08,2023-07-06,Core MA + ATR,0.00039407389930390103
2023-04 to 2024-08,2023-07-07,Core MA + ATR,0.0038597539847539893
2023-04 to 2024-08,2023-07-10,Core MA + ATR,0.00035399485315936455
2023-04 to 2024-08,2023-07-11,Core MA + ATR,0.0014676514536135392
2023-04 to 2024-08,2023-07-12,Core MA + ATR,-0.00501641588827784
2023-04 to 2024-08,2023-07-13,Core MA + ATR,0.001549241487882772
2023-04 to 2024-08,2023-07-14,Core MA + ATR,-0.005930245977029867
2023-04 to 2024-08,2023-07-17,Core MA + ATR,-0.007456725757425995
2023-04 to 2024-08,2023-07-18,Core MA + ATR,0.004777794670560223
2023-04 to 2024-08,2023-07-19,Core MA + ATR,0.012213454884032304
2023-04 to 2024-08,2023-07-20,Core MA + ATR,-0.013682348610438962
2023-04 to 2024-08,2023-07-21,Core MA + ATR,-0.00112906985565332
2023-04 to 2024-08,2023-07-24,Core MA + ATR,-0.006908847824292343
2023-04 to 2024-08,2023-07-25,Core MA + ATR,-0.007211082718140358
2023-04 to 2024-08,2023-07-26,Core MA + ATR,0.002494172128858036
2023-04 to 2024-08,2023-07-27,Core MA + ATR,0.002163679875333911
2023-04 to 2024-08,2023-07-28,Core MA + ATR,0.0
2023-04 to 2024-08,2023-07-31,Core MA + ATR,0.00027339609614093074
2023-04 to 2024-08,2023-08-01,Core MA + ATR,-0.0016501739846485296
2023-04 to 2024-08,2023-08-02,Core MA + ATR,-0.0010826782845263089
2023-04 to 2024-08,2023-08-03,Core MA + ATR,-0.004846308836730436
2023-04 to 2024-08,2023-08-04,Core MA + ATR,-0.007024134910567308
2023-04 to 2024-08,2023-08-07,Core MA + ATR,0.0019563057765419937
2023-04 to 2024-08,2023-08-08,Core MA + ATR,0.0004028798319065063
2023-04 to 2024-08,2023-08-09,Core MA + ATR,-0.0012623302363421903
2023-04 to 2024-08,2023-08-10,Core MA + ATR,0.000479631893413569
2023-04 to 2024-08,2023-08-11,Core MA + ATR,0.0
2023-04 to 2024-08,2023-08-14,Core MA + ATR,0.001525585298345417
2023-04 to 2024-08,2023-08-15,Core MA + ATR,0.0012705215154349807
2023-04 to 2024-08,2023-08-16,Core MA + ATR,0.0
2023-04 to 2024-08,2023-08-17,Core MA + ATR,0.0
2023-04 to 2024-08,2023-08-18,Core MA + ATR,0.0
2023-04 to 2024-08,2023-08-21,Core MA + ATR,0.0
2023-04 to 2024-08,2023-08-22,Core MA + ATR,0.0
2023-04 to 2024-08,2023-08-23,Core MA + ATR,-7.099581945263019e-06
2023-04 to 2024-08,2023-08-24,Core MA + ATR,0.00038014608407614306
2023-04 to 2024-08,2023-08-25,Core MA + ATR,0.0014384023286635077
2023-04 to 2024-08,2023-08-28,Core MA + ATR,8.297729523800569e-05
2023-04 to 2024-08,2023-08-29,Core MA + ATR,5.64796306872252e-05
2023-04 to 2024-08,2023-08-30,Core MA + ATR,0.0013042474386770406
2023-04 to 2024-08,2023-08-31,Core MA + ATR,3.1369202971272735e-05
2023-04 to 2024-08,2023-09-01,Core MA + ATR,0.0006587201791134686
2023-04 to 2024-08,2023-09-05,Core MA + ATR,0.0
2023-04 to 2024-08,2023-09-06,Core MA + ATR,0.00012701369679303845
2023-04 to 2024-08,2023-09-07,Core MA + ATR,0.0014115160240422474
2023-04 to 2024-08,2023-09-08,Core MA + ATR,0.0004188462537919564
2023-04 to 2024-08,2023-09-11,Core MA + ATR,-0.0010700056192787558
2023-04 to 2024-08,2023-09-12,Core MA + ATR,-0.0006456938863459846
2023-04 to 2024-08,2023-09-13,Core MA + ATR,0.00023129542213512117
2023-04 to 2024-08,2023-09-14,Core MA + ATR,-0.0014384010325345805
2023-04 to 2024-08,2023-09-15,Core MA + ATR,0.0
2023-04 to 2024-08,2023-09-18,Core MA + ATR,0.0009212796333621399
2023-04 to 2024-08,2023-09-19,Core MA + ATR,0.0005808483794308661
2023-04 to 2024-08,2023-09-20,Core MA + ATR,0.00015923754988236388
2023-04 to 2024-08,2023-09-21,Core MA + ATR,-0.0019764172550506276
2023-04 to 2024-08,2023-09-22,Core MA + ATR,0.003217703451321144
2023-04 to 2024-08,2023-09-25,Core MA + ATR,-0.0003808186134801273
2023-04 to 2024-08,2023-09-26,Core MA + ATR,0.0005144306301003116
2023-04 to 2024-08,2023-09-27,Core MA + ATR,-0.00013158190508945016
2023-04 to 2024-08,2023-09-28,Core MA + ATR,-0.0029963547675421497
2023-04 to 2024-08,2023-09-29,Core MA + ATR,-0.001185498453022857
2023-04 to 2024-08,2023-10-02,Core MA + ATR,0.0027716184395167967
2023-04 to 2024-08,2023-10-03,Core MA + ATR,-0.0006518575665036548
2023-04 to 2024-08,2023-10-04,Core MA + ATR,0.0005233689902577637
2023-04 to 2024-08,2023-10-05,Core MA + ATR,-0.002185186333211762
2023-04 to 2024-08,2023-10-06,Core MA + ATR,-0.002875819103784582
2023-04 to 2024-08,2023-10-09,Core MA + ATR,-9.60165440331705e-06
2023-04 to 2024-08,2023-10-10,Core MA + ATR,-0.00149975507148159
2023-04 to 2024-08,2023-10-11,Core MA + ATR,0.0019252034394129924
2023-04 to 2024-08,2023-10-12,Core MA + ATR,-0.0014339947286230263
2023-04 to 2024-08,2023-10-13,Core MA + ATR,-0.00012138133217131405
2023-04 to 2024-08,2023-10-16,Core MA + ATR,0.0036113533001548223
2023-04 to 2024-08,2023-10-17,Core MA + ATR,0.004378316597375591
2023-04 to 2024-08,2023-10-18,Core MA + ATR,-0.0029492415836690745
2023-04 to 2024-08,2023-10-19,Core MA + ATR,-0.004429235679566581
2023-04 to 2024-08,2023-10-20,Core MA + ATR,-0.002748968927229844
2023-04 to 2024-08,2023-10-23,Core MA + ATR,0.002026719053426203
2023-04 to 2024-08,2023-10-24,Core MA + ATR,-0.005809728627365226
2023-04 to 2024-08,2023-10-25,Core MA + ATR,0.0020740007692327147
2023-04 to 2024-08,2023-10-26,Core MA + ATR,-0.0012279686133893294
2023-04 to 2024-08,2023-10-27,Core MA + ATR,0.005678937143186887
2023-04 to 2024-08,2023-10-30,Core MA + ATR,0.001042130285724626
2023-04 to 2024-08,2023-10-31,Core MA + ATR,-0.006305075768189406
2023-04 to 2024-08,2023-11-01,Core MA + ATR,0.005127107638160318
2023-04 to 2024-08,2023-11-02,Core MA + ATR,-0.030590873233834432
2023-04 to 2024-08,2023-11-03,Core MA + ATR,-0.004155045464604615
2023-04 to 2024-08,2023-11-06,Core MA + ATR,0.0007159804499782433
2023-04 to 2024-08,2023-11-07,Core MA + ATR,-0.0027713345266749865
2023-04 to 2024-08,2023-11-08,Core MA + ATR,-0.0011318230706416808
2023-04 to 2024-08,2023-11-09,Core MA + ATR,-0.0055489836161356524
2023-04 to 2024-08,2023-11-10,Core MA + ATR,-0.00299164932902523
2023-04 to 2024-08,2023-11-13,Core MA + ATR,0.0027149565535284
2023-04 to 2024-08,2023-11-14,Core MA + ATR,-0.0028181885839526945
2023-04 to 2024-08,2023-11-15,Core MA + ATR,-0.007324517798612797
2023-04 to 2024-08,2023-11-16,Core MA + ATR,-0.0038407120544715775
2023-04 to 2024-08,2023-11-17,Core MA + ATR,0.00750889077782668
2023-04 to 2024-08,2023-11-20,Core MA + ATR,-0.0018729724161167481
2023-04 to 2024-08,2023-11-21,Core MA + ATR,-0.004693210079877498
2023-04 to 2024-08,2023-11-22,Core MA + ATR,0.0038288617193489535
2023-04 to 2024-08,2023-11-24,Core MA + ATR,-0.002096730460087884
2023-04 to 2024-08,2023-11-27,Core MA + ATR,0.002101252637611427
2023-04 to 2024-08,2023-11-28,Core MA + ATR,-0.0001927093277835001
2023-04 to 2024-08,2023-11-29,Core MA + ATR,0.0019063739753631388
2023-04 to 2024-08,2023-11-30,Core MA + ATR,-0.003577930205780646
2023-04 to 2024-08,2023-12-01,Core MA + ATR,0.006119194034981159
2023-04 to 2024-08,2023-12-04,Core MA + ATR,0.0023421694369562644
2023-04 to 2024-08,2023-12-05,Core MA + ATR,-0.009438675401659147
2023-04 to 2024-08,2023-12-06,Core MA + ATR,-0.0004018858029502352
2023-04 to 2024-08,2023-12-07,Core MA + ATR,-0.009159227721083593
2023-04 to 2024-08,2023-12-08,Core MA + ATR,0.0009242408676747369
2023-04 to 2024-08,2023-12-11,Core MA + ATR,-0.0006557254132187126
2023-04 to 2024-08,2023-12-12,Core MA + ATR,-0.0012202125636470525
2023-04 to 2024-08,2023-12-13,Core MA + ATR,0.00567539511826889
2023-04 to 2024-08,2023-12-14,Core MA + ATR,0.0014378630427104647
2023-04 to 2024-08,2023-12-15,Core MA + ATR,-0.0012285499997099446
2023-04 to 2024-08,2023-12-18,Core MA + ATR,-0.0008746222331721884
2023-04 to 2024-08,2023-12-19,Core MA + ATR,0.0013530460035641179
2023-04 to 2024-08,2023-12-20,Core MA + ATR,-0.007986952555219461
2023-04 to 2024-08,2023-12-21,Core MA + ATR,0.0018057355391078468
2023-04 to 2024-08,2023-12-22,Core MA + ATR,-0.0005788553953691619
2023-04 to 2024-08,2023-12-26,Core MA + ATR,0.0004674233425718081
2023-04 to 2024-08,2023-12-27,Core MA + ATR,-7.81574687752403e-06
2023-04 to 2024-08,2023-12-28,Core MA + ATR,0.0
2023-04 to 2024-08,2023-12-29,Core MA + ATR,0.0
2023-04 to 2024-08,2024-01-02,Core MA + ATR,0.0
2023-04 to 2024-08,2024-01-03,Core MA + ATR,0.0
2023-04 to 2024-08,2024-01-04,Core MA + ATR,0.0
2023-04 to 2024-08,2024-01-05,Core MA + ATR,0.0002946269139770461
2023-04 to 2024-08,2024-01-08,Core MA + ATR,-0.0018616477440424768
2023-04 to 2024-08,2024-01-09,Core MA + ATR,-0.0008195817351418893
2023-04 to 2024-08,2024-01-10,Core MA + ATR,0.0005700093644395721
2023-04 to 2024-08,2024-01-11,Core MA + ATR,0.0019770121647003903
2023-04 to 2024-08,2024-01-12,Core MA + ATR,0.003514791080081544
2023-04 to 2024-08,2024-01-16,Core MA + ATR,-0.0018858115453736755
2023-04 to 2024-08,2024-01-17,Core MA + ATR,0.0005855518946614783
2023-04 to 2024-08,2024-01-18,Core MA + ATR,0.0018242756465389383
2023-04 to 2024-08,2024-01-19,Core MA + ATR,0.0018479839048536478
2023-04 to 2024-08,2024-01-22,Core MA + ATR,0.0012434758862561203
2023-04 to 2024-08,2024-01-23,Core MA + ATR,-0.00015433268108156376
2023-04 to 2024-08,2024-01-24,Core MA + ATR,0.0005473110448576497
2023-04 to 2024-08,2024-01-25,Core MA + ATR,0.0006177671131426881
2023-04 to 2024-08,2024-01-26,Core MA + ATR,-0.000749605290545625
2023-04 to 2024-08,2024-01-29,Core MA + ATR,-0.002736340454412775
2023-04 to 2024-08,2024-01-30,Core MA + ATR,0.0003080443478631554
2023-04 to 2024-08,2024-01-31,Core MA + ATR,-0.0006770166750134458
2023-04 to 2024-08,2024-02-01,Core MA + ATR,-0.0010463474559960818
2023-04 to 2024-08,2024-02-02,Core MA + ATR,0.0004303445490100358
2023-04 to 2024-08,2024-02-05,Core MA + ATR,0.0009141557908805992
2023-04 to 2024-08,2024-02-06,Core MA + ATR,-0.001493637769998793
2023-04 to 2024-08,2024-02-07,Core MA + ATR,0.0010176655616104997
2023-04 to 2024-08,2024-02-08,Core MA + ATR,-0.0018321172737984827
2023-04 to 2024-08,2024-02-09,Core MA + ATR,0.002164051760689567
2023-04 to 2024-08,2024-02-12,Core MA + ATR,1.6360705893413152e-05
2023-04 to 2024-08,2024-02-13,Core MA + ATR,-0.0011689492934793984
2023-04 to 2024-08,2024-02-14,Core MA + ATR,0.008965731428759347
2023-04 to 2024-08,2024-02-15,Core MA + ATR,0.02127166692026743
2023-04 to 2024-08,2024-02-16,Core MA + ATR,0.01622231205940948
2023-04 to 2024-08,2024-02-20,Core MA + ATR,-0.004908813620873531
2023-04 to 2024-08,2024-02-21,Core MA + ATR,-0.0036850003957680905
2023-04 to 2024-08,2024-02-22,Core MA + ATR,0.008111277900298017
2023-04 to 2024-08,2024-02-23,Core MA + ATR,0.0030373955599877858
2023-04 to 2024-08,2024-02-26,Core MA + ATR,-0.0023255004222897412
2023-04 to 2024-08,2024-02-27,Core MA + ATR,0.0013694315407398946
2023-04 to 2024-08,2024-02-28,Core MA + ATR,0.014991307808173081
2023-04 to 2024-08,2024-02-29,Core MA + ATR,0.012254262533437789
2023-04 to 2024-08,2024-03-01,Core MA + ATR,0.01481131571962803
2023-04 to 2024-08,2024-03-04,Core MA + ATR,0.005621025658337418
2023-04 to 2024-08,2024-03-05,Core MA + ATR,-0.0038836850578930376
2023-04 to 2024-08,2024-03-06,Core MA + ATR,0.012022196262136632
2023-04 to 2024-08,2024-03-07,Core MA + ATR,-0.002610871858002258
2023-04 to 2024-08,2024-03-08,Core MA + ATR,0.0017398099023448095
2023-04 to 2024-08,2024-03-11,Core MA + ATR,-0.008349162459202182
2023-04 to 2024-08,2024-03-12,Core MA + ATR,0.0048147847630784155
2023-04 to 2024-08,2024-03-13,Core MA + ATR,0.007008376413109159
2023-04 to 2024-08,2024-03-14,Core MA + ATR,5.531943039128786e-05
2023-04 to 2024-08,2024-03-15,Core MA + ATR,0.012037563372703048
2023-04 to 2024-08,2024-03-18,Core MA + ATR,0.011639975370743039
2023-04 to 2024-08,2024-03-19,Core MA + ATR,-0.018878860620301374
2023-04 to 2024-08,2024-03-20,Core MA + ATR,-0.0075508577736952505
2023-04 to 2024-08,2024-03-21,Core MA + ATR,-0.0003453210048442318
2023-04 to 2024-08,2024-03-22,Core MA + ATR,0.0016201913174897452
2023-04 to 2024-08,2024-03-25,Core MA + ATR,0.0006888304776730183
2023-04 to 2024-08,2024-03-26,Core MA + ATR,0.0010402458801647121
2023-04 to 2024-08,2024-03-27,Core MA + ATR,-0.0028851943070566724
2023-04 to 2024-08,2024-03-28,Core MA + ATR,0.009165036313122826
2023-04 to 2024-08,2024-04-01,Core MA + ATR,-0.0012524377928613065
2023-04 to 2024-08,2024-04-02,Core MA + ATR,0.0023871800304218504
2023-04 to 2024-08,2024-04-03,Core MA + ATR,0.00736575416710068
2023-04 to 2024-08,2024-04-04,Core MA + ATR,0.0005040930384452857
2023-04 to 2024-08,2024-04-05,Core MA + ATR,0.014082762669062223
2023-04 to 2024-08,2024-04-08,Core MA + ATR,-0.004931423253116689
2023-04 to 2024-08,2024-04-09,Core MA + ATR,-9.7293473236735e-05
2023-04 to 2024-08,2024-04-10,Core MA + ATR,-0.003529753747767946
2023-04 to 2024-08,2024-04-11,Core MA + ATR,-0.01037007604900894
2023-04 to 2024-08,2024-04-12,Core MA + ATR,-0.0007283870915351168
2023-04 to 2024-08,2024-04-15,Core MA + ATR,0.0018172888015717075
2023-04 to 2024-08,2024-04-16,Core MA + ATR,0.0021790681279241033
2023-04 to 2024-08,2024-04-17,Core MA + ATR,-0.002138868675032201
2023-04 to 2024-08,2024-04-18,Core MA + ATR,0.001276101678386432
2023-04 to 2024-08,2024-04-19,Core MA + ATR,0.004865038535474803
2023-04 to 2024-08,2024-04-22,Core MA + ATR,0.003165998818592697
2023-04 to 2024-08,2024-04-23,Core MA + ATR,0.002167290595475863
2023-04 to 2024-08,2024-04-24,Core MA + ATR,-0.004703181642220865
2023-04 to 2024-08,2024-04-25,Core MA + ATR,-0.0023286044474200643
2023-04 to 2024-08,2024-04-26,Core MA + ATR,-0.004520378617457507
2023-04 to 2024-08,2024-04-29,Core MA + ATR,0.0043756943917029915
2023-04 to 2024-08,2024-04-30,Core MA + ATR,-0.0016135088905497854
2023-04 to 2024-08,2024-05-01,Core MA + ATR,-0.003512110256180963
2023-04 to 2024-08,2024-05-02,Core MA + ATR,-0.011495457564539534
2023-04 to 2024-08,2024-05-03,Core MA + ATR,-0.0015135017369600366
2023-04 to 2024-08,2024-05-06,Core MA + ATR,0.00461961803998157
2023-04 to 2024-08,2024-05-07,Core MA + ATR,-0.0019884183392559576
2023-04 to 2024-08,2024-05-08,Core MA + ATR,-0.0017363679688142373
2023-04 to 2024-08,2024-05-09,Core MA + ATR,-0.002309239544004816
2023-04 to 2024-08,2024-05-10,Core MA + ATR,0.0004514234016034146
2023-04 to 2024-08,2024-05-13,Core MA + ATR,0.0009692736072489623
2023-04 to 2024-08,2024-05-14,Core MA + ATR,-0.002240012770770275
2023-04 to 2024-08,2024-05-15,Core MA + ATR,-0.003788810761159224
2023-04 to 2024-08,2024-05-16,Core MA + ATR,-0.0032825096099795893
2023-04 to 2024-08,2024-05-17,Core MA + ATR,0.00201465951261518
2023-04 to 2024-08,2024-05-20,Core MA + ATR,-0.0038018762396301617
2023-04 to 2024-08,2024-05-21,Core MA + ATR,-0.0017404128120064963
2023-04 to 2024-08,2024-05-22,Core MA + ATR,0.0020478712399118536
2023-04 to 2024-08,2024-05-23,Core MA + ATR,0.00025254505039929283
2023-04 to 2024-08,2024-05-24,Core MA + ATR,-0.0018249043026541268
2023-04 to 2024-08,2024-05-28,Core MA + ATR,4.40748824327972e-05
2023-04 to 2024-08,2024-05-29,Core MA + ATR,8.58063415791593e-05
2023-04 to 2024-08,2024-05-30,Core MA + ATR,0.000772103055938629
2023-04 to 2024-08,2024-05-31,Core MA + ATR,-0.0003440981444494625
2023-04 to 2024-08,2024-06-03,Core MA + ATR,-0.0011416062520024524
2023-04 to 2024-08,2024-06-04,Core MA + ATR,-0.0005329206703090149
2023-04 to 2024-08,2024-06-05,Core MA + ATR,-0.0005152949311330693
2023-04 to 2024-08,2024-06-06,Core MA + ATR,0.0001691709487597926
2023-04 to 2024-08,2024-06-07,Core MA + ATR,1.0184872268749161e-05
2023-04 to 2024-08,2024-06-10,Core MA + ATR,-0.0008250825082508259
2023-04 to 2024-08,2024-06-11,Core MA + ATR,-0.002238372093023263
2023-04 to 2024-08,2024-06-12,Core MA + ATR,0.001107340557351863
2023-04 to 2024-08,2024-06-13,Core MA + ATR,-0.0016999308921381634
2023-04 to 2024-08,2024-06-14,Core MA + ATR,-0.0011524592400853088
2023-04 to 2024-08,2024-06-17,Core MA + ATR,-0.006837072724341667
2023-04 to 2024-08,2024-06-18,Core MA + ATR,-0.0031412171200065134
2023-04 to 2024-08,2024-06-20,Core MA + ATR,0.0005861383066959273
2023-04 to 2024-08,2024-06-21,Core MA + ATR,0.0012877876037418721
2023-04 to 2024-08,2024-06-24,Core MA + ATR,-0.0009748915380139274
2023-04 to 2024-08,2024-06-25,Core MA + ATR,-0.0011261660677406905
2023-04 to 2024-08,2024-06-26,Core MA + ATR,-0.0019972829514290614
2023-04 to 2024-08,2024-06-27,Core MA + ATR,-0.0018128422312985015
2023-04 to 2024-08,2024-06-28,Core MA + ATR,0.0004835153974636802
2023-04 to 2024-08,2024-07-01,Core MA + ATR,-0.0003141455286388877
2023-04 to 2024-08,2024-07-02,Core MA + ATR,-0.000473203905739419
2023-04 to 2024-08,2024-07-03,Core MA + ATR,-0.0003117167475979969
2023-04 to 2024-08,2024-07-05,Core MA + ATR,0.001006326234753976
2023-04 to 2024-08,2024-07-08,Core MA + ATR,-0.0010205766564980138
2023-04 to 2024-08,2024-07-09,Core MA + ATR,-0.0001257152867788135
2023-04 to 2024-08,2024-07-10,Core MA + ATR,-0.0016461325112422968
2023-04 to 2024-08,2024-07-11,Core MA + ATR,-0.0008877256298236658
2023-04 to 2024-08,2024-07-12,Core MA + ATR,-0.00039547472721331007
2023-04 to 2024-08,2024-07-15,Core MA + ATR,9.311015561014561e-05
2023-04 to 2024-08,2024-07-16,Core MA + ATR,0.0008940381402742989
2023-04 to 2024-08,2024-07-17,Core MA + ATR,0.005071951742457913
2023-04 to 2024-08,2024-07-18,Core MA + ATR,-0.001650860694516823
2023-04 to 2024-08,2024-07-19,Core MA + ATR,-0.013422533419729923
2023-04 to 2024-08,2024-07-22,Core MA + ATR,-0.001247671116294862
2023-04 to 2024-08,2024-07-23,Core MA + ATR,-0.00024052050965709185
2023-04 to 2024-08,2024-07-24,Core MA + ATR,-0.003548059212362075
2023-04 to 2024-08,2024-07-25,Core MA + ATR,-0.0014296828055505775
2023-04 to 2024-08,2024-07-26,Core MA + ATR,-0.009510693458008012
2023-04 to 2024-08,2024-07-29,Core MA + ATR,-0.0005359670276674384
2023-04 to 2024-08,2024-07-30,Core MA + ATR,0.007027821692914542
2023-04 to 2024-08,2024-07-31,Core MA + ATR,-0.01538876402190275
2023-04 to 2024-08,2024-08-01,Core MA + ATR,-0.0032488121495869784
2023-04 to 2024-08,2024-08-02,Core MA + ATR,0.005158698201767329
2023-04 to 2024-08,2024-08-05,Core MA + ATR,-0.016834415190961117
2023-04 to 2024-08,2024-08-06,Core MA + ATR,-0.000267659076557566
2023-04 to 2024-08,2024-08-07,Core MA + ATR,0.0014889312809119115
2023-04 to 2024-08,2024-08-08,Core MA + ATR,-0.0005123299413393725
2023-04 to 2024-08,2024-08-09,Core MA + ATR,-0.0018958693614061902
2023-04 to 2024-08,2024-08-12,Core MA + ATR,0.0008340647407881185
2023-04 to 2024-08,2024-08-13,Core MA + ATR,0.004127571317662638
2023-04 to 2024-08,2024-08-14,Core MA + ATR,0.00927554977583737
2023-04 to 2024-08,2024-08-15,Core MA + ATR,-0.0014423190092552492
2023-04 to 2024-08,2024-08-16,Core MA + ATR,0.0025252528643021307
2023-04 to 2024-08,2024-08-19,Core MA + ATR,0.001966113545135285
2023-04 to 2024-08,2024-08-20,Core MA + ATR,0.00017414325175165831
2023-04 to 2024-08,2024-08-21,Core MA + ATR,7.659387861600397e-05
2023-04 to 2024-08,2024-08-22,Core MA + ATR,0.00016798139510448154
2023-04 to 2024-08,2024-08-23,Core MA + ATR,0.0004030248133509001
2023-04 to 2024-08,2024-08-26,Core MA + ATR,-0.00041121106059823165
2023-04 to 2024-08,2024-08-27,Core MA + ATR,-1.062201701597602e-05
2023-04 to 2024-08,2024-08-28,Core MA + ATR,0.0
2023-04 to 2024-08,2024-08-29,Core MA + ATR,0.0
2023-04 to 2024-08,2024-08-30,Core MA + ATR,-0.0004756610576923091
2023-04 to 2024-08,2024-09-03,Core MA + ATR,-0.003985090983735615
2023-04 to 2024-08,2024-09-04,Core MA + ATR,-0.0005996972820721234
2023-04 to 2024-08,2024-09-05,Core MA + ATR,0.0005552957680616996
2023-04 to 2024-08,2024-09-06,Core MA + ATR,0.0014984633146867367
2023-04 to 2024-08,2024-09-09,Core MA + ATR,-0.0010585342643979147
2023-04 to 2024-08,2024-09-10,Core MA + ATR,0.00011901047812530234
2023-04 to 2024-08,2024-09-11,Core MA + ATR,-0.0022400094168072626
2023-04 to 2024-08,2024-09-12,Core MA + ATR,-0.0006532750921052849
2023-04 to 2024-08,2024-09-13,Core MA + ATR,0.0002312256029625967
2023-04 to 2024-08,2024-09-16,Core MA + ATR,-0.0004409874917045879
2023-04 to 2024-08,2024-09-17,Core MA + ATR,-3.3267237580842605e-05
2023-04 to 2024-08,2024-09-18,Core MA + ATR,-3.655057542848583e-05
2023-04 to 2024-08,2024-09-19,Core MA + ATR,-0.001279943641934768
2023-04 to 2024-08,2024-09-20,Core MA + ATR,-0.0003192848020434254
2023-04 to 2024-08,2024-09-23,Core MA + ATR,-0.002535189966464714
2023-04 to 2024-08,2024-09-24,Core MA + ATR,0.0029937673499893353
2023-04 to 2024-08,2024-09-25,Core MA + ATR,-0.0015191307482362675
2023-04 to 2024-08,2024-09-26,Core MA + ATR,0.0004851822711775533
2023-04 to 2024-08,2024-09-27,Core MA + ATR,-0.0008995619524405548
2023-04 to 2024-08,2024-09-30,Core MA + ATR,-0.0008323735621094536
2023-04 to 2024-08,2024-10-01,Core MA + ATR,0.001396665979951919
2023-04 to 2024-08,2024-10-02,Core MA + ATR,-0.0008927481670272008
2023-04 to 2024-08,2024-10-03,Core MA + ATR,0.0006740359852019188
2023-04 to 2024-08,2024-10-04,Core MA + ATR,0.0026916642113425926
2023-04 to 2024-08,2024-10-07,Core MA + ATR,-0.009736060725310849
2023-04 to 2024-08,2024-10-08,Core MA + ATR,0.0002615766098847973
2023-04 to 2024-08,2024-10-09,Core MA + ATR,-0.0018423520449302132
2023-04 to 2024-08,2024-10-10,Core MA + ATR,-0.001663824386564423
2023-04 to 2024-08,2024-10-11,Core MA + ATR,0.00036019347535246976
2023-04 to 2024-08,2024-10-14,Core MA + ATR,-6.25e-05
2023-04 to 2024-08,2024-10-15,Core MA + ATR,-0.0008504830178276873
2023-04 to 2024-08,2024-10-16,Core MA + ATR,0.0027136373083800993
2023-04 to 2024-08,2024-10-17,Core MA + ATR,0.0005538666846322862
2023-04 to 2024-08,2024-10-18,Core MA + ATR,0.0010293684504442612
2023-04 to 2024-08,2024-10-21,Core MA + ATR,-0.001881216696407402
2023-04 to 2024-08,2024-10-22,Core MA + ATR,-0.001145027526911357
2023-04 to 2024-08,2024-10-23,Core MA + ATR,-0.00037275947381496666
2023-04 to 2024-08,2024-10-24,Core MA + ATR,-0.00034222753960883723
2023-04 to 2024-08,2024-10-25,Core MA + ATR,0.0007513020833333333
2023-04 to 2024-08,2024-10-28,Core MA + ATR,0.001392091107325298
2023-04 to 2024-08,2024-10-29,Core MA + ATR,-0.000738867315393874
2023-04 to 2024-08,2024-10-30,Core MA + ATR,0.00160785622861442
2023-04 to 2024-08,2024-10-31,Core MA + ATR,-0.006013853825097329
2023-04 to 2024-08,2024-11-01,Core MA + ATR,0.00013502693059568583
2023-04 to 2024-08,2024-11-04,Core MA + ATR,-0.002189687341957764
2023-04 to 2024-08,2024-11-05,Core MA + ATR,0.0021453457322260614
2023-04 to 2024-08,2024-11-06,Core MA + ATR,0.0061311224953468245
2023-04 to 2024-08,2024-11-07,Core MA + ATR,-0.002744932002118209
2023-04 to 2024-08,2024-11-08,Core MA + ATR,0.012327023327741701
2023-04 to 2024-08,2024-11-11,Core MA + ATR,0.019766089557451075
2023-04 to 2024-08,2024-11-12,Core MA + ATR,-0.011650330342547597
2023-04 to 2024-08,2024-11-13,Core MA + ATR,9.050609898253697e-05
2023-04 to 2024-08,2024-11-14,Core MA + ATR,0.0016465620281598096
2023-04 to 2024-08,2024-11-15,Core MA + ATR,0.00830321314030928
2023-04 to 2024-08,2024-11-18,Core MA + ATR,0.008582363297194544
2023-04 to 2024-08,2024-11-19,Core MA + ATR,0.016979731187053374
2023-04 to 2024-08,2024-11-20,Core MA + ATR,0.017661968628702434
2023-04 to 2024-08,2024-11-21,Core MA + ATR,0.012432752167721663
2023-04 to 2024-08,2024-11-22,Core MA + ATR,-0.00035815900615399993
2023-04 to 2024-08,2024-11-25,Core MA + ATR,0.0008683771981435676
2023-04 to 2024-08,2024-11-26,Core MA + ATR,-0.006045974765345634
2023-04 to 2024-08,2024-11-27,Core MA + ATR,-0.011835457746857925
2023-04 to 2024-08,2024-11-29,Core MA + ATR,-0.0018207219826187491
2023-04 to 2024-08,2023-07-03,Enhanced short/order-book,0.0
2023-04 to 2024-08,2023-07-05,Enhanced short/order-book,0.0
2023-04 to 2024-08,2023-07-06,Enhanced short/order-book,0.0
2023-04 to 2024-08,2023-07-07,Enhanced short/order-book,0.0
2023-04 to 2024-08,2023-07-10,Enhanced short/order-book,0.0
2023-04 to 2024-08,2023-07-11,Enhanced short/order-book,0.000647055345316933
2023-04 to 2024-08,2023-07-12,Enhanced short/order-book,-0.0012507817385866242
2023-04 to 2024-08,2023-07-13,Enhanced short/order-book,0.0009695463681227779
2023-04 to 2024-08,2023-07-14,Enhanced short/order-book,-0.005763455808848253
2023-04 to 2024-08,2023-07-17,Enhanced short/order-book,-0.00563787885475436
2023-04 to 2024-08,2023-07-18,Enhanced short/order-book,0.0040841643683132865
2023-04 to 2024-08,2023-07-19,Enhanced short/order-book,0.012192121550698968
2023-04 to 2024-08,2023-07-20,Enhanced short/order-book,-0.013959610964609638
2023-04 to 2024-08,2023-07-21,Enhanced short/order-book,-0.0014332556537529212
2023-04 to 2024-08,2023-07-24,Enhanced short/order-book,-0.006908847824292343
2023-04 to 2024-08,2023-07-25,Enhanced short/order-book,-0.007211082718140358
2023-04 to 2024-08,2023-07-26,Enhanced short/order-book,0.002494172128858036
2023-04 to 2024-08,2023-07-27,Enhanced short/order-book,0.002163679875333911
2023-04 to 2024-08,2023-07-28,Enhanced short/order-book,0.0
2023-04 to 2024-08,2023-07-31,Enhanced short/order-book,0.00027339609614093074
2023-04 to 2024-08,2023-08-01,Enhanced short/order-book,-0.0016501739846485296
2023-04 to 2024-08,2023-08-02,Enhanced short/order-book,-0.0010826782845263089
2023-04 to 2024-08,2023-08-03,Enhanced short/order-book,-0.0005187364006457283
2023-04 to 2024-08,2023-08-04,Enhanced short/order-book,-0.006991567860758874
2023-04 to 2024-08,2023-08-07,Enhanced short/order-book,0.0019563057765419937
2023-04 to 2024-08,2023-08-08,Enhanced short/order-book,0.0004028798319065063
2023-04 to 2024-08,2023-08-09,Enhanced short/order-book,-0.0012623302363421903
2023-04 to 2024-08,2023-08-10,Enhanced short/order-book,0.000479631893413569
2023-04 to 2024-08,2023-08-11,Enhanced short/order-book,0.0
2023-04 to 2024-08,2023-08-14,Enhanced short/order-book,0.0
2023-04 to 2024-08,2023-08-15,Enhanced short/order-book,0.0
2023-04 to 2024-08,2023-08-16,Enhanced short/order-book,0.0
2023-04 to 2024-08,2023-08-17,Enhanced short/order-book,0.0
2023-04 to 2024-08,2023-08-18,Enhanced short/order-book,0.0
2023-04 to 2024-08,2023-08-21,Enhanced short/order-book,0.0
2023-04 to 2024-08,2023-08-22,Enhanced short/order-book,0.0
2023-04 to 2024-08,2023-08-23,Enhanced short/order-book,-7.099581945263019e-06
2023-04 to 2024-08,2023-08-24,Enhanced short/order-book,0.00046047836177028767
2023-04 to 2024-08,2023-08-25,Enhanced short/order-book,0.0012902492639452594
2023-04 to 2024-08,2023-08-28,Enhanced short/order-book,0.0004545889558809635
2023-04 to 2024-08,2023-08-29,Enhanced short/order-book,5.64796306872252e-05
2023-04 to 2024-08,2023-08-30,Enhanced short/order-book,0.0013042474386770406
2023-04 to 2024-08,2023-08-31,Enhanced short/order-book,3.1369202971272735e-05
2023-04 to 2024-08,2023-09-01,Enhanced short/order-book,0.0006587201791134686
2023-04 to 2024-08,2023-09-05,Enhanced short/order-book,0.0
2023-04 to 2024-08,2023-09-06,Enhanced short/order-book,0.00012701369679303845
2023-04 to 2024-08,2023-09-07,Enhanced short/order-book,0.0014115160240422474
2023-04 to 2024-08,2023-09-08,Enhanced short/order-book,0.0004188462537919564
2023-04 to 2024-08,2023-09-11,Enhanced short/order-book,-0.0010700056192787558
2023-04 to 2024-08,2023-09-12,Enhanced short/order-book,-0.0006456938863459846
2023-04 to 2024-08,2023-09-13,Enhanced short/order-book,0.00023129542213512117
2023-04 to 2024-08,2023-09-14,Enhanced short/order-book,-0.0014384010325345805
2023-04 to 2024-08,2023-09-15,Enhanced short/order-book,0.0
2023-04 to 2024-08,2023-09-18,Enhanced short/order-book,0.0009212796333621399
2023-04 to 2024-08,2023-09-19,Enhanced short/order-book,0.0005808483794308661
2023-04 to 2024-08,2023-09-20,Enhanced short/order-book,0.00015923754988236388
2023-04 to 2024-08,2023-09-21,Enhanced short/order-book,-0.0019764172550506276
2023-04 to 2024-08,2023-09-22,Enhanced short/order-book,0.003217703451321144
2023-04 to 2024-08,2023-09-25,Enhanced short/order-book,-0.0003808186134801273
2023-04 to 2024-08,2023-09-26,Enhanced short/order-book,0.0005144306301003116
2023-04 to 2024-08,2023-09-27,Enhanced short/order-book,-0.00013158190508945016
2023-04 to 2024-08,2023-09-28,Enhanced short/order-book,-0.0029963547675421497
2023-04 to 2024-08,2023-09-29,Enhanced short/order-book,-0.001185498453022857
2023-04 to 2024-08,2023-10-02,Enhanced short/order-book,0.0027716184395167967
2023-04 to 2024-08,2023-10-03,Enhanced short/order-book,-0.0006518575665036548
2023-04 to 2024-08,2023-10-04,Enhanced short/order-book,0.0011698424380371705
2023-04 to 2024-08,2023-10-05,Enhanced short/order-book,-0.0015794231021285965
2023-04 to 2024-08,2023-10-06,Enhanced short/order-book,-0.0024774873051615475
2023-04 to 2024-08,2023-10-09,Enhanced short/order-book,-0.0003580734265136009
2023-04 to 2024-08,2023-10-10,Enhanced short/order-book,-0.001546383679546184
2023-04 to 2024-08,2023-10-11,Enhanced short/order-book,0.0014347669509382488
2023-04 to 2024-08,2023-10-12,Enhanced short/order-book,-0.0009057971014492794
2023-04 to 2024-08,2023-10-13,Enhanced short/order-book,0.0002665387280771925
2023-04 to 2024-08,2023-10-16,Enhanced short/order-book,0.003200456540636948
2023-04 to 2024-08,2023-10-17,Enhanced short/order-book,0.0037742583224208448
2023-04 to 2024-08,2023-10-18,Enhanced short/order-book,-0.002184231559399792
2023-04 to 2024-08,2023-10-19,Enhanced short/order-book,-0.0025256148062971578
2023-04 to 2024-08,2023-10-20,Enhanced short/order-book,-0.004028683167772242
2023-04 to 2024-08,2023-10-23,Enhanced short/order-book,0.0008789507479294757
2023-04 to 2024-08,2023-10-24,Enhanced short/order-book,-0.0033723365018265825
2023-04 to 2024-08,2023-10-25,Enhanced short/order-book,0.0032276482838060378
2023-04 to 2024-08,2023-10-26,Enhanced short/order-book,-0.00013005571594972443
2023-04 to 2024-08,2023-10-27,Enhanced short/order-book,0.007940941011596106
2023-04 to 2024-08,2023-10-30,Enhanced short/order-book,0.001042130285724626
2023-04 to 2024-08,2023-10-31,Enhanced short/order-book,-0.006305075768189406
2023-04 to 2024-08,2023-11-01,Enhanced short/order-book,0.006469448591806054
2023-04 to 2024-08,2023-11-02,Enhanced short/order-book,-0.03011142042308196
2023-04 to 2024-08,2023-11-03,Enhanced short/order-book,-0.004155045464604615
2023-04 to 2024-08,2023-11-06,Enhanced short/order-book,0.0007159804499782433
2023-04 to 2024-08,2023-11-07,Enhanced short/order-book,-0.0022660567013304813
2023-04 to 2024-08,2023-11-08,Enhanced short/order-book,-0.00070495194208493
2023-04 to 2024-08,2023-11-09,Enhanced short/order-book,-0.006259661385027205
2023-04 to 2024-08,2023-11-10,Enhanced short/order-book,-0.0024452229036275577
2023-04 to 2024-08,2023-11-13,Enhanced short/order-book,0.002501491438929437
2023-04 to 2024-08,2023-11-14,Enhanced short/order-book,-0.0028181885839526945
2023-04 to 2024-08,2023-11-15,Enhanced short/order-book,-0.007324517798612797
2023-04 to 2024-08,2023-11-16,Enhanced short/order-book,-0.0038407120544715775
2023-04 to 2024-08,2023-11-17,Enhanced short/order-book,0.00750889077782668
2023-04 to 2024-08,2023-11-20,Enhanced short/order-book,-0.0018729724161167481
2023-04 to 2024-08,2023-11-21,Enhanced short/order-book,-0.004693210079877498
2023-04 to 2024-08,2023-11-22,Enhanced short/order-book,0.0038288617193489535
2023-04 to 2024-08,2023-11-24,Enhanced short/order-book,-0.002096730460087884
2023-04 to 2024-08,2023-11-27,Enhanced short/order-book,0.002101252637611427
2023-04 to 2024-08,2023-11-28,Enhanced short/order-book,-0.0001927093277835001
2023-04 to 2024-08,2023-11-29,Enhanced short/order-book,0.0019063739753631388
2023-04 to 2024-08,2023-11-30,Enhanced short/order-book,-0.003577930205780646
2023-04 to 2024-08,2023-12-01,Enhanced short/order-book,0.006119194034981159
2023-04 to 2024-08,2023-12-04,Enhanced short/order-book,0.0023421694369562644
2023-04 to 2024-08,2023-12-05,Enhanced short/order-book,-0.002898293999080774
2023-04 to 2024-08,2023-12-06,Enhanced short/order-book,0.00035581768179194254
2023-04 to 2024-08,2023-12-07,Enhanced short/order-book,-0.006727957664839412
2023-04 to 2024-08,2023-12-08,Enhanced short/order-book,-0.0003379347975243229
2023-04 to 2024-08,2023-12-11,Enhanced short/order-book,-0.0005738387443684009
2023-04 to 2024-08,2023-12-12,Enhanced short/order-book,-0.0014172754051771112
2023-04 to 2024-08,2023-12-13,Enhanced short/order-book,0.00567539511826889
2023-04 to 2024-08,2023-12-14,Enhanced short/order-book,0.0014378630427104647
2023-04 to 2024-08,2023-12-15,Enhanced short/order-book,-0.0012285499997099446
2023-04 to 2024-08,2023-12-18,Enhanced short/order-book,-0.0008746222331721884
2023-04 to 2024-08,2023-12-19,Enhanced short/order-book,0.0013530460035641179
2023-04 to 2024-08,2023-12-20,Enhanced short/order-book,-0.007986952555219461
2023-04 to 2024-08,2023-12-21,Enhanced short/order-book,0.0018057355391078468
2023-04 to 2024-08,2023-12-22,Enhanced short/order-book,-0.0005788553953691619
2023-04 to 2024-08,2023-12-26,Enhanced short/order-book,0.0004674233425718081
2023-04 to 2024-08,2023-12-27,Enhanced short/order-book,-7.81574687752403e-06
2023-04 to 2024-08,2023-12-28,Enhanced short/order-book,0.0
2023-04 to 2024-08,2023-12-29,Enhanced short/order-book,0.0
2023-04 to 2024-08,2024-01-02,Enhanced short/order-book,0.0
2023-04 to 2024-08,2024-01-03,Enhanced short/order-book,0.0
2023-04 to 2024-08,2024-01-04,Enhanced short/order-book,0.0
2023-04 to 2024-08,2024-01-05,Enhanced short/order-book,0.0002946269139770461
2023-04 to 2024-08,2024-01-08,Enhanced short/order-book,-0.000333377783704486
2023-04 to 2024-08,2024-01-09,Enhanced short/order-book,0.0003399868974717642
2023-04 to 2024-08,2024-01-10,Enhanced short/order-book,0.0005700093644395721
2023-04 to 2024-08,2024-01-11,Enhanced short/order-book,0.0019770121647003903
2023-04 to 2024-08,2024-01-12,Enhanced short/order-book,0.003514791080081544
2023-04 to 2024-08,2024-01-16,Enhanced short/order-book,-0.0018858115453736755
2023-04 to 2024-08,2024-01-17,Enhanced short/order-book,0.0005855518946614783
2023-04 to 2024-08,2024-01-18,Enhanced short/order-book,0.0018242756465389383
2023-04 to 2024-08,2024-01-19,Enhanced short/order-book,0.0023295872186938093
2023-04 to 2024-08,2024-01-22,Enhanced short/order-book,0.0006792033147707774
2023-04 to 2024-08,2024-01-23,Enhanced short/order-book,-0.0001258119239003113
2023-04 to 2024-08,2024-01-24,Enhanced short/order-book,0.00045682367149759573
2023-04 to 2024-08,2024-01-25,Enhanced short/order-book,0.00029000541911317307
2023-04 to 2024-08,2024-01-26,Enhanced short/order-book,-0.00036149880548220586
2023-04 to 2024-08,2024-01-29,Enhanced short/order-book,-0.0006360513880996042
2023-04 to 2024-08,2024-01-30,Enhanced short/order-book,0.0
2023-04 to 2024-08,2024-01-31,Enhanced short/order-book,0.0
2023-04 to 2024-08,2024-02-01,Enhanced short/order-book,0.0
2023-04 to 2024-08,2024-02-02,Enhanced short/order-book,0.0
2023-04 to 2024-08,2024-02-05,Enhanced short/order-book,0.00016927223518152287
2023-04 to 2024-08,2024-02-06,Enhanced short/order-book,-4.0132638453961535e-05
2023-04 to 2024-08,2024-02-07,Enhanced short/order-book,0.0
2023-04 to 2024-08,2024-02-08,Enhanced short/order-book,-0.0003953198398661238
2023-04 to 2024-08,2024-02-09,Enhanced short/order-book,-3.8189074105882126e-05
2023-04 to 2024-08,2024-02-12,Enhanced short/order-book,0.0006043882032245156
2023-04 to 2024-08,2024-02-13,Enhanced short/order-book,-0.0027067085970360664
2023-04 to 2024-08,2024-02-14,Enhanced short/order-book,0.004940250147682586
2023-04 to 2024-08,2024-02-15,Enhanced short/order-book,0.0144310128660861
2023-04 to 2024-08,2024-02-16,Enhanced short/order-book,0.008379185005566227
2023-04 to 2024-08,2024-02-20,Enhanced short/order-book,-0.002972641365358806
2023-04 to 2024-08,2024-02-21,Enhanced short/order-book,-0.001125187231696842
2023-04 to 2024-08,2024-02-22,Enhanced short/order-book,0.0037731685720682217
2023-04 to 2024-08,2024-02-23,Enhanced short/order-book,0.0012116612984075538
2023-04 to 2024-08,2024-02-26,Enhanced short/order-book,-0.001840203031353252
2023-04 to 2024-08,2024-02-27,Enhanced short/order-book,0.0016532912864165444
2023-04 to 2024-08,2024-02-28,Enhanced short/order-book,0.0005891870477572915
2023-04 to 2024-08,2024-02-29,Enhanced short/order-book,0.0005292466289290773
2023-04 to 2024-08,2024-03-01,Enhanced short/order-book,-5.716376274751226e-05
2023-04 to 2024-08,2024-03-04,Enhanced short/order-book,0.0003775398132893996
2023-04 to 2024-08,2024-03-05,Enhanced short/order-book,0.0008541752084187578
2023-04 to 2024-08,2024-03-06,Enhanced short/order-book,0.0010484307359307314
2023-04 to 2024-08,2024-03-07,Enhanced short/order-book,-0.0012520864190495513
2023-04 to 2024-08,2024-03-08,Enhanced short/order-book,-0.0021309453863657354
2023-04 to 2024-08,2024-03-11,Enhanced short/order-book,-0.003925315547367335
2023-04 to 2024-08,2024-03-12,Enhanced short/order-book,0.0014462710212079927
2023-04 to 2024-08,2024-03-13,Enhanced short/order-book,0.0008393617150538694
2023-04 to 2024-08,2024-03-14,Enhanced short/order-book,0.0002201788178858207
2023-04 to 2024-08,2024-03-15,Enhanced short/order-book,0.00014679971477410403
2023-04 to 2024-08,2024-03-18,Enhanced short/order-book,-0.0006797691704943746
2023-04 to 2024-08,2024-03-19,Enhanced short/order-book,-0.0020061806251067404
2023-04 to 2024-08,2024-03-20,Enhanced short/order-book,-0.00011985444801094785
2023-04 to 2024-08,2024-03-21,Enhanced short/order-book,-0.0005566992352064291
2023-04 to 2024-08,2024-03-22,Enhanced short/order-book,0.0
2023-04 to 2024-08,2024-03-25,Enhanced short/order-book,4.6446703272772004e-05
2023-04 to 2024-08,2024-03-26,Enhanced short/order-book,6.806534795663488e-05
2023-04 to 2024-08,2024-03-27,Enhanced short/order-book,0.0
2023-04 to 2024-08,2024-03-28,Enhanced short/order-book,0.00023962554204876268
2023-04 to 2024-08,2024-04-01,Enhanced short/order-book,-0.0017666154583496861
2023-04 to 2024-08,2024-04-02,Enhanced short/order-book,0.00611905035756657
2023-04 to 2024-08,2024-04-03,Enhanced short/order-book,0.008094394329896929
2023-04 to 2024-08,2024-04-04,Enhanced short/order-book,0.00345030098370284
2023-04 to 2024-08,2024-04-05,Enhanced short/order-book,0.014063160862822499
2023-04 to 2024-08,2024-04-08,Enhanced short/order-book,-0.00465420184961803
2023-04 to 2024-08,2024-04-09,Enhanced short/order-book,-0.0024869476204467784
2023-04 to 2024-08,2024-04-10,Enhanced short/order-book,0.0
2023-04 to 2024-08,2024-04-11,Enhanced short/order-book,0.0
2023-04 to 2024-08,2024-04-12,Enhanced short/order-book,-0.0007283870915351168
2023-04 to 2024-08,2024-04-15,Enhanced short/order-book,0.0018172888015717075
2023-04 to 2024-08,2024-04-16,Enhanced short/order-book,-0.0004630639941036994
2023-04 to 2024-08,2024-04-17,Enhanced short/order-book,0.0
2023-04 to 2024-08,2024-04-18,Enhanced short/order-book,0.0
2023-04 to 2024-08,2024-04-19,Enhanced short/order-book,0.0
2023-04 to 2024-08,2024-04-22,Enhanced short/order-book,0.0
2023-04 to 2024-08,2024-04-23,Enhanced short/order-book,0.0016044503189382303
2023-04 to 2024-08,2024-04-24,Enhanced short/order-book,-0.002519963780840182
2023-04 to 2024-08,2024-04-25,Enhanced short/order-book,-0.0023624660213060083
2023-04 to 2024-08,2024-04-26,Enhanced short/order-book,-0.0017600215670219345
2023-04 to 2024-08,2024-04-29,Enhanced short/order-book,-0.0011975618737663683
2023-04 to 2024-08,2024-04-30,Enhanced short/order-book,-0.0015611636451267124
2023-04 to 2024-08,2024-05-01,Enhanced short/order-book,-0.003512110256180963
2023-04 to 2024-08,2024-05-02,Enhanced short/order-book,-0.011495457564539534
2023-04 to 2024-08,2024-05-03,Enhanced short/order-book,-0.0015135017369600366
2023-04 to 2024-08,2024-05-06,Enhanced short/order-book,0.00461961803998157
2023-04 to 2024-08,2024-05-07,Enhanced short/order-book,-0.00047145549676349386
2023-04 to 2024-08,2024-05-08,Enhanced short/order-book,0.00210178482716687
2023-04 to 2024-08,2024-05-09,Enhanced short/order-book,-0.0015823249689266086
2023-04 to 2024-08,2024-05-10,Enhanced short/order-book,0.00024125228561835756
2023-04 to 2024-08,2024-05-13,Enhanced short/order-book,3.400087815799013e-05
2023-04 to 2024-08,2024-05-14,Enhanced short/order-book,-0.001624021498691161
2023-04 to 2024-08,2024-05-15,Enhanced short/order-book,-0.0028004162286063444
2023-04 to 2024-08,2024-05-16,Enhanced short/order-book,-0.0028373379910245516
2023-04 to 2024-08,2024-05-17,Enhanced short/order-book,0.0020868205146070684
2023-04 to 2024-08,2024-05-20,Enhanced short/order-book,-0.004997993520613519
2023-04 to 2024-08,2024-05-21,Enhanced short/order-book,-0.002196853815003809
2023-04 to 2024-08,2024-05-22,Enhanced short/order-book,0.0020478712399118536
2023-04 to 2024-08,2024-05-23,Enhanced short/order-book,0.00025254505039929283
2023-04 to 2024-08,2024-05-24,Enhanced short/order-book,-0.0018249043026541268
2023-04 to 2024-08,2024-05-28,Enhanced short/order-book,4.40748824327972e-05
2023-04 to 2024-08,2024-05-29,Enhanced short/order-book,8.58063415791593e-05
2023-04 to 2024-08,2024-05-30,Enhanced short/order-book,6.674591308149785e-05
2023-04 to 2024-08,2024-05-31,Enhanced short/order-book,-0.0004294426731823059
2023-04 to 2024-08,2024-06-03,Enhanced short/order-book,-0.00018662580543769383
2023-04 to 2024-08,2024-06-04,Enhanced short/order-book,-0.0008237334155400205
2023-04 to 2024-08,2024-06-05,Enhanced short/order-book,-0.00010839401542039647
2023-04 to 2024-08,2024-06-06,Enhanced short/order-book,0.00013651146724206432
2023-04 to 2024-08,2024-06-07,Enhanced short/order-book,-0.0005069580676802312
2023-04 to 2024-08,2024-06-10,Enhanced short/order-book,0.0
2023-04 to 2024-08,2024-06-11,Enhanced short/order-book,0.0
2023-04 to 2024-08,2024-06-12,Enhanced short/order-book,0.0001541875522138567
2023-04 to 2024-08,2024-06-13,Enhanced short/order-book,0.00015739620898936005
2023-04 to 2024-08,2024-06-14,Enhanced short/order-book,0.0
2023-04 to 2024-08,2024-06-17,Enhanced short/order-book,-0.0007125103532811646
2023-04 to 2024-08,2024-06-18,Enhanced short/order-book,0.0007039524799462594
2023-04 to 2024-08,2024-06-20,Enhanced short/order-book,0.0007295935373804264
2023-04 to 2024-08,2024-06-21,Enhanced short/order-book,0.0007268064354101234
2023-04 to 2024-08,2024-06-24,Enhanced short/order-book,-0.0009748915380139274
2023-04 to 2024-08,2024-06-25,Enhanced short/order-book,-0.00031392130000205265
2023-04 to 2024-08,2024-06-26,Enhanced short/order-book,0.0
2023-04 to 2024-08,2024-06-27,Enhanced short/order-book,-0.0007550073234300732
2023-04 to 2024-08,2024-06-28,Enhanced short/order-book,0.0001714392599351022
2023-04 to 2024-08,2024-07-01,Enhanced short/order-book,-0.0007154521091749018
2023-04 to 2024-08,2024-07-02,Enhanced short/order-book,-0.00036342795793198606
2023-04 to 2024-08,2024-07-03,Enhanced short/order-book,0.0007966368439733515
2023-04 to 2024-08,2024-07-05,Enhanced short/order-book,0.0013465525817267564
2023-04 to 2024-08,2024-07-08,Enhanced short/order-book,-8.150736319452368e-05
2023-04 to 2024-08,2024-07-09,Enhanced short/order-book,-0.00011891194052386556
2023-04 to 2024-08,2024-07-10,Enhanced short/order-book,-0.0016461325112422968
2023-04 to 2024-08,2024-07-11,Enhanced short/order-book,-0.0008877256298236658
2023-04 to 2024-08,2024-07-12,Enhanced short/order-book,-0.00044779282254514313
2023-04 to 2024-08,2024-07-15,Enhanced short/order-book,0.0
2023-04 to 2024-08,2024-07-16,Enhanced short/order-book,0.0
2023-04 to 2024-08,2024-07-17,Enhanced short/order-book,0.0037133646730101283
2023-04 to 2024-08,2024-07-18,Enhanced short/order-book,-0.0008907233455613534
2023-04 to 2024-08,2024-07-19,Enhanced short/order-book,-0.009277360387774358
2023-04 to 2024-08,2024-07-22,Enhanced short/order-book,-0.0009551475558090102
2023-04 to 2024-08,2024-07-23,Enhanced short/order-book,-0.0004665143765010991
2023-04 to 2024-08,2024-07-24,Enhanced short/order-book,-0.003548059212362075
2023-04 to 2024-08,2024-07-25,Enhanced short/order-book,-0.001940089653694946
2023-04 to 2024-08,2024-07-26,Enhanced short/order-book,-0.007315628057054511
2023-04 to 2024-08,2024-07-29,Enhanced short/order-book,-0.001299014468535006
2023-04 to 2024-08,2024-07-30,Enhanced short/order-book,0.004569669590634311
2023-04 to 2024-08,2024-07-31,Enhanced short/order-book,-0.01521131453079721
2023-04 to 2024-08,2024-08-01,Enhanced short/order-book,-0.0027524837414820424
2023-04 to 2024-08,2024-08-02,Enhanced short/order-book,-0.0005862370238739269
2023-04 to 2024-08,2024-08-05,Enhanced short/order-book,-0.008523453257472044
2023-04 to 2024-08,2024-08-06,Enhanced short/order-book,0.00084230931835063
2023-04 to 2024-08,2024-08-07,Enhanced short/order-book,0.0
2023-04 to 2024-08,2024-08-08,Enhanced short/order-book,0.002707334367860382
2023-04 to 2024-08,2024-08-09,Enhanced short/order-book,0.001109688475950434
2023-04 to 2024-08,2024-08-12,Enhanced short/order-book,0.0001306868699512039
2023-04 to 2024-08,2024-08-13,Enhanced short/order-book,0.0009971476244157753
2023-04 to 2024-08,2024-08-14,Enhanced short/order-book,0.007487187620158653
2023-04 to 2024-08,2024-08-15,Enhanced short/order-book,0.001782181112970053
2023-04 to 2024-08,2024-08-16,Enhanced short/order-book,-0.00016400526375662011
2023-04 to 2024-08,2024-08-19,Enhanced short/order-book,0.0008754633729503442
2023-04 to 2024-08,2024-08-20,Enhanced short/order-book,0.00035943074649034734
2023-04 to 2024-08,2024-08-21,Enhanced short/order-book,0.0005273778359511396
2023-04 to 2024-08,2024-08-22,Enhanced short/order-book,0.0
2023-04 to 2024-08,2024-08-23,Enhanced short/order-book,0.0
2023-04 to 2024-08,2024-08-26,Enhanced short/order-book,0.0
2023-04 to 2024-08,2024-08-27,Enhanced short/order-book,0.0
2023-04 to 2024-08,2024-08-28,Enhanced short/order-book,0.0
2023-04 to 2024-08,2024-08-29,Enhanced short/order-book,0.0
2023-04 to 2024-08,2024-08-30,Enhanced short/order-book,-0.0004756610576923091
2023-04 to 2024-08,2024-09-03,Enhanced short/order-book,-0.003985090983735615
2023-04 to 2024-08,2024-09-04,Enhanced short/order-book,-0.0005996972820721234
2023-04 to 2024-08,2024-09-05,Enhanced short/order-book,0.0005552957680616996
2023-04 to 2024-08,2024-09-06,Enhanced short/order-book,-0.00046411808539465604
2023-04 to 2024-08,2024-09-09,Enhanced short/order-book,0.0
2023-04 to 2024-08,2024-09-10,Enhanced short/order-book,-0.0003680626616639643
2023-04 to 2024-08,2024-09-11,Enhanced short/order-book,-0.0019827684582905403
2023-04 to 2024-08,2024-09-12,Enhanced short/order-book,0.0005282814259663973
2023-04 to 2024-08,2024-09-13,Enhanced short/order-book,0.00016508478934397272
2023-04 to 2024-08,2024-09-16,Enhanced short/order-book,-0.0004900247782887491
2023-04 to 2024-08,2024-09-17,Enhanced short/order-book,0.0005152122540846132
2023-04 to 2024-08,2024-09-18,Enhanced short/order-book,-3.655057542848583e-05
2023-04 to 2024-08,2024-09-19,Enhanced short/order-book,-0.001279943641934768
2023-04 to 2024-08,2024-09-20,Enhanced short/order-book,-0.0003192848020434254
2023-04 to 2024-08,2024-09-23,Enhanced short/order-book,-0.002535189966464714
2023-04 to 2024-08,2024-09-24,Enhanced short/order-book,0.0029937673499893353
2023-04 to 2024-08,2024-09-25,Enhanced short/order-book,-0.0015191307482362675
2023-04 to 2024-08,2024-09-26,Enhanced short/order-book,0.0004851822711775533
2023-04 to 2024-08,2024-09-27,Enhanced short/order-book,-0.0008995619524405548
2023-04 to 2024-08,2024-09-30,Enhanced short/order-book,-0.0008323735621094536
2023-04 to 2024-08,2024-10-01,Enhanced short/order-book,0.001396665979951919
2023-04 to 2024-08,2024-10-02,Enhanced short/order-book,-0.0008927481670272008
2023-04 to 2024-08,2024-10-03,Enhanced short/order-book,0.0006740359852019188
2023-04 to 2024-08,2024-10-04,Enhanced short/order-book,0.0026916642113425926
2023-04 to 2024-08,2024-10-07,Enhanced short/order-book,-0.004327162552415095
2023-04 to 2024-08,2024-10-08,Enhanced short/order-book,0.0002615766098847973
2023-04 to 2024-08,2024-10-09,Enhanced short/order-book,-0.0009082005674378053
2023-04 to 2024-08,2024-10-10,Enhanced short/order-book,-0.0007640664064493055
2023-04 to 2024-08,2024-10-11,Enhanced short/order-book,0.00036019347535246976
2023-04 to 2024-08,2024-10-14,Enhanced short/order-book,-6.25e-05
2023-04 to 2024-08,2024-10-15,Enhanced short/order-book,-0.0016248738149396748
2023-04 to 2024-08,2024-10-16,Enhanced short/order-book,0.001709604978294199
2023-04 to 2024-08,2024-10-17,Enhanced short/order-book,0.0006783525065524899
2023-04 to 2024-08,2024-10-18,Enhanced short/order-book,0.0003316692545198426
2023-04 to 2024-08,2024-10-21,Enhanced short/order-book,-0.0007308743169398835
2023-04 to 2024-08,2024-10-22,Enhanced short/order-book,-0.0005995203836930418
2023-04 to 2024-08,2024-10-23,Enhanced short/order-book,-0.00014576045310679686
2023-04 to 2024-08,2024-10-24,Enhanced short/order-book,4.179703796412578e-05
2023-04 to 2024-08,2024-10-25,Enhanced short/order-book,0.0
2023-04 to 2024-08,2024-10-28,Enhanced short/order-book,0.001392091107325298
2023-04 to 2024-08,2024-10-29,Enhanced short/order-book,0.0008276780479973229
2023-04 to 2024-08,2024-10-30,Enhanced short/order-book,0.0007627858060792062
2023-04 to 2024-08,2024-10-31,Enhanced short/order-book,-0.004497540383937276
2023-04 to 2024-08,2024-11-01,Enhanced short/order-book,0.00024153832731513375
2023-04 to 2024-08,2024-11-04,Enhanced short/order-book,-0.0019138919278091574
2023-04 to 2024-08,2024-11-05,Enhanced short/order-book,0.0021453457322260614
2023-04 to 2024-08,2024-11-06,Enhanced short/order-book,0.0061311224953468245
2023-04 to 2024-08,2024-11-07,Enhanced short/order-book,-0.0011420250251099838
2023-04 to 2024-08,2024-11-08,Enhanced short/order-book,0.008603153319161951
2023-04 to 2024-08,2024-11-11,Enhanced short/order-book,0.01758047750776859
2023-04 to 2024-08,2024-11-12,Enhanced short/order-book,-0.012517447004912594
2023-04 to 2024-08,2024-11-13,Enhanced short/order-book,0.0002746066397901875
2023-04 to 2024-08,2024-11-14,Enhanced short/order-book,0.0020929777677492142
2023-04 to 2024-08,2024-11-15,Enhanced short/order-book,0.005300693910919717
2023-04 to 2024-08,2024-11-18,Enhanced short/order-book,0.00750404048294442
2023-04 to 2024-08,2024-11-19,Enhanced short/order-book,0.019172105058701722
2023-04 to 2024-08,2024-11-20,Enhanced short/order-book,0.016144910101606902
2023-04 to 2024-08,2024-11-21,Enhanced short/order-book,0.01056854800009479
2023-04 to 2024-08,2024-11-22,Enhanced short/order-book,-0.0007616422724434194
2023-04 to 2024-08,2024-11-25,Enhanced short/order-book,0.000301849612129317
2023-04 to 2024-08,2024-11-26,Enhanced short/order-book,-0.006324514448145473
2023-04 to 2024-08,2024-11-27,Enhanced short/order-book,-0.012195197855504207
2023-04 to 2024-08,2024-11-29,Enhanced short/order-book,-0.003412836504383735
2023-04 to 2024-08,2023-07-03,Passive insurance basket,0.014870368348560259
2023-04 to 2024-08,2023-07-05,Passive insurance basket,-0.010691589853844885
2023-04 to 2024-08,2023-07-06,Passive insurance basket,-0.007411882189921282
2023-04 to 2024-08,2023-07-07,Passive insurance basket,0.00987491047621547
2023-04 to 2024-08,2023-07-10,Passive insurance basket,0.004274492267860586
2023-04 to 2024-08,2023-07-11,Passive insurance basket,0.012267100434043554
2023-04 to 2024-08,2023-07-12,Passive insurance basket,0.0024267203939973836
2023-04 to 2024-08,2023-07-13,Passive insurance basket,-0.008603975841197764
2023-04 to 2024-08,2023-07-14,Passive insurance basket,-0.02330236321474166
2023-04 to 2024-08,2023-07-17,Passive insurance basket,0.026824113663536986
2023-04 to 2024-08,2023-07-18,Passive insurance basket,0.010720271414211613
2023-04 to 2024-08,2023-07-19,Passive insurance basket,0.035568872615171276
2023-04 to 2024-08,2023-07-20,Passive insurance basket,0.005457991447518795
2023-04 to 2024-08,2023-07-21,Passive insurance basket,-0.0021539869469366923
2023-04 to 2024-08,2023-07-24,Passive insurance basket,-0.006196399928700025
2023-04 to 2024-08,2023-07-25,Passive insurance basket,-0.012196837012867112
2023-04 to 2024-08,2023-07-26,Passive insurance basket,0.017020291144497213
2023-04 to 2024-08,2023-07-27,Passive insurance basket,-0.013976962470127696
2023-04 to 2024-08,2023-07-28,Passive insurance basket,0.010317485937566984
2023-04 to 2024-08,2023-07-31,Passive insurance basket,0.013317648229026924
2023-04 to 2024-08,2023-08-01,Passive insurance basket,-0.0012691735473289167
2023-04 to 2024-08,2023-08-02,Passive insurance basket,-0.011781680319404852
2023-04 to 2024-08,2023-08-03,Passive insurance basket,-0.012695558459041356
2023-04 to 2024-08,2023-08-04,Passive insurance basket,-0.012965533483784375
2023-04 to 2024-08,2023-08-07,Passive insurance basket,0.002821729821090857
2023-04 to 2024-08,2023-08-08,Passive insurance basket,-0.009620294558464693
2023-04 to 2024-08,2023-08-09,Passive insurance basket,-0.008941913864682682
2023-04 to 2024-08,2023-08-10,Passive insurance basket,-0.0019757823663194563
2023-04 to 2024-08,2023-08-11,Passive insurance basket,-0.0010598432042456807
2023-04 to 2024-08,2023-08-14,Passive insurance basket,-0.009329667146123155
2023-04 to 2024-08,2023-08-15,Passive insurance basket,-0.01812228402279603
2023-04 to 2024-08,2023-08-16,Passive insurance basket,0.013172992025456187
2023-04 to 2024-08,2023-08-17,Passive insurance basket,-0.013180032828127852
2023-04 to 2024-08,2023-08-18,Passive insurance basket,-0.005166498608245362
2023-04 to 2024-08,2023-08-21,Passive insurance basket,-0.008603613557579659
2023-04 to 2024-08,2023-08-22,Passive insurance basket,-0.005606565399482788
2023-04 to 2024-08,2023-08-23,Passive insurance basket,0.016324954968452543
2023-04 to 2024-08,2023-08-24,Passive insurance basket,0.0010829714239746213
2023-04 to 2024-08,2023-08-25,Passive insurance basket,0.007190760235737281
2023-04 to 2024-08,2023-08-28,Passive insurance basket,-0.005797799823543448
2023-04 to 2024-08,2023-08-29,Passive insurance basket,0.017717355888787534
2023-04 to 2024-08,2023-08-30,Passive insurance basket,0.011716707038952112
2023-04 to 2024-08,2023-08-31,Passive insurance basket,-0.008012457089686897
2023-04 to 2024-08,2023-09-01,Passive insurance basket,0.014321117236507641
2023-04 to 2024-08,2023-09-05,Passive insurance basket,-0.016739109018504172
2023-04 to 2024-08,2023-09-06,Passive insurance basket,0.0004728460515677213
2023-04 to 2024-08,2023-09-07,Passive insurance basket,0.0012507213628167868
2023-04 to 2024-08,2023-09-08,Passive insurance basket,-0.006683939108931725
2023-04 to 2024-08,2023-09-11,Passive insurance basket,0.009747179113050564
2023-04 to 2024-08,2023-09-12,Passive insurance basket,0.0072667872475538076
2023-04 to 2024-08,2023-09-13,Passive insurance basket,-0.009063287278551768
2023-04 to 2024-08,2023-09-14,Passive insurance basket,0.01031899639134215
2023-04 to 2024-08,2023-09-15,Passive insurance basket,-0.011083348858766384
2023-04 to 2024-08,2023-09-18,Passive insurance basket,0.006747482659894111
2023-04 to 2024-08,2023-09-19,Passive insurance basket,0.006184750245365356
2023-04 to 2024-08,2023-09-20,Passive insurance basket,0.0031997237362717534
2023-04 to 2024-08,2023-09-21,Passive insurance basket,-0.01541827411634944
2023-04 to 2024-08,2023-09-22,Passive insurance basket,0.002203746600972334
2023-04 to 2024-08,2023-09-25,Passive insurance basket,-0.0024127578697217267
2023-04 to 2024-08,2023-09-26,Passive insurance basket,-0.014565386711074546
2023-04 to 2024-08,2023-09-27,Passive insurance basket,-0.00232725826461877
2023-04 to 2024-08,2023-09-28,Passive insurance basket,-0.0009817453777667406
2023-04 to 2024-08,2023-09-29,Passive insurance basket,-0.008135644106859075
2023-04 to 2024-08,2023-10-02,Passive insurance basket,-0.015860121147334927
2023-04 to 2024-08,2023-10-03,Passive insurance basket,-0.009811370938821673
2023-04 to 2024-08,2023-10-04,Passive insurance basket,0.014302648445622346
2023-04 to 2024-08,2023-10-05,Passive insurance basket,0.00981376611625806
2023-04 to 2024-08,2023-10-06,Passive insurance basket,0.008929405053018424
2023-04 to 2024-08,2023-10-09,Passive insurance basket,0.009180069436082627
2023-04 to 2024-08,2023-10-10,Passive insurance basket,0.0030109873632466755
2023-04 to 2024-08,2023-10-11,Passive insurance basket,0.013655669149222227
2023-04 to 2024-08,2023-10-12,Passive insurance basket,-0.01168619433616025
2023-04 to 2024-08,2023-10-13,Passive insurance basket,0.01332600426643693
2023-04 to 2024-08,2023-10-16,Passive insurance basket,0.023607717546819895
2023-04 to 2024-08,2023-10-17,Passive insurance basket,0.014584423086289267
2023-04 to 2024-08,2023-10-18,Passive insurance basket,-0.015626949056694595
2023-04 to 2024-08,2023-10-19,Passive insurance basket,-0.019533105623230962
2023-04 to 2024-08,2023-10-20,Passive insurance basket,-0.01910913467798847
2023-04 to 2024-08,2023-10-23,Passive insurance basket,-0.01120447303913119
2023-04 to 2024-08,2023-10-24,Passive insurance basket,0.019429040741364867
2023-04 to 2024-08,2023-10-25,Passive insurance basket,-0.0015808560171483022
2023-04 to 2024-08,2023-10-26,Passive insurance basket,0.0008062067608261003
2023-04 to 2024-08,2023-10-27,Passive insurance basket,-0.03908702320666124
2023-04 to 2024-08,2023-10-30,Passive insurance basket,0.01041257473369761
2023-04 to 2024-08,2023-10-31,Passive insurance basket,0.014700532882729878
2023-04 to 2024-08,2023-11-01,Passive insurance basket,0.038986613446728935
2023-04 to 2024-08,2023-11-02,Passive insurance basket,0.045056159126020345
2023-04 to 2024-08,2023-11-03,Passive insurance basket,-0.004827598148845258
2023-04 to 2024-08,2023-11-06,Passive insurance basket,-0.0030973865710518522
2023-04 to 2024-08,2023-11-07,Passive insurance basket,0.005874609623220284
2023-04 to 2024-08,2023-11-08,Passive insurance basket,-0.007886561300397998
2023-04 to 2024-08,2023-11-09,Passive insurance basket,-0.006192938635079193
2023-04 to 2024-08,2023-11-10,Passive insurance basket,0.0038952667611407144
2023-04 to 2024-08,2023-11-13,Passive insurance basket,0.006260177734406458
2023-04 to 2024-08,2023-11-14,Passive insurance basket,0.005689446275215726
2023-04 to 2024-08,2023-11-15,Passive insurance basket,-0.004826605083384727
2023-04 to 2024-08,2023-11-16,Passive insurance basket,0.00022819656814343503
2023-04 to 2024-08,2023-11-17,Passive insurance basket,0.00588981658178489
2023-04 to 2024-08,2023-11-20,Passive insurance basket,0.00761596723441782
2023-04 to 2024-08,2023-11-21,Passive insurance basket,0.0010091950902240132
2023-04 to 2024-08,2023-11-22,Passive insurance basket,0.0027189540493770537
2023-04 to 2024-08,2023-11-24,Passive insurance basket,0.010896259060229285
2023-04 to 2024-08,2023-11-27,Passive insurance basket,-0.0003533024639030824
2023-04 to 2024-08,2023-11-28,Passive insurance basket,-0.007788827279256227
2023-04 to 2024-08,2023-11-29,Passive insurance basket,-0.00027815751775206454
2023-04 to 2024-08,2023-11-30,Passive insurance basket,0.009092211099672065
2023-04 to 2024-08,2023-12-01,Passive insurance basket,0.012848733147736713
2023-04 to 2024-08,2023-12-04,Passive insurance basket,0.032042395166603344
2023-04 to 2024-08,2023-12-05,Passive insurance basket,-0.012314834692433996
2023-04 to 2024-08,2023-12-06,Passive insurance basket,-0.013605589065643353
2023-04 to 2024-08,2023-12-07,Passive insurance basket,-0.013192829197453793
2023-04 to 2024-08,2023-12-08,Passive insurance basket,0.00635567462464981
2023-04 to 2024-08,2023-12-11,Passive insurance basket,0.006743906647476372
2023-04 to 2024-08,2023-12-12,Passive insurance basket,0.0010126127135947627
2023-04 to 2024-08,2023-12-13,Passive insurance basket,0.010573543329258639
2023-04 to 2024-08,2023-12-14,Passive insurance basket,-0.009475727669455147
2023-04 to 2024-08,2023-12-15,Passive insurance basket,-0.009736520671096316
2023-04 to 2024-08,2023-12-18,Passive insurance basket,0.002341914125885358
2023-04 to 2024-08,2023-12-19,Passive insurance basket,0.0138906630681499
2023-04 to 2024-08,2023-12-20,Passive insurance basket,-0.02087038952026088
2023-04 to 2024-08,2023-12-21,Passive insurance basket,0.005187481487900492
2023-04 to 2024-08,2023-12-22,Passive insurance basket,0.00330435549006447
2023-04 to 2024-08,2023-12-26,Passive insurance basket,0.00326047487354586
2023-04 to 2024-08,2023-12-27,Passive insurance basket,-0.00198825481020537
2023-04 to 2024-08,2023-12-28,Passive insurance basket,0.0005602650098797124
2023-04 to 2024-08,2023-12-29,Passive insurance basket,-0.005604890260561213
2023-04 to 2024-08,2024-01-02,Passive insurance basket,0.01619536944480493
2023-04 to 2024-08,2024-01-03,Passive insurance basket,-0.00326850609590823
2023-04 to 2024-08,2024-01-04,Passive insurance basket,0.010145100856279177
2023-04 to 2024-08,2024-01-05,Passive insurance basket,0.004138101527870974
2023-04 to 2024-08,2024-01-08,Passive insurance basket,0.007769837261266455
2023-04 to 2024-08,2024-01-09,Passive insurance basket,-0.008945085041627276
2023-04 to 2024-08,2024-01-10,Passive insurance basket,0.004623317131733584
2023-04 to 2024-08,2024-01-11,Passive insurance basket,0.0035244450836455776
2023-04 to 2024-08,2024-01-12,Passive insurance basket,-0.0009304865256998252
2023-04 to 2024-08,2024-01-16,Passive insurance basket,-0.008039823138898394
2023-04 to 2024-08,2024-01-17,Passive insurance basket,0.006394396505379207
2023-04 to 2024-08,2024-01-18,Passive insurance basket,0.002114497338506105
2023-04 to 2024-08,2024-01-19,Passive insurance basket,0.011530786208003407
2023-04 to 2024-08,2024-01-22,Passive insurance basket,0.01024081170979585
2023-04 to 2024-08,2024-01-23,Passive insurance basket,-0.004924233344312801
2023-04 to 2024-08,2024-01-24,Passive insurance basket,0.0040000299013494
2023-04 to 2024-08,2024-01-25,Passive insurance basket,0.001180838608627388
2023-04 to 2024-08,2024-01-26,Passive insurance basket,-2.9199193929074774e-05
2023-04 to 2024-08,2024-01-29,Passive insurance basket,0.0016694281243425646
2023-04 to 2024-08,2024-01-30,Passive insurance basket,-0.004037098545260354
2023-04 to 2024-08,2024-01-31,Passive insurance basket,-0.015080421351019058
2023-04 to 2024-08,2024-02-01,Passive insurance basket,0.0019068297837658843
2023-04 to 2024-08,2024-02-02,Passive insurance basket,0.0011943385910224702
2023-04 to 2024-08,2024-02-05,Passive insurance basket,-0.008418817288058933
2023-04 to 2024-08,2024-02-06,Passive insurance basket,0.007387244614385002
2023-04 to 2024-08,2024-02-07,Passive insurance basket,0.001126172101925782
2023-04 to 2024-08,2024-02-08,Passive insurance basket,0.005602254819812025
2023-04 to 2024-08,2024-02-09,Passive insurance basket,0.01075031951567107
2023-04 to 2024-08,2024-02-12,Passive insurance basket,0.0103153563862306
2023-04 to 2024-08,2024-02-13,Passive insurance basket,-0.011913676735283873
2023-04 to 2024-08,2024-02-14,Passive insurance basket,0.029915336237491763
2023-04 to 2024-08,2024-02-15,Passive insurance basket,0.0378841101478109
2023-04 to 2024-08,2024-02-16,Passive insurance basket,0.019690335331344677
2023-04 to 2024-08,2024-02-20,Passive insurance basket,-0.002211582878894447
2023-04 to 2024-08,2024-02-21,Passive insurance basket,-0.010349765910234066
2023-04 to 2024-08,2024-02-22,Passive insurance basket,0.04907632590687072
2023-04 to 2024-08,2024-02-23,Passive insurance basket,0.0305349337091414
2023-04 to 2024-08,2024-02-26,Passive insurance basket,0.047008088658781366
2023-04 to 2024-08,2024-02-27,Passive insurance basket,0.02193605376678498
2023-04 to 2024-08,2024-02-28,Passive insurance basket,-0.0038618184576297843
2023-04 to 2024-08,2024-02-29,Passive insurance basket,0.03061400033088546
2023-04 to 2024-08,2024-03-01,Passive insurance basket,0.04010598304650603
2023-04 to 2024-08,2024-03-04,Passive insurance basket,0.016168650984401234
2023-04 to 2024-08,2024-03-05,Passive insurance basket,-0.01558621188126541
2023-04 to 2024-08,2024-03-06,Passive insurance basket,0.04160308386733291
2023-04 to 2024-08,2024-03-07,Passive insurance basket,-0.0006782234334909987
2023-04 to 2024-08,2024-03-08,Passive insurance basket,0.011492331035175996
2023-04 to 2024-08,2024-03-11,Passive insurance basket,-0.022499281578891583
2023-04 to 2024-08,2024-03-12,Passive insurance basket,0.00893422493643814
2023-04 to 2024-08,2024-03-13,Passive insurance basket,0.022452537962069696
2023-04 to 2024-08,2024-03-14,Passive insurance basket,-0.0008954733859707353
2023-04 to 2024-08,2024-03-15,Passive insurance basket,0.04285134342705743
2023-04 to 2024-08,2024-03-18,Passive insurance basket,0.03099875571372368
2023-04 to 2024-08,2024-03-19,Passive insurance basket,-0.06640278754114903
2023-04 to 2024-08,2024-03-20,Passive insurance basket,0.038343724745998786
2023-04 to 2024-08,2024-03-21,Passive insurance basket,-0.0013012470263044085
2023-04 to 2024-08,2024-03-22,Passive insurance basket,0.007614471628238029
2023-04 to 2024-08,2024-03-25,Passive insurance basket,0.019385102217563732
2023-04 to 2024-08,2024-03-26,Passive insurance basket,0.013810721665420411
2023-04 to 2024-08,2024-03-27,Passive insurance basket,-0.002866095189644091
2023-04 to 2024-08,2024-03-28,Passive insurance basket,0.027871266247214033
2023-04 to 2024-08,2024-04-01,Passive insurance basket,-0.005228283216982099
2023-04 to 2024-08,2024-04-02,Passive insurance basket,0.0013186279734453965
2023-04 to 2024-08,2024-04-03,Passive insurance basket,0.030432146968379037
2023-04 to 2024-08,2024-04-04,Passive insurance basket,0.0026574313566178898
2023-04 to 2024-08,2024-04-05,Passive insurance basket,0.06540311279543376
2023-04 to 2024-08,2024-04-08,Passive insurance basket,-0.020225567143429157
2023-04 to 2024-08,2024-04-09,Passive insurance basket,-0.0033220543110387135
2023-04 to 2024-08,2024-04-10,Passive insurance basket,-0.01665631985851923
2023-04 to 2024-08,2024-04-11,Passive insurance basket,-0.05958674175751377
2023-04 to 2024-08,2024-04-12,Passive insurance basket,0.0031065774253666856
2023-04 to 2024-08,2024-04-15,Passive insurance basket,-0.019402969964285255
2023-04 to 2024-08,2024-04-16,Passive insurance basket,-0.005239003888462657
2023-04 to 2024-08,2024-04-17,Passive insurance basket,-0.048201268969808586
2023-04 to 2024-08,2024-04-18,Passive insurance basket,-0.004835827220090905
2023-04 to 2024-08,2024-04-19,Passive insurance basket,0.012596381922547195
2023-04 to 2024-08,2024-04-22,Passive insurance basket,0.025193502345111085
2023-04 to 2024-08,2024-04-23,Passive insurance basket,0.03406078330904516
2023-04 to 2024-08,2024-04-24,Passive insurance basket,-0.0015561324947577226
2023-04 to 2024-08,2024-04-25,Passive insurance basket,0.00839866890143881
2023-04 to 2024-08,2024-04-26,Passive insurance basket,-0.013271895170830272
2023-04 to 2024-08,2024-04-29,Passive insurance basket,0.01683452670783936
2023-04 to 2024-08,2024-04-30,Passive insurance basket,0.010967789147196871
2023-04 to 2024-08,2024-05-01,Passive insurance basket,0.00970534104552212
2023-04 to 2024-08,2024-05-02,Passive insurance basket,-0.06395111197282688
2023-04 to 2024-08,2024-05-03,Passive insurance basket,0.0005539133893170956
2023-04 to 2024-08,2024-05-06,Passive insurance basket,0.016599315130980452
2023-04 to 2024-08,2024-05-07,Passive insurance basket,0.03137034509972936
2023-04 to 2024-08,2024-05-08,Passive insurance basket,-0.0018626549983125074
2023-04 to 2024-08,2024-05-09,Passive insurance basket,0.04322701590325906
2023-04 to 2024-08,2024-05-10,Passive insurance basket,-0.03268574910502664
2023-04 to 2024-08,2024-05-13,Passive insurance basket,-0.0067641241881524206
2023-04 to 2024-08,2024-05-14,Passive insurance basket,-0.0060072882156453344
2023-04 to 2024-08,2024-05-15,Passive insurance basket,-0.0031999443847943176
2023-04 to 2024-08,2024-05-16,Passive insurance basket,0.004193568987505447
2023-04 to 2024-08,2024-05-17,Passive insurance basket,0.023556667688625188
2023-04 to 2024-08,2024-05-20,Passive insurance basket,-0.018523518440096365
2023-04 to 2024-08,2024-05-21,Passive insurance basket,-0.007469264499364359
2023-04 to 2024-08,2024-05-22,Passive insurance basket,-0.010503347409758668
2023-04 to 2024-08,2024-05-23,Passive insurance basket,-0.037836925994613635
2023-04 to 2024-08,2024-05-24,Passive insurance basket,0.003082116967505266
2023-04 to 2024-08,2024-05-28,Passive insurance basket,-0.005083179123567483
2023-04 to 2024-08,2024-05-29,Passive insurance basket,-0.010879729570824503
2023-04 to 2024-08,2024-05-30,Passive insurance basket,-0.0002609791507729442
2023-04 to 2024-08,2024-05-31,Passive insurance basket,-0.0010567296090164824
2023-04 to 2024-08,2024-06-03,Passive insurance basket,-0.021493284836467508
2023-04 to 2024-08,2024-06-04,Passive insurance basket,0.003753667539085459
2023-04 to 2024-08,2024-06-05,Passive insurance basket,0.00987598091249442
2023-04 to 2024-08,2024-06-06,Passive insurance basket,-0.00809717564449497
2023-04 to 2024-08,2024-06-07,Passive insurance basket,0.0006778341995319348
2023-04 to 2024-08,2024-06-10,Passive insurance basket,-0.01054536146020535
2023-04 to 2024-08,2024-06-11,Passive insurance basket,-0.014743226602073944
2023-04 to 2024-08,2024-06-12,Passive insurance basket,-0.016203840072244513
2023-04 to 2024-08,2024-06-13,Passive insurance basket,-0.011796031243985206
2023-04 to 2024-08,2024-06-14,Passive insurance basket,-0.022086024600231124
2023-04 to 2024-08,2024-06-17,Passive insurance basket,0.030833421462151733
2023-04 to 2024-08,2024-06-18,Passive insurance basket,-0.004029315496047792
2023-04 to 2024-08,2024-06-20,Passive insurance basket,-0.0014771907393739125
2023-04 to 2024-08,2024-06-21,Passive insurance basket,0.00997051838829277
2023-04 to 2024-08,2024-06-24,Passive insurance basket,-0.00011866548250438758
2023-04 to 2024-08,2024-06-25,Passive insurance basket,0.007509544167789928
2023-04 to 2024-08,2024-06-26,Passive insurance basket,-0.0009352252274270612
2023-04 to 2024-08,2024-06-27,Passive insurance basket,0.02985973300362854
2023-04 to 2024-08,2024-06-28,Passive insurance basket,0.0033927038825105615
2023-04 to 2024-08,2024-07-01,Passive insurance basket,0.0018549269623842068
2023-04 to 2024-08,2024-07-02,Passive insurance basket,0.01074982511116862
2023-04 to 2024-08,2024-07-03,Passive insurance basket,0.0019210122218127346
2023-04 to 2024-08,2024-07-05,Passive insurance basket,0.003256799358548168
2023-04 to 2024-08,2024-07-08,Passive insurance basket,0.02743356462179891
2023-04 to 2024-08,2024-07-09,Passive insurance basket,0.03700255287439602
2023-04 to 2024-08,2024-07-10,Passive insurance basket,-0.017495285692814888
2023-04 to 2024-08,2024-07-11,Passive insurance basket,0.01715310890210575
2023-04 to 2024-08,2024-07-12,Passive insurance basket,0.03995377486179641
2023-04 to 2024-08,2024-07-15,Passive insurance basket,0.043915195825577014
2023-04 to 2024-08,2024-07-16,Passive insurance basket,0.031962688408379014
2023-04 to 2024-08,2024-07-17,Passive insurance basket,0.0018747125348101967
2023-04 to 2024-08,2024-07-18,Passive insurance basket,-0.00043367194929677666
2023-04 to 2024-08,2024-07-19,Passive insurance basket,-0.02596469407410751
2023-04 to 2024-08,2024-07-22,Passive insurance basket,-0.0010556956306982945
2023-04 to 2024-08,2024-07-23,Passive insurance basket,-0.005117908311387698
2023-04 to 2024-08,2024-07-24,Passive insurance basket,-0.02840073529605902
2023-04 to 2024-08,2024-07-25,Passive insurance basket,-0.019145546738621233
2023-04 to 2024-08,2024-07-26,Passive insurance basket,0.0333441828489216
2023-04 to 2024-08,2024-07-29,Passive insurance basket,-0.0054375368241645905
2023-04 to 2024-08,2024-07-30,Passive insurance basket,-0.005800741695929035
2023-04 to 2024-08,2024-07-31,Passive insurance basket,-0.02855270128453946
2023-04 to 2024-08,2024-08-01,Passive insurance basket,-0.019550909305837028
2023-04 to 2024-08,2024-08-02,Passive insurance basket,-0.014137805239635037
2023-04 to 2024-08,2024-08-05,Passive insurance basket,-0.028477799205293586
2023-04 to 2024-08,2024-08-06,Passive insurance basket,0.015105667101877662
2023-04 to 2024-08,2024-08-07,Passive insurance basket,-0.00397002129822821
2023-04 to 2024-08,2024-08-08,Passive insurance basket,-0.049843116682330324
2023-04 to 2024-08,2024-08-09,Passive insurance basket,0.016392735696590277
2023-04 to 2024-08,2024-08-12,Passive insurance basket,-0.0018875643597371372
2023-04 to 2024-08,2024-08-13,Passive insurance basket,0.005248172404538565
2023-04 to 2024-08,2024-08-14,Passive insurance basket,0.017430877931504662
2023-04 to 2024-08,2024-08-15,Passive insurance basket,-0.00015834585163121417
2023-04 to 2024-08,2024-08-16,Passive insurance basket,0.02312971947683784
2023-04 to 2024-08,2024-08-19,Passive insurance basket,0.005921975504982191
2023-04 to 2024-08,2024-08-20,Passive insurance basket,-0.013171319238425183
2023-04 to 2024-08,2024-08-21,Passive insurance basket,-8.954157170792953e-05
2023-04 to 2024-08,2024-08-22,Passive insurance basket,-0.004825563627906315
2023-04 to 2024-08,2024-08-23,Passive insurance basket,0.022019760057151228
2023-04 to 2024-08,2024-08-26,Passive insurance basket,-0.007836341755679821
2023-04 to 2024-08,2024-08-27,Passive insurance basket,-0.000899590570237474
2023-04 to 2024-08,2024-08-28,Passive insurance basket,-0.009976346450207951
2023-04 to 2024-08,2024-08-29,Passive insurance basket,0.020535479883426966
2023-04 to 2024-08,2024-08-30,Passive insurance basket,0.002796132712310273
2023-04 to 2024-08,2024-09-03,Passive insurance basket,-0.02337583883352634
2023-04 to 2024-08,2024-09-04,Passive insurance basket,-0.0002552558259263371
2023-04 to 2024-08,2024-09-05,Passive insurance basket,-0.010700240000210526
2023-04 to 2024-08,2024-09-06,Passive insurance basket,-0.018850057915476892
2023-04 to 2024-08,2024-09-09,Passive insurance basket,0.0010155195841636822
2023-04 to 2024-08,2024-09-10,Passive insurance basket,-0.018110179238653434
2023-04 to 2024-08,2024-09-11,Passive insurance basket,-0.006626192727720914
2023-04 to 2024-08,2024-09-12,Passive insurance basket,0.011207568294273829
2023-04 to 2024-08,2024-09-13,Passive insurance basket,0.02574852933295957
2023-04 to 2024-08,2024-09-16,Passive insurance basket,0.002287924046685985
2023-04 to 2024-08,2024-09-17,Passive insurance basket,0.007722266083758145
2023-04 to 2024-08,2024-09-18,Passive insurance basket,-0.007419899087543369
2023-04 to 2024-08,2024-09-19,Passive insurance basket,0.004420910279165913
2023-04 to 2024-08,2024-09-20,Passive insurance basket,-0.004402524766193183
2023-04 to 2024-08,2024-09-23,Passive insurance basket,-0.003156956972474312
2023-04 to 2024-08,2024-09-24,Passive insurance basket,0.007808166742846012
2023-04 to 2024-08,2024-09-25,Passive insurance basket,-0.008506631985030655
2023-04 to 2024-08,2024-09-26,Passive insurance basket,0.0017495307056076825
2023-04 to 2024-08,2024-09-27,Passive insurance basket,-0.006317327863977318
2023-04 to 2024-08,2024-09-30,Passive insurance basket,0.00044388067901035555
2023-04 to 2024-08,2024-10-01,Passive insurance basket,0.001565403135729726
2023-04 to 2024-08,2024-10-02,Passive insurance basket,0.009334023180249229
2023-04 to 2024-08,2024-10-03,Passive insurance basket,-0.003329396319160516
2023-04 to 2024-08,2024-10-04,Passive insurance basket,0.022290298243014872
2023-04 to 2024-08,2024-10-07,Passive insurance basket,-0.04646418564666599
2023-04 to 2024-08,2024-10-08,Passive insurance basket,0.007508625838506422
2023-04 to 2024-08,2024-10-09,Passive insurance basket,0.01140968428784861
2023-04 to 2024-08,2024-10-10,Passive insurance basket,0.03433405159363678
2023-04 to 2024-08,2024-10-11,Passive insurance basket,0.0009045104279248317
2023-04 to 2024-08,2024-10-14,Passive insurance basket,0.0019376509844990508
2023-04 to 2024-08,2024-10-15,Passive insurance basket,0.003806398104513331
2023-04 to 2024-08,2024-10-16,Passive insurance basket,0.011909982920630391
2023-04 to 2024-08,2024-10-17,Passive insurance basket,0.0010467716992645926
2023-04 to 2024-08,2024-10-18,Passive insurance basket,-0.012424749753081832
2023-04 to 2024-08,2024-10-21,Passive insurance basket,-0.017355658301416943
2023-04 to 2024-08,2024-10-22,Passive insurance basket,0.0022173221716110803
2023-04 to 2024-08,2024-10-23,Passive insurance basket,-0.0031736840169062086
2023-04 to 2024-08,2024-10-24,Passive insurance basket,0.0021985850054007106
2023-04 to 2024-08,2024-10-25,Passive insurance basket,-0.021764212115651715
2023-04 to 2024-08,2024-10-28,Passive insurance basket,0.02123417755786794
2023-04 to 2024-08,2024-10-29,Passive insurance basket,-0.010385596389856477
2023-04 to 2024-08,2024-10-30,Passive insurance basket,0.014693607964618272
2023-04 to 2024-08,2024-10-31,Passive insurance basket,0.14251103098193418
2023-04 to 2024-08,2024-11-01,Passive insurance basket,0.006980982071960629
2023-04 to 2024-08,2024-11-04,Passive insurance basket,-0.0017910822282837247
2023-04 to 2024-08,2024-11-05,Passive insurance basket,0.011060304097950668
2023-04 to 2024-08,2024-11-06,Passive insurance basket,0.053176079544923205
2023-04 to 2024-08,2024-11-07,Passive insurance basket,0.013084003462499494
2023-04 to 2024-08,2024-11-08,Passive insurance basket,0.027412758736747866
2023-04 to 2024-08,2024-11-11,Passive insurance basket,0.015665969060124407
2023-04 to 2024-08,2024-11-12,Passive insurance basket,-0.030443250519368914
2023-04 to 2024-08,2024-11-13,Passive insurance basket,0.003188260922326158
2023-04 to 2024-08,2024-11-14,Passive insurance basket,0.011504473420081318
2023-04 to 2024-08,2024-11-15,Passive insurance basket,0.046396375314069704
2023-04 to 2024-08,2024-11-18,Passive insurance basket,0.03407717294632073
2023-04 to 2024-08,2024-11-19,Passive insurance basket,0.028241046500053546
2023-04 to 2024-08,2024-11-20,Passive insurance basket,0.029665995144480428
2023-04 to 2024-08,2024-11-21,Passive insurance basket,0.03581392819563867
2023-04 to 2024-08,2024-11-22,Passive insurance basket,0.00046782008415791054
2023-04 to 2024-08,2024-11-25,Passive insurance basket,0.0018238374316474903
2023-04 to 2024-08,2024-11-26,Passive insurance basket,-0.02028555960089229
2023-04 to 2024-08,2024-11-27,Passive insurance basket,-0.01042964885283959
2023-04 to 2024-08,2024-11-29,Passive insurance basket,-0.1195532267214292
2023-04 to 2024-08,2023-07-03,US P&C insurance benchmark (KIE proxy),-0.0010114970645792587
2023-04 to 2024-08,2023-07-05,US P&C insurance benchmark (KIE proxy),-0.006112469437652757
2023-04 to 2024-08,2023-07-06,US P&C insurance benchmark (KIE proxy),0.0007380073800737907
2023-04 to 2024-08,2023-07-07,US P&C insurance benchmark (KIE proxy),0.00909537856440501
2023-04 to 2024-08,2023-07-10,US P&C insurance benchmark (KIE proxy),-0.003166869671132666
2023-04 to 2024-08,2023-07-11,US P&C insurance benchmark (KIE proxy),0.01099706744868012
2023-04 to 2024-08,2023-07-12,US P&C insurance benchmark (KIE proxy),-0.003867536862460441
2023-04 to 2024-08,2023-07-13,US P&C insurance benchmark (KIE proxy),-0.00024265954865321238
2023-04 to 2024-08,2023-07-14,US P&C insurance benchmark (KIE proxy),-0.008252427184466171
2023-04 to 2024-08,2023-07-17,US P&C insurance benchmark (KIE proxy),0.01443954968184058
2023-04 to 2024-08,2023-07-18,US P&C insurance benchmark (KIE proxy),0.005307599517490713
2023-04 to 2024-08,2023-07-19,US P&C insurance benchmark (KIE proxy),0.0026397888168947503
2023-04 to 2024-08,2023-07-20,US P&C insurance benchmark (KIE proxy),0.016993776926759185
2023-04 to 2024-08,2023-07-21,US P&C insurance benchmark (KIE proxy),0.0007060484819956248
2023-04 to 2024-08,2023-07-24,US P&C insurance benchmark (KIE proxy),0.0011759172154282016
2023-04 to 2024-08,2023-07-25,US P&C insurance benchmark (KIE proxy),-0.0028188865398166563
2023-04 to 2024-08,2023-07-26,US P&C insurance benchmark (KIE proxy),0.011071849234393083
2023-04 to 2024-08,2023-07-27,US P&C insurance benchmark (KIE proxy),-0.008387698042870317
2023-04 to 2024-08,2023-07-28,US P&C insurance benchmark (KIE proxy),-0.0014097744360902498
2023-04 to 2024-08,2023-07-31,US P&C insurance benchmark (KIE proxy),-0.00047058823529422256
2023-04 to 2024-08,2023-08-01,US P&C insurance benchmark (KIE proxy),0.0009416195856875031
2023-04 to 2024-08,2023-08-02,US P&C insurance benchmark (KIE proxy),0.008466603951081897
2023-04 to 2024-08,2023-08-03,US P&C insurance benchmark (KIE proxy),0.002798507462686395
2023-04 to 2024-08,2023-08-04,US P&C insurance benchmark (KIE proxy),-0.0041860465116277945
2023-04 to 2024-08,2023-08-07,US P&C insurance benchmark (KIE proxy),0.010976179355441484
2023-04 to 2024-08,2023-08-08,US P&C insurance benchmark (KIE proxy),-0.012243012243012275
2023-04 to 2024-08,2023-08-09,US P&C insurance benchmark (KIE proxy),-0.0025724976613659134
2023-04 to 2024-08,2023-08-10,US P&C insurance benchmark (KIE proxy),-0.0007033997655333524
2023-04 to 2024-08,2023-08-11,US P&C insurance benchmark (KIE proxy),0.0037541060534962423
2023-04 to 2024-08,2023-08-14,US P&C insurance benchmark (KIE proxy),-0.002337540906966029
2023-04 to 2024-08,2023-08-15,US P&C insurance benchmark (KIE proxy),-0.011949390815370053
2023-04 to 2024-08,2023-08-16,US P&C insurance benchmark (KIE proxy),0.0049798434906331845
2023-04 to 2024-08,2023-08-17,US P&C insurance benchmark (KIE proxy),-0.011326097215667907
2023-04 to 2024-08,2023-08-18,US P&C insurance benchmark (KIE proxy),-0.0007159904534604911
2023-04 to 2024-08,2023-08-21,US P&C insurance benchmark (KIE proxy),-0.0026271793647003605
2023-04 to 2024-08,2023-08-22,US P&C insurance benchmark (KIE proxy),-0.007902298850574696
2023-04 to 2024-08,2023-08-23,US P&C insurance benchmark (KIE proxy),0.008689355539464039
2023-04 to 2024-08,2023-08-24,US P&C insurance benchmark (KIE proxy),0.004307250538406526
2023-04 to 2024-08,2023-08-25,US P&C insurance benchmark (KIE proxy),0.0007147962830591492
2023-04 to 2024-08,2023-08-28,US P&C insurance benchmark (KIE proxy),0.0014285714285717788
2023-04 to 2024-08,2023-08-29,US P&C insurance benchmark (KIE proxy),0.008321445553970186
2023-04 to 2024-08,2023-08-30,US P&C insurance benchmark (KIE proxy),0.004244282008960321
2023-04 to 2024-08,2023-08-31,US P&C insurance benchmark (KIE proxy),-0.001173984503404668
2023-04 to 2024-08,2023-09-01,US P&C insurance benchmark (KIE proxy),0.0096379877762105
2023-04 to 2024-08,2023-09-05,US P&C insurance benchmark (KIE proxy),-0.016996507566938268
2023-04 to 2024-08,2023-09-06,US P&C insurance benchmark (KIE proxy),0.001657981999052538
2023-04 to 2024-08,2023-09-07,US P&C insurance benchmark (KIE proxy),0.004019862851738276
2023-04 to 2024-08,2023-09-08,US P&C insurance benchmark (KIE proxy),-0.0007065473386718146
2023-04 to 2024-08,2023-09-11,US P&C insurance benchmark (KIE proxy),0.006599104407259082
2023-04 to 2024-08,2023-09-12,US P&C insurance benchmark (KIE proxy),0.010067899789276469
2023-04 to 2024-08,2023-09-13,US P&C insurance benchmark (KIE proxy),-0.0020862308762171766
2023-04 to 2024-08,2023-09-14,US P&C insurance benchmark (KIE proxy),0.011614401858304424
2023-04 to 2024-08,2023-09-15,US P&C insurance benchmark (KIE proxy),-0.004592422502870175
2023-04 to 2024-08,2023-09-18,US P&C insurance benchmark (KIE proxy),0.0039215686274509665
2023-04 to 2024-08,2023-09-19,US P&C insurance benchmark (KIE proxy),0.007123161764705843
2023-04 to 2024-08,2023-09-20,US P&C insurance benchmark (KIE proxy),-0.0022815423226102416
2023-04 to 2024-08,2023-09-21,US P&C insurance benchmark (KIE proxy),-0.010061742510862004
2023-04 to 2024-08,2023-09-22,US P&C insurance benchmark (KIE proxy),0.0016170016170014012
2023-04 to 2024-08,2023-09-25,US P&C insurance benchmark (KIE proxy),0.0036900369003691758
2023-04 to 2024-08,2023-09-26,US P&C insurance benchmark (KIE proxy),-0.012637867647058876
2023-04 to 2024-08,2023-09-27,US P&C insurance benchmark (KIE proxy),-0.0016290435187340524
2023-04 to 2024-08,2023-09-28,US P&C insurance benchmark (KIE proxy),0.0034965034965033226
2023-04 to 2024-08,2023-09-29,US P&C insurance benchmark (KIE proxy),-0.01184668989547033
2023-04 to 2024-08,2023-10-02,US P&C insurance benchmark (KIE proxy),-0.010343206393982007
2023-04 to 2024-08,2023-10-03,US P&C insurance benchmark (KIE proxy),-0.01116389548693586
2023-04 to 2024-08,2023-10-04,US P&C insurance benchmark (KIE proxy),0.013451837617103113
2023-04 to 2024-08,2023-10-05,US P&C insurance benchmark (KIE proxy),0.007347712728134725
2023-04 to 2024-08,2023-10-06,US P&C insurance benchmark (KIE proxy),0.004705882352941337
2023-04 to 2024-08,2023-10-09,US P&C insurance benchmark (KIE proxy),0.004215456674472984
2023-04 to 2024-08,2023-10-10,US P&C insurance benchmark (KIE proxy),-0.003964552238805985
2023-04 to 2024-08,2023-10-11,US P&C insurance benchmark (KIE proxy),0.009131350971669505
2023-04 to 2024-08,2023-10-12,US P&C insurance benchmark (KIE proxy),-0.005104408352668233
2023-04 to 2024-08,2023-10-13,US P&C insurance benchmark (KIE proxy),0.005830223880596952
2023-04 to 2024-08,2023-10-16,US P&C insurance benchmark (KIE proxy),0.017389288198469632
2023-04 to 2024-08,2023-10-17,US P&C insurance benchmark (KIE proxy),0.009571558796718227
2023-04 to 2024-08,2023-10-18,US P&C insurance benchmark (KIE proxy),-0.0110609480812639
2023-04 to 2024-08,2023-10-19,US P&C insurance benchmark (KIE proxy),-0.01689112074868737
2023-04 to 2024-08,2023-10-20,US P&C insurance benchmark (KIE proxy),-0.01834223357325304
2023-04 to 2024-08,2023-10-23,US P&C insurance benchmark (KIE proxy),-0.009933774834437026
2023-04 to 2024-08,2023-10-24,US P&C insurance benchmark (KIE proxy),0.015289058767319563
2023-04 to 2024-08,2023-10-25,US P&C insurance benchmark (KIE proxy),-0.00023529411764700026
2023-04 to 2024-08,2023-10-26,US P&C insurance benchmark (KIE proxy),0.005648387855965886
2023-04 to 2024-08,2023-10-27,US P&C insurance benchmark (KIE proxy),-0.022700678680084185
2023-04 to 2024-08,2023-10-30,US P&C insurance benchmark (KIE proxy),0.013649425287356243
2023-04 to 2024-08,2023-10-31,US P&C insurance benchmark (KIE proxy),0.00897708480982784
2023-04 to 2024-08,2023-11-01,US P&C insurance benchmark (KIE proxy),0.010067899789276469
2023-04 to 2024-08,2023-11-02,US P&C insurance benchmark (KIE proxy),-0.00023180343069073572
2023-04 to 2024-08,2023-11-03,US P&C insurance benchmark (KIE proxy),0.008346858335265495
2023-04 to 2024-08,2023-11-06,US P&C insurance benchmark (KIE proxy),-0.003908944584962271
2023-04 to 2024-08,2023-11-07,US P&C insurance benchmark (KIE proxy),-0.001615881809787667
2023-04 to 2024-08,2023-11-08,US P&C insurance benchmark (KIE proxy),-0.0016184971098264223
2023-04 to 2024-08,2023-11-09,US P&C insurance benchmark (KIE proxy),-0.002547475683186584
2023-04 to 2024-08,2023-11-10,US P&C insurance benchmark (KIE proxy),0.010215927559786175
2023-04 to 2024-08,2023-11-13,US P&C insurance benchmark (KIE proxy),0.002068490002298251
2023-04 to 2024-08,2023-11-14,US P&C insurance benchmark (KIE proxy),0.010091743119265972
2023-04 to 2024-08,2023-11-15,US P&C insurance benchmark (KIE proxy),-0.008401453224341382
2023-04 to 2024-08,2023-11-16,US P&C insurance benchmark (KIE proxy),0.004579803068467836
2023-04 to 2024-08,2023-11-17,US P&C insurance benchmark (KIE proxy),0.004558924093913896
2023-04 to 2024-08,2023-11-20,US P&C insurance benchmark (KIE proxy),0.0024960290447015865
2023-04 to 2024-08,2023-11-21,US P&C insurance benchmark (KIE proxy),0.008148483476686286
2023-04 to 2024-08,2023-11-22,US P&C insurance benchmark (KIE proxy),0.005837449483610202
2023-04 to 2024-08,2023-11-24,US P&C insurance benchmark (KIE proxy),0.007366071428571486
2023-04 to 2024-08,2023-11-27,US P&C insurance benchmark (KIE proxy),0.0037668956348326788
2023-04 to 2024-08,2023-11-28,US P&C insurance benchmark (KIE proxy),-0.014348785871964642
2023-04 to 2024-08,2023-11-29,US P&C insurance benchmark (KIE proxy),-0.0038073908174691695
2023-04 to 2024-08,2023-11-30,US P&C insurance benchmark (KIE proxy),0.017985611510791477
2023-04 to 2024-08,2023-12-01,US P&C insurance benchmark (KIE proxy),-0.0008833922261485272
2023-04 to 2024-08,2023-12-04,US P&C insurance benchmark (KIE proxy),0.008178603006189
2023-04 to 2024-08,2023-12-05,US P&C insurance benchmark (KIE proxy),-0.004604253453189933
2023-04 to 2024-08,2023-12-06,US P&C insurance benchmark (KIE proxy),-0.009030837004405212
2023-04 to 2024-08,2023-12-07,US P&C insurance benchmark (KIE proxy),-0.0026672593909758957
2023-04 to 2024-08,2023-12-08,US P&C insurance benchmark (KIE proxy),0.004234455092489542
2023-04 to 2024-08,2023-12-11,US P&C insurance benchmark (KIE proxy),0.011096316023080366
2023-04 to 2024-08,2023-12-12,US P&C insurance benchmark (KIE proxy),0.008121158911325477
2023-04 to 2024-08,2023-12-13,US P&C insurance benchmark (KIE proxy),0.0034835619420858777
2023-04 to 2024-08,2023-12-14,US P&C insurance benchmark (KIE proxy),-0.019527012367107965
2023-04 to 2024-08,2023-12-15,US P&C insurance benchmark (KIE proxy),-0.00840894003098036
2023-04 to 2024-08,2023-12-18,US P&C insurance benchmark (KIE proxy),0.0031243026110245875
2023-04 to 2024-08,2023-12-19,US P&C insurance benchmark (KIE proxy),0.006674082313681495
2023-04 to 2024-08,2023-12-20,US P&C insurance benchmark (KIE proxy),-0.017458563535911353
2023-04 to 2024-08,2023-12-21,US P&C insurance benchmark (KIE proxy),0.005623031938821299
2023-04 to 2024-08,2023-12-22,US P&C insurance benchmark (KIE proxy),0.0042496085886825075
2023-04 to 2024-08,2023-12-26,US P&C insurance benchmark (KIE proxy),0.0008908685968818109
2023-04 to 2024-08,2023-12-27,US P&C insurance benchmark (KIE proxy),0.0015576323987538387
2023-04 to 2024-08,2023-12-28,US P&C insurance benchmark (KIE proxy),0.003999111308598202
2023-04 to 2024-08,2023-12-29,US P&C insurance benchmark (KIE proxy),0.0006638636866562742
2023-04 to 2024-08,2024-01-02,US P&C insurance benchmark (KIE proxy),0.006413091552410544
2023-04 to 2024-08,2024-01-03,US P&C insurance benchmark (KIE proxy),-0.0035157108327840136
2023-04 to 2024-08,2024-01-04,US P&C insurance benchmark (KIE proxy),0.005953693495038603
2023-04 to 2024-08,2024-01-05,US P&C insurance benchmark (KIE proxy),0.0032880315651029335
2023-04 to 2024-08,2024-01-08,US P&C insurance benchmark (KIE proxy),0.0021848372296262575
2023-04 to 2024-08,2024-01-09,US P&C insurance benchmark (KIE proxy),-0.008720296490080437
2023-04 to 2024-08,2024-01-10,US P&C insurance benchmark (KIE proxy),0.007697382889817472
2023-04 to 2024-08,2024-01-11,US P&C insurance benchmark (KIE proxy),0.0034919249236138317
2023-04 to 2024-08,2024-01-12,US P&C insurance benchmark (KIE proxy),0.0036972596781210676
2023-04 to 2024-08,2024-01-16,US P&C insurance benchmark (KIE proxy),-0.0030335861321775237
2023-04 to 2024-08,2024-01-17,US P&C insurance benchmark (KIE proxy),-0.0008693762225605584
2023-04 to 2024-08,2024-01-18,US P&C insurance benchmark (KIE proxy),0.008701326952360366
2023-04 to 2024-08,2024-01-19,US P&C insurance benchmark (KIE proxy),0.012508087125296719
2023-04 to 2024-08,2024-01-22,US P&C insurance benchmark (KIE proxy),0.009797657082001976
2023-04 to 2024-08,2024-01-23,US P&C insurance benchmark (KIE proxy),-0.00421851929972572
2023-04 to 2024-08,2024-01-24,US P&C insurance benchmark (KIE proxy),0.00635458589281912
2023-04 to 2024-08,2024-01-25,US P&C insurance benchmark (KIE proxy),0.0
2023-04 to 2024-08,2024-01-26,US P&C insurance benchmark (KIE proxy),0.0018943380340983307
2023-04 to 2024-08,2024-01-29,US P&C insurance benchmark (KIE proxy),-0.0014705882352941124
2023-04 to 2024-08,2024-01-30,US P&C insurance benchmark (KIE proxy),0.00652219650746888
2023-04 to 2024-08,2024-01-31,US P&C insurance benchmark (KIE proxy),-0.0071070234113713715
2023-04 to 2024-08,2024-02-01,US P&C insurance benchmark (KIE proxy),-0.013684210526315521
2023-04 to 2024-08,2024-02-02,US P&C insurance benchmark (KIE proxy),0.004695837780149148
2023-04 to 2024-08,2024-02-05,US P&C insurance benchmark (KIE proxy),-0.001274697259400992
2023-04 to 2024-08,2024-02-06,US P&C insurance benchmark (KIE proxy),0.0046798553499254325
2023-04 to 2024-08,2024-02-07,US P&C insurance benchmark (KIE proxy),0.006987084480203576
2023-04 to 2024-08,2024-02-08,US P&C insurance benchmark (KIE proxy),-0.0031539108494534895
2023-04 to 2024-08,2024-02-09,US P&C insurance benchmark (KIE proxy),0.008437038599451663
2023-04 to 2024-08,2024-02-12,US P&C insurance benchmark (KIE proxy),0.005647354110018821
2023-04 to 2024-08,2024-02-13,US P&C insurance benchmark (KIE proxy),-0.008319467554076532
2023-04 to 2024-08,2024-02-14,US P&C insurance benchmark (KIE proxy),0.011535234899328728
2023-04 to 2024-08,2024-02-15,US P&C insurance benchmark (KIE proxy),0.015343147418619196
2023-04 to 2024-08,2024-02-16,US P&C insurance benchmark (KIE proxy),-0.0006126199714110436
2023-04 to 2024-08,2024-02-20,US P&C insurance benchmark (KIE proxy),-0.00286064568859834
2023-04 to 2024-08,2024-02-21,US P&C insurance benchmark (KIE proxy),-0.0018442622950819443
2023-04 to 2024-08,2024-02-22,US P&C insurance benchmark (KIE proxy),0.009854239375898022
2023-04 to 2024-08,2024-02-23,US P&C insurance benchmark (KIE proxy),0.002642813579996073
2023-04 to 2024-08,2024-02-26,US P&C insurance benchmark (KIE proxy),-0.0028386050283860653
2023-04 to 2024-08,2024-02-27,US P&C insurance benchmark (KIE proxy),0.006506710044733577
2023-04 to 2024-08,2024-02-28,US P&C insurance benchmark (KIE proxy),0.007474747474747634
2023-04 to 2024-08,2024-02-29,US P&C insurance benchmark (KIE proxy),-0.0028072989773413326
2023-04 to 2024-08,2024-03-01,US P&C insurance benchmark (KIE proxy),-0.0030162879549565647
2023-04 to 2024-08,2024-03-04,US P&C insurance benchmark (KIE proxy),-0.001008471157724733
2023-04 to 2024-08,2024-03-05,US P&C insurance benchmark (KIE proxy),0.0022208762366242585
2023-04 to 2024-08,2024-03-06,US P&C insurance benchmark (KIE proxy),0.013094278807413318
2023-04 to 2024-08,2024-03-07,US P&C insurance benchmark (KIE proxy),-0.002982700338039379
2023-04 to 2024-08,2024-03-08,US P&C insurance benchmark (KIE proxy),-0.0031910650179497457
2023-04 to 2024-08,2024-03-11,US P&C insurance benchmark (KIE proxy),0.004401760704281665
2023-04 to 2024-08,2024-03-12,US P&C insurance benchmark (KIE proxy),0.005378486055777065
2023-04 to 2024-08,2024-03-13,US P&C insurance benchmark (KIE proxy),0.003764612641172782
2023-04 to 2024-08,2024-03-14,US P&C insurance benchmark (KIE proxy),-0.003750493485984774
2023-04 to 2024-08,2024-03-15,US P&C insurance benchmark (KIE proxy),0.006142262730334913
2023-04 to 2024-08,2024-03-18,US P&C insurance benchmark (KIE proxy),-0.008467900748326374
2023-04 to 2024-08,2024-03-19,US P&C insurance benchmark (KIE proxy),0.005163853028798515
2023-04 to 2024-08,2024-03-20,US P&C insurance benchmark (KIE proxy),0.008298755186722184
2023-04 to 2024-08,2024-03-21,US P&C insurance benchmark (KIE proxy),0.0007838526357044628
2023-04 to 2024-08,2024-03-22,US P&C insurance benchmark (KIE proxy),-0.008224006265909689
2023-04 to 2024-08,2024-03-25,US P&C insurance benchmark (KIE proxy),0.008687068114511698
2023-04 to 2024-08,2024-03-26,US P&C insurance benchmark (KIE proxy),0.003131728322567806
2023-04 to 2024-08,2024-03-27,US P&C insurance benchmark (KIE proxy),0.01404878048780489
2023-04 to 2024-08,2024-03-28,US P&C insurance benchmark (KIE proxy),0.0019241870309796294
2023-04 to 2024-08,2024-04-01,US P&C insurance benchmark (KIE proxy),-0.008258114077203893
2023-04 to 2024-08,2024-04-02,US P&C insurance benchmark (KIE proxy),-0.009101471727343102
2023-04 to 2024-08,2024-04-03,US P&C insurance benchmark (KIE proxy),0.0
2023-04 to 2024-08,2024-04-04,US P&C insurance benchmark (KIE proxy),-0.01153019347273787
2023-04 to 2024-08,2024-04-05,US P&C insurance benchmark (KIE proxy),0.008303677342823113
2023-04 to 2024-08,2024-04-08,US P&C insurance benchmark (KIE proxy),-0.0007843137254902599
2023-04 to 2024-08,2024-04-09,US P&C insurance benchmark (KIE proxy),-0.016679748822606033
2023-04 to 2024-08,2024-04-10,US P&C insurance benchmark (KIE proxy),-0.006585511873877237
2023-04 to 2024-08,2024-04-11,US P&C insurance benchmark (KIE proxy),-0.0271193250301327
2023-04 to 2024-08,2024-04-12,US P&C insurance benchmark (KIE proxy),-0.0022713194301052786
2023-04 to 2024-08,2024-04-15,US P&C insurance benchmark (KIE proxy),-0.007864238410596025
2023-04 to 2024-08,2024-04-16,US P&C insurance benchmark (KIE proxy),0.0027117229870672332
2023-04 to 2024-08,2024-04-17,US P&C insurance benchmark (KIE proxy),-0.007281048470979878
2023-04 to 2024-08,2024-04-18,US P&C insurance benchmark (KIE proxy),0.011735121542330473
2023-04 to 2024-08,2024-04-19,US P&C insurance benchmark (KIE proxy),0.01657000828500399
2023-04 to 2024-08,2024-04-22,US P&C insurance benchmark (KIE proxy),0.007742461287693736
2023-04 to 2024-08,2024-04-23,US P&C insurance benchmark (KIE proxy),0.005863323898099404
2023-04 to 2024-08,2024-04-24,US P&C insurance benchmark (KIE proxy),-0.0016080402010050232
2023-04 to 2024-08,2024-04-25,US P&C insurance benchmark (KIE proxy),-0.007449164485605064
2023-04 to 2024-08,2024-04-26,US P&C insurance benchmark (KIE proxy),-0.015618661257606359
2023-04 to 2024-08,2024-04-29,US P&C insurance benchmark (KIE proxy),0.0053575108180503594
2023-04 to 2024-08,2024-04-30,US P&C insurance benchmark (KIE proxy),-0.00430416068866557
2023-04 to 2024-08,2024-05-01,US P&C insurance benchmark (KIE proxy),0.011733223548785476
2023-04 to 2024-08,2024-05-02,US P&C insurance benchmark (KIE proxy),0.002848423194303118
2023-04 to 2024-08,2024-05-03,US P&C insurance benchmark (KIE proxy),0.0038547372692228077
2023-04 to 2024-08,2024-05-06,US P&C insurance benchmark (KIE proxy),0.018189167340339818
2023-04 to 2024-08,2024-05-07,US P&C insurance benchmark (KIE proxy),0.0065502183406114245
2023-04 to 2024-08,2024-05-08,US P&C insurance benchmark (KIE proxy),0.0017747978702422618
2023-04 to 2024-08,2024-05-09,US P&C insurance benchmark (KIE proxy),0.007086614173228201
2023-04 to 2024-08,2024-05-10,US P&C insurance benchmark (KIE proxy),0.0021501172791245082
2023-04 to 2024-08,2024-05-13,US P&C insurance benchmark (KIE proxy),-0.00702165008777067
2023-04 to 2024-08,2024-05-14,US P&C insurance benchmark (KIE proxy),0.003142801021410291
2023-04 to 2024-08,2024-05-15,US P&C insurance benchmark (KIE proxy),-0.0009790483649890769
2023-04 to 2024-08,2024-05-16,US P&C insurance benchmark (KIE proxy),0.00705605644845142
2023-04 to 2024-08,2024-05-17,US P&C insurance benchmark (KIE proxy),0.008758271701051035
2023-04 to 2024-08,2024-05-20,US P&C insurance benchmark (KIE proxy),-0.011962184063283865
2023-04 to 2024-08,2024-05-21,US P&C insurance benchmark (KIE proxy),0.004881859011911738
2023-04 to 2024-08,2024-05-22,US P&C insurance benchmark (KIE proxy),-0.0003886513797125568
2023-04 to 2024-08,2024-05-23,US P&C insurance benchmark (KIE proxy),-0.018856920684292122
2023-04 to 2024-08,2024-05-24,US P&C insurance benchmark (KIE proxy),0.006736675252625224
2023-04 to 2024-08,2024-05-28,US P&C insurance benchmark (KIE proxy),-0.010627829167486724
2023-04 to 2024-08,2024-05-29,US P&C insurance benchmark (KIE proxy),-0.006365625621643112
2023-04 to 2024-08,2024-05-30,US P&C insurance benchmark (KIE proxy),0.013013013013013053
2023-04 to 2024-08,2024-05-31,US P&C insurance benchmark (KIE proxy),0.011067193675889042
2023-04 to 2024-08,2024-06-03,US P&C insurance benchmark (KIE proxy),-0.007623143080531469
2023-04 to 2024-08,2024-06-04,US P&C insurance benchmark (KIE proxy),-0.007090801654520473
2023-04 to 2024-08,2024-06-05,US P&C insurance benchmark (KIE proxy),-0.00039674667724654
2023-04 to 2024-08,2024-06-06,US P&C insurance benchmark (KIE proxy),-0.002579876959714067
2023-04 to 2024-08,2024-06-07,US P&C insurance benchmark (KIE proxy),0.0025865499403101566
2023-04 to 2024-08,2024-06-10,US P&C insurance benchmark (KIE proxy),-0.002976781107362547
2023-04 to 2024-08,2024-06-11,US P&C insurance benchmark (KIE proxy),-0.012539808917197415
2023-04 to 2024-08,2024-06-12,US P&C insurance benchmark (KIE proxy),-0.00020157226365646874
2023-04 to 2024-08,2024-06-13,US P&C insurance benchmark (KIE proxy),-0.0040322580645162365
2023-04 to 2024-08,2024-06-14,US P&C insurance benchmark (KIE proxy),-0.008704453441295446
2023-04 to 2024-08,2024-06-17,US P&C insurance benchmark (KIE proxy),0.014907085971002765
2023-04 to 2024-08,2024-06-18,US P&C insurance benchmark (KIE proxy),0.007042253521126751
2023-04 to 2024-08,2024-06-20,US P&C insurance benchmark (KIE proxy),0.009790209790209836
2023-04 to 2024-08,2024-06-21,US P&C insurance benchmark (KIE proxy),-0.0017807677087454676
2023-04 to 2024-08,2024-06-24,US P&C insurance benchmark (KIE proxy),0.005153617443012903
2023-04 to 2024-08,2024-06-25,US P&C insurance benchmark (KIE proxy),-0.010845986984815759
2023-04 to 2024-08,2024-06-26,US P&C insurance benchmark (KIE proxy),-0.008572567783094232
2023-04 to 2024-08,2024-06-27,US P&C insurance benchmark (KIE proxy),0.007842348682887579
2023-04 to 2024-08,2024-06-28,US P&C insurance benchmark (KIE proxy),-0.005786113328012821
2023-04 to 2024-08,2024-07-01,US P&C insurance benchmark (KIE proxy),0.0010034115994383974
2023-04 to 2024-08,2024-07-02,US P&C insurance benchmark (KIE proxy),0.003007217321571609
2023-04 to 2024-08,2024-07-03,US P&C insurance benchmark (KIE proxy),-0.004997001798920486
2023-04 to 2024-08,2024-07-05,US P&C insurance benchmark (KIE proxy),-0.0068300522298112565
2023-04 to 2024-08,2024-07-08,US P&C insurance benchmark (KIE proxy),0.0042475728155340065
2023-04 to 2024-08,2024-07-09,US P&C insurance benchmark (KIE proxy),-0.0012084592145015227
2023-04 to 2024-08,2024-07-10,US P&C insurance benchmark (KIE proxy),0.011897559991933981
2023-04 to 2024-08,2024-07-11,US P&C insurance benchmark (KIE proxy),0.013949780789159094
2023-04 to 2024-08,2024-07-12,US P&C insurance benchmark (KIE proxy),0.009237421383647693
2023-04 to 2024-08,2024-07-15,US P&C insurance benchmark (KIE proxy),0.00934761441090548
2023-04 to 2024-08,2024-07-16,US P&C insurance benchmark (KIE proxy),0.011576307158016386
2023-04 to 2024-08,2024-07-17,US P&C insurance benchmark (KIE proxy),0.00610337592981125
2023-04 to 2024-08,2024-07-18,US P&C insurance benchmark (KIE proxy),-0.004170616113744141
2023-04 to 2024-08,2024-07-19,US P&C insurance benchmark (KIE proxy),-0.022463354273748126
2023-04 to 2024-08,2024-07-22,US P&C insurance benchmark (KIE proxy),0.007205452775072896
2023-04 to 2024-08,2024-07-23,US P&C insurance benchmark (KIE proxy),0.009280742459396807
2023-04 to 2024-08,2024-07-24,US P&C insurance benchmark (KIE proxy),-0.009003831417624508
2023-04 to 2024-08,2024-07-25,US P&C insurance benchmark (KIE proxy),0.0034796056446935175
2023-04 to 2024-08,2024-07-26,US P&C insurance benchmark (KIE proxy),0.02581390868811395
2023-04 to 2024-08,2024-07-29,US P&C insurance benchmark (KIE proxy),-0.00187793427230043
2023-04 to 2024-08,2024-07-30,US P&C insurance benchmark (KIE proxy),0.022201317027281453
2023-04 to 2024-08,2024-07-31,US P&C insurance benchmark (KIE proxy),-0.001656543346217565
2023-04 to 2024-08,2024-08-01,US P&C insurance benchmark (KIE proxy),-0.007743362831858502
2023-04 to 2024-08,2024-08-02,US P&C insurance benchmark (KIE proxy),-0.01393534002229646
2023-04 to 2024-08,2024-08-05,US P&C insurance benchmark (KIE proxy),-0.02732240437158484
2023-04 to 2024-08,2024-08-06,US P&C insurance benchmark (KIE proxy),0.0029058504455636847
2023-04 to 2024-08,2024-08-07,US P&C insurance benchmark (KIE proxy),0.0025111068186207675
2023-04 to 2024-08,2024-08-08,US P&C insurance benchmark (KIE proxy),0.009441233140655259
2023-04 to 2024-08,2024-08-09,US P&C insurance benchmark (KIE proxy),0.004581026913533126
2023-04 to 2024-08,2024-08-12,US P&C insurance benchmark (KIE proxy),-0.005130153904617019
2023-04 to 2024-08,2024-08-13,US P&C insurance benchmark (KIE proxy),0.004774637127578085
2023-04 to 2024-08,2024-08-14,US P&C insurance benchmark (KIE proxy),0.012735221440790978
2023-04 to 2024-08,2024-08-15,US P&C insurance benchmark (KIE proxy),0.007319819819819662
2023-04 to 2024-08,2024-08-16,US P&C insurance benchmark (KIE proxy),0.009129867710080175
2023-04 to 2024-08,2024-08-19,US P&C insurance benchmark (KIE proxy),0.004431314623338345
2023-04 to 2024-08,2024-08-20,US P&C insurance benchmark (KIE proxy),-0.0071691176470586315
2023-04 to 2024-08,2024-08-21,US P&C insurance benchmark (KIE proxy),0.004628772449546181
2023-04 to 2024-08,2024-08-22,US P&C insurance benchmark (KIE proxy),0.0070033173608552435
2023-04 to 2024-08,2024-08-23,US P&C insurance benchmark (KIE proxy),0.009150805270863538
2023-04 to 2024-08,2024-08-26,US P&C insurance benchmark (KIE proxy),0.0014508523757708058
2023-04 to 2024-08,2024-08-27,US P&C insurance benchmark (KIE proxy),0.002173125679101773
2023-04 to 2024-08,2024-08-28,US P&C insurance benchmark (KIE proxy),0.006324539212143154
2023-04 to 2024-08,2024-08-29,US P&C insurance benchmark (KIE proxy),0.008798707128748307
2023-04 to 2024-08,2024-08-30,US P&C insurance benchmark (KIE proxy),0.005339978640085397
2023-04 to 2024-08,2024-09-03,US P&C insurance benchmark (KIE proxy),-0.003541076487251993
2023-04 to 2024-08,2024-09-04,US P&C insurance benchmark (KIE proxy),0.002132196162047073
2023-04 to 2024-08,2024-09-05,US P&C insurance benchmark (KIE proxy),-0.009574468085106536
2023-04 to 2024-08,2024-09-06,US P&C insurance benchmark (KIE proxy),-0.01217329036877901
2023-04 to 2024-08,2024-09-09,US P&C insurance benchmark (KIE proxy),0.006161652772743942
2023-04 to 2024-08,2024-09-10,US P&C insurance benchmark (KIE proxy),-0.004863112391930935
2023-04 to 2024-08,2024-09-11,US P&C insurance benchmark (KIE proxy),-0.01031674208144795
2023-04 to 2024-08,2024-09-12,US P&C insurance benchmark (KIE proxy),0.01115581565471846
2023-04 to 2024-08,2024-09-13,US P&C insurance benchmark (KIE proxy),0.011394465545306653
2023-04 to 2024-08,2024-09-16,US P&C insurance benchmark (KIE proxy),0.010908440629470606
2023-04 to 2024-08,2024-09-17,US P&C insurance benchmark (KIE proxy),0.0015920750044224885
2023-04 to 2024-08,2024-09-18,US P&C insurance benchmark (KIE proxy),0.00017661603673602144
2023-04 to 2024-08,2024-09-19,US P&C insurance benchmark (KIE proxy),0.0010595090941196705
2023-04 to 2024-08,2024-09-20,US P&C insurance benchmark (KIE proxy),-0.00405715293702591
2023-04 to 2024-08,2024-09-23,US P&C insurance benchmark (KIE proxy),0.004073680481756936
2023-04 to 2024-08,2024-09-24,US P&C insurance benchmark (KIE proxy),-0.0054683365672958395
2023-04 to 2024-08,2024-09-25,US P&C insurance benchmark (KIE proxy),-0.0007094714437743121
2023-04 to 2024-08,2024-09-26,US P&C insurance benchmark (KIE proxy),0.0014199503017393589
2023-04 to 2024-08,2024-09-27,US P&C insurance benchmark (KIE proxy),0.0010634526763557695
2023-04 to 2024-08,2024-09-30,US P&C insurance benchmark (KIE proxy),0.004780453257790418
2023-04 to 2024-08,2024-10-01,US P&C insurance benchmark (KIE proxy),-0.00035242290748893623
2023-04 to 2024-08,2024-10-02,US P&C insurance benchmark (KIE proxy),0.0007050943063635629
2023-04 to 2024-08,2024-10-03,US P&C insurance benchmark (KIE proxy),-0.005108331865422033
2023-04 to 2024-08,2024-10-04,US P&C insurance benchmark (KIE proxy),0.020361189801699764
2023-04 to 2024-08,2024-10-07,US P&C insurance benchmark (KIE proxy),-0.034357105674127975
2023-04 to 2024-08,2024-10-08,US P&C insurance benchmark (KIE proxy),0.012398921832884158
2023-04 to 2024-08,2024-10-09,US P&C insurance benchmark (KIE proxy),0.011359602413915537
2023-04 to 2024-08,2024-10-10,US P&C insurance benchmark (KIE proxy),-0.0043875043875043485
2023-04 to 2024-08,2024-10-11,US P&C insurance benchmark (KIE proxy),0.01057641459545211
2023-04 to 2024-08,2024-10-14,US P&C insurance benchmark (KIE proxy),0.00784929356357944
2023-04 to 2024-08,2024-10-15,US P&C insurance benchmark (KIE proxy),0.0003461405330562606
2023-04 to 2024-08,2024-10-16,US P&C insurance benchmark (KIE proxy),0.007093425605536385
2023-04 to 2024-08,2024-10-17,US P&C insurance benchmark (KIE proxy),0.00807421405256803
2023-04 to 2024-08,2024-10-18,US P&C insurance benchmark (KIE proxy),-0.004601226993865004
2023-04 to 2024-08,2024-10-21,US P&C insurance benchmark (KIE proxy),-0.011128231467214422
2023-04 to 2024-08,2024-10-22,US P&C insurance benchmark (KIE proxy),-0.006232686980609525
2023-04 to 2024-08,2024-10-23,US P&C insurance benchmark (KIE proxy),-0.0019163763066201156
2023-04 to 2024-08,2024-10-24,US P&C insurance benchmark (KIE proxy),0.0045383138418571
2023-04 to 2024-08,2024-10-25,US P&C insurance benchmark (KIE proxy),-0.019461337966985237
2023-04 to 2024-08,2024-10-28,US P&C insurance benchmark (KIE proxy),0.00797448165869219
2023-04 to 2024-08,2024-10-29,US P&C insurance benchmark (KIE proxy),-0.0021097046413502962
2023-04 to 2024-08,2024-10-30,US P&C insurance benchmark (KIE proxy),0.0049330514446794815
2023-04 to 2024-08,2024-10-31,US P&C insurance benchmark (KIE proxy),-0.01770687237026647
2023-04 to 2024-08,2024-11-01,US P&C insurance benchmark (KIE proxy),-0.0037479921470641164
2023-04 to 2024-08,2024-11-04,US P&C insurance benchmark (KIE proxy),-0.002687208885703951
2023-04 to 2024-08,2024-11-05,US P&C insurance benchmark (KIE proxy),0.007364828453385819
2023-04 to 2024-08,2024-11-06,US P&C insurance benchmark (KIE proxy),0.045114122681883195
2023-04 to 2024-08,2024-11-07,US P&C insurance benchmark (KIE proxy),-0.01211397372462042
2023-04 to 2024-08,2024-11-08,US P&C insurance benchmark (KIE proxy),0.012607944732297094
2023-04 to 2024-08,2024-11-11,US P&C insurance benchmark (KIE proxy),0.010915913354937912
2023-04 to 2024-08,2024-11-12,US P&C insurance benchmark (KIE proxy),0.0013497553568415643
2023-04 to 2024-08,2024-11-13,US P&C insurance benchmark (KIE proxy),-0.0020219039595620325
2023-04 to 2024-08,2024-11-14,US P&C insurance benchmark (KIE proxy),-0.0010130001688334334
2023-04 to 2024-08,2024-11-15,US P&C insurance benchmark (KIE proxy),0.003887104951833642
2023-04 to 2024-08,2024-11-18,US P&C insurance benchmark (KIE proxy),0.0038720538720542486
2023-04 to 2024-08,2024-11-19,US P&C insurance benchmark (KIE proxy),-0.005701827938957127
2023-04 to 2024-08,2024-11-20,US P&C insurance benchmark (KIE proxy),0.0033732501264969184
2023-04 to 2024-08,2024-11-21,US P&C insurance benchmark (KIE proxy),0.014624306606152437
2023-04 to 2024-08,2024-11-22,US P&C insurance benchmark (KIE proxy),0.010768721007289317
2023-04 to 2024-08,2024-11-25,US P&C insurance benchmark (KIE proxy),0.00885100803147032
2023-04 to 2024-08,2024-11-26,US P&C insurance benchmark (KIE proxy),0.0050365556458165095
2023-04 to 2024-08,2024-11-27,US P&C insurance benchmark (KIE proxy),0.0027481409634659837
2023-04 to 2024-08,2024-11-29,US P&C insurance benchmark (KIE proxy),-0.06887077351477822
2023-04 to 2024-08,2023-07-03,SPY,-0.00035121142393057525
2023-04 to 2024-08,2023-07-05,SPY,-0.0014871898871087197
2023-04 to 2024-08,2023-07-06,SPY,-0.007830659174508647
2023-04 to 2024-08,2023-07-07,SPY,-0.0025246781603965873
2023-04 to 2024-08,2023-07-10,SPY,0.002531068293239125
2023-04 to 2024-08,2023-07-11,SPY,0.006368557521721385
2023-04 to 2024-08,2023-07-12,SPY,0.00804592505537216
2023-04 to 2024-08,2023-07-13,SPY,0.00793686381776637
2023-04 to 2024-08,2023-07-14,SPY,-0.0006228312127414259
2023-04 to 2024-08,2023-07-17,SPY,0.003472222222222099
2023-04 to 2024-08,2023-07-18,SPY,0.007430574039570592
2023-04 to 2024-08,2023-07-19,SPY,0.002223738963869737
2023-04 to 2024-08,2023-07-20,SPY,-0.006634446397188021
2023-04 to 2024-08,2023-07-21,SPY,0.0
2023-04 to 2024-08,2023-07-24,SPY,0.004467247556282805
2023-04 to 2024-08,2023-07-25,SPY,0.0027300748568912514
2023-04 to 2024-08,2023-07-26,SPY,0.0001536975232740989
2023-04 to 2024-08,2023-07-27,SPY,-0.006629931285811463
2023-04 to 2024-08,2023-07-28,SPY,0.009790271608212331
2023-04 to 2024-08,2023-07-31,SPY,0.0019040532259477772
2023-04 to 2024-08,2023-08-01,SPY,-0.0028615740841870796
2023-04 to 2024-08,2023-08-02,SPY,-0.013910795653697905
2023-04 to 2024-08,2023-08-03,SPY,-0.0028658387576923072
2023-04 to 2024-08,2023-08-04,SPY,-0.004522769806612703
2023-04 to 2024-08,2023-08-07,SPY,0.008728542333430234
2023-04 to 2024-08,2023-08-08,SPY,-0.004348694282354515
2023-04 to 2024-08,2023-08-09,SPY,-0.006685236768802283
2023-04 to 2024-08,2023-08-10,SPY,0.0003589455973080913
2023-04 to 2024-08,2023-08-11,SPY,-0.000583077302594881
2023-04 to 2024-08,2023-08-14,SPY,0.005520026926960853
2023-04 to 2024-08,2023-08-15,SPY,-0.01164892548704588
2023-04 to 2024-08,2023-08-16,SPY,-0.007338165232901983
2023-04 to 2024-08,2023-08-17,SPY,-0.007619870803384443
2023-04 to 2024-08,2023-08-18,SPY,0.0004813312246441104
2023-04 to 2024-08,2023-08-21,SPY,0.0065063001145475585
2023-04 to 2024-08,2023-08-22,SPY,-0.002708608367096077
2023-04 to 2024-08,2023-08-23,SPY,0.011137738217505522
2023-04 to 2024-08,2023-08-24,SPY,-0.013859106606776028
2023-04 to 2024-08,2023-08-25,SPY,0.007049829476527325
2023-04 to 2024-08,2023-08-28,SPY,0.006341341455099236
2023-04 to 2024-08,2023-08-29,SPY,0.01445478362995778
2023-04 to 2024-08,2023-08-30,SPY,0.004118799536913187
2023-04 to 2024-08,2023-08-31,SPY,-0.0014633821866476548
2023-04 to 2024-08,2023-09-01,SPY,0.0018652159431551407
2023-04 to 2024-08,2023-09-05,SPY,-0.004321904297524104
2023-04 to 2024-08,2023-09-06,SPY,-0.006722464606891521
2023-04 to 2024-08,2023-09-07,SPY,-0.003070234413518169
2023-04 to 2024-08,2023-09-08,SPY,0.0015061256603348117
2023-04 to 2024-08,2023-09-11,SPY,0.006576584665110463
2023-04 to 2024-08,2023-09-12,SPY,-0.005485561378079984
2023-04 to 2024-08,2023-09-13,SPY,0.0011659454247852086
2023-04 to 2024-08,2023-09-14,SPY,0.008622427269266097
2023-04 to 2024-08,2023-09-15,SPY,-0.01552091660005328
2023-04 to 2024-08,2023-09-18,SPY,0.0005864176647045749
2023-04 to 2024-08,2023-09-19,SPY,-0.002073800238937995
2023-04 to 2024-08,2023-09-20,SPY,-0.009193377154344762
2023-04 to 2024-08,2023-09-21,SPY,-0.016528360386649732
2023-04 to 2024-08,2023-09-22,SPY,-0.002248545399754165
2023-04 to 2024-08,2023-09-25,SPY,0.004205194925886335
2023-04 to 2024-08,2023-09-26,SPY,-0.014691252342502903
2023-04 to 2024-08,2023-09-27,SPY,0.000399173476096637
2023-04 to 2024-08,2023-09-28,SPY,0.005797441614833865
2023-04 to 2024-08,2023-09-29,SPY,-0.0024269579016148457
2023-04 to 2024-08,2023-10-02,SPY,-0.0003976794235988068
2023-04 to 2024-08,2023-10-03,SPY,-0.013386066321874113
2023-04 to 2024-08,2023-10-04,SPY,0.007281956403140555
2023-04 to 2024-08,2023-10-05,SPY,-0.00037677200583996484
2023-04 to 2024-08,2023-10-06,SPY,0.011872791519434545
2023-04 to 2024-08,2023-10-09,SPY,0.006402197699864942
2023-04 to 2024-08,2023-10-10,SPY,0.005204839343958767
2023-04 to 2024-08,2023-10-11,SPY,0.004096285727435811
2023-04 to 2024-08,2023-10-12,SPY,-0.0060964429776309
2023-04 to 2024-08,2023-10-13,SPY,-0.00498086058202285
2023-04 to 2024-08,2023-10-16,SPY,0.010521436848203836
2023-04 to 2024-08,2023-10-17,SPY,-4.586735161915545e-05
2023-04 to 2024-08,2023-10-18,SPY,-0.01332507683133799
2023-04 to 2024-08,2023-10-19,SPY,-0.008786406638618183
2023-04 to 2024-08,2023-10-20,SPY,-0.012288066036629797
2023-04 to 2024-08,2023-10-23,SPY,-0.0017331845485411002
2023-04 to 2024-08,2023-10-24,SPY,0.007539361651524468
2023-04 to 2024-08,2023-10-25,SPY,-0.014352146920661779
2023-04 to 2024-08,2023-10-26,SPY,-0.01197461381870446
2023-04 to 2024-08,2023-10-27,SPY,-0.00453278390498113
2023-04 to 2024-08,2023-10-30,SPY,0.01195578065647207
2023-04 to 2024-08,2023-10-31,SPY,0.006280228109434738
2023-04 to 2024-08,2023-11-01,SPY,0.010664753706360663
2023-04 to 2024-08,2023-11-02,SPY,0.019164340131547775
2023-04 to 2024-08,2023-11-03,SPY,0.00912340978735271
2023-04 to 2024-08,2023-11-06,SPY,0.0023004900043708254
2023-04 to 2024-08,2023-11-07,SPY,0.0028460602722120143
2023-04 to 2024-08,2023-11-08,SPY,0.0007323827615406397
2023-04 to 2024-08,2023-11-09,SPY,-0.007798742138364734
2023-04 to 2024-08,2023-11-10,SPY,0.015604831274202535
2023-04 to 2024-08,2023-11-13,SPY,-0.0009532239395383391
2023-04 to 2024-08,2023-11-14,SPY,0.019400713328335595
2023-04 to 2024-08,2023-11-15,SPY,0.0021170859982617696
2023-04 to 2024-08,2023-11-16,SPY,0.0012230919765165993
2023-04 to 2024-08,2023-11-17,SPY,0.001243808719987527
2023-04 to 2024-08,2023-11-20,SPY,0.0076975975509661065
2023-04 to 2024-08,2023-11-21,SPY,-0.002179368643507984
2023-04 to 2024-08,2023-11-22,SPY,0.0038608334987975113
2023-04 to 2024-08,2023-11-24,SPY,0.0006153575667005029
2023-04 to 2024-08,2023-11-27,SPY,-0.0018010103228639496
2023-04 to 2024-08,2023-11-28,SPY,0.000990142580531428
2023-04 to 2024-08,2023-11-29,SPY,-0.0007034049194380998
2023-04 to 2024-08,2023-11-30,SPY,0.003937440883394316
2023-04 to 2024-08,2023-12-01,SPY,0.005915863277826672
2023-04 to 2024-08,2023-12-04,SPY,-0.005249401001960363
2023-04 to 2024-08,2023-12-05,SPY,-0.00019707022268944385
2023-04 to 2024-08,2023-12-06,SPY,-0.004029785370127104
2023-04 to 2024-08,2023-12-07,SPY,0.007630398451930809
2023-04 to 2024-08,2023-12-08,SPY,0.004299151081334385
2023-04 to 2024-08,2023-12-11,SPY,0.0038896132116472693
2023-04 to 2024-08,2023-12-12,SPY,0.004567198424208385
2023-04 to 2024-08,2023-12-13,SPY,0.01379013143718999
2023-04 to 2024-08,2023-12-14,SPY,0.0032093517534539373
2023-04 to 2024-08,2023-12-15,SPY,-0.0056778458083514005
2023-04 to 2024-08,2023-12-18,SPY,0.005625039950567734
2023-04 to 2024-08,2023-12-19,SPY,0.00608089497213804
2023-04 to 2024-08,2023-12-20,SPY,-0.01385729930081725
2023-04 to 2024-08,2023-12-21,SPY,0.009481911758425055
2023-04 to 2024-08,2023-12-22,SPY,0.002009731330653741
2023-04 to 2024-08,2023-12-26,SPY,0.004222527182518476
2023-04 to 2024-08,2023-12-27,SPY,0.0018080521391778959
2023-04 to 2024-08,2023-12-28,SPY,0.0003777465320771167
2023-04 to 2024-08,2023-12-29,SPY,-0.0028949631836204803
2023-04 to 2024-08,2024-01-02,SPY,-0.005596347646798949
2023-04 to 2024-08,2024-01-03,SPY,-0.00816671955992787
2023-04 to 2024-08,2024-01-04,SPY,-0.0032210584696774625
2023-04 to 2024-08,2024-01-05,SPY,0.0013696284882727117
2023-04 to 2024-08,2024-01-08,SPY,0.014275944605915525
2023-04 to 2024-08,2024-01-09,SPY,-0.001517067003792838
2023-04 to 2024-08,2024-01-10,SPY,0.005655440195830197
2023-04 to 2024-08,2024-01-11,SPY,-0.0004406580493538925
2023-04 to 2024-08,2024-01-12,SPY,0.0006927679227459738
2023-04 to 2024-08,2024-01-16,SPY,-0.003671225979692938
2023-04 to 2024-08,2024-01-17,SPY,-0.005558713915734814
2023-04 to 2024-08,2024-01-18,SPY,0.008892841262783335
2023-04 to 2024-08,2024-01-19,SPY,0.012466158786123671
2023-04 to 2024-08,2024-01-22,SPY,0.002114296374603475
2023-04 to 2024-08,2024-01-23,SPY,0.002916537387527285
2023-04 to 2024-08,2024-01-24,SPY,0.0010930990388977602
2023-04 to 2024-08,2024-01-25,SPY,0.005438925400193417
2023-04 to 2024-08,2024-01-26,SPY,-0.0012704137040753238
2023-04 to 2024-08,2024-01-29,SPY,0.007919410763012724
2023-04 to 2024-08,2024-01-30,SPY,-0.0007735054043601641
2023-04 to 2024-08,2024-01-31,SPY,-0.016317301228381043
2023-04 to 2024-08,2024-02-01,SPY,0.01308813783962881
2023-04 to 2024-08,2024-02-02,SPY,0.010527391659852947
2023-04 to 2024-08,2024-02-05,SPY,-0.003641144937797103
2023-04 to 2024-08,2024-02-06,SPY,0.0029032585524313426
2023-04 to 2024-08,2024-02-07,SPY,0.008340418640431002
2023-04 to 2024-08,2024-02-08,SPY,0.00044167837783559705
2023-04 to 2024-08,2024-02-09,SPY,0.0057794188473268004
2023-04 to 2024-08,2024-02-12,SPY,-0.00043894652833187386
2023-04 to 2024-08,2024-02-13,SPY,-0.013773004910375697
2023-04 to 2024-08,2024-02-14,SPY,0.009087597150258864
2023-04 to 2024-08,2024-02-15,SPY,0.006899733237057948
2023-04 to 2024-08,2024-02-16,SPY,-0.004979980478476587
2023-04 to 2024-08,2024-02-20,SPY,-0.005505395287381476
2023-04 to 2024-08,2024-02-21,SPY,0.0009058700378450357
2023-04 to 2024-08,2024-02-22,SPY,0.02069548078276795
2023-04 to 2024-08,2024-02-23,SPY,0.0006896551724138167
2023-04 to 2024-08,2024-02-26,SPY,-0.003662498769321787
2023-04 to 2024-08,2024-02-27,SPY,0.0018577442241944908
2023-04 to 2024-08,2024-02-28,SPY,-0.0013216814944865263
2023-04 to 2024-08,2024-02-29,SPY,0.0035949907162327044
2023-04 to 2024-08,2024-03-01,SPY,0.00938828530940028
2023-04 to 2024-08,2024-03-04,SPY,-0.0010724383347959776
2023-04 to 2024-08,2024-03-05,SPY,-0.009994144056216792
2023-04 to 2024-08,2024-03-06,SPY,0.005067234512401875
2023-04 to 2024-08,2024-03-07,SPY,0.0099264345267287
2023-04 to 2024-08,2024-03-08,SPY,-0.006002214409199569
2023-04 to 2024-08,2024-03-11,SPY,-0.0008598452278589797
2023-04 to 2024-08,2024-03-12,SPY,0.01075731497418242
2023-04 to 2024-08,2024-03-13,SPY,-0.0015673981191219877
2023-04 to 2024-08,2024-03-14,SPY,-0.0019768591197163454
2023-04 to 2024-08,2024-03-15,SPY,-0.009942712884746241
2023-04 to 2024-08,2024-03-18,SPY,0.005943157523095932
2023-04 to 2024-08,2024-03-19,SPY,0.005557072105447869
2023-04 to 2024-08,2024-03-20,SPY,0.009249384343914313
2023-04 to 2024-08,2024-03-21,SPY,0.0033046418690438895
2023-04 to 2024-08,2024-03-22,SPY,-0.001895825354270464
2023-04 to 2024-08,2024-03-25,SPY,-0.0027628019416358063
2023-04 to 2024-08,2024-03-26,SPY,-0.001846970775535528
2023-04 to 2024-08,2024-03-27,SPY,0.008403847265858522
2023-04 to 2024-08,2024-03-28,SPY,-0.00019114245847429157
2023-04 to 2024-08,2024-04-01,SPY,-0.001739728908176641
2023-04 to 2024-08,2024-04-02,SPY,-0.006358204381798571
2023-04 to 2024-08,2024-04-03,SPY,0.0010986045794463273
2023-04 to 2024-08,2024-04-04,SPY,-0.012206156985810845
2023-04 to 2024-08,2024-04-05,SPY,0.010446917574599812
2023-04 to 2024-08,2024-04-08,SPY,0.000559381208649512
2023-04 to 2024-08,2024-04-09,SPY,0.001156693399136266
2023-04 to 2024-08,2024-04-10,SPY,-0.010013094046060211
2023-04 to 2024-08,2024-04-11,SPY,0.007546876215669629
2023-04 to 2024-08,2024-04-12,SPY,-0.013803088803088781
2023-04 to 2024-08,2024-04-15,SPY,-0.012528139375550529
2023-04 to 2024-08,2024-04-16,SPY,-0.0018237684606996485
2023-04 to 2024-08,2024-04-17,SPY,-0.005918217385260105
2023-04 to 2024-08,2024-04-18,SPY,-0.002057736489861184
2023-04 to 2024-08,2024-04-19,SPY,-0.008728379244074103
2023-04 to 2024-08,2024-04-22,SPY,0.00920914451894328
2023-04 to 2024-08,2024-04-23,SPY,0.011866645321379599
2023-04 to 2024-08,2024-04-24,SPY,-0.0004746366063480556
2023-04 to 2024-08,2024-04-25,SPY,-0.003798895945865688
2023-04 to 2024-08,2024-04-26,SPY,0.0094738723708514
2023-04 to 2024-08,2024-04-29,SPY,0.0035414945106835294
2023-04 to 2024-08,2024-04-30,SPY,-0.015841273575657677
2023-04 to 2024-08,2024-05-01,SPY,-0.003247141320371405
2023-04 to 2024-08,2024-05-02,SPY,0.009353452583191757
2023-04 to 2024-08,2024-05-03,SPY,0.012395303249311818
2023-04 to 2024-08,2024-05-06,SPY,0.010326820395470282
2023-04 to 2024-08,2024-05-07,SPY,0.0011034322550671494
2023-04 to 2024-08,2024-05-08,SPY,9.668561704767598e-05
2023-04 to 2024-08,2024-05-09,SPY,0.005761905682631019
2023-04 to 2024-08,2024-05-10,SPY,0.0012880404483150976
2023-04 to 2024-08,2024-05-13,SPY,0.00013439827970196383
2023-04 to 2024-08,2024-05-14,SPY,0.004588124628054802
2023-04 to 2024-08,2024-05-15,SPY,0.012382954328301166
2023-04 to 2024-08,2024-05-16,SPY,-0.002057457812676855
2023-04 to 2024-08,2024-05-17,SPY,0.0014375153681740471
2023-04 to 2024-08,2024-05-20,SPY,0.0011521390121822517
2023-04 to 2024-08,2024-05-21,SPY,0.0024525525412220084
2023-04 to 2024-08,2024-05-22,SPY,-0.002879403794037838
2023-04 to 2024-08,2024-05-23,SPY,-0.007304229658569805
2023-04 to 2024-08,2024-05-24,SPY,0.006616472735569312
2023-04 to 2024-08,2024-05-28,SPY,0.0006988516168024983
2023-04 to 2024-08,2024-05-29,SPY,-0.007002510333893097
2023-04 to 2024-08,2024-05-30,SPY,-0.006633719825128392
2023-04 to 2024-08,2024-05-31,SPY,0.00910813034576452
2023-04 to 2024-08,2024-06-03,SPY,0.0008153668202588449
2023-04 to 2024-08,2024-06-04,SPY,0.001117847669571903
2023-04 to 2024-08,2024-06-05,SPY,0.011885160582145948
2023-04 to 2024-08,2024-06-06,SPY,-1.8703125292396372e-05
2023-04 to 2024-08,2024-06-07,SPY,-0.001215725881868801
2023-04 to 2024-08,2024-06-10,SPY,0.0030898297784685003
2023-04 to 2024-08,2024-06-11,SPY,0.0024082440353958567
2023-04 to 2024-08,2024-06-12,SPY,0.008213055219294052
2023-04 to 2024-08,2024-06-13,SPY,0.002013447613418373
2023-04 to 2024-08,2024-06-14,SPY,0.0006083510000920445
2023-04 to 2024-08,2024-06-17,SPY,0.007959025756291593
2023-04 to 2024-08,2024-06-18,SPY,0.002540668981904526
2023-04 to 2024-08,2024-06-20,SPY,-0.002716549071086094
2023-04 to 2024-08,2024-06-21,SPY,-0.004552102376599532
2023-04 to 2024-08,2024-06-24,SPY,-0.0032506290058953446
2023-04 to 2024-08,2024-06-25,SPY,0.0038508309687881326
2023-04 to 2024-08,2024-06-26,SPY,0.0012480957362845935
2023-04 to 2024-08,2024-06-27,SPY,0.0015765063885173625
2023-04 to 2024-08,2024-06-28,SPY,-0.003935062320405636
2023-04 to 2024-08,2024-07-01,SPY,0.002057991253537006
2023-04 to 2024-08,2024-07-02,SPY,0.006729746580115048
2023-04 to 2024-08,2024-07-03,SPY,0.004462578095116854
2023-04 to 2024-08,2024-07-05,SPY,0.005766510717005735
2023-04 to 2024-08,2024-07-08,SPY,0.001153901629885823
2023-04 to 2024-08,2024-07-09,SPY,0.0009724823512464731
2023-04 to 2024-08,2024-07-10,SPY,0.009895289842035249
2023-04 to 2024-08,2024-07-11,SPY,-0.00862253260172452
2023-04 to 2024-08,2024-07-12,SPY,0.006307504312823342
2023-04 to 2024-08,2024-07-15,SPY,0.002750049108019903
2023-04 to 2024-08,2024-07-16,SPY,0.005930226345876699
2023-04 to 2024-08,2024-07-17,SPY,-0.014021173388096275
2023-04 to 2024-08,2024-07-18,SPY,-0.007684849355406365
2023-04 to 2024-08,2024-07-19,SPY,-0.006640610863822172
2023-04 to 2024-08,2024-07-22,SPY,0.01030984170932081
2023-04 to 2024-08,2024-07-23,SPY,-0.0015685567474985618
2023-04 to 2024-08,2024-07-24,SPY,-0.02266242912347849
2023-04 to 2024-08,2024-07-25,SPY,-0.005210354193226463
2023-04 to 2024-08,2024-07-26,SPY,0.01119964339443924
2023-04 to 2024-08,2024-07-29,SPY,0.0005877599000805311
2023-04 to 2024-08,2024-07-30,SPY,-0.005066451281298123
2023-04 to 2024-08,2024-07-31,SPY,0.01625461254612537
2023-04 to 2024-08,2024-08-01,SPY,-0.014160962945480304
2023-04 to 2024-08,2024-08-02,SPY,-0.018618441649325024
2023-04 to 2024-08,2024-08-05,SPY,-0.029123662976167974
2023-04 to 2024-08,2024-08-06,SPY,0.009219529166183182
2023-04 to 2024-08,2024-08-07,SPY,-0.006683903092980836
2023-04 to 2024-08,2024-08-08,SPY,0.02311726371804257
2023-04 to 2024-08,2024-08-09,SPY,0.004409686233864285
2023-04 to 2024-08,2024-08-12,SPY,0.0005253381864573914
2023-04 to 2024-08,2024-08-13,SPY,0.016445702927222694
2023-04 to 2024-08,2024-08-14,SPY,0.0031547487270311425
2023-04 to 2024-08,2024-08-15,SPY,0.01714022988505759
2023-04 to 2024-08,2024-08-16,SPY,0.0022420308460049387
2023-04 to 2024-08,2024-08-19,SPY,0.009561436741173823
2023-04 to 2024-08,2024-08-20,SPY,-0.0016261324851233327
2023-04 to 2024-08,2024-08-21,SPY,0.003436549131913047
2023-04 to 2024-08,2024-08-22,SPY,-0.007848453497913077
2023-04 to 2024-08,2024-08-23,SPY,0.01062529215058805
2023-04 to 2024-08,2024-08-26,SPY,-0.0023837902264602917
2023-04 to 2024-08,2024-08-27,SPY,0.0013730630004100686
2023-04 to 2024-08,2024-08-28,SPY,-0.005805256784671031
2023-04 to 2024-08,2024-08-29,SPY,8.955758552753323e-05
2023-04 to 2024-08,2024-08-30,SPY,0.0095459837019789
2023-04 to 2024-08,2024-09-03,SPY,-0.02057905194436549
2023-04 to 2024-08,2024-09-04,SPY,-0.0020468048108970294
2023-04 to 2024-08,2024-09-05,SPY,-0.002432162628187684
2023-04 to 2024-08,2024-09-06,SPY,-0.01683011590036554
2023-04 to 2024-08,2024-09-09,SPY,0.011196239544007502
2023-04 to 2024-08,2024-09-10,SPY,0.004355703592540561
2023-04 to 2024-08,2024-09-11,SPY,0.010258933289600591
2023-04 to 2024-08,2024-09-12,SPY,0.008423217055661958
2023-04 to 2024-08,2024-09-13,SPY,0.005222772719955637
2023-04 to 2024-08,2024-09-16,SPY,0.0014768420490738343
2023-04 to 2024-08,2024-09-17,SPY,0.00040864188757039344
2023-04 to 2024-08,2024-09-18,SPY,-0.00296588346031601
2023-04 to 2024-08,2024-09-19,SPY,0.017064481653010555
2023-04 to 2024-08,2024-09-20,SPY,-0.004781253283827835
2023-04 to 2024-08,2024-09-23,SPY,0.002498900131984172
2023-04 to 2024-08,2024-09-24,SPY,0.0028613056681938698
2023-04 to 2024-08,2024-09-25,SPY,-0.002205496236653004
2023-04 to 2024-08,2024-09-26,SPY,0.0039646340607675246
2023-04 to 2024-08,2024-09-27,SPY,-0.001450288310326675
2023-04 to 2024-08,2024-09-30,SPY,0.004007209477312923
2023-04 to 2024-08,2024-10-01,SPY,-0.008958449525934276
2023-04 to 2024-08,2024-10-02,SPY,0.0004220744961485057
2023-04 to 2024-08,2024-10-03,SPY,-0.001828217839186963
2023-04 to 2024-08,2024-10-04,SPY,0.009087386847944856
2023-04 to 2024-08,2024-10-07,SPY,-0.009040455164229244
2023-04 to 2024-08,2024-10-08,SPY,0.009457555477280444
2023-04 to 2024-08,2024-10-09,SPY,0.0069263918209259145
2023-04 to 2024-08,2024-10-10,SPY,-0.0017500086634092415
2023-04 to 2024-08,2024-10-11,SPY,0.0059882318226789355
2023-04 to 2024-08,2024-10-14,SPY,0.00817833603644047
2023-04 to 2024-08,2024-10-15,SPY,-0.0077697152245347345
2023-04 to 2024-08,2024-10-16,SPY,0.00434647624961193
2023-04 to 2024-08,2024-10-17,SPY,8.586639189434031e-05
2023-04 to 2024-08,2024-10-18,SPY,0.0038464840731520233
2023-04 to 2024-08,2024-10-21,SPY,-0.00164217656819321
2023-04 to 2024-08,2024-10-22,SPY,-0.0005311584394221969
2023-04 to 2024-08,2024-10-23,SPY,-0.009137351710896358
2023-04 to 2024-08,2024-10-24,SPY,0.0021626671741725723
2023-04 to 2024-08,2024-10-25,SPY,-0.00034528002209788244
2023-04 to 2024-08,2024-10-28,SPY,0.0030913235700469333
2023-04 to 2024-08,2024-10-29,SPY,0.0016183737065922355
2023-04 to 2024-08,2024-10-30,SPY,-0.003025250528559509
2023-04 to 2024-08,2024-10-31,SPY,-0.019603110291201875
2023-04 to 2024-08,2024-11-01,SPY,0.004220596510973618
2023-04 to 2024-08,2024-11-04,SPY,-0.0021539646959933823
2023-04 to 2024-08,2024-11-05,SPY,0.012091749881539604
2023-04 to 2024-08,2024-11-06,SPY,0.024865614704352
2023-04 to 2024-08,2024-11-07,SPY,0.00773213318895527
2023-04 to 2024-08,2024-11-08,SPY,0.004331693557865224
2023-04 to 2024-08,2024-11-11,SPY,0.0009528745047560072
2023-04 to 2024-08,2024-11-12,SPY,-0.0031064199345313126
2023-04 to 2024-08,2024-11-13,SPY,0.0004858435248786819
2023-04 to 2024-08,2024-11-14,SPY,-0.006430114368961459
2023-04 to 2024-08,2024-11-15,SPY,-0.012808628971096359
2023-04 to 2024-08,2024-11-18,SPY,0.0040973111395645745
2023-04 to 2024-08,2024-11-19,SPY,0.0036555300518572587
2023-04 to 2024-08,2024-11-20,SPY,0.00033881077418285166
2023-04 to 2024-08,2024-11-21,SPY,0.005368331922100067
2023-04 to 2024-08,2024-11-22,SPY,0.003099364967069196
2023-04 to 2024-08,2024-11-25,SPY,0.0033920505113265165
2023-04 to 2024-08,2024-11-26,SPY,0.005221495155054878
2023-04 to 2024-08,2024-11-27,SPY,-0.003030050778323412
2023-04 to 2024-08,2024-11-29,SPY,-0.04683911795251616
2025-04 to 2025-06,2025-07-01,Core MA + ATR,0.0
2025-04 to 2025-06,2025-07-02,Core MA + ATR,0.0
2025-04 to 2025-06,2025-07-03,Core MA + ATR,-0.0007503774086016019
2025-04 to 2025-06,2025-07-07,Core MA + ATR,-0.0008582752944016637
2025-04 to 2025-06,2025-07-08,Core MA + ATR,0.0009450242314089716
2025-04 to 2025-06,2025-07-09,Core MA + ATR,0.00029199140254998897
2025-04 to 2025-06,2025-07-10,Core MA + ATR,0.00010364249243637058
2025-04 to 2025-06,2025-07-11,Core MA + ATR,0.002232224665763559
2025-04 to 2025-06,2025-07-14,Core MA + ATR,-0.0037578290437490724
2025-04 to 2025-06,2025-07-15,Core MA + ATR,-0.002631908620231596
2025-04 to 2025-06,2025-07-16,Core MA + ATR,-0.002046494679136334
2025-04 to 2025-06,2025-07-17,Core MA + ATR,5.4036145866230914e-05
2025-04 to 2025-06,2025-07-18,Core MA + ATR,0.0005209889287273514
2025-04 to 2025-06,2025-07-21,Core MA + ATR,-0.0007635302494496075
2025-04 to 2025-06,2025-07-22,Core MA + ATR,-0.0008500197939073421
2025-04 to 2025-06,2025-07-23,Core MA + ATR,-0.00018424336498660396
2025-04 to 2025-06,2025-07-24,Core MA + ATR,0.0026013975145563633
2025-04 to 2025-06,2025-07-25,Core MA + ATR,-0.0016254260419465017
2025-04 to 2025-06,2025-07-28,Core MA + ATR,0.0011619882265155761
2025-04 to 2025-06,2025-07-29,Core MA + ATR,0.0007156449249745193
2025-04 to 2025-06,2025-07-30,Core MA + ATR,-0.0018187466646562096
2025-04 to 2025-06,2025-07-31,Core MA + ATR,-0.0013028484231284874
2025-04 to 2025-06,2025-08-01,Core MA + ATR,0.0007869216356047671
2025-04 to 2025-06,2025-08-04,Core MA + ATR,-0.0001441568513398505
2025-04 to 2025-06,2025-08-05,Core MA + ATR,-0.0015411016942191774
2025-04 to 2025-06,2025-08-06,Core MA + ATR,0.00023263231627180595
2025-04 to 2025-06,2025-08-07,Core MA + ATR,-0.011403026103764655
2025-04 to 2025-06,2025-08-08,Core MA + ATR,0.007826782485297707
2025-04 to 2025-06,2025-08-11,Core MA + ATR,0.005049836500427202
2025-04 to 2025-06,2025-08-12,Core MA + ATR,0.002860084812404825
2025-04 to 2025-06,2025-08-13,Core MA + ATR,0.006814481313440205
2025-04 to 2025-06,2025-08-14,Core MA + ATR,0.0012023833277999725
2025-04 to 2025-06,2025-08-15,Core MA + ATR,-0.003710846636512898
2025-04 to 2025-06,2025-08-18,Core MA + ATR,0.0030968732640634018
2025-04 to 2025-06,2025-08-19,Core MA + ATR,-0.00034438024661843144
2025-04 to 2025-06,2025-08-20,Core MA + ATR,-0.0010361418483863531
2025-04 to 2025-06,2025-08-21,Core MA + ATR,-0.002265018385560967
2025-04 to 2025-06,2025-08-22,Core MA + ATR,-0.001407910684189968
2025-04 to 2025-06,2025-08-25,Core MA + ATR,-0.0010886362263611167
2025-04 to 2025-06,2025-08-26,Core MA + ATR,-0.0020991636385963397
2025-04 to 2025-06,2025-08-27,Core MA + ATR,0.00029397851418430204
2025-04 to 2025-06,2025-08-28,Core MA + ATR,0.0
2025-04 to 2025-06,2025-08-29,Core MA + ATR,0.0
2025-04 to 2025-06,2025-09-02,Core MA + ATR,0.0
2025-04 to 2025-06,2025-09-03,Core MA + ATR,0.0
2025-04 to 2025-06,2025-09-04,Core MA + ATR,0.0
2025-04 to 2025-06,2025-09-05,Core MA + ATR,0.0
2025-04 to 2025-06,2025-09-08,Core MA + ATR,0.0008289941154508807
2025-04 to 2025-06,2025-09-09,Core MA + ATR,0.0009279092967845283
2025-04 to 2025-06,2025-09-10,Core MA + ATR,-0.0010165270044253697
2025-04 to 2025-06,2025-09-11,Core MA + ATR,-0.003004063385966541
2025-04 to 2025-06,2025-09-12,Core MA + ATR,0.0008390332942878595
2025-04 to 2025-06,2025-09-15,Core MA + ATR,0.0014215185507842583
2025-04 to 2025-06,2025-09-16,Core MA + ATR,-0.0009478893545241725
2025-04 to 2025-06,2025-09-17,Core MA + ATR,-0.0009793659009801874
2025-04 to 2025-06,2025-09-18,Core MA + ATR,-0.002833269061283146
2025-04 to 2025-06,2025-09-19,Core MA + ATR,0.0005934012997461444
2025-04 to 2025-06,2025-09-22,Core MA + ATR,0.0007576984423294412
2025-04 to 2025-06,2025-09-23,Core MA + ATR,-0.00025999816284719276
2025-04 to 2025-06,2025-09-24,Core MA + ATR,-0.006487961559826977
2025-04 to 2025-06,2025-09-25,Core MA + ATR,-0.0026905491608958825
2025-04 to 2025-06,2025-09-26,Core MA + ATR,-0.0004109682699437298
2025-04 to 2025-06,2025-09-29,Core MA + ATR,-6.783082790653896e-06
2025-04 to 2025-06,2025-09-30,Core MA + ATR,-0.001461839223893354
2025-04 to 2025-06,2025-07-01,Enhanced short/order-book,0.0
2025-04 to 2025-06,2025-07-02,Enhanced short/order-book,0.0
2025-04 to 2025-06,2025-07-03,Enhanced short/order-book,0.0005500997944826378
2025-04 to 2025-06,2025-07-07,Enhanced short/order-book,-0.0004548414940364041
2025-04 to 2025-06,2025-07-08,Enhanced short/order-book,0.0008875379710603341
2025-04 to 2025-06,2025-07-09,Enhanced short/order-book,-0.00010287524224721664
2025-04 to 2025-06,2025-07-10,Enhanced short/order-book,6.630622391675533e-05
2025-04 to 2025-06,2025-07-11,Enhanced short/order-book,0.002232224665763559
2025-04 to 2025-06,2025-07-14,Enhanced short/order-book,-0.0037578290437490724
2025-04 to 2025-06,2025-07-15,Enhanced short/order-book,-0.002631908620231596
2025-04 to 2025-06,2025-07-16,Enhanced short/order-book,-0.002046494679136334
2025-04 to 2025-06,2025-07-17,Enhanced short/order-book,-0.00017256066986716303
2025-04 to 2025-06,2025-07-18,Enhanced short/order-book,-0.0007086829106237951
2025-04 to 2025-06,2025-07-21,Enhanced short/order-book,-0.000147019680793473
2025-04 to 2025-06,2025-07-22,Enhanced short/order-book,-0.0011174974225426895
2025-04 to 2025-06,2025-07-23,Enhanced short/order-book,-0.00018424336498660396
2025-04 to 2025-06,2025-07-24,Enhanced short/order-book,0.002874138662297501
2025-04 to 2025-06,2025-07-25,Enhanced short/order-book,-0.0007019334836526444
2025-04 to 2025-06,2025-07-28,Enhanced short/order-book,0.0010788369572687971
2025-04 to 2025-06,2025-07-29,Enhanced short/order-book,-0.00022011650749903291
2025-04 to 2025-06,2025-07-30,Enhanced short/order-book,-0.001022408963585436
2025-04 to 2025-06,2025-07-31,Enhanced short/order-book,-0.0007071596953027217
2025-04 to 2025-06,2025-08-01,Enhanced short/order-book,0.00011800541516245744
2025-04 to 2025-06,2025-08-04,Enhanced short/order-book,0.001767573624459046
2025-04 to 2025-06,2025-08-05,Enhanced short/order-book,0.00022313297532840928
2025-04 to 2025-06,2025-08-06,Enhanced short/order-book,0.0007315880110277685
2025-04 to 2025-06,2025-08-07,Enhanced short/order-book,-0.010913951365768018
2025-04 to 2025-06,2025-08-08,Enhanced short/order-book,0.006545193261071239
2025-04 to 2025-06,2025-08-11,Enhanced short/order-book,0.006047122166106156
2025-04 to 2025-06,2025-08-12,Enhanced short/order-book,0.003579633404646312
2025-04 to 2025-06,2025-08-13,Enhanced short/order-book,0.007647918008309447
2025-04 to 2025-06,2025-08-14,Enhanced short/order-book,-0.0014134796516330483
2025-04 to 2025-06,2025-08-15,Enhanced short/order-book,-0.000529653619729776
2025-04 to 2025-06,2025-08-18,Enhanced short/order-book,0.0032391585954750653
2025-04 to 2025-06,2025-08-19,Enhanced short/order-book,-0.0033290750262531693
2025-04 to 2025-06,2025-08-20,Enhanced short/order-book,-0.0021124708624708686
2025-04 to 2025-06,2025-08-21,Enhanced short/order-book,-0.00021197683109118684
2025-04 to 2025-06,2025-08-22,Enhanced short/order-book,0.0013397356021638298
2025-04 to 2025-06,2025-08-25,Enhanced short/order-book,-0.0009803537116191512
2025-04 to 2025-06,2025-08-26,Enhanced short/order-book,-0.00039648145576233696
2025-04 to 2025-06,2025-08-27,Enhanced short/order-book,0.0
2025-04 to 2025-06,2025-08-28,Enhanced short/order-book,0.0
2025-04 to 2025-06,2025-08-29,Enhanced short/order-book,0.0
2025-04 to 2025-06,2025-09-02,Enhanced short/order-book,0.0
2025-04 to 2025-06,2025-09-03,Enhanced short/order-book,0.0
2025-04 to 2025-06,2025-09-04,Enhanced short/order-book,0.0
2025-04 to 2025-06,2025-09-05,Enhanced short/order-book,0.0
2025-04 to 2025-06,2025-09-08,Enhanced short/order-book,0.0007324886977510386
2025-04 to 2025-06,2025-09-09,Enhanced short/order-book,0.0001328273244781871
2025-04 to 2025-06,2025-09-10,Enhanced short/order-book,8.209558452056583e-05
2025-04 to 2025-06,2025-09-11,Enhanced short/order-book,-0.002187685164155757
2025-04 to 2025-06,2025-09-12,Enhanced short/order-book,0.0008847862417691088
2025-04 to 2025-06,2025-09-15,Enhanced short/order-book,0.0014215185507842583
2025-04 to 2025-06,2025-09-16,Enhanced short/order-book,-0.000809920738481355
2025-04 to 2025-06,2025-09-17,Enhanced short/order-book,-0.00046789160204101145
2025-04 to 2025-06,2025-09-18,Enhanced short/order-book,-0.0035785049823197196
2025-04 to 2025-06,2025-09-19,Enhanced short/order-book,0.0
2025-04 to 2025-06,2025-09-22,Enhanced short/order-book,0.0
2025-04 to 2025-06,2025-09-23,Enhanced short/order-book,-0.000577095808383228
2025-04 to 2025-06,2025-09-24,Enhanced short/order-book,-0.006376835898974434
2025-04 to 2025-06,2025-09-25,Enhanced short/order-book,-0.0026905491608958825
2025-04 to 2025-06,2025-09-26,Enhanced short/order-book,8.0320775854587e-05
2025-04 to 2025-06,2025-09-29,Enhanced short/order-book,-0.00011526709578544799
2025-04 to 2025-06,2025-09-30,Enhanced short/order-book,-0.001067766127477122
2025-04 to 2025-06,2025-07-01,Passive insurance basket,-0.008851946232846797
2025-04 to 2025-06,2025-07-02,Passive insurance basket,-0.022815187119726743
2025-04 to 2025-06,2025-07-03,Passive insurance basket,0.013752603169550293
2025-04 to 2025-06,2025-07-07,Passive insurance basket,-0.014032763583297414
2025-04 to 2025-06,2025-07-08,Passive insurance basket,-0.00123313144734305
2025-04 to 2025-06,2025-07-09,Passive insurance basket,0.0012916429704714627
2025-04 to 2025-06,2025-07-10,Passive insurance basket,-0.008839068157331265
2025-04 to 2025-06,2025-07-11,Passive insurance basket,-0.0161989563925079
2025-04 to 2025-06,2025-07-14,Passive insurance basket,0.02391420201466965
2025-04 to 2025-06,2025-07-15,Passive insurance basket,-0.019985318257622176
2025-04 to 2025-06,2025-07-16,Passive insurance basket,0.010386869190832204
2025-04 to 2025-06,2025-07-17,Passive insurance basket,0.008354326829908887
2025-04 to 2025-06,2025-07-18,Passive insurance basket,0.0067389885506004
2025-04 to 2025-06,2025-07-21,Passive insurance basket,-0.015387455726770805
2025-04 to 2025-06,2025-07-22,Passive insurance basket,0.015568553913918981
2025-04 to 2025-06,2025-07-23,Passive insurance basket,0.002185988201542477
2025-04 to 2025-06,2025-07-24,Passive insurance basket,-0.014229661962226192
2025-04 to 2025-06,2025-07-25,Passive insurance basket,0.003642003355061929
2025-04 to 2025-06,2025-07-28,Passive insurance basket,-0.016377888685563224
2025-04 to 2025-06,2025-07-29,Passive insurance basket,-0.0045767554731395155
2025-04 to 2025-06,2025-07-30,Passive insurance basket,-0.0063050199274851115
2025-04 to 2025-06,2025-07-31,Passive insurance basket,0.01269386217979962
2025-04 to 2025-06,2025-08-01,Passive insurance basket,-0.012802037751122874
2025-04 to 2025-06,2025-08-04,Passive insurance basket,0.020324305701478362
2025-04 to 2025-06,2025-08-05,Passive insurance basket,0.017999472591941013
2025-04 to 2025-06,2025-08-06,Passive insurance basket,0.021570396853287432
2025-04 to 2025-06,2025-08-07,Passive insurance basket,-0.036819065364474324
2025-04 to 2025-06,2025-08-08,Passive insurance basket,0.005563189828484916
2025-04 to 2025-06,2025-08-11,Passive insurance basket,0.00900860728294739
2025-04 to 2025-06,2025-08-12,Passive insurance basket,0.01236319930415064
2025-04 to 2025-06,2025-08-13,Passive insurance basket,0.023343208630773438
2025-04 to 2025-06,2025-08-14,Passive insurance basket,-0.0035851357708956977
2025-04 to 2025-06,2025-08-15,Passive insurance basket,-0.009046071058144145
2025-04 to 2025-06,2025-08-18,Passive insurance basket,0.0008528896397970165
2025-04 to 2025-06,2025-08-19,Passive insurance basket,0.00487200274457833
2025-04 to 2025-06,2025-08-20,Passive insurance basket,0.007662889439722154
2025-04 to 2025-06,2025-08-21,Passive insurance basket,-0.002121383658331366
2025-04 to 2025-06,2025-08-22,Passive insurance basket,0.006447181012915859
2025-04 to 2025-06,2025-08-25,Passive insurance basket,-0.01884236945810358
2025-04 to 2025-06,2025-08-26,Passive insurance basket,0.005055181583056623
2025-04 to 2025-06,2025-08-27,Passive insurance basket,0.0024866555057345696
2025-04 to 2025-06,2025-08-28,Passive insurance basket,0.0007178905618856479
2025-04 to 2025-06,2025-08-29,Passive insurance basket,-0.000423270154037092
2025-04 to 2025-06,2025-09-02,Passive insurance basket,-0.006007893713910195
2025-04 to 2025-06,2025-09-03,Passive insurance basket,-0.001502024394798851
2025-04 to 2025-06,2025-09-04,Passive insurance basket,0.015700497345001452
2025-04 to 2025-06,2025-09-05,Passive insurance basket,-0.01760322175135931
2025-04 to 2025-06,2025-09-08,Passive insurance basket,0.010725859209912869
2025-04 to 2025-06,2025-09-09,Passive insurance basket,-0.005469308576799503
2025-04 to 2025-06,2025-09-10,Passive insurance basket,-0.014095324782806173
2025-04 to 2025-06,2025-09-11,Passive insurance basket,0.017730420422732873
2025-04 to 2025-06,2025-09-12,Passive insurance basket,0.0006800339880606021
2025-04 to 2025-06,2025-09-15,Passive insurance basket,-0.0022370947289532817
2025-04 to 2025-06,2025-09-16,Passive insurance basket,-0.0036127316610503613
2025-04 to 2025-06,2025-09-17,Passive insurance basket,0.001992087425035205
2025-04 to 2025-06,2025-09-18,Passive insurance basket,0.008697219397374223
2025-04 to 2025-06,2025-09-19,Passive insurance basket,0.00686271694582441
2025-04 to 2025-06,2025-09-22,Passive insurance basket,0.0011371647521629669
2025-04 to 2025-06,2025-09-23,Passive insurance basket,-0.006469860551124862
2025-04 to 2025-06,2025-09-24,Passive insurance basket,-0.006160452915782266
2025-04 to 2025-06,2025-09-25,Passive insurance basket,-0.00829611829374921
2025-04 to 2025-06,2025-09-26,Passive insurance basket,0.00693091544306057
2025-04 to 2025-06,2025-09-29,Passive insurance basket,0.0035010930566106158
2025-04 to 2025-06,2025-09-30,Passive insurance basket,0.0051147713005466056
2025-04 to 2025-06,2025-07-01,US P&C insurance benchmark (KIE proxy),-0.0035056913290928415
2025-04 to 2025-06,2025-07-02,US P&C insurance benchmark (KIE proxy),-0.023146595102314538
2025-04 to 2025-06,2025-07-03,US P&C insurance benchmark (KIE proxy),0.010645604395604469
2025-04 to 2025-06,2025-07-07,US P&C insurance benchmark (KIE proxy),-0.010363574583758028
2025-04 to 2025-06,2025-07-08,US P&C insurance benchmark (KIE proxy),-0.0018884120171674956
2025-04 to 2025-06,2025-07-09,US P&C insurance benchmark (KIE proxy),-0.0034399724802200993
2025-04 to 2025-06,2025-07-10,US P&C insurance benchmark (KIE proxy),-0.006558508802209095
2025-04 to 2025-06,2025-07-11,US P&C insurance benchmark (KIE proxy),-0.011813759555246661
2025-04 to 2025-06,2025-07-14,US P&C insurance benchmark (KIE proxy),0.015471167369901284
2025-04 to 2025-06,2025-07-15,US P&C insurance benchmark (KIE proxy),-0.021641274238227037
2025-04 to 2025-06,2025-07-16,US P&C insurance benchmark (KIE proxy),0.01256414793841798
2025-04 to 2025-06,2025-07-17,US P&C insurance benchmark (KIE proxy),0.007340090877315575
2025-04 to 2025-06,2025-07-18,US P&C insurance benchmark (KIE proxy),-0.000693962526023606
2025-04 to 2025-06,2025-07-21,US P&C insurance benchmark (KIE proxy),-0.011979166666666652
2025-04 to 2025-06,2025-07-22,US P&C insurance benchmark (KIE proxy),0.01511157968722543
2025-04 to 2025-06,2025-07-23,US P&C insurance benchmark (KIE proxy),0.0022503029253937434
2025-04 to 2025-06,2025-07-24,US P&C insurance benchmark (KIE proxy),-0.014680483592400595
2025-04 to 2025-06,2025-07-25,US P&C insurance benchmark (KIE proxy),0.01104294478527601
2025-04 to 2025-06,2025-07-28,US P&C insurance benchmark (KIE proxy),-0.011269070735090092
2025-04 to 2025-06,2025-07-29,US P&C insurance benchmark (KIE proxy),-0.0052603892688061205
2025-04 to 2025-06,2025-07-30,US P&C insurance benchmark (KIE proxy),-0.009695046712497657
2025-04 to 2025-06,2025-07-31,US P&C insurance benchmark (KIE proxy),0.007475970096119555
2025-04 to 2025-06,2025-08-01,US P&C insurance benchmark (KIE proxy),-0.015724381625441652
2025-04 to 2025-06,2025-08-04,US P&C insurance benchmark (KIE proxy),0.01274457009513541
2025-04 to 2025-06,2025-08-05,US P&C insurance benchmark (KIE proxy),0.007089684509039351
2025-04 to 2025-06,2025-08-06,US P&C insurance benchmark (KIE proxy),0.005983808518127187
2025-04 to 2025-06,2025-08-07,US P&C insurance benchmark (KIE proxy),-0.009797060881735375
2025-04 to 2025-06,2025-08-08,US P&C insurance benchmark (KIE proxy),0.0060070671378089635
2025-04 to 2025-06,2025-08-11,US P&C insurance benchmark (KIE proxy),0.004214963119072879
2025-04 to 2025-06,2025-08-12,US P&C insurance benchmark (KIE proxy),0.008394543546694555
2025-04 to 2025-06,2025-08-13,US P&C insurance benchmark (KIE proxy),0.019077349982657088
2025-04 to 2025-06,2025-08-14,US P&C insurance benchmark (KIE proxy),-0.004424778761061954
2025-04 to 2025-06,2025-08-15,US P&C insurance benchmark (KIE proxy),-0.010940170940170857
2025-04 to 2025-06,2025-08-18,US P&C insurance benchmark (KIE proxy),0.0006913238852401804
2025-04 to 2025-06,2025-08-19,US P&C insurance benchmark (KIE proxy),0.012435233160621895
2025-04 to 2025-06,2025-08-20,US P&C insurance benchmark (KIE proxy),0.0056294779938586
2025-04 to 2025-06,2025-08-21,US P&C insurance benchmark (KIE proxy),-0.0003392705682782049
2025-04 to 2025-06,2025-08-22,US P&C insurance benchmark (KIE proxy),0.010690649923638329
2025-04 to 2025-06,2025-08-25,US P&C insurance benchmark (KIE proxy),-0.011417058428475624
2025-04 to 2025-06,2025-08-26,US P&C insurance benchmark (KIE proxy),0.00033967391304345895
2025-04 to 2025-06,2025-08-27,US P&C insurance benchmark (KIE proxy),0.0027164685908320774
2025-04 to 2025-06,2025-08-28,US P&C insurance benchmark (KIE proxy),-0.0037250253979004277
2025-04 to 2025-06,2025-08-29,US P&C insurance benchmark (KIE proxy),0.0003399048266485849
2025-04 to 2025-06,2025-09-02,US P&C insurance benchmark (KIE proxy),-0.005266734624532865
2025-04 to 2025-06,2025-09-03,US P&C insurance benchmark (KIE proxy),0.003928266438941064
2025-04 to 2025-06,2025-09-04,US P&C insurance benchmark (KIE proxy),0.012589316093909453
2025-04 to 2025-06,2025-09-05,US P&C insurance benchmark (KIE proxy),-0.011088709677419373
2025-04 to 2025-06,2025-09-08,US P&C insurance benchmark (KIE proxy),0.0032279986408425554
2025-04 to 2025-06,2025-09-09,US P&C insurance benchmark (KIE proxy),-0.005419136325148233
2025-04 to 2025-06,2025-09-10,US P&C insurance benchmark (KIE proxy),-0.008343265792610133
2025-04 to 2025-06,2025-09-11,US P&C insurance benchmark (KIE proxy),0.018543956043955978
2025-04 to 2025-06,2025-09-12,US P&C insurance benchmark (KIE proxy),-0.0020229265003369745
2025-04 to 2025-06,2025-09-15,US P&C insurance benchmark (KIE proxy),-0.01317567567567568
2025-04 to 2025-06,2025-09-16,US P&C insurance benchmark (KIE proxy),-0.01095515234508726
2025-04 to 2025-06,2025-09-17,US P&C insurance benchmark (KIE proxy),0.005711318795430742
2025-04 to 2025-06,2025-09-18,US P&C insurance benchmark (KIE proxy),0.009120633281707091
2025-04 to 2025-06,2025-09-19,US P&C insurance benchmark (KIE proxy),0.005798090040927573
2025-04 to 2025-06,2025-09-22,US P&C insurance benchmark (KIE proxy),-0.003051881993896277
2025-04 to 2025-06,2025-09-23,US P&C insurance benchmark (KIE proxy),-0.0006802721088434716
2025-04 to 2025-06,2025-09-24,US P&C insurance benchmark (KIE proxy),0.0037440435670523797
2025-04 to 2025-06,2025-09-25,US P&C insurance benchmark (KIE proxy),-0.008307900983384076
2025-04 to 2025-06,2025-09-26,US P&C insurance benchmark (KIE proxy),0.01162591896050591
2025-04 to 2025-06,2025-09-29,US P&C insurance benchmark (KIE proxy),-0.00405610951495694
2025-04 to 2025-06,2025-09-30,US P&C insurance benchmark (KIE proxy),0.0066180213812998545
2025-04 to 2025-06,2025-07-01,SPY,-0.0018232176094521435
2025-04 to 2025-06,2025-07-02,SPY,0.004533311746134583
2025-04 to 2025-06,2025-07-03,SPY,0.007881376420340258
2025-04 to 2025-06,2025-07-07,SPY,-0.007451946141299293
2025-04 to 2025-06,2025-07-08,SPY,-0.0005477862988977344
2025-04 to 2025-06,2025-07-09,SPY,0.005996711480800387
2025-04 to 2025-06,2025-07-10,SPY,0.0028202416434321975
2025-04 to 2025-06,2025-07-11,SPY,-0.0035153878111918724
2025-04 to 2025-06,2025-07-14,SPY,0.0019082133350436514
2025-04 to 2025-06,2025-07-15,SPY,-0.004273299082920845
2025-04 to 2025-06,2025-07-16,SPY,0.003343298935930772
2025-04 to 2025-06,2025-07-17,SPY,0.006119637307359316
2025-04 to 2025-06,2025-07-18,SPY,-0.0007324374243679044
2025-04 to 2025-06,2025-07-21,SPY,0.0018961725995092493
2025-04 to 2025-06,2025-07-22,SPY,0.0001431366000288481
2025-04 to 2025-06,2025-07-23,SPY,0.00850745793976393
2025-04 to 2025-06,2025-07-24,SPY,0.0003311206067388994
2025-04 to 2025-06,2025-07-25,SPY,0.004224330884902816
2025-04 to 2025-06,2025-07-28,SPY,-0.00025113796892151097
2025-04 to 2025-06,2025-07-29,SPY,-0.002637611077966562
2025-04 to 2025-06,2025-07-30,SPY,-0.001259326889777479
2025-04 to 2025-06,2025-07-31,SPY,-0.0037512215112064373
2025-04 to 2025-06,2025-08-01,SPY,-0.016390330337931913
2025-04 to 2025-06,2025-08-04,SPY,0.01519976838448156
2025-04 to 2025-06,2025-08-05,SPY,-0.005069949458941014
2025-04 to 2025-06,2025-08-06,SPY,0.00765960157332346
2025-04 to 2025-06,2025-08-07,SPY,-0.000837573880337561
2025-04 to 2025-06,2025-08-08,SPY,0.007797548438117863
2025-04 to 2025-06,2025-08-11,SPY,-0.0019774631972128143
2025-04 to 2025-06,2025-08-12,SPY,0.010645993206692905
2025-04 to 2025-06,2025-08-13,SPY,0.0034231122314023477
2025-04 to 2025-06,2025-08-14,SPY,9.303912295122174e-05
2025-04 to 2025-06,2025-08-15,SPY,-0.0023412667648654573
2025-04 to 2025-06,2025-08-18,SPY,-0.0002175805047870405
2025-04 to 2025-06,2025-08-19,SPY,-0.005425151562257091
2025-04 to 2025-06,2025-08-20,SPY,-0.002657038808396295
2025-04 to 2025-06,2025-08-21,SPY,-0.004011847487110365
2025-04 to 2025-06,2025-08-22,SPY,0.015356777594209614
2025-04 to 2025-06,2025-08-25,SPY,-0.004400985572825311
2025-04 to 2025-06,2025-08-26,SPY,0.004186965928370201
2025-04 to 2025-06,2025-08-27,SPY,0.0022785045570092866
2025-04 to 2025-06,2025-08-28,SPY,0.0035414379165830123
2025-04 to 2025-06,2025-08-29,SPY,-0.005963755162423756
2025-04 to 2025-06,2025-09-02,SPY,-0.007410278273002113
2025-04 to 2025-06,2025-09-03,SPY,0.0054195886110546265
2025-04 to 2025-06,2025-09-04,SPY,0.008357411377264201
2025-04 to 2025-06,2025-09-05,SPY,-0.00289622874044837
2025-04 to 2025-06,2025-09-08,SPY,0.0024565848835049753
2025-04 to 2025-06,2025-09-09,SPY,0.0023118536442523485
2025-04 to 2025-06,2025-09-10,SPY,0.002890840035058906
2025-04 to 2025-06,2025-09-11,SPY,0.008310206835221878
2025-04 to 2025-06,2025-09-12,SPY,-0.0003345346167297203
2025-04 to 2025-06,2025-09-15,SPY,0.005323922666220282
2025-04 to 2025-06,2025-09-16,SPY,-0.0013768894403171084
2025-04 to 2025-06,2025-09-17,SPY,-0.0012424242424244891
2025-04 to 2025-06,2025-09-18,SPY,0.004672471858976346
2025-04 to 2025-06,2025-09-19,SPY,0.0021743726029053168
2025-04 to 2025-06,2025-09-22,SPY,0.004731053186680656
2025-04 to 2025-06,2025-09-23,SPY,-0.005443584667986334
2025-04 to 2025-06,2025-09-24,SPY,-0.003181496057055755
2025-04 to 2025-06,2025-09-25,SPY,-0.004613522916351753
2025-04 to 2025-06,2025-09-26,SPY,0.005729047944685428
2025-04 to 2025-06,2025-09-29,SPY,0.0028104318394726047
2025-04 to 2025-06,2025-09-30,SPY,-0.010539548172306512
