episode,ticker,strategy,entry_date,side,entry_price,exit_date,exit_reason,exit_price
2009-05 to 2010-04,MCY,Core MA + ATR,2009-08-05,long,36.94,2009-08-11,signal,
2009-05 to 2010-04,MCY,Core MA + ATR,2009-08-13,long,37.3,2009-08-14,signal,
2009-05 to 2010-04,MCY,Core MA + ATR,2009-12-17,long,38.45,2009-12-18,signal,
2009-05 to 2010-04,MCY,Core MA + ATR,2009-12-21,long,39.03,2009-12-28,signal,
2009-05 to 2010-04,MCY,Core MA + ATR,2010-01-06,long,39.37,2010-01-07,signal,
2009-05 to 2010-04,MCY,Core MA + ATR,2010-02-09,long,38.97,2010-02-10,signal,
2009-05 to 2010-04,MCY,Core MA + ATR,2010-02-17,long,39.05,2010-02-24,signal,
2009-05 to 2010-04,MCY,Core MA + ATR,2010-03-03,long,42.6,2010-03-11,signal,
2009-05 to 2010-04,MCY,Core MA + ATR,2010-05-04,long,45.82,2010-05-06,ATR stop,44.20393418107983
2009-05 to 2010-04,MCY,Core MA + ATR,2010-06-07,short,42.18,2010-06-09,signal,
2009-05 to 2010-04,MCY,Core MA + ATR,2010-06-10,short,42.89,2010-06-11,signal,
2009-05 to 2010-04,MCY,Core MA + ATR,2010-07-02,short,41.35,2010-07-06,signal,
2009-05 to 2010-04,MCY,Core MA + ATR,2010-07-07,short,41.31,2010-07-08,signal,
2009-05 to 2010-04,MCY,Enhanced short/order-book,2009-08-05,long,36.94,2009-08-11,signal,
2009-05 to 2010-04,MCY,Enhanced short/order-book,2009-08-13,long,37.3,2009-08-14,signal,
2009-05 to 2010-04,MCY,Enhanced short/order-book,2009-12-17,long,38.45,2009-12-18,signal,
2009-05 to 2010-04,MCY,Enhanced short/order-book,2009-12-21,long,39.03,2009-12-28,signal,
2009-05 to 2010-04,MCY,Enhanced short/order-book,2010-01-06,long,39.37,2010-01-07,signal,
2009-05 to 2010-04,MCY,Enhanced short/order-book,2010-02-09,long,38.97,2010-02-10,signal,
2009-05 to 2010-04,MCY,Enhanced short/order-book,2010-02-17,long,39.05,2010-02-24,signal,
2009-05 to 2010-04,MCY,Enhanced short/order-book,2010-03-03,long,42.6,2010-03-11,signal,
2009-05 to 2010-04,MCY,Enhanced short/order-book,2010-05-04,long,45.82,2010-05-06,ATR stop,44.20393418107983
2009-05 to 2010-04,CINF,Core MA + ATR,2010-01-21,long,27.1,2010-01-22,signal,
2009-05 to 2010-04,CINF,Core MA + ATR,2010-02-18,long,26.49,2010-02-19,signal,
2009-05 to 2010-04,CINF,Core MA + ATR,2010-03-02,long,27.54,2010-03-05,signal,
2009-05 to 2010-04,CINF,Core MA + ATR,2010-03-24,long,28.69,2010-03-25,signal,
2009-05 to 2010-04,CINF,Core MA + ATR,2010-04-20,long,29.68,2010-04-21,signal,
2009-05 to 2010-04,CINF,Core MA + ATR,2010-04-23,long,29.81,2010-04-27,ATR stop,29.296815546632054
2009-05 to 2010-04,CINF,Core MA + ATR,2010-05-20,short,27.12,2010-05-28,signal,
2009-05 to 2010-04,CINF,Core MA + ATR,2010-06-07,short,26.59,2010-06-09,signal,
2009-05 to 2010-04,CINF,Core MA + ATR,2010-06-10,short,27.1,2010-06-11,signal,
2009-05 to 2010-04,CINF,Core MA + ATR,2010-06-30,short,26.2,2010-07-01,signal,
2009-05 to 2010-04,CINF,Core MA + ATR,2010-07-02,short,25.68,2010-07-08,signal,
2009-05 to 2010-04,CINF,Core MA + ATR,2010-07-22,short,26.86,2010-07-23,signal,
2009-05 to 2010-04,CINF,Enhanced short/order-book,2010-01-21,long,27.1,2010-01-22,signal,
2009-05 to 2010-04,CINF,Enhanced short/order-book,2010-02-18,long,26.49,2010-02-19,signal,
2009-05 to 2010-04,CINF,Enhanced short/order-book,2010-04-20,long,29.68,2010-04-21,signal,
2009-05 to 2010-04,CINF,Enhanced short/order-book,2010-04-23,long,29.81,2010-04-27,signal,
2009-05 to 2010-04,PGR,Core MA + ATR,2009-10-19,long,16.81,2009-10-20,signal,
2009-05 to 2010-04,PGR,Core MA + ATR,2009-11-02,short,16.54,2009-11-09,signal,
2009-05 to 2010-04,PGR,Core MA + ATR,2010-01-15,long,17.58,2010-01-19,signal,
2009-05 to 2010-04,PGR,Core MA + ATR,2010-02-05,short,16.25,2010-02-12,signal,
2009-05 to 2010-04,PGR,Core MA + ATR,2010-03-19,long,18.14,2010-03-25,signal,
2009-05 to 2010-04,PGR,Core MA + ATR,2010-03-26,long,19.11,2010-04-05,signal,
2009-05 to 2010-04,PGR,Core MA + ATR,2010-04-15,long,20.63,2010-04-22,signal,
2009-05 to 2010-04,PGR,Core MA + ATR,2010-04-26,long,20.81,2010-04-27,signal,
2009-05 to 2010-04,PGR,Core MA + ATR,2010-05-06,long,20.23,2010-05-06,ATR stop,19.218382848477972
2009-05 to 2010-04,PGR,Core MA + ATR,2010-05-11,long,20.21,2010-05-12,signal,
2009-05 to 2010-04,PGR,Core MA + ATR,2010-05-13,long,20.68,2010-05-17,signal,
2009-05 to 2010-04,PGR,Core MA + ATR,2010-05-18,long,20.7,2010-05-20,signal,
2009-05 to 2010-04,PGR,Core MA + ATR,2010-06-11,short,19.32,2010-06-14,signal,
2009-05 to 2010-04,PGR,Core MA + ATR,2010-07-22,short,19.4,2010-07-23,signal,
2009-05 to 2010-04,PGR,Enhanced short/order-book,2009-10-19,long,16.81,2009-10-20,signal,
2009-05 to 2010-04,PGR,Enhanced short/order-book,2009-11-02,short,16.54,2009-11-09,signal,
2009-05 to 2010-04,PGR,Enhanced short/order-book,2010-01-15,long,17.58,2010-01-19,signal,
2009-05 to 2010-04,PGR,Enhanced short/order-book,2010-02-05,short,16.25,2010-02-12,signal,
2009-05 to 2010-04,PGR,Enhanced short/order-book,2010-03-19,long,18.14,2010-03-23,signal,
2009-05 to 2010-04,PGR,Enhanced short/order-book,2010-03-30,long,19.22,2010-04-05,signal,
2009-05 to 2010-04,PGR,Enhanced short/order-book,2010-04-15,long,20.63,2010-04-22,signal,
2009-05 to 2010-04,PGR,Enhanced short/order-book,2010-04-26,long,20.81,2010-04-27,signal,
2009-05 to 2010-04,PGR,Enhanced short/order-book,2010-05-06,long,20.23,2010-05-06,ATR stop,19.218382848477972
2009-05 to 2010-04,PGR,Enhanced short/order-book,2010-05-11,long,20.21,2010-05-12,signal,
2009-05 to 2010-04,PGR,Enhanced short/order-book,2010-05-13,long,20.68,2010-05-17,signal,
2009-05 to 2010-04,PGR,Enhanced short/order-book,2010-05-18,long,20.7,2010-05-20,signal,
2009-05 to 2010-04,AIZ,Core MA + ATR,2009-08-05,long,26.15,2009-08-06,signal,
2009-05 to 2010-04,AIZ,Core MA + ATR,2009-08-10,long,27.36,2009-08-11,signal,
2009-05 to 2010-04,AIZ,Core MA + ATR,2009-10-02,long,30.46,2009-10-05,signal,
2009-05 to 2010-04,AIZ,Core MA + ATR,2009-10-07,long,32.99,2009-10-09,signal,
2009-05 to 2010-04,AIZ,Core MA + ATR,2009-10-12,long,31.9,2009-10-14,signal,
2009-05 to 2010-04,AIZ,Core MA + ATR,2009-10-23,long,32.38,2009-10-26,signal,
2009-05 to 2010-04,AIZ,Core MA + ATR,2009-11-09,long,31.26,2009-11-12,signal,
2009-05 to 2010-04,AIZ,Core MA + ATR,2010-01-21,short,30.23,2010-01-22,signal,
2009-05 to 2010-04,AIZ,Core MA + ATR,2010-01-25,long,32.24,2010-02-01,signal,
2009-05 to 2010-04,AIZ,Core MA + ATR,2010-02-03,long,31.94,2010-02-04,signal,
2009-05 to 2010-04,AIZ,Core MA + ATR,2010-02-05,long,31.53,2010-02-08,signal,
2009-05 to 2010-04,AIZ,Core MA + ATR,2010-02-25,long,30.63,2010-02-26,signal,
2009-05 to 2010-04,AIZ,Core MA + ATR,2010-04-30,long,36.3,2010-05-06,ATR stop,34.5713035029854
2009-05 to 2010-04,AIZ,Core MA + ATR,2010-05-12,long,36.46,2010-05-18,signal,
2009-05 to 2010-04,AIZ,Core MA + ATR,2010-06-03,long,35.73,2010-06-07,signal,
2009-05 to 2010-04,AIZ,Core MA + ATR,2010-07-08,long,36.06,2010-07-09,signal,
2009-05 to 2010-04,AIZ,Enhanced short/order-book,2009-08-05,long,26.15,2009-08-06,signal,
2009-05 to 2010-04,AIZ,Enhanced short/order-book,2009-08-10,long,27.36,2009-08-11,signal,
2009-05 to 2010-04,AIZ,Enhanced short/order-book,2009-10-02,long,30.46,2009-10-05,signal,
2009-05 to 2010-04,AIZ,Enhanced short/order-book,2009-10-07,long,32.99,2009-10-09,signal,
2009-05 to 2010-04,AIZ,Enhanced short/order-book,2009-10-12,long,31.9,2009-10-14,signal,
2009-05 to 2010-04,AIZ,Enhanced short/order-book,2009-10-23,long,32.38,2009-10-26,signal,
2009-05 to 2010-04,AIZ,Enhanced short/order-book,2009-11-09,long,31.26,2009-11-12,signal,
2009-05 to 2010-04,AIZ,Enhanced short/order-book,2010-01-21,short,30.23,2010-01-22,signal,
2009-05 to 2010-04,AIZ,Enhanced short/order-book,2010-01-25,long,32.24,2010-02-01,signal,
2009-05 to 2010-04,AIZ,Enhanced short/order-book,2010-02-03,long,31.94,2010-02-04,signal,
2009-05 to 2010-04,AIZ,Enhanced short/order-book,2010-02-05,long,31.53,2010-02-08,signal,
2009-05 to 2010-04,AIZ,Enhanced short/order-book,2010-02-25,long,30.63,2010-02-26,signal,
2009-05 to 2010-04,AIZ,Enhanced short/order-book,2010-05-04,long,36.21,2010-05-06,ATR stop,34.2113035029854
2009-05 to 2010-04,AIZ,Enhanced short/order-book,2010-05-12,long,36.46,2010-05-18,signal,
2009-05 to 2010-04,AIZ,Enhanced short/order-book,2010-06-03,long,35.73,2010-06-07,signal,
2009-05 to 2010-04,AIZ,Enhanced short/order-book,2010-07-08,long,36.06,2010-07-09,signal,
2009-05 to 2010-04,AIG,Core MA + ATR,2009-08-28,long,34.5387,2009-08-31,ATR stop,27.908526214199345
2009-05 to 2010-04,AIG,Core MA + ATR,2009-09-10,long,25.0663,2009-09-11,signal,
2009-05 to 2010-04,AIG,Core MA + ATR,2009-09-16,long,26.3897,2009-09-17,signal,
2009-05 to 2010-04,AIG,Core MA + ATR,2009-09-23,long,30.751,2009-09-24,signal,
2009-05 to 2010-04,AIG,Core MA + ATR,2010-01-27,short,15.959,2010-02-04,signal,
2009-05 to 2010-04,AIG,Core MA + ATR,2010-02-10,short,15.131,2010-02-10,ATR stop,16.73502261112066
2009-05 to 2010-04,AIG,Core MA + ATR,2010-03-01,short,18.2277,2010-03-02,signal,
2009-05 to 2010-04,AIG,Core MA + ATR,2010-03-03,short,16.3697,2010-03-05,signal,
2009-05 to 2010-04,AIG,Core MA + ATR,2010-03-11,long,24.5187,2010-03-18,signal,
2009-05 to 2010-04,AIG,Core MA + ATR,2010-03-22,long,22.0479,2010-03-23,signal,
2009-05 to 2010-04,AIG,Core MA + ATR,2010-05-11,long,26.4744,2010-05-17,signal,
2009-05 to 2010-04,AIG,Enhanced short/order-book,2009-08-28,long,34.5387,2009-08-31,ATR stop,27.908526214199345
2009-05 to 2010-04,AIG,Enhanced short/order-book,2009-09-10,long,25.0663,2009-09-11,signal,
2009-05 to 2010-04,AIG,Enhanced short/order-book,2009-09-16,long,26.3897,2009-09-17,signal,
2009-05 to 2010-04,AIG,Enhanced short/order-book,2009-09-23,long,30.751,2009-09-24,signal,
2009-05 to 2010-04,AIG,Enhanced short/order-book,2010-01-27,short,15.959,2010-02-04,signal,
2009-05 to 2010-04,AIG,Enhanced short/order-book,2010-02-10,short,15.131,2010-02-10,ATR stop,16.73502261112066
2009-05 to 2010-04,AIG,Enhanced short/order-book,2010-03-01,short,18.2277,2010-03-02,signal,
2009-05 to 2010-04,AIG,Enhanced short/order-book,2010-03-11,long,24.5187,2010-03-16,signal,
2009-05 to 2010-04,BAP,Core MA + ATR,2009-09-01,long,71.5,2009-09-02,signal,
2009-05 to 2010-04,BAP,Core MA + ATR,2009-09-09,long,73.0,2009-09-14,signal,
2009-05 to 2010-04,BAP,Core MA + ATR,2009-10-02,long,76.16,2009-10-05,signal,
2009-05 to 2010-04,BAP,Core MA + ATR,2009-10-07,long,78.91,2009-10-08,signal,
2009-05 to 2010-04,BAP,Core MA + ATR,2009-11-30,short,70.96,2009-12-03,signal,
2009-05 to 2010-04,BAP,Core MA + ATR,2010-02-03,long,78.39,2010-02-05,ATR stop,75.09829866266918
2009-05 to 2010-04,BAP,Core MA + ATR,2010-02-10,short,74.28,2010-02-12,signal,
2009-05 to 2010-04,BAP,Core MA + ATR,2010-03-17,long,85.65,2010-03-19,signal,
2009-05 to 2010-04,BAP,Core MA + ATR,2010-04-23,long,90.14,2010-04-27,signal,
2009-05 to 2010-04,BAP,Core MA + ATR,2010-05-13,long,89.49,2010-05-17,signal,
2009-05 to 2010-04,BAP,Core MA + ATR,2010-05-24,short,83.72,2010-05-27,signal,
2009-05 to 2010-04,BAP,Core MA + ATR,2010-06-14,long,93.62,2010-06-15,signal,
2009-05 to 2010-04,BAP,Core MA + ATR,2010-06-22,long,97.2,2010-06-23,signal,
2009-05 to 2010-04,BAP,Core MA + ATR,2010-07-09,long,95.56,2010-07-12,signal,
2009-05 to 2010-04,BAP,Enhanced short/order-book,2009-09-01,long,71.5,2009-09-02,signal,
2009-05 to 2010-04,BAP,Enhanced short/order-book,2009-09-09,long,73.0,2009-09-14,signal,
2009-05 to 2010-04,BAP,Enhanced short/order-book,2009-10-02,long,76.16,2009-10-05,signal,
2009-05 to 2010-04,BAP,Enhanced short/order-book,2009-10-07,long,78.91,2009-10-08,signal,
2009-05 to 2010-04,BAP,Enhanced short/order-book,2009-11-30,short,70.96,2009-12-03,signal,
2009-05 to 2010-04,BAP,Enhanced short/order-book,2010-02-03,long,78.39,2010-02-05,ATR stop,75.09829866266918
2009-05 to 2010-04,BAP,Enhanced short/order-book,2010-02-10,short,74.28,2010-02-12,signal,
2009-05 to 2010-04,BAP,Enhanced short/order-book,2010-05-24,short,83.72,2010-05-27,signal,
2009-05 to 2010-04,ALL,Core MA + ATR,2009-08-13,long,28.75,2009-08-20,signal,
2009-05 to 2010-04,ALL,Core MA + ATR,2009-09-29,long,31.08,2009-10-07,signal,
2009-05 to 2010-04,ALL,Core MA + ATR,2009-10-23,long,32.18,2009-10-26,signal,
2009-05 to 2010-04,ALL,Core MA + ATR,2010-01-20,long,31.23,2010-01-22,signal,
2009-05 to 2010-04,ALL,Core MA + ATR,2010-02-17,long,30.7,2010-02-23,signal,
2009-05 to 2010-04,ALL,Core MA + ATR,2010-03-29,long,32.38,2010-03-30,signal,
2009-05 to 2010-04,ALL,Core MA + ATR,2010-04-15,long,34.33,2010-04-27,ATR stop,33.63663545086537
2009-05 to 2010-04,ALL,Core MA + ATR,2010-05-24,short,30.62,2010-05-28,signal,
2009-05 to 2010-04,ALL,Core MA + ATR,2010-06-02,short,29.78,2010-06-03,signal,
2009-05 to 2010-04,ALL,Core MA + ATR,2010-06-07,short,29.07,2010-06-14,signal,
2009-05 to 2010-04,ALL,Core MA + ATR,2010-06-30,short,29.11,2010-07-09,signal,
2009-05 to 2010-04,ALL,Core MA + ATR,2010-07-22,short,27.39,2010-07-23,signal,
2009-05 to 2010-04,ALL,Enhanced short/order-book,2009-08-13,long,28.75,2009-08-20,signal,
2009-05 to 2010-04,ALL,Enhanced short/order-book,2009-09-29,long,31.08,2009-10-07,signal,
2009-05 to 2010-04,ALL,Enhanced short/order-book,2009-10-23,long,32.18,2009-10-26,signal,
2009-05 to 2010-04,ALL,Enhanced short/order-book,2010-01-20,long,31.23,2010-01-22,signal,
2009-05 to 2010-04,ALL,Enhanced short/order-book,2010-02-17,long,30.7,2010-02-23,signal,
2009-05 to 2010-04,ALL,Enhanced short/order-book,2010-05-24,short,30.62,2010-05-28,signal,
2009-05 to 2010-04,ALL,Enhanced short/order-book,2010-06-02,short,29.78,2010-06-03,signal,
2009-05 to 2010-04,ALL,Enhanced short/order-book,2010-06-07,short,29.07,2010-06-14,signal,
2009-05 to 2010-04,ALL,Enhanced short/order-book,2010-06-30,short,29.11,2010-07-09,signal,
2009-05 to 2010-04,ALL,Enhanced short/order-book,2010-07-22,short,27.39,2010-07-23,signal,
2009-05 to 2010-04,HIG,Core MA + ATR,2009-08-11,long,18.41,2009-08-14,signal,
2009-05 to 2010-04,HIG,Core MA + ATR,2009-09-18,long,27.45,2009-09-21,signal,
2009-05 to 2010-04,HIG,Core MA + ATR,2009-09-30,long,27.81,2009-10-01,signal,
2009-05 to 2010-04,HIG,Core MA + ATR,2009-10-07,long,27.88,2009-10-09,signal,
2009-05 to 2010-04,HIG,Core MA + ATR,2010-02-16,short,23.82,2010-02-17,signal,
2009-05 to 2010-04,HIG,Core MA + ATR,2010-03-18,long,28.66,2010-03-24,signal,
2009-05 to 2010-04,HIG,Core MA + ATR,2010-04-29,long,29.3,2010-05-03,signal,
2009-05 to 2010-04,HIG,Core MA + ATR,2010-05-21,short,23.06,2010-05-28,signal,
2009-05 to 2010-04,HIG,Core MA + ATR,2010-06-07,short,23.8,2010-06-14,signal,
2009-05 to 2010-04,HIG,Core MA + ATR,2010-06-30,short,22.08,2010-07-01,signal,
2009-05 to 2010-04,HIG,Core MA + ATR,2010-07-02,short,22.15,2010-07-08,signal,
2009-05 to 2010-04,HIG,Enhanced short/order-book,2009-08-11,long,18.41,2009-08-14,signal,
2009-05 to 2010-04,HIG,Enhanced short/order-book,2009-09-18,long,27.45,2009-09-21,signal,
2009-05 to 2010-04,HIG,Enhanced short/order-book,2009-09-30,long,27.81,2009-10-01,signal,
2009-05 to 2010-04,HIG,Enhanced short/order-book,2009-10-07,long,27.88,2009-10-09,signal,
2009-05 to 2010-04,HIG,Enhanced short/order-book,2010-02-16,short,23.82,2010-02-17,signal,
2009-05 to 2010-04,HIG,Enhanced short/order-book,2010-03-18,long,28.66,2010-03-24,signal,
2009-05 to 2010-04,HIG,Enhanced short/order-book,2010-05-21,short,23.06,2010-05-28,signal,
2009-05 to 2010-04,HIG,Enhanced short/order-book,2010-06-07,short,23.8,2010-06-14,signal,
2009-05 to 2010-04,HIG,Enhanced short/order-book,2010-06-30,short,22.08,2010-07-01,signal,
2009-05 to 2010-04,HIG,Enhanced short/order-book,2010-07-02,short,22.15,2010-07-08,signal,
2012-06 to 2012-12,MCY,Core MA + ATR,2012-10-09,long,40.25,2012-10-10,signal,
2012-06 to 2012-12,MCY,Core MA + ATR,2012-10-22,long,41.02,2012-10-22,ATR stop,39.89750229114143
2012-06 to 2012-12,MCY,Core MA + ATR,2012-11-01,long,40.5,2012-11-05,signal,
2012-06 to 2012-12,MCY,Core MA + ATR,2012-11-06,long,40.89,2012-11-08,signal,
2012-06 to 2012-12,MCY,Core MA + ATR,2012-11-23,long,40.22,2012-12-12,ATR stop,41.66338037670883
2012-06 to 2012-12,MCY,Core MA + ATR,2012-12-21,long,41.27,2012-12-24,signal,
2012-06 to 2012-12,MCY,Core MA + ATR,2013-01-11,short,39.25,2013-01-15,signal,
2012-06 to 2012-12,MCY,Core MA + ATR,2013-01-17,short,40.13,2013-01-18,signal,
2012-06 to 2012-12,MCY,Core MA + ATR,2013-02-05,short,37.9,2013-02-12,signal,
2012-06 to 2012-12,MCY,Core MA + ATR,2013-03-07,short,36.94,2013-03-14,signal,
2012-06 to 2012-12,MCY,Enhanced short/order-book,2012-10-09,long,40.25,2012-10-10,signal,
2012-06 to 2012-12,MCY,Enhanced short/order-book,2012-10-22,long,41.02,2012-10-22,ATR stop,39.89750229114143
2012-06 to 2012-12,MCY,Enhanced short/order-book,2012-11-01,long,40.5,2012-11-05,signal,
2012-06 to 2012-12,MCY,Enhanced short/order-book,2012-11-06,long,40.89,2012-11-08,signal,
2012-06 to 2012-12,MCY,Enhanced short/order-book,2012-11-23,long,40.22,2012-12-12,ATR stop,41.66338037670883
2012-06 to 2012-12,MCY,Enhanced short/order-book,2012-12-21,long,41.27,2012-12-24,signal,
2012-06 to 2012-12,CINF,Core MA + ATR,2012-10-31,long,36.96,2012-11-05,signal,
2012-06 to 2012-12,CINF,Core MA + ATR,2012-11-20,long,39.65,2012-12-03,signal,
2012-06 to 2012-12,CINF,Core MA + ATR,2013-01-07,long,40.25,2013-01-08,signal,
2012-06 to 2012-12,CINF,Core MA + ATR,2013-01-23,long,42.33,2013-02-01,signal,
2012-06 to 2012-12,CINF,Core MA + ATR,2013-02-04,long,43.36,2013-02-06,signal,
2012-06 to 2012-12,CINF,Core MA + ATR,2013-02-08,long,44.5,2013-02-15,signal,
2012-06 to 2012-12,CINF,Core MA + ATR,2013-02-28,long,45.1,2013-03-01,signal,
2012-06 to 2012-12,CINF,Core MA + ATR,2013-03-26,long,46.52,2013-03-28,signal,
2012-06 to 2012-12,CINF,Enhanced short/order-book,2012-10-31,long,36.96,2012-11-05,signal,
2012-06 to 2012-12,CINF,Enhanced short/order-book,2012-11-20,long,39.65,2012-12-03,signal,
2012-06 to 2012-12,CINF,Enhanced short/order-book,2013-01-07,long,40.25,2013-01-08,signal,
2012-06 to 2012-12,CINF,Enhanced short/order-book,2013-01-23,long,42.33,2013-02-01,signal,
2012-06 to 2012-12,CINF,Enhanced short/order-book,2013-02-04,long,43.36,2013-02-06,signal,
2012-06 to 2012-12,CINF,Enhanced short/order-book,2013-02-08,long,44.5,2013-02-15,signal,
2012-06 to 2012-12,CINF,Enhanced short/order-book,2013-02-28,long,45.1,2013-03-01,signal,
2012-06 to 2012-12,CINF,Enhanced short/order-book,2013-03-26,long,46.52,2013-03-28,signal,
2012-06 to 2012-12,PGR,Core MA + ATR,2012-09-26,long,20.74,2012-09-27,signal,
2012-06 to 2012-12,PGR,Core MA + ATR,2012-10-03,long,21.36,2012-10-08,signal,
2012-06 to 2012-12,PGR,Core MA + ATR,2012-10-10,long,22.0,2012-10-25,signal,
2012-06 to 2012-12,PGR,Core MA + ATR,2012-11-19,long,21.72,2012-11-20,signal,
2012-06 to 2012-12,PGR,Core MA + ATR,2013-01-22,long,22.67,2013-01-24,signal,
2012-06 to 2012-12,PGR,Core MA + ATR,2013-01-25,long,22.67,2013-01-28,signal,
2012-06 to 2012-12,PGR,Core MA + ATR,2013-02-14,long,24.38,2013-02-22,signal,
2012-06 to 2012-12,PGR,Core MA + ATR,2013-02-25,long,24.72,2013-02-26,signal,
2012-06 to 2012-12,PGR,Core MA + ATR,2013-02-28,long,24.59,2013-03-01,signal,
2012-06 to 2012-12,PGR,Core MA + ATR,2013-03-05,long,24.62,2013-03-06,signal,
2012-06 to 2012-12,PGR,Core MA + ATR,2013-03-18,long,24.81,2013-03-21,signal,
2012-06 to 2012-12,PGR,Enhanced short/order-book,2012-09-26,long,20.74,2012-09-27,signal,
2012-06 to 2012-12,PGR,Enhanced short/order-book,2012-10-03,long,21.36,2012-10-08,signal,
2012-06 to 2012-12,PGR,Enhanced short/order-book,2012-10-10,long,22.0,2012-10-25,signal,
2012-06 to 2012-12,PGR,Enhanced short/order-book,2012-11-19,long,21.72,2012-11-20,signal,
2012-06 to 2012-12,PGR,Enhanced short/order-book,2013-01-22,long,22.67,2013-01-24,signal,
2012-06 to 2012-12,PGR,Enhanced short/order-book,2013-01-25,long,22.67,2013-01-28,signal,
2012-06 to 2012-12,PGR,Enhanced short/order-book,2013-02-14,long,24.38,2013-02-22,signal,
2012-06 to 2012-12,PGR,Enhanced short/order-book,2013-02-25,long,24.72,2013-02-26,signal,
2012-06 to 2012-12,PGR,Enhanced short/order-book,2013-02-28,long,24.59,2013-03-01,signal,
2012-06 to 2012-12,PGR,Enhanced short/order-book,2013-03-05,long,24.62,2013-03-06,signal,
2012-06 to 2012-12,PGR,Enhanced short/order-book,2013-03-18,long,24.81,2013-03-21,signal,
2012-06 to 2012-12,AIZ,Core MA + ATR,2012-10-23,long,39.88,2012-10-23,ATR stop,38.47606919320408
2012-06 to 2012-12,AIZ,Core MA + ATR,2012-11-20,short,34.58,2012-11-30,signal,
2012-06 to 2012-12,AIZ,Core MA + ATR,2012-12-04,short,34.0,2012-12-05,signal,
2012-06 to 2012-12,AIZ,Core MA + ATR,2013-01-23,long,38.35,2013-01-29,signal,
2012-06 to 2012-12,AIZ,Core MA + ATR,2013-02-04,long,38.86,2013-02-05,signal,
2012-06 to 2012-12,AIZ,Core MA + ATR,2013-02-07,long,39.82,2013-02-07,ATR stop,38.29810010049997
2012-06 to 2012-12,AIZ,Core MA + ATR,2013-02-12,long,39.15,2013-02-22,signal,
2012-06 to 2012-12,AIZ,Core MA + ATR,2013-03-01,long,41.74,2013-03-11,signal,
2012-06 to 2012-12,AIZ,Enhanced short/order-book,2012-10-23,long,39.88,2012-10-23,ATR stop,38.47606919320408
2012-06 to 2012-12,AIZ,Enhanced short/order-book,2013-01-23,long,38.35,2013-01-29,signal,
2012-06 to 2012-12,AIZ,Enhanced short/order-book,2013-02-04,long,38.86,2013-02-05,signal,
2012-06 to 2012-12,AIZ,Enhanced short/order-book,2013-02-07,long,39.82,2013-02-07,ATR stop,38.29810010049997
2012-06 to 2012-12,AIZ,Enhanced short/order-book,2013-02-12,long,39.15,2013-02-22,signal,
2012-06 to 2012-12,AIZ,Enhanced short/order-book,2013-03-01,long,41.74,2013-03-11,signal,
2012-06 to 2012-12,AIG,Core MA + ATR,2012-09-14,long,34.83,2012-09-17,signal,
2012-06 to 2012-12,AIG,Core MA + ATR,2012-10-22,long,35.8,2012-10-23,signal,
2012-06 to 2012-12,AIG,Core MA + ATR,2012-11-15,short,30.97,2012-11-20,signal,
2012-06 to 2012-12,AIG,Core MA + ATR,2012-12-24,long,34.63,2012-12-27,signal,
2012-06 to 2012-12,AIG,Core MA + ATR,2012-12-28,long,34.6,2012-12-31,signal,
2012-06 to 2012-12,AIG,Core MA + ATR,2013-01-02,long,36.29,2013-01-04,signal,
2012-06 to 2012-12,AIG,Core MA + ATR,2013-02-14,long,38.64,2013-02-15,signal,
2012-06 to 2012-12,AIG,Enhanced short/order-book,2012-11-15,short,30.97,2012-11-20,signal,
2012-06 to 2012-12,BAP,Core MA + ATR,2012-09-14,long,127.66,2012-09-20,signal,
2012-06 to 2012-12,BAP,Core MA + ATR,2012-10-04,long,128.32,2012-10-08,signal,
2012-06 to 2012-12,BAP,Core MA + ATR,2012-11-08,long,130.44,2012-11-23,signal,
2012-06 to 2012-12,BAP,Core MA + ATR,2012-11-30,long,141.8,2012-12-04,signal,
2012-06 to 2012-12,BAP,Core MA + ATR,2012-12-05,long,139.0,2012-12-06,signal,
2012-06 to 2012-12,BAP,Core MA + ATR,2012-12-12,long,142.35,2012-12-17,signal,
2012-06 to 2012-12,BAP,Core MA + ATR,2012-12-20,long,145.19,2012-12-24,signal,
2012-06 to 2012-12,BAP,Core MA + ATR,2013-01-18,long,158.01,2013-01-23,signal,
2012-06 to 2012-12,BAP,Core MA + ATR,2013-02-28,long,149.58,2013-03-01,signal,
2012-06 to 2012-12,BAP,Core MA + ATR,2013-03-12,long,157.88,2013-03-13,signal,
2012-06 to 2012-12,ALL,Core MA + ATR,2012-10-17,long,41.48,2012-10-23,ATR stop,41.36311218321505
2012-06 to 2012-12,ALL,Core MA + ATR,2012-11-20,long,39.64,2012-11-21,signal,
2012-06 to 2012-12,ALL,Core MA + ATR,2012-12-19,long,41.39,2012-12-20,signal,
2012-06 to 2012-12,ALL,Core MA + ATR,2012-12-21,long,40.74,2012-12-24,signal,
2012-06 to 2012-12,ALL,Core MA + ATR,2013-01-03,long,41.2,2013-01-09,signal,
2012-06 to 2012-12,ALL,Core MA + ATR,2013-02-05,long,44.13,2013-02-06,signal,
2012-06 to 2012-12,ALL,Core MA + ATR,2013-02-08,long,45.05,2013-02-13,signal,
2012-06 to 2012-12,ALL,Core MA + ATR,2013-03-05,long,46.77,2013-03-08,signal,
2012-06 to 2012-12,HIG,Core MA + ATR,2012-09-10,long,19.35,2012-09-12,signal,
2012-06 to 2012-12,HIG,Core MA + ATR,2012-09-14,long,20.0,2012-09-19,signal,
2012-06 to 2012-12,HIG,Core MA + ATR,2012-10-02,long,19.54,2012-10-03,signal,
2012-06 to 2012-12,HIG,Core MA + ATR,2012-10-08,long,21.03,2012-10-11,signal,
2012-06 to 2012-12,HIG,Core MA + ATR,2012-11-02,long,21.41,2012-11-05,signal,
2012-06 to 2012-12,HIG,Core MA + ATR,2013-01-03,long,23.77,2013-01-08,signal,
2012-06 to 2012-12,HIG,Core MA + ATR,2013-01-09,long,23.98,2013-01-10,signal,
2012-06 to 2012-12,HIG,Core MA + ATR,2013-03-06,long,24.34,2013-03-18,signal,
2012-06 to 2012-12,HIG,Core MA + ATR,2013-03-19,long,26.01,2013-03-20,signal,
2012-06 to 2012-12,HIG,Core MA + ATR,2013-03-21,long,25.99,2013-03-22,signal,
2012-06 to 2012-12,HIG,Core MA + ATR,2013-03-26,long,26.17,2013-03-27,signal,
2014-03 to 2016-06,MCY,Core MA + ATR,2014-07-11,short,46.69,2014-07-14,signal,
2014-03 to 2016-06,MCY,Core MA + ATR,2014-07-18,short,46.78,2014-07-21,signal,
2014-03 to 2016-06,MCY,Core MA + ATR,2014-07-31,long,49.35,2014-08-13,signal,
2014-03 to 2016-06,MCY,Core MA + ATR,2014-08-14,long,51.86,2014-08-18,ATR stop,51.19379696058625
2014-03 to 2016-06,MCY,Core MA + ATR,2014-08-26,long,51.65,2014-08-29,signal,
2014-03 to 2016-06,MCY,Core MA + ATR,2014-09-02,long,51.44,2014-09-03,signal,
2014-03 to 2016-06,MCY,Core MA + ATR,2014-10-02,short,48.57,2014-10-03,signal,
2014-03 to 2016-06,MCY,Core MA + ATR,2014-10-08,short,48.63,2014-10-09,signal,
2014-03 to 2016-06,MCY,Core MA + ATR,2014-10-10,short,48.88,2014-10-13,signal,
2014-03 to 2016-06,MCY,Core MA + ATR,2014-10-14,short,49.34,2014-10-15,signal,
2014-03 to 2016-06,MCY,Core MA + ATR,2014-10-31,long,53.35,2014-11-03,signal,
2014-03 to 2016-06,MCY,Core MA + ATR,2014-11-04,long,54.2,2014-11-11,signal,
2014-03 to 2016-06,MCY,Core MA + ATR,2014-12-09,long,58.44,2014-12-10,ATR stop,56.292541756903525
2014-03 to 2016-06,MCY,Core MA + ATR,2014-12-26,long,56.16,2014-12-31,signal,
2014-03 to 2016-06,MCY,Core MA + ATR,2015-01-05,long,55.53,2015-01-06,signal,
2014-03 to 2016-06,MCY,Core MA + ATR,2015-01-13,long,56.89,2015-01-22,signal,
2014-03 to 2016-06,MCY,Core MA + ATR,2015-01-23,long,58.1,2015-02-02,signal,
2014-03 to 2016-06,MCY,Core MA + ATR,2015-02-04,long,59.02,2015-02-06,signal,
2014-03 to 2016-06,MCY,Core MA + ATR,2015-04-16,long,58.0,2015-04-17,signal,
2014-03 to 2016-06,MCY,Core MA + ATR,2015-06-30,short,56.13,2015-07-01,signal,
2014-03 to 2016-06,MCY,Core MA + ATR,2015-07-06,short,55.45,2015-07-08,signal,
2014-03 to 2016-06,MCY,Core MA + ATR,2015-07-09,long,56.78,2015-07-10,signal,
2014-03 to 2016-06,MCY,Core MA + ATR,2015-07-14,long,56.24,2015-07-15,signal,
2014-03 to 2016-06,MCY,Core MA + ATR,2015-08-12,short,54.17,2015-08-17,signal,
2014-03 to 2016-06,MCY,Core MA + ATR,2015-08-21,short,53.51,2015-09-01,signal,
2014-03 to 2016-06,MCY,Core MA + ATR,2015-09-02,short,50.19,2015-09-14,signal,
2014-03 to 2016-06,MCY,Core MA + ATR,2015-10-01,short,50.62,2015-10-07,signal,
2014-03 to 2016-06,MCY,Core MA + ATR,2015-12-11,short,48.86,2015-12-24,signal,
2014-03 to 2016-06,MCY,Core MA + ATR,2016-01-05,short,45.84,2016-01-15,signal,
2014-03 to 2016-06,MCY,Core MA + ATR,2016-01-20,short,43.34,2016-01-22,signal,
2014-03 to 2016-06,MCY,Core MA + ATR,2016-01-26,short,44.34,2016-01-27,signal,
2014-03 to 2016-06,MCY,Core MA + ATR,2016-02-23,long,53.11,2016-02-25,signal,
2014-03 to 2016-06,MCY,Core MA + ATR,2016-05-09,short,51.9,2016-05-11,signal,
2014-03 to 2016-06,MCY,Core MA + ATR,2016-05-12,short,51.92,2016-05-13,signal,
2014-03 to 2016-06,MCY,Core MA + ATR,2016-05-16,short,51.83,2016-05-17,signal,
2014-03 to 2016-06,MCY,Core MA + ATR,2016-05-19,short,51.22,2016-05-20,signal,
2014-03 to 2016-06,MCY,Core MA + ATR,2016-06-15,short,52.06,2016-06-23,signal,
2014-03 to 2016-06,MCY,Core MA + ATR,2016-06-28,short,50.09,2016-06-30,ATR stop,52.36489115961411
2014-03 to 2016-06,MCY,Core MA + ATR,2016-09-12,long,54.48,2016-09-13,signal,
2014-03 to 2016-06,MCY,Core MA + ATR,2016-09-21,long,54.32,2016-09-30,signal,
2014-03 to 2016-06,MCY,Enhanced short/order-book,2014-07-31,long,49.35,2014-08-13,signal,
2014-03 to 2016-06,MCY,Enhanced short/order-book,2014-08-14,long,51.86,2014-08-18,ATR stop,51.19379696058625
2014-03 to 2016-06,MCY,Enhanced short/order-book,2014-08-26,long,51.65,2014-08-29,signal,
2014-03 to 2016-06,MCY,Enhanced short/order-book,2014-09-02,long,51.44,2014-09-03,signal,
2014-03 to 2016-06,MCY,Enhanced short/order-book,2014-10-31,long,53.35,2014-11-03,signal,
2014-03 to 2016-06,MCY,Enhanced short/order-book,2014-11-04,long,54.2,2014-11-11,signal,
2014-03 to 2016-06,MCY,Enhanced short/order-book,2014-12-09,long,58.44,2014-12-10,ATR stop,56.292541756903525
2014-03 to 2016-06,MCY,Enhanced short/order-book,2014-12-26,long,56.16,2014-12-31,signal,
2014-03 to 2016-06,MCY,Enhanced short/order-book,2015-01-05,long,55.53,2015-01-06,signal,
2014-03 to 2016-06,MCY,Enhanced short/order-book,2015-01-13,long,56.89,2015-01-22,signal,
2014-03 to 2016-06,MCY,Enhanced short/order-book,2015-01-23,long,58.1,2015-02-02,signal,
2014-03 to 2016-06,MCY,Enhanced short/order-book,2015-02-04,long,59.02,2015-02-06,signal,
2014-03 to 2016-06,MCY,Enhanced short/order-book,2015-04-16,long,58.0,2015-04-17,signal,
2014-03 to 2016-06,MCY,Enhanced short/order-book,2015-07-09,long,56.78,2015-07-10,signal,
2014-03 to 2016-06,MCY,Enhanced short/order-book,2015-07-14,long,56.24,2015-07-15,signal,
2014-03 to 2016-06,MCY,Enhanced short/order-book,2015-12-22,short,46.22,2015-12-24,signal,
2014-03 to 2016-06,MCY,Enhanced short/order-book,2016-01-12,short,44.6,2016-01-15,signal,
2014-03 to 2016-06,MCY,Enhanced short/order-book,2016-05-09,short,51.9,2016-05-10,signal,
2014-03 to 2016-06,MCY,Enhanced short/order-book,2016-05-19,short,51.22,2016-05-20,signal,
2014-03 to 2016-06,MCY,Enhanced short/order-book,2016-06-15,short,52.06,2016-06-21,signal,
2014-03 to 2016-06,MCY,Enhanced short/order-book,2016-09-12,long,54.48,2016-09-13,signal,
2014-03 to 2016-06,MCY,Enhanced short/order-book,2016-09-21,long,54.32,2016-09-30,signal,
2014-03 to 2016-06,CINF,Core MA + ATR,2014-07-15,short,48.25,2014-07-16,signal,
2014-03 to 2016-06,CINF,Core MA + ATR,2014-07-23,short,47.79,2014-07-25,signal,
2014-03 to 2016-06,CINF,Core MA + ATR,2014-07-28,short,47.63,2014-08-08,signal,
2014-03 to 2016-06,CINF,Core MA + ATR,2014-09-09,long,48.36,2014-09-10,signal,
2014-03 to 2016-06,CINF,Core MA + ATR,2014-10-08,short,46.86,2014-10-09,signal,
2014-03 to 2016-06,CINF,Core MA + ATR,2014-10-10,short,46.7,2014-10-20,signal,
2014-03 to 2016-06,CINF,Core MA + ATR,2014-11-04,long,50.56,2014-11-07,signal,
2014-03 to 2016-06,CINF,Core MA + ATR,2014-12-12,long,51.48,2014-12-15,signal,
2014-03 to 2016-06,CINF,Core MA + ATR,2014-12-22,long,51.3,2015-01-02,signal,
2014-03 to 2016-06,CINF,Core MA + ATR,2015-01-09,long,52.41,2015-01-13,signal,
2014-03 to 2016-06,CINF,Core MA + ATR,2015-01-20,long,51.97,2015-01-21,signal,
2014-03 to 2016-06,CINF,Core MA + ATR,2015-01-23,long,52.55,2015-01-29,signal,
2014-03 to 2016-06,CINF,Core MA + ATR,2015-02-05,long,52.56,2015-02-06,signal,
2014-03 to 2016-06,CINF,Core MA + ATR,2015-02-09,long,51.63,2015-02-10,signal,
2014-03 to 2016-06,CINF,Core MA + ATR,2015-03-18,long,53.42,2015-03-23,signal,
2014-03 to 2016-06,CINF,Core MA + ATR,2015-05-04,short,50.84,2015-05-08,signal,
2014-03 to 2016-06,CINF,Core MA + ATR,2015-05-12,short,51.06,2015-05-13,signal,
2014-03 to 2016-06,CINF,Core MA + ATR,2015-06-30,short,50.02,2015-07-01,ATR stop,51.46036261522042
2014-03 to 2016-06,CINF,Core MA + ATR,2015-07-10,long,53.61,2015-07-15,signal,
2014-03 to 2016-06,CINF,Core MA + ATR,2015-07-16,long,53.84,2015-07-17,signal,
2014-03 to 2016-06,CINF,Core MA + ATR,2015-07-30,long,54.09,2015-08-07,signal,
2014-03 to 2016-06,CINF,Core MA + ATR,2015-08-12,long,55.73,2015-08-19,signal,
2014-03 to 2016-06,CINF,Core MA + ATR,2015-11-02,long,60.62,2015-11-03,signal,
2014-03 to 2016-06,CINF,Core MA + ATR,2015-12-07,long,61.3,2015-12-09,signal,
2014-03 to 2016-06,CINF,Core MA + ATR,2015-12-29,long,60.37,2016-01-04,signal,
2014-03 to 2016-06,CINF,Core MA + ATR,2016-01-06,short,57.1,2016-01-15,signal,
2014-03 to 2016-06,CINF,Core MA + ATR,2016-01-19,short,55.97,2016-01-28,signal,
2014-03 to 2016-06,CINF,Core MA + ATR,2016-04-28,long,65.76,2016-05-05,signal,
2014-03 to 2016-06,CINF,Core MA + ATR,2016-05-06,long,66.45,2016-05-17,signal,
2014-03 to 2016-06,CINF,Core MA + ATR,2016-05-19,long,67.42,2016-05-20,signal,
2014-03 to 2016-06,CINF,Core MA + ATR,2016-05-23,long,68.12,2016-05-24,signal,
2014-03 to 2016-06,CINF,Core MA + ATR,2016-05-25,long,69.02,2016-05-27,signal,
2014-03 to 2016-06,CINF,Core MA + ATR,2016-06-01,long,68.95,2016-06-03,signal,
2014-03 to 2016-06,CINF,Core MA + ATR,2016-06-27,long,69.82,2016-06-28,signal,
2014-03 to 2016-06,CINF,Core MA + ATR,2016-06-29,long,71.93,2016-07-12,signal,
2014-03 to 2016-06,CINF,Core MA + ATR,2016-08-29,long,76.19,2016-09-07,signal,
2014-03 to 2016-06,CINF,Enhanced short/order-book,2014-09-09,long,48.36,2014-09-10,signal,
2014-03 to 2016-06,CINF,Enhanced short/order-book,2014-11-04,long,50.56,2014-11-07,signal,
2014-03 to 2016-06,CINF,Enhanced short/order-book,2014-12-12,long,51.48,2014-12-15,signal,
2014-03 to 2016-06,CINF,Enhanced short/order-book,2014-12-22,long,51.3,2015-01-02,signal,
2014-03 to 2016-06,CINF,Enhanced short/order-book,2015-01-09,long,52.41,2015-01-13,signal,
2014-03 to 2016-06,CINF,Enhanced short/order-book,2015-01-20,long,51.97,2015-01-21,signal,
2014-03 to 2016-06,CINF,Enhanced short/order-book,2015-01-23,long,52.55,2015-01-29,signal,
2014-03 to 2016-06,CINF,Enhanced short/order-book,2015-02-05,long,52.56,2015-02-06,signal,
2014-03 to 2016-06,CINF,Enhanced short/order-book,2015-02-09,long,51.63,2015-02-10,signal,
2014-03 to 2016-06,CINF,Enhanced short/order-book,2015-03-18,long,53.42,2015-03-23,signal,
2014-03 to 2016-06,CINF,Enhanced short/order-book,2015-07-10,long,53.61,2015-07-15,signal,
2014-03 to 2016-06,CINF,Enhanced short/order-book,2015-07-16,long,53.84,2015-07-17,signal,
2014-03 to 2016-06,CINF,Enhanced short/order-book,2015-07-30,long,54.09,2015-08-07,signal,
2014-03 to 2016-06,CINF,Enhanced short/order-book,2015-08-12,long,55.73,2015-08-19,signal,
2014-03 to 2016-06,CINF,Enhanced short/order-book,2015-12-07,long,61.3,2015-12-09,signal,
2014-03 to 2016-06,CINF,Enhanced short/order-book,2015-12-29,long,60.37,2016-01-04,signal,
2014-03 to 2016-06,CINF,Enhanced short/order-book,2016-01-12,short,56.05,2016-01-15,signal,
2014-03 to 2016-06,CINF,Enhanced short/order-book,2016-01-19,short,55.97,2016-01-28,signal,
2014-03 to 2016-06,CINF,Enhanced short/order-book,2016-04-28,long,65.76,2016-05-05,signal,
2014-03 to 2016-06,CINF,Enhanced short/order-book,2016-05-06,long,66.45,2016-05-10,signal,
2014-03 to 2016-06,CINF,Enhanced short/order-book,2016-05-19,long,67.42,2016-05-20,signal,
2014-03 to 2016-06,CINF,Enhanced short/order-book,2016-05-23,long,68.12,2016-05-24,signal,
2014-03 to 2016-06,CINF,Enhanced short/order-book,2016-05-25,long,69.02,2016-05-27,signal,
2014-03 to 2016-06,CINF,Enhanced short/order-book,2016-07-06,long,74.31,2016-07-12,signal,
2014-03 to 2016-06,CINF,Enhanced short/order-book,2016-08-29,long,76.19,2016-09-07,signal,
2014-03 to 2016-06,PGR,Core MA + ATR,2014-06-16,long,25.37,2014-06-24,signal,
2014-03 to 2016-06,PGR,Core MA + ATR,2014-08-01,short,23.6,2014-08-07,ATR stop,23.923183483545976
2014-03 to 2016-06,PGR,Core MA + ATR,2014-10-03,long,25.47,2014-10-08,signal,
2014-03 to 2016-06,PGR,Core MA + ATR,2014-10-09,long,25.59,2014-10-10,signal,
2014-03 to 2016-06,PGR,Core MA + ATR,2014-10-22,long,25.47,2014-11-10,signal,
2014-03 to 2016-06,PGR,Core MA + ATR,2014-11-13,long,27.07,2014-11-14,signal,
2014-03 to 2016-06,PGR,Core MA + ATR,2014-11-20,long,26.98,2014-11-21,signal,
2014-03 to 2016-06,PGR,Core MA + ATR,2014-12-24,long,27.06,2014-12-29,signal,
2014-03 to 2016-06,PGR,Core MA + ATR,2015-01-05,long,26.86,2015-01-06,signal,
2014-03 to 2016-06,PGR,Core MA + ATR,2015-01-09,long,27.5,2015-01-12,signal,
2014-03 to 2016-06,PGR,Core MA + ATR,2015-01-21,short,26.21,2015-01-23,signal,
2014-03 to 2016-06,PGR,Core MA + ATR,2015-02-02,short,25.46,2015-02-09,signal,
2014-03 to 2016-06,PGR,Core MA + ATR,2015-03-19,long,27.47,2015-03-23,signal,
2014-03 to 2016-06,PGR,Core MA + ATR,2015-04-21,long,27.11,2015-04-22,signal,
2014-03 to 2016-06,PGR,Core MA + ATR,2015-06-19,long,28.18,2015-06-24,signal,
2014-03 to 2016-06,PGR,Core MA + ATR,2015-07-02,long,28.5,2015-07-27,signal,
2014-03 to 2016-06,PGR,Core MA + ATR,2015-08-12,long,30.64,2015-08-19,signal,
2014-03 to 2016-06,PGR,Core MA + ATR,2015-08-20,long,31.2,2015-08-21,signal,
2014-03 to 2016-06,PGR,Core MA + ATR,2015-09-14,long,30.27,2015-09-18,signal,
2014-03 to 2016-06,PGR,Core MA + ATR,2015-09-28,long,30.46,2015-09-29,signal,
2014-03 to 2016-06,PGR,Core MA + ATR,2015-10-02,long,30.29,2015-10-08,signal,
2014-03 to 2016-06,PGR,Core MA + ATR,2015-10-19,long,32.45,2015-10-20,signal,
2014-03 to 2016-06,PGR,Core MA + ATR,2015-12-10,short,30.66,2015-12-11,signal,
2014-03 to 2016-06,PGR,Core MA + ATR,2015-12-14,short,30.34,2015-12-16,ATR stop,31.381611890031202
2014-03 to 2016-06,PGR,Core MA + ATR,2016-01-05,short,31.12,2016-01-06,signal,
2014-03 to 2016-06,PGR,Core MA + ATR,2016-01-07,short,30.61,2016-01-27,ATR stop,30.66
2014-03 to 2016-06,PGR,Core MA + ATR,2016-02-12,short,30.61,2016-02-16,signal,
2014-03 to 2016-06,PGR,Core MA + ATR,2016-05-19,short,32.24,2016-05-23,signal,
2014-03 to 2016-06,PGR,Core MA + ATR,2016-06-16,short,31.58,2016-06-20,signal,
2014-03 to 2016-06,PGR,Core MA + ATR,2016-06-21,short,31.98,2016-06-22,signal,
2014-03 to 2016-06,PGR,Core MA + ATR,2016-06-27,short,31.34,2016-06-29,ATR stop,32.45228153724035
2014-03 to 2016-06,PGR,Core MA + ATR,2016-09-12,short,31.05,2016-09-22,signal,
2014-03 to 2016-06,PGR,Enhanced short/order-book,2014-06-16,long,25.37,2014-06-24,signal,
2014-03 to 2016-06,PGR,Enhanced short/order-book,2014-10-03,long,25.47,2014-10-08,signal,
2014-03 to 2016-06,PGR,Enhanced short/order-book,2014-10-09,long,25.59,2014-10-10,signal,
2014-03 to 2016-06,PGR,Enhanced short/order-book,2014-10-22,long,25.47,2014-11-10,signal,
2014-03 to 2016-06,PGR,Enhanced short/order-book,2014-11-13,long,27.07,2014-11-14,signal,
2014-03 to 2016-06,PGR,Enhanced short/order-book,2014-11-20,long,26.98,2014-11-21,signal,
2014-03 to 2016-06,PGR,Enhanced short/order-book,2014-12-24,long,27.06,2014-12-29,signal,
2014-03 to 2016-06,PGR,Enhanced short/order-book,2015-01-05,long,26.86,2015-01-06,signal,
2014-03 to 2016-06,PGR,Enhanced short/order-book,2015-01-09,long,27.5,2015-01-12,signal,
2014-03 to 2016-06,PGR,Enhanced short/order-book,2015-03-19,long,27.47,2015-03-23,signal,
2014-03 to 2016-06,PGR,Enhanced short/order-book,2015-04-21,long,27.11,2015-04-22,signal,
2014-03 to 2016-06,PGR,Enhanced short/order-book,2015-06-19,long,28.18,2015-06-24,signal,
2014-03 to 2016-06,PGR,Enhanced short/order-book,2015-07-02,long,28.5,2015-07-27,signal,
2014-03 to 2016-06,PGR,Enhanced short/order-book,2015-08-12,long,30.64,2015-08-19,signal,
2014-03 to 2016-06,PGR,Enhanced short/order-book,2015-08-20,long,31.2,2015-08-21,signal,
2014-03 to 2016-06,PGR,Enhanced short/order-book,2015-09-14,long,30.27,2015-09-18,signal,
2014-03 to 2016-06,PGR,Enhanced short/order-book,2015-09-28,long,30.46,2015-09-29,signal,
2014-03 to 2016-06,PGR,Enhanced short/order-book,2015-10-02,long,30.29,2015-10-08,signal,
2014-03 to 2016-06,PGR,Enhanced short/order-book,2015-10-19,long,32.45,2015-10-20,signal,
2014-03 to 2016-06,PGR,Enhanced short/order-book,2015-12-10,short,30.66,2015-12-11,signal,
2014-03 to 2016-06,PGR,Enhanced short/order-book,2015-12-14,short,30.34,2015-12-16,ATR stop,31.381611890031202
2014-03 to 2016-06,PGR,Enhanced short/order-book,2016-01-05,short,31.12,2016-01-06,signal,
2014-03 to 2016-06,PGR,Enhanced short/order-book,2016-01-07,short,30.61,2016-01-20,signal,
2014-03 to 2016-06,PGR,Enhanced short/order-book,2016-01-26,short,29.62,2016-01-27,ATR stop,30.66
2014-03 to 2016-06,PGR,Enhanced short/order-book,2016-02-12,short,30.61,2016-02-16,signal,
2014-03 to 2016-06,PGR,Enhanced short/order-book,2016-05-19,short,32.24,2016-05-23,signal,
2014-03 to 2016-06,PGR,Enhanced short/order-book,2016-06-16,short,31.58,2016-06-20,signal,
2014-03 to 2016-06,PGR,Enhanced short/order-book,2016-06-21,short,31.98,2016-06-22,signal,
2014-03 to 2016-06,PGR,Enhanced short/order-book,2016-06-27,short,31.34,2016-06-28,signal,
2014-03 to 2016-06,AIZ,Core MA + ATR,2014-07-10,short,64.42,2014-07-11,signal,
2014-03 to 2016-06,AIZ,Core MA + ATR,2014-07-14,short,66.39,2014-07-16,signal,
2014-03 to 2016-06,AIZ,Core MA + ATR,2014-07-18,short,65.08,2014-07-22,signal,
2014-03 to 2016-06,AIZ,Core MA + ATR,2014-07-30,short,65.24,2014-08-08,signal,
2014-03 to 2016-06,AIZ,Core MA + ATR,2014-10-02,short,63.0,2014-10-09,signal,
2014-03 to 2016-06,AIZ,Core MA + ATR,2014-10-10,short,61.98,2014-10-20,signal,
2014-03 to 2016-06,AIZ,Core MA + ATR,2014-12-04,long,68.45,2014-12-05,signal,
2014-03 to 2016-06,AIZ,Core MA + ATR,2014-12-10,long,68.32,2014-12-11,signal,
2014-03 to 2016-06,AIZ,Core MA + ATR,2014-12-22,long,68.9,2014-12-26,signal,
2014-03 to 2016-06,AIZ,Core MA + ATR,2015-01-15,short,65.4,2015-01-23,signal,
2014-03 to 2016-06,AIZ,Core MA + ATR,2015-01-29,short,64.08,2015-02-04,signal,
2014-03 to 2016-06,AIZ,Core MA + ATR,2015-02-17,short,61.49,2015-02-26,signal,
2014-03 to 2016-06,AIZ,Core MA + ATR,2015-03-11,short,60.88,2015-03-13,signal,
2014-03 to 2016-06,AIZ,Core MA + ATR,2015-05-08,long,65.0,2015-05-13,signal,
2014-03 to 2016-06,AIZ,Core MA + ATR,2015-06-17,long,67.89,2015-06-25,signal,
2014-03 to 2016-06,AIZ,Core MA + ATR,2015-07-02,long,68.87,2015-07-22,signal,
2014-03 to 2016-06,AIZ,Core MA + ATR,2015-07-30,long,74.33,2015-08-10,signal,
2014-03 to 2016-06,AIZ,Core MA + ATR,2015-08-11,long,77.7,2015-08-17,signal,
2014-03 to 2016-06,AIZ,Core MA + ATR,2015-09-11,long,75.85,2015-09-21,signal,
2014-03 to 2016-06,AIZ,Core MA + ATR,2015-09-29,long,76.86,2015-09-30,signal,
2014-03 to 2016-06,AIZ,Core MA + ATR,2015-10-02,long,77.22,2015-10-08,signal,
2014-03 to 2016-06,AIZ,Core MA + ATR,2015-10-09,long,81.66,2015-10-13,signal,
2014-03 to 2016-06,AIZ,Core MA + ATR,2015-10-22,long,80.18,2015-10-27,signal,
2014-03 to 2016-06,AIZ,Core MA + ATR,2015-10-29,long,81.39,2015-11-02,signal,
2014-03 to 2016-06,AIZ,Core MA + ATR,2015-11-03,long,82.65,2015-11-05,signal,
2014-03 to 2016-06,AIZ,Core MA + ATR,2015-12-07,long,86.55,2015-12-10,signal,
2014-03 to 2016-06,AIZ,Core MA + ATR,2016-01-05,short,78.52,2016-01-14,ATR stop,79.80459512823455
2014-03 to 2016-06,AIZ,Core MA + ATR,2016-01-21,short,76.76,2016-01-25,signal,
2014-03 to 2016-06,AIZ,Core MA + ATR,2016-01-26,short,78.34,2016-01-27,signal,
2014-03 to 2016-06,AIZ,Core MA + ATR,2016-02-09,short,75.04,2016-02-19,signal,
2014-03 to 2016-06,AIZ,Core MA + ATR,2016-04-28,long,84.87,2016-05-04,signal,
2014-03 to 2016-06,AIZ,Core MA + ATR,2016-07-05,long,87.62,2016-07-08,signal,
2014-03 to 2016-06,AIZ,Core MA + ATR,2016-07-13,long,87.73,2016-07-14,signal,
2014-03 to 2016-06,AIZ,Core MA + ATR,2016-09-13,long,89.45,2016-09-14,signal,
2014-03 to 2016-06,AIZ,Core MA + ATR,2016-09-21,long,89.49,2016-09-30,event end,92.25
2014-03 to 2016-06,AIZ,Enhanced short/order-book,2014-12-04,long,68.45,2014-12-05,signal,
2014-03 to 2016-06,AIZ,Enhanced short/order-book,2014-12-10,long,68.32,2014-12-11,signal,
2014-03 to 2016-06,AIZ,Enhanced short/order-book,2014-12-22,long,68.9,2014-12-26,signal,
2014-03 to 2016-06,AIZ,Enhanced short/order-book,2015-05-08,long,65.0,2015-05-13,signal,
2014-03 to 2016-06,AIZ,Enhanced short/order-book,2015-06-17,long,67.89,2015-06-25,signal,
2014-03 to 2016-06,AIZ,Enhanced short/order-book,2015-07-02,long,68.87,2015-07-22,signal,
2014-03 to 2016-06,AIZ,Enhanced short/order-book,2015-07-30,long,74.33,2015-08-10,signal,
2014-03 to 2016-06,AIZ,Enhanced short/order-book,2015-08-11,long,77.7,2015-08-17,signal,
2014-03 to 2016-06,AIZ,Enhanced short/order-book,2015-09-11,long,75.85,2015-09-21,signal,
2014-03 to 2016-06,AIZ,Enhanced short/order-book,2015-09-29,long,76.86,2015-09-30,signal,
2014-03 to 2016-06,AIZ,Enhanced short/order-book,2015-10-02,long,77.22,2015-10-08,signal,
2014-03 to 2016-06,AIZ,Enhanced short/order-book,2015-10-09,long,81.66,2015-10-13,signal,
2014-03 to 2016-06,AIZ,Enhanced short/order-book,2015-10-22,long,80.18,2015-10-27,signal,
2014-03 to 2016-06,AIZ,Enhanced short/order-book,2015-10-29,long,81.39,2015-11-02,signal,
2014-03 to 2016-06,AIZ,Enhanced short/order-book,2015-11-03,long,82.65,2015-11-05,signal,
2014-03 to 2016-06,AIZ,Enhanced short/order-book,2016-01-12,short,77.76,2016-01-15,signal,
2014-03 to 2016-06,AIZ,Enhanced short/order-book,2016-01-26,short,78.34,2016-01-27,signal,
2014-03 to 2016-06,AIZ,Enhanced short/order-book,2016-02-17,short,68.04,2016-02-19,signal,
2014-03 to 2016-06,AIZ,Enhanced short/order-book,2016-04-28,long,84.87,2016-05-04,signal,
2014-03 to 2016-06,AIZ,Enhanced short/order-book,2016-07-05,long,87.62,2016-07-08,signal,
2014-03 to 2016-06,AIZ,Enhanced short/order-book,2016-07-13,long,87.73,2016-07-14,signal,
2014-03 to 2016-06,AIZ,Enhanced short/order-book,2016-09-13,long,89.45,2016-09-14,signal,
2014-03 to 2016-06,AIZ,Enhanced short/order-book,2016-09-21,long,89.49,2016-09-30,event end,92.25
2014-03 to 2016-06,AIG,Core MA + ATR,2014-08-05,short,53.53,2014-08-08,signal,
2014-03 to 2016-06,AIG,Core MA + ATR,2014-10-09,short,51.84,2014-10-20,signal,
2014-03 to 2016-06,AIG,Core MA + ATR,2014-12-12,long,54.88,2014-12-15,signal,
2014-03 to 2016-06,AIG,Core MA + ATR,2014-12-22,long,55.73,2014-12-24,signal,
2014-03 to 2016-06,AIG,Core MA + ATR,2015-01-22,short,51.28,2015-01-23,signal,
2014-03 to 2016-06,AIG,Core MA + ATR,2015-01-28,short,50.84,2015-02-03,ATR stop,51.02599563032339
2014-03 to 2016-06,AIG,Core MA + ATR,2015-03-20,long,55.81,2015-03-23,signal,
2014-03 to 2016-06,AIG,Core MA + ATR,2015-04-14,long,57.32,2015-04-17,signal,
2014-03 to 2016-06,AIG,Core MA + ATR,2015-04-20,long,57.81,2015-04-21,signal,
2014-03 to 2016-06,AIG,Core MA + ATR,2015-05-04,long,58.0,2015-05-05,signal,
2014-03 to 2016-06,AIG,Core MA + ATR,2015-05-08,long,59.44,2015-05-14,signal,
2014-03 to 2016-06,AIG,Core MA + ATR,2015-06-03,long,59.84,2015-06-22,signal,
2014-03 to 2016-06,AIG,Core MA + ATR,2015-06-23,long,63.13,2015-06-24,signal,
2014-03 to 2016-06,AIG,Core MA + ATR,2015-07-08,long,61.88,2015-07-09,signal,
2014-03 to 2016-06,AIG,Core MA + ATR,2015-07-13,long,63.08,2015-07-17,signal,
2014-03 to 2016-06,AIG,Core MA + ATR,2015-08-17,long,63.82,2015-08-19,signal,
2014-03 to 2016-06,AIG,Core MA + ATR,2015-08-27,short,59.83,2015-08-31,signal,
2014-03 to 2016-06,AIG,Core MA + ATR,2015-09-03,short,59.38,2015-09-17,signal,
2014-03 to 2016-06,AIG,Core MA + ATR,2015-09-21,short,58.14,2015-09-22,signal,
2014-03 to 2016-06,AIG,Core MA + ATR,2015-09-23,short,57.17,2015-09-24,signal,
2014-03 to 2016-06,AIG,Core MA + ATR,2015-09-29,short,55.81,2015-10-02,signal,
2014-03 to 2016-06,AIG,Core MA + ATR,2015-10-05,short,57.53,2015-10-06,signal,
2014-03 to 2016-06,AIG,Core MA + ATR,2015-11-04,long,60.66,2015-11-05,signal,
2014-03 to 2016-06,AIG,Core MA + ATR,2015-11-11,long,61.55,2015-11-12,signal,
2014-03 to 2016-06,AIG,Core MA + ATR,2015-12-07,long,63.8,2015-12-08,signal,
2014-03 to 2016-06,AIG,Core MA + ATR,2016-01-05,short,60.45,2016-02-01,signal,
2014-03 to 2016-06,AIG,Core MA + ATR,2016-02-03,short,55.38,2016-02-12,ATR stop,53.73737071168009
2014-03 to 2016-06,AIG,Core MA + ATR,2016-02-19,short,51.9,2016-02-22,signal,
2014-03 to 2016-06,AIG,Core MA + ATR,2016-02-23,short,52.01,2016-02-25,signal,
2014-03 to 2016-06,AIG,Core MA + ATR,2016-05-11,long,56.27,2016-05-12,signal,
2014-03 to 2016-06,AIG,Core MA + ATR,2016-05-19,long,56.35,2016-05-24,signal,
2014-03 to 2016-06,AIG,Core MA + ATR,2016-06-27,short,49.93,2016-06-30,ATR stop,52.05677098152899
2014-03 to 2016-06,AIG,Core MA + ATR,2016-08-08,long,59.43,2016-08-11,signal,
2014-03 to 2016-06,AIG,Core MA + ATR,2016-09-23,long,58.92,2016-09-26,signal,
2014-03 to 2016-06,AIG,Core MA + ATR,2016-09-29,long,59.35,2016-09-30,signal,
2014-03 to 2016-06,AIG,Enhanced short/order-book,2014-08-05,short,53.53,2014-08-08,signal,
2014-03 to 2016-06,AIG,Enhanced short/order-book,2014-10-09,short,51.84,2014-10-20,signal,
2014-03 to 2016-06,AIG,Enhanced short/order-book,2015-01-22,short,51.28,2015-01-23,signal,
2014-03 to 2016-06,AIG,Enhanced short/order-book,2015-01-28,short,50.84,2015-02-03,ATR stop,51.02599563032339
2014-03 to 2016-06,AIG,Enhanced short/order-book,2015-08-27,short,59.83,2015-08-31,signal,
2014-03 to 2016-06,AIG,Enhanced short/order-book,2015-09-03,short,59.38,2015-09-17,signal,
2014-03 to 2016-06,AIG,Enhanced short/order-book,2015-09-21,short,58.14,2015-09-22,signal,
2014-03 to 2016-06,AIG,Enhanced short/order-book,2015-09-23,short,57.17,2015-09-24,signal,
2014-03 to 2016-06,AIG,Enhanced short/order-book,2015-09-29,short,55.81,2015-10-02,signal,
2014-03 to 2016-06,AIG,Enhanced short/order-book,2015-10-05,short,57.53,2015-10-06,signal,
2014-03 to 2016-06,AIG,Enhanced short/order-book,2015-11-04,long,60.66,2015-11-05,signal,
2014-03 to 2016-06,AIG,Enhanced short/order-book,2015-11-11,long,61.55,2015-11-12,signal,
2014-03 to 2016-06,AIG,Enhanced short/order-book,2015-12-07,long,63.8,2015-12-08,signal,
2014-03 to 2016-06,AIG,Enhanced short/order-book,2016-02-09,short,51.41,2016-02-12,ATR stop,53.73737071168009
2014-03 to 2016-06,AIG,Enhanced short/order-book,2016-02-19,short,51.9,2016-02-22,signal,
2014-03 to 2016-06,AIG,Enhanced short/order-book,2016-02-23,short,52.01,2016-02-25,signal,
2014-03 to 2016-06,AIG,Enhanced short/order-book,2016-05-11,long,56.27,2016-05-12,signal,
2014-03 to 2016-06,AIG,Enhanced short/order-book,2016-05-19,long,56.35,2016-05-24,signal,
2014-03 to 2016-06,AIG,Enhanced short/order-book,2016-06-28,short,49.85,2016-06-30,ATR stop,52.869416785223194
2014-03 to 2016-06,AIG,Enhanced short/order-book,2016-08-08,long,59.43,2016-08-11,signal,
2014-03 to 2016-06,AIG,Enhanced short/order-book,2016-09-23,long,58.92,2016-09-26,signal,
2014-03 to 2016-06,AIG,Enhanced short/order-book,2016-09-29,long,59.35,2016-09-30,signal,
2014-03 to 2016-06,BAP,Core MA + ATR,2014-08-27,short,152.26,2014-08-28,signal,
2014-03 to 2016-06,BAP,Core MA + ATR,2014-09-03,long,158.0,2014-09-04,signal,
2014-03 to 2016-06,BAP,Core MA + ATR,2014-09-05,long,156.82,2014-09-10,signal,
2014-03 to 2016-06,BAP,Core MA + ATR,2014-10-09,long,155.44,2014-10-13,signal,
2014-03 to 2016-06,BAP,Core MA + ATR,2014-10-13,short,150.22,2014-10-20,signal,
2014-03 to 2016-06,BAP,Core MA + ATR,2014-10-24,short,149.84,2014-10-27,signal,
2014-03 to 2016-06,BAP,Core MA + ATR,2014-10-28,short,151.03,2014-10-29,signal,
2014-03 to 2016-06,BAP,Core MA + ATR,2014-11-24,long,168.07,2014-11-26,signal,
2014-03 to 2016-06,BAP,Core MA + ATR,2014-12-01,long,164.68,2014-12-02,signal,
2014-03 to 2016-06,BAP,Core MA + ATR,2014-12-30,long,161.67,2014-12-31,signal,
2014-03 to 2016-06,BAP,Core MA + ATR,2015-01-08,short,156.48,2015-01-23,signal,
2014-03 to 2016-06,BAP,Core MA + ATR,2015-01-30,short,145.0,2015-02-03,ATR stop,150.61707098989348
2014-03 to 2016-06,BAP,Core MA + ATR,2015-02-11,short,147.62,2015-02-12,signal,
2014-03 to 2016-06,BAP,Core MA + ATR,2015-03-11,short,141.34,2015-03-12,signal,
2014-03 to 2016-06,BAP,Core MA + ATR,2015-03-17,short,138.09,2015-03-19,signal,
2014-03 to 2016-06,BAP,Core MA + ATR,2015-03-20,short,140.09,2015-03-23,signal,
2014-03 to 2016-06,BAP,Core MA + ATR,2015-03-27,short,135.1,2015-03-30,ATR stop,141.24498822718363
2014-03 to 2016-06,BAP,Core MA + ATR,2015-06-30,short,140.15,2015-07-02,signal,
2014-03 to 2016-06,BAP,Core MA + ATR,2015-07-07,short,137.46,2015-07-09,signal,
2014-03 to 2016-06,BAP,Core MA + ATR,2015-07-20,short,136.84,2015-07-27,signal,
2014-03 to 2016-06,BAP,Core MA + ATR,2015-07-29,short,131.02,2015-07-30,signal,
2014-03 to 2016-06,BAP,Core MA + ATR,2015-08-12,short,126.78,2015-08-31,signal,
2014-03 to 2016-06,BAP,Core MA + ATR,2015-09-04,short,107.33,2015-09-14,signal,
2014-03 to 2016-06,BAP,Core MA + ATR,2015-09-21,short,108.93,2015-09-22,signal,
2014-03 to 2016-06,BAP,Core MA + ATR,2015-09-23,short,105.8,2015-10-01,signal,
2014-03 to 2016-06,BAP,Core MA + ATR,2015-12-04,short,103.15,2015-12-07,signal,
2014-03 to 2016-06,BAP,Core MA + ATR,2015-12-09,short,103.09,2015-12-18,signal,
2014-03 to 2016-06,BAP,Core MA + ATR,2015-12-21,short,97.0,2015-12-28,signal,
2014-03 to 2016-06,BAP,Core MA + ATR,2016-01-05,short,94.73,2016-01-06,signal,
2014-03 to 2016-06,BAP,Core MA + ATR,2016-01-08,short,90.09,2016-01-15,signal,
2014-03 to 2016-06,BAP,Core MA + ATR,2016-01-19,short,88.5,2016-01-25,signal,
2014-03 to 2016-06,BAP,Core MA + ATR,2016-02-19,long,110.44,2016-03-01,signal,
2014-03 to 2016-06,BAP,Core MA + ATR,2016-03-03,long,125.5,2016-03-04,signal,
2014-03 to 2016-06,BAP,Core MA + ATR,2016-04-12,long,138.0,2016-04-20,signal,
2014-03 to 2016-06,BAP,Core MA + ATR,2016-05-11,long,142.63,2016-05-20,signal,
2014-03 to 2016-06,BAP,Core MA + ATR,2016-06-20,long,153.0,2016-06-22,signal,
2014-03 to 2016-06,BAP,Core MA + ATR,2016-06-30,long,153.76,2016-07-08,signal,
2014-03 to 2016-06,BAP,Core MA + ATR,2016-07-11,long,159.32,2016-07-12,signal,
2014-03 to 2016-06,BAP,Core MA + ATR,2016-07-13,long,155.22,2016-07-15,signal,
2014-03 to 2016-06,BAP,Enhanced short/order-book,2014-08-27,short,152.26,2014-08-28,signal,
2014-03 to 2016-06,BAP,Enhanced short/order-book,2014-10-13,short,150.22,2014-10-20,signal,
2014-03 to 2016-06,BAP,Enhanced short/order-book,2014-10-24,short,149.84,2014-10-27,signal,
2014-03 to 2016-06,BAP,Enhanced short/order-book,2014-10-28,short,151.03,2014-10-29,signal,
2014-03 to 2016-06,BAP,Enhanced short/order-book,2015-01-08,short,156.48,2015-01-23,signal,
2014-03 to 2016-06,BAP,Enhanced short/order-book,2015-01-30,short,145.0,2015-02-03,ATR stop,150.61707098989348
2014-03 to 2016-06,BAP,Enhanced short/order-book,2015-02-11,short,147.62,2015-02-12,signal,
2014-03 to 2016-06,BAP,Enhanced short/order-book,2015-03-11,short,141.34,2015-03-12,signal,
2014-03 to 2016-06,BAP,Enhanced short/order-book,2015-03-17,short,138.09,2015-03-19,signal,
2014-03 to 2016-06,BAP,Enhanced short/order-book,2015-03-20,short,140.09,2015-03-23,signal,
2014-03 to 2016-06,BAP,Enhanced short/order-book,2015-03-27,short,135.1,2015-03-30,ATR stop,141.24498822718363
2014-03 to 2016-06,BAP,Enhanced short/order-book,2015-06-30,short,140.15,2015-07-02,signal,
2014-03 to 2016-06,BAP,Enhanced short/order-book,2015-07-07,short,137.46,2015-07-09,signal,
2014-03 to 2016-06,BAP,Enhanced short/order-book,2015-07-20,short,136.84,2015-07-27,signal,
2014-03 to 2016-06,BAP,Enhanced short/order-book,2015-07-29,short,131.02,2015-07-30,signal,
2014-03 to 2016-06,BAP,Enhanced short/order-book,2015-08-12,short,126.78,2015-08-31,signal,
2014-03 to 2016-06,BAP,Enhanced short/order-book,2015-09-04,short,107.33,2015-09-14,signal,
2014-03 to 2016-06,BAP,Enhanced short/order-book,2015-09-21,short,108.93,2015-09-22,signal,
2014-03 to 2016-06,BAP,Enhanced short/order-book,2015-09-23,short,105.8,2015-10-01,signal,
2014-03 to 2016-06,BAP,Enhanced short/order-book,2015-12-09,short,103.09,2015-12-15,signal,
2014-03 to 2016-06,BAP,Enhanced short/order-book,2016-01-05,short,94.73,2016-01-06,signal,
2014-03 to 2016-06,BAP,Enhanced short/order-book,2016-01-08,short,90.09,2016-01-15,signal,
2014-03 to 2016-06,BAP,Enhanced short/order-book,2016-01-19,short,88.5,2016-01-20,signal,
2014-03 to 2016-06,BAP,Enhanced short/order-book,2016-02-19,long,110.44,2016-02-23,signal,
2014-03 to 2016-06,BAP,Enhanced short/order-book,2016-03-03,long,125.5,2016-03-04,signal,
2014-03 to 2016-06,BAP,Enhanced short/order-book,2016-04-12,long,138.0,2016-04-19,signal,
2014-03 to 2016-06,BAP,Enhanced short/order-book,2016-05-11,long,142.63,2016-05-20,signal,
2014-03 to 2016-06,BAP,Enhanced short/order-book,2016-06-20,long,153.0,2016-06-22,signal,
2014-03 to 2016-06,ALL,Core MA + ATR,2014-07-28,short,57.92,2014-07-31,ATR stop,58.19
2014-03 to 2016-06,ALL,Core MA + ATR,2014-08-15,long,60.95,2014-08-22,signal,
2014-03 to 2016-06,ALL,Core MA + ATR,2014-08-26,long,61.88,2014-08-27,signal,
2014-03 to 2016-06,ALL,Core MA + ATR,2014-09-16,long,61.35,2014-09-18,signal,
2014-03 to 2016-06,ALL,Core MA + ATR,2014-10-06,long,62.05,2014-10-08,signal,
2014-03 to 2016-06,ALL,Core MA + ATR,2014-10-09,long,61.55,2014-10-10,signal,
2014-03 to 2016-06,ALL,Core MA + ATR,2014-10-15,long,61.3,2014-10-16,signal,
2014-03 to 2016-06,ALL,Core MA + ATR,2014-10-22,long,62.0,2014-11-12,signal,
2014-03 to 2016-06,ALL,Core MA + ATR,2014-12-11,long,68.59,2014-12-15,signal,
2014-03 to 2016-06,ALL,Core MA + ATR,2014-12-19,long,69.9,2014-12-29,signal,
2014-03 to 2016-06,ALL,Core MA + ATR,2015-01-09,long,71.08,2015-01-14,ATR stop,68.85634409086799
2014-03 to 2016-06,ALL,Core MA + ATR,2015-01-20,long,71.16,2015-01-29,signal,
2014-03 to 2016-06,ALL,Core MA + ATR,2015-02-04,long,71.8,2015-02-05,ATR stop,69.68
2014-03 to 2016-06,ALL,Core MA + ATR,2015-02-17,long,71.48,2015-02-18,signal,
2014-03 to 2016-06,ALL,Core MA + ATR,2015-05-08,short,68.4,2015-05-15,signal,
2014-03 to 2016-06,ALL,Core MA + ATR,2015-06-09,short,65.82,2015-06-10,signal,
2014-03 to 2016-06,ALL,Core MA + ATR,2015-06-11,short,67.05,2015-06-12,signal,
2014-03 to 2016-06,ALL,Core MA + ATR,2015-06-22,short,66.01,2015-07-08,signal,
2014-03 to 2016-06,ALL,Core MA + ATR,2015-07-10,short,66.05,2015-07-13,signal,
2014-03 to 2016-06,ALL,Core MA + ATR,2015-08-21,short,62.31,2015-09-02,signal,
2014-03 to 2016-06,ALL,Core MA + ATR,2015-09-04,short,57.45,2015-09-10,signal,
2014-03 to 2016-06,ALL,Core MA + ATR,2015-09-11,short,57.41,2015-09-14,signal,
2014-03 to 2016-06,ALL,Core MA + ATR,2015-09-21,short,58.15,2015-09-22,signal,
2014-03 to 2016-06,ALL,Core MA + ATR,2015-09-29,short,57.73,2015-09-30,signal,
2014-03 to 2016-06,ALL,Core MA + ATR,2015-10-02,short,57.14,2015-10-05,signal,
2014-03 to 2016-06,ALL,Core MA + ATR,2015-10-29,long,62.16,2015-10-30,signal,
2014-03 to 2016-06,ALL,Core MA + ATR,2015-11-04,long,63.1,2015-11-06,signal,
2014-03 to 2016-06,ALL,Core MA + ATR,2015-12-17,long,63.41,2015-12-18,signal,
2014-03 to 2016-06,ALL,Core MA + ATR,2016-01-07,short,58.79,2016-01-20,signal,
2014-03 to 2016-06,ALL,Core MA + ATR,2016-01-21,short,58.21,2016-01-22,signal,
2014-03 to 2016-06,ALL,Core MA + ATR,2016-01-26,short,58.05,2016-01-28,signal,
2014-03 to 2016-06,ALL,Core MA + ATR,2016-05-06,long,67.5,2016-05-13,signal,
2014-03 to 2016-06,ALL,Core MA + ATR,2016-06-29,long,67.99,2016-07-11,signal,
2014-03 to 2016-06,ALL,Core MA + ATR,2016-09-07,long,69.05,2016-09-09,signal,
2014-03 to 2016-06,ALL,Core MA + ATR,2016-09-15,short,67.36,2016-09-22,signal,
2014-03 to 2016-06,ALL,Enhanced short/order-book,2014-07-28,short,57.92,2014-07-31,ATR stop,58.19
2014-03 to 2016-06,ALL,Enhanced short/order-book,2015-05-08,short,68.4,2015-05-15,signal,
2014-03 to 2016-06,ALL,Enhanced short/order-book,2015-06-09,short,65.82,2015-06-10,signal,
2014-03 to 2016-06,ALL,Enhanced short/order-book,2015-06-11,short,67.05,2015-06-12,signal,
2014-03 to 2016-06,ALL,Enhanced short/order-book,2015-06-22,short,66.01,2015-07-08,signal,
2014-03 to 2016-06,ALL,Enhanced short/order-book,2015-07-10,short,66.05,2015-07-13,signal,
2014-03 to 2016-06,ALL,Enhanced short/order-book,2015-08-21,short,62.31,2015-09-02,signal,
2014-03 to 2016-06,ALL,Enhanced short/order-book,2015-09-04,short,57.45,2015-09-10,signal,
2014-03 to 2016-06,ALL,Enhanced short/order-book,2015-09-11,short,57.41,2015-09-14,signal,
2014-03 to 2016-06,ALL,Enhanced short/order-book,2015-09-21,short,58.15,2015-09-22,signal,
2014-03 to 2016-06,ALL,Enhanced short/order-book,2015-09-29,short,57.73,2015-09-30,signal,
2014-03 to 2016-06,ALL,Enhanced short/order-book,2015-10-02,short,57.14,2015-10-05,signal,
2014-03 to 2016-06,ALL,Enhanced short/order-book,2015-10-29,long,62.16,2015-10-30,signal,
2014-03 to 2016-06,ALL,Enhanced short/order-book,2015-12-17,long,63.41,2015-12-18,signal,
2014-03 to 2016-06,ALL,Enhanced short/order-book,2016-01-21,short,58.21,2016-01-22,signal,
2014-03 to 2016-06,ALL,Enhanced short/order-book,2016-01-26,short,58.05,2016-01-28,signal,
2014-03 to 2016-06,ALL,Enhanced short/order-book,2016-05-06,long,67.5,2016-05-13,signal,
2014-03 to 2016-06,ALL,Enhanced short/order-book,2016-06-29,long,67.99,2016-07-11,signal,
2014-03 to 2016-06,ALL,Enhanced short/order-book,2016-09-07,long,69.05,2016-09-09,signal,
2014-03 to 2016-06,HIG,Core MA + ATR,2014-07-07,long,36.45,2014-07-09,signal,
2014-03 to 2016-06,HIG,Core MA + ATR,2014-07-11,long,35.5,2014-07-14,signal,
2014-03 to 2016-06,HIG,Core MA + ATR,2014-08-07,short,34.55,2014-08-12,signal,
2014-03 to 2016-06,HIG,Core MA + ATR,2014-09-30,long,37.52,2014-10-01,ATR stop,36.39832382772973
2014-03 to 2016-06,HIG,Core MA + ATR,2014-10-22,long,37.07,2014-11-06,signal,
2014-03 to 2016-06,HIG,Core MA + ATR,2014-12-10,long,41.48,2014-12-11,signal,
2014-03 to 2016-06,HIG,Core MA + ATR,2014-12-19,long,41.81,2014-12-26,signal,
2014-03 to 2016-06,HIG,Core MA + ATR,2015-01-29,short,39.33,2015-02-05,signal,
2014-03 to 2016-06,HIG,Core MA + ATR,2015-03-13,long,42.14,2015-03-18,signal,
2014-03 to 2016-06,HIG,Core MA + ATR,2015-06-05,short,41.6,2015-06-08,signal,
2014-03 to 2016-06,HIG,Core MA + ATR,2015-06-09,short,40.92,2015-06-11,signal,
2014-03 to 2016-06,HIG,Core MA + ATR,2015-06-29,long,41.5,2015-06-30,signal,
2014-03 to 2016-06,HIG,Core MA + ATR,2015-07-02,long,44.3,2015-07-10,signal,
2014-03 to 2016-06,HIG,Core MA + ATR,2015-07-14,long,45.0,2015-07-23,signal,
2014-03 to 2016-06,HIG,Core MA + ATR,2015-07-29,long,47.01,2015-08-06,signal,
2014-03 to 2016-06,HIG,Core MA + ATR,2015-08-13,long,47.51,2015-08-21,signal,
2014-03 to 2016-06,HIG,Core MA + ATR,2015-09-21,short,44.69,2015-09-23,signal,
2014-03 to 2016-06,HIG,Core MA + ATR,2015-12-10,short,45.11,2015-12-11,signal,
2014-03 to 2016-06,HIG,Core MA + ATR,2015-12-14,short,43.96,2015-12-28,signal,
2014-03 to 2016-06,HIG,Core MA + ATR,2016-01-05,short,42.77,2016-01-28,signal,
2014-03 to 2016-06,HIG,Core MA + ATR,2016-02-12,short,39.44,2016-02-16,signal,
2014-03 to 2016-06,HIG,Core MA + ATR,2016-06-17,short,44.02,2016-06-20,signal,
2014-03 to 2016-06,HIG,Core MA + ATR,2016-06-27,short,41.73,2016-06-30,ATR stop,43.34863323137023
2014-03 to 2016-06,HIG,Core MA + ATR,2016-07-08,short,43.14,2016-07-11,signal,
2014-03 to 2016-06,HIG,Core MA + ATR,2016-08-01,short,39.88,2016-08-08,signal,
2014-03 to 2016-06,HIG,Core MA + ATR,2016-08-11,short,40.3,2016-08-12,signal,
2014-03 to 2016-06,HIG,Enhanced short/order-book,2014-08-07,short,34.55,2014-08-12,signal,
2014-03 to 2016-06,HIG,Enhanced short/order-book,2015-01-29,short,39.33,2015-02-05,signal,
2014-03 to 2016-06,HIG,Enhanced short/order-book,2015-06-05,short,41.6,2015-06-08,signal,
2014-03 to 2016-06,HIG,Enhanced short/order-book,2015-06-09,short,40.92,2015-06-11,signal,
2014-03 to 2016-06,HIG,Enhanced short/order-book,2015-09-21,short,44.69,2015-09-23,signal,
2014-03 to 2016-06,HIG,Enhanced short/order-book,2016-01-12,short,41.35,2016-01-20,signal,
2014-03 to 2016-06,HIG,Enhanced short/order-book,2016-01-26,short,38.04,2016-01-28,signal,
2014-03 to 2016-06,HIG,Enhanced short/order-book,2016-06-17,short,44.02,2016-06-20,signal,
2014-03 to 2016-06,HIG,Enhanced short/order-book,2016-06-27,short,41.73,2016-06-28,signal,
2017-02 to 2017-07,KNSL,Core MA + ATR,2017-05-01,long,36.25,2017-05-03,signal,
2017-02 to 2017-07,KNSL,Core MA + ATR,2017-05-30,long,35.99,2017-06-02,signal,
2017-02 to 2017-07,KNSL,Core MA + ATR,2017-06-27,long,37.97,2017-07-03,signal,
2017-02 to 2017-07,KNSL,Core MA + ATR,2017-07-25,long,40.305,2017-08-01,signal,
2017-02 to 2017-07,KNSL,Core MA + ATR,2017-08-07,long,41.81,2017-08-14,signal,
2017-02 to 2017-07,KNSL,Core MA + ATR,2017-09-08,short,35.69,2017-09-08,ATR stop,38.051976607738396
2017-02 to 2017-07,KNSL,Core MA + ATR,2017-10-02,long,43.74,2017-10-05,signal,
2017-02 to 2017-07,KNSL,Core MA + ATR,2017-10-23,long,43.85,2017-10-24,signal,
2017-02 to 2017-07,KNSL,Enhanced short/order-book,2017-05-01,long,36.25,2017-05-03,signal,
2017-02 to 2017-07,KNSL,Enhanced short/order-book,2017-05-30,long,35.99,2017-06-02,signal,
2017-02 to 2017-07,KNSL,Enhanced short/order-book,2017-06-27,long,37.97,2017-07-03,signal,
2017-02 to 2017-07,KNSL,Enhanced short/order-book,2017-07-25,long,40.305,2017-08-01,signal,
2017-02 to 2017-07,KNSL,Enhanced short/order-book,2017-08-07,long,41.81,2017-08-14,signal,
2017-02 to 2017-07,KNSL,Enhanced short/order-book,2017-09-08,short,35.69,2017-09-08,ATR stop,38.051976607738396
2017-02 to 2017-07,KNSL,Enhanced short/order-book,2017-10-02,long,43.74,2017-10-05,signal,
2017-02 to 2017-07,KNSL,Enhanced short/order-book,2017-10-23,long,43.85,2017-10-24,signal,
2017-02 to 2017-07,MCY,Core MA + ATR,2017-05-01,long,59.1,2017-05-02,signal,
2017-02 to 2017-07,MCY,Core MA + ATR,2017-05-10,short,54.56,2017-05-16,signal,
2017-02 to 2017-07,MCY,Core MA + ATR,2017-06-07,short,53.54,2017-06-09,ATR stop,56.12201829284173
2017-02 to 2017-07,MCY,Core MA + ATR,2017-07-03,short,54.11,2017-07-06,signal,
2017-02 to 2017-07,MCY,Core MA + ATR,2017-07-07,short,53.91,2017-07-13,signal,
2017-02 to 2017-07,MCY,Core MA + ATR,2017-08-04,long,58.86,2017-08-08,signal,
2017-02 to 2017-07,MCY,Core MA + ATR,2017-08-16,long,58.76,2017-08-18,signal,
2017-02 to 2017-07,MCY,Core MA + ATR,2017-09-12,long,58.05,2017-09-14,signal,
2017-02 to 2017-07,MCY,Enhanced short/order-book,2017-05-01,long,59.1,2017-05-02,signal,
2017-02 to 2017-07,MCY,Enhanced short/order-book,2017-08-04,long,58.86,2017-08-08,signal,
2017-02 to 2017-07,MCY,Enhanced short/order-book,2017-08-16,long,58.76,2017-08-18,signal,
2017-02 to 2017-07,MCY,Enhanced short/order-book,2017-09-12,long,58.05,2017-09-14,signal,
2017-02 to 2017-07,CINF,Core MA + ATR,2017-05-02,short,71.37,2017-05-04,signal,
2017-02 to 2017-07,CINF,Core MA + ATR,2017-05-05,short,71.29,2017-05-16,signal,
2017-02 to 2017-07,CINF,Core MA + ATR,2017-07-05,long,73.35,2017-07-07,signal,
2017-02 to 2017-07,CINF,Core MA + ATR,2017-07-10,long,72.51,2017-07-11,signal,
2017-02 to 2017-07,CINF,Core MA + ATR,2017-07-21,long,73.91,2017-07-24,signal,
2017-02 to 2017-07,CINF,Core MA + ATR,2017-07-28,long,75.16,2017-07-31,signal,
2017-02 to 2017-07,CINF,Core MA + ATR,2017-08-03,long,81.98,2017-08-03,ATR stop,80.12253100895691
2017-02 to 2017-07,CINF,Core MA + ATR,2017-10-13,short,75.94,2017-10-17,signal,
2017-02 to 2017-07,CINF,Core MA + ATR,2017-10-18,short,76.11,2017-10-19,signal,
2017-02 to 2017-07,CINF,Core MA + ATR,2017-10-30,short,70.79,2017-10-31,event end,70.17
2017-02 to 2017-07,CINF,Enhanced short/order-book,2017-07-05,long,73.35,2017-07-07,signal,
2017-02 to 2017-07,CINF,Enhanced short/order-book,2017-07-10,long,72.51,2017-07-11,signal,
2017-02 to 2017-07,CINF,Enhanced short/order-book,2017-07-21,long,73.91,2017-07-24,signal,
2017-02 to 2017-07,CINF,Enhanced short/order-book,2017-07-28,long,75.16,2017-07-31,signal,
2017-02 to 2017-07,CINF,Enhanced short/order-book,2017-08-03,long,81.98,2017-08-03,ATR stop,80.12253100895691
2017-02 to 2017-07,PGR,Core MA + ATR,2017-05-04,long,40.18,2017-05-12,signal,
2017-02 to 2017-07,PGR,Core MA + ATR,2017-05-18,long,41.39,2017-05-31,signal,
2017-02 to 2017-07,PGR,Core MA + ATR,2017-06-15,long,44.38,2017-06-16,signal,
2017-02 to 2017-07,PGR,Core MA + ATR,2017-07-06,long,44.75,2017-07-07,signal,
2017-02 to 2017-07,PGR,Core MA + ATR,2017-07-10,long,44.76,2017-07-13,signal,
2017-02 to 2017-07,PGR,Core MA + ATR,2017-07-14,long,45.08,2017-07-28,signal,
2017-02 to 2017-07,PGR,Core MA + ATR,2017-07-31,long,47.3,2017-08-02,signal,
2017-02 to 2017-07,PGR,Core MA + ATR,2017-08-17,long,48.76,2017-08-24,signal,
2017-02 to 2017-07,PGR,Core MA + ATR,2017-09-20,long,47.67,2017-09-22,signal,
2017-02 to 2017-07,PGR,Core MA + ATR,2017-10-23,long,48.98,2017-10-24,signal,
2017-02 to 2017-07,PGR,Enhanced short/order-book,2017-05-04,long,40.18,2017-05-12,signal,
2017-02 to 2017-07,PGR,Enhanced short/order-book,2017-05-18,long,41.39,2017-05-31,signal,
2017-02 to 2017-07,PGR,Enhanced short/order-book,2017-06-15,long,44.38,2017-06-16,signal,
2017-02 to 2017-07,PGR,Enhanced short/order-book,2017-07-06,long,44.75,2017-07-07,signal,
2017-02 to 2017-07,PGR,Enhanced short/order-book,2017-07-10,long,44.76,2017-07-13,signal,
2017-02 to 2017-07,PGR,Enhanced short/order-book,2017-07-14,long,45.08,2017-07-28,signal,
2017-02 to 2017-07,PGR,Enhanced short/order-book,2017-07-31,long,47.3,2017-08-02,signal,
2017-02 to 2017-07,PGR,Enhanced short/order-book,2017-08-17,long,48.76,2017-08-24,signal,
2017-02 to 2017-07,PGR,Enhanced short/order-book,2017-09-20,long,47.67,2017-09-22,signal,
2017-02 to 2017-07,PGR,Enhanced short/order-book,2017-10-23,long,48.98,2017-10-24,signal,
2017-02 to 2017-07,AIZ,Core MA + ATR,2017-05-09,long,105.26,2017-05-11,signal,
2017-02 to 2017-07,AIZ,Core MA + ATR,2017-06-12,long,101.9,2017-06-15,signal,
2017-02 to 2017-07,AIZ,Core MA + ATR,2017-06-16,long,103.49,2017-06-20,signal,
2017-02 to 2017-07,AIZ,Core MA + ATR,2017-06-29,long,105.85,2017-07-07,signal,
2017-02 to 2017-07,AIZ,Core MA + ATR,2017-07-10,long,105.01,2017-07-11,signal,
2017-02 to 2017-07,AIZ,Core MA + ATR,2017-08-29,short,94.47,2017-09-11,ATR stop,92.86190971623813
2017-02 to 2017-07,AIZ,Core MA + ATR,2017-09-20,short,93.27,2017-09-22,signal,
2017-02 to 2017-07,AIZ,Enhanced short/order-book,2017-05-09,long,105.26,2017-05-11,signal,
2017-02 to 2017-07,AIZ,Enhanced short/order-book,2017-06-12,long,101.9,2017-06-15,signal,
2017-02 to 2017-07,AIZ,Enhanced short/order-book,2017-06-16,long,103.49,2017-06-20,signal,
2017-02 to 2017-07,AIZ,Enhanced short/order-book,2017-06-29,long,105.85,2017-07-07,signal,
2017-02 to 2017-07,AIZ,Enhanced short/order-book,2017-07-10,long,105.01,2017-07-11,signal,
2017-02 to 2017-07,AIG,Core MA + ATR,2017-08-04,long,66.17,2017-08-07,signal,
2017-02 to 2017-07,AIG,Core MA + ATR,2017-09-06,short,59.72,2017-09-07,signal,
2017-02 to 2017-07,AIG,Core MA + ATR,2017-09-08,short,58.03,2017-09-08,ATR stop,59.66662844978979
2017-02 to 2017-07,AIG,Core MA + ATR,2017-09-18,short,59.66,2017-09-21,signal,
2017-02 to 2017-07,AIG,Core MA + ATR,2017-10-20,long,65.34,2017-10-25,signal,
2017-02 to 2017-07,AIG,Enhanced short/order-book,2017-08-04,long,66.17,2017-08-07,signal,
2017-02 to 2017-07,AIG,Enhanced short/order-book,2017-09-06,short,59.72,2017-09-07,signal,
2017-02 to 2017-07,AIG,Enhanced short/order-book,2017-09-08,short,58.03,2017-09-08,ATR stop,59.66662844978979
2017-02 to 2017-07,AIG,Enhanced short/order-book,2017-09-18,short,59.66,2017-09-21,signal,
2017-02 to 2017-07,AIG,Enhanced short/order-book,2017-10-20,long,65.34,2017-10-25,signal,
2017-02 to 2017-07,BAP,Core MA + ATR,2017-05-23,long,175.2,2017-05-25,signal,
2017-02 to 2017-07,BAP,Core MA + ATR,2017-06-14,long,179.17,2017-06-19,signal,
2017-02 to 2017-07,BAP,Core MA + ATR,2017-06-23,long,180.66,2017-06-27,signal,
2017-02 to 2017-07,BAP,Core MA + ATR,2017-08-09,long,195.25,2017-08-17,signal,
2017-02 to 2017-07,BAP,Core MA + ATR,2017-08-18,long,199.26,2017-08-29,signal,
2017-02 to 2017-07,BAP,Core MA + ATR,2017-09-07,long,206.91,2017-09-13,signal,
2017-02 to 2017-07,BAP,Core MA + ATR,2017-10-03,long,211.41,2017-10-06,signal,
2017-02 to 2017-07,ALL,Core MA + ATR,2017-05-01,long,81.49,2017-05-03,signal,
2017-02 to 2017-07,ALL,Core MA + ATR,2017-05-04,long,85.11,2017-05-11,signal,
2017-02 to 2017-07,ALL,Core MA + ATR,2017-05-17,long,83.63,2017-05-22,signal,
2017-02 to 2017-07,ALL,Core MA + ATR,2017-05-23,long,84.69,2017-05-26,signal,
2017-02 to 2017-07,ALL,Core MA + ATR,2017-06-19,long,90.03,2017-06-21,signal,
2017-02 to 2017-07,ALL,Core MA + ATR,2017-07-05,long,88.81,2017-07-07,signal,
2017-02 to 2017-07,ALL,Core MA + ATR,2017-07-19,long,89.05,2017-07-20,signal,
2017-02 to 2017-07,ALL,Core MA + ATR,2017-07-21,long,89.0,2017-07-24,signal,
2017-02 to 2017-07,ALL,Core MA + ATR,2017-07-27,long,89.37,2017-08-01,signal,
2017-02 to 2017-07,ALL,Core MA + ATR,2017-08-03,long,93.9,2017-08-09,signal,
2017-02 to 2017-07,ALL,Core MA + ATR,2017-09-13,long,91.31,2017-09-14,signal,
2017-02 to 2017-07,ALL,Core MA + ATR,2017-09-18,long,91.06,2017-09-19,signal,
2017-02 to 2017-07,ALL,Core MA + ATR,2017-09-19,short,90.55,2017-09-20,signal,
2017-02 to 2017-07,ALL,Core MA + ATR,2017-10-20,long,93.45,2017-10-24,signal,
2017-02 to 2017-07,ALL,Enhanced short/order-book,2017-05-01,long,81.49,2017-05-03,signal,
2017-02 to 2017-07,ALL,Enhanced short/order-book,2017-05-04,long,85.11,2017-05-11,signal,
2017-02 to 2017-07,ALL,Enhanced short/order-book,2017-05-17,long,83.63,2017-05-22,signal,
2017-02 to 2017-07,ALL,Enhanced short/order-book,2017-05-23,long,84.69,2017-05-26,signal,
2017-02 to 2017-07,ALL,Enhanced short/order-book,2017-06-19,long,90.03,2017-06-21,signal,
2017-02 to 2017-07,ALL,Enhanced short/order-book,2017-07-05,long,88.81,2017-07-07,signal,
2017-02 to 2017-07,ALL,Enhanced short/order-book,2017-07-19,long,89.05,2017-07-20,signal,
2017-02 to 2017-07,ALL,Enhanced short/order-book,2017-07-21,long,89.0,2017-07-24,signal,
2017-02 to 2017-07,ALL,Enhanced short/order-book,2017-07-27,long,89.37,2017-08-01,signal,
2017-02 to 2017-07,ALL,Enhanced short/order-book,2017-08-03,long,93.9,2017-08-09,signal,
2017-02 to 2017-07,ALL,Enhanced short/order-book,2017-09-13,long,91.31,2017-09-14,signal,
2017-02 to 2017-07,ALL,Enhanced short/order-book,2017-09-18,long,91.06,2017-09-19,signal,
2017-02 to 2017-07,ALL,Enhanced short/order-book,2017-10-20,long,93.45,2017-10-24,signal,
2017-02 to 2017-07,HIG,Core MA + ATR,2017-06-09,long,50.92,2017-06-16,signal,
2017-02 to 2017-07,HIG,Core MA + ATR,2017-06-19,long,52.52,2017-06-20,signal,
2017-02 to 2017-07,HIG,Core MA + ATR,2017-07-03,long,52.78,2017-07-07,signal,
2017-02 to 2017-07,HIG,Core MA + ATR,2017-07-31,long,55.19,2017-08-10,signal,
2017-02 to 2017-07,HIG,Core MA + ATR,2017-08-15,long,56.68,2017-08-16,signal,
2017-02 to 2017-07,HIG,Core MA + ATR,2017-09-19,short,53.76,2017-09-20,signal,
2017-02 to 2017-07,HIG,Enhanced short/order-book,2017-06-09,long,50.92,2017-06-16,signal,
2017-02 to 2017-07,HIG,Enhanced short/order-book,2017-06-19,long,52.52,2017-06-20,signal,
2017-02 to 2017-07,HIG,Enhanced short/order-book,2017-07-03,long,52.78,2017-07-07,signal,
2017-02 to 2017-07,HIG,Enhanced short/order-book,2017-07-31,long,55.19,2017-08-10,signal,
2017-02 to 2017-07,HIG,Enhanced short/order-book,2017-08-15,long,56.68,2017-08-16,signal,
2018-06 to 2020-05,KNSL,Core MA + ATR,2018-09-17,long,60.88,2018-09-18,signal,
2018-06 to 2020-05,KNSL,Core MA + ATR,2018-09-19,long,61.39,2018-09-20,signal,
2018-06 to 2020-05,KNSL,Core MA + ATR,2018-09-21,long,61.44,2018-09-28,signal,
2018-06 to 2020-05,KNSL,Core MA + ATR,2018-10-01,long,63.98,2018-10-03,signal,
2018-06 to 2020-05,KNSL,Core MA + ATR,2018-10-04,long,63.09,2018-10-05,signal,
2018-06 to 2020-05,KNSL,Core MA + ATR,2018-10-26,short,57.83,2018-10-31,signal,
2018-06 to 2020-05,KNSL,Core MA + ATR,2018-11-02,short,58.5,2018-11-05,signal,
2018-06 to 2020-05,KNSL,Core MA + ATR,2018-11-13,short,60.09,2018-11-14,signal,
2018-06 to 2020-05,KNSL,Core MA + ATR,2018-11-15,short,58.87,2018-11-16,signal,
2018-06 to 2020-05,KNSL,Core MA + ATR,2018-11-28,short,59.4,2018-11-29,signal,
2018-06 to 2020-05,KNSL,Core MA + ATR,2018-12-07,short,58.94,2018-12-11,signal,
2018-06 to 2020-05,KNSL,Core MA + ATR,2018-12-13,short,58.49,2018-12-14,signal,
2018-06 to 2020-05,KNSL,Core MA + ATR,2018-12-17,short,57.9,2018-12-31,signal,
2018-06 to 2020-05,KNSL,Core MA + ATR,2019-02-27,long,66.91,2019-02-28,signal,
2018-06 to 2020-05,KNSL,Core MA + ATR,2019-03-28,long,68.59,2019-03-29,signal,
2018-06 to 2020-05,KNSL,Core MA + ATR,2019-04-15,long,69.24,2019-04-23,signal,
2018-06 to 2020-05,KNSL,Core MA + ATR,2019-04-24,long,70.29,2019-05-23,signal,
2018-06 to 2020-05,KNSL,Core MA + ATR,2019-06-04,long,87.33,2019-06-11,signal,
2018-06 to 2020-05,KNSL,Core MA + ATR,2019-06-12,long,86.89,2019-06-13,signal,
2018-06 to 2020-05,KNSL,Core MA + ATR,2019-06-25,long,89.26,2019-06-27,signal,
2018-06 to 2020-05,KNSL,Core MA + ATR,2019-06-28,long,90.98,2019-07-11,signal,
2018-06 to 2020-05,KNSL,Core MA + ATR,2019-08-06,long,92.48,2019-08-15,signal,
2018-06 to 2020-05,KNSL,Core MA + ATR,2019-08-16,long,94.02,2019-08-21,signal,
2018-06 to 2020-05,KNSL,Core MA + ATR,2019-08-22,long,94.51,2019-08-26,signal,
2018-06 to 2020-05,KNSL,Core MA + ATR,2019-08-29,long,98.64,2019-09-03,signal,
2018-06 to 2020-05,KNSL,Core MA + ATR,2019-09-17,long,102.23,2019-09-23,signal,
2018-06 to 2020-05,KNSL,Core MA + ATR,2019-09-30,long,101.36,2019-10-03,signal,
2018-06 to 2020-05,KNSL,Core MA + ATR,2019-10-17,long,104.34,2019-10-18,signal,
2018-06 to 2020-05,KNSL,Core MA + ATR,2019-12-10,short,95.98,2019-12-12,signal,
2018-06 to 2020-05,KNSL,Core MA + ATR,2020-01-24,long,109.55,2020-02-07,signal,
2018-06 to 2020-05,KNSL,Core MA + ATR,2020-02-26,long,130.01,2020-02-27,signal,
2018-06 to 2020-05,KNSL,Core MA + ATR,2020-03-03,long,129.97,2020-03-04,signal,
2018-06 to 2020-05,KNSL,Core MA + ATR,2020-03-05,long,127.96,2020-03-09,signal,
2018-06 to 2020-05,KNSL,Core MA + ATR,2020-03-25,short,95.29,2020-03-27,signal,
2018-06 to 2020-05,KNSL,Core MA + ATR,2020-04-23,short,105.97,2020-04-24,signal,
2018-06 to 2020-05,KNSL,Core MA + ATR,2020-05-07,long,132.55,2020-05-08,signal,
2018-06 to 2020-05,KNSL,Core MA + ATR,2020-08-03,long,197.03,2020-08-13,signal,
2018-06 to 2020-05,KNSL,Enhanced short/order-book,2018-09-17,long,60.88,2018-09-18,signal,
2018-06 to 2020-05,KNSL,Enhanced short/order-book,2018-09-19,long,61.39,2018-09-20,signal,
2018-06 to 2020-05,KNSL,Enhanced short/order-book,2018-09-21,long,61.44,2018-09-28,signal,
2018-06 to 2020-05,KNSL,Enhanced short/order-book,2018-10-01,long,63.98,2018-10-03,signal,
2018-06 to 2020-05,KNSL,Enhanced short/order-book,2018-10-04,long,63.09,2018-10-05,signal,
2018-06 to 2020-05,KNSL,Enhanced short/order-book,2018-10-26,short,57.83,2018-10-31,signal,
2018-06 to 2020-05,KNSL,Enhanced short/order-book,2018-11-02,short,58.5,2018-11-05,signal,
2018-06 to 2020-05,KNSL,Enhanced short/order-book,2018-11-13,short,60.09,2018-11-14,signal,
2018-06 to 2020-05,KNSL,Enhanced short/order-book,2018-11-15,short,58.87,2018-11-16,signal,
2018-06 to 2020-05,KNSL,Enhanced short/order-book,2018-11-28,short,59.4,2018-11-29,signal,
2018-06 to 2020-05,KNSL,Enhanced short/order-book,2018-12-07,short,58.94,2018-12-11,signal,
2018-06 to 2020-05,KNSL,Enhanced short/order-book,2018-12-13,short,58.49,2018-12-14,signal,
2018-06 to 2020-05,KNSL,Enhanced short/order-book,2018-12-17,short,57.9,2018-12-31,signal,
2018-06 to 2020-05,KNSL,Enhanced short/order-book,2019-02-27,long,66.91,2019-02-28,signal,
2018-06 to 2020-05,KNSL,Enhanced short/order-book,2019-03-28,long,68.59,2019-03-29,signal,
2018-06 to 2020-05,KNSL,Enhanced short/order-book,2019-04-15,long,69.24,2019-04-23,signal,
2018-06 to 2020-05,KNSL,Enhanced short/order-book,2019-04-24,long,70.29,2019-05-23,signal,
2018-06 to 2020-05,KNSL,Enhanced short/order-book,2019-06-04,long,87.33,2019-06-11,signal,
2018-06 to 2020-05,KNSL,Enhanced short/order-book,2019-06-12,long,86.89,2019-06-13,signal,
2018-06 to 2020-05,KNSL,Enhanced short/order-book,2019-06-25,long,89.26,2019-06-27,signal,
2018-06 to 2020-05,KNSL,Enhanced short/order-book,2019-06-28,long,90.98,2019-07-11,signal,
2018-06 to 2020-05,KNSL,Enhanced short/order-book,2019-08-06,long,92.48,2019-08-15,signal,
2018-06 to 2020-05,KNSL,Enhanced short/order-book,2019-08-16,long,94.02,2019-08-21,signal,
2018-06 to 2020-05,KNSL,Enhanced short/order-book,2019-08-22,long,94.51,2019-08-26,signal,
2018-06 to 2020-05,KNSL,Enhanced short/order-book,2019-08-29,long,98.64,2019-09-03,signal,
2018-06 to 2020-05,KNSL,Enhanced short/order-book,2019-09-17,long,102.23,2019-09-23,signal,
2018-06 to 2020-05,KNSL,Enhanced short/order-book,2019-09-30,long,101.36,2019-10-03,signal,
2018-06 to 2020-05,KNSL,Enhanced short/order-book,2019-10-17,long,104.34,2019-10-18,signal,
2018-06 to 2020-05,KNSL,Enhanced short/order-book,2019-12-10,short,95.98,2019-12-12,signal,
2018-06 to 2020-05,KNSL,Enhanced short/order-book,2020-01-24,long,109.55,2020-02-07,signal,
2018-06 to 2020-05,KNSL,Enhanced short/order-book,2020-02-26,long,130.01,2020-02-27,signal,
2018-06 to 2020-05,KNSL,Enhanced short/order-book,2020-03-03,long,129.97,2020-03-04,signal,
2018-06 to 2020-05,KNSL,Enhanced short/order-book,2020-03-05,long,127.96,2020-03-09,signal,
2018-06 to 2020-05,KNSL,Enhanced short/order-book,2020-03-25,short,95.29,2020-03-27,signal,
2018-06 to 2020-05,KNSL,Enhanced short/order-book,2020-04-23,short,105.97,2020-04-24,signal,
2018-06 to 2020-05,KNSL,Enhanced short/order-book,2020-05-07,long,132.55,2020-05-08,signal,
2018-06 to 2020-05,KNSL,Enhanced short/order-book,2020-08-03,long,197.03,2020-08-13,signal,
2018-06 to 2020-05,MCY,Core MA + ATR,2018-09-05,long,54.25,2018-09-07,signal,
2018-06 to 2020-05,MCY,Core MA + ATR,2018-10-11,short,49.87,2018-10-17,signal,
2018-06 to 2020-05,MCY,Core MA + ATR,2018-11-05,long,60.28,2018-11-07,signal,
2018-06 to 2020-05,MCY,Core MA + ATR,2018-11-08,long,60.93,2018-11-13,signal,
2018-06 to 2020-05,MCY,Core MA + ATR,2018-12-10,long,58.42,2018-12-11,signal,
2018-06 to 2020-05,MCY,Core MA + ATR,2018-12-27,short,50.02,2019-01-02,signal,
2018-06 to 2020-05,MCY,Core MA + ATR,2019-01-04,short,50.41,2019-01-07,signal,
2018-06 to 2020-05,MCY,Core MA + ATR,2019-01-08,short,51.11,2019-01-09,signal,
2018-06 to 2020-05,MCY,Core MA + ATR,2019-01-28,short,51.35,2019-02-04,signal,
2018-06 to 2020-05,MCY,Core MA + ATR,2019-02-12,short,49.59,2019-02-13,ATR stop,52.96352404686666
2018-06 to 2020-05,MCY,Core MA + ATR,2019-03-29,short,50.71,2019-04-01,signal,
2018-06 to 2020-05,MCY,Core MA + ATR,2019-04-09,short,50.14,2019-04-11,signal,
2018-06 to 2020-05,MCY,Core MA + ATR,2019-05-06,long,55.71,2019-05-14,signal,
2018-06 to 2020-05,MCY,Core MA + ATR,2019-05-30,long,57.53,2019-06-06,signal,
2018-06 to 2020-05,MCY,Core MA + ATR,2019-06-26,long,61.48,2019-06-27,signal,
2018-06 to 2020-05,MCY,Core MA + ATR,2019-07-01,long,62.74,2019-07-03,signal,
2018-06 to 2020-05,MCY,Core MA + ATR,2019-07-09,long,63.71,2019-07-10,signal,
2018-06 to 2020-05,MCY,Core MA + ATR,2019-08-09,short,55.45,2019-08-22,signal,
2018-06 to 2020-05,MCY,Core MA + ATR,2019-08-26,short,51.75,2019-08-30,signal,
2018-06 to 2020-05,MCY,Core MA + ATR,2019-10-03,short,53.4,2019-10-07,signal,
2018-06 to 2020-05,MCY,Core MA + ATR,2019-10-25,short,53.22,2019-10-28,signal,
2018-06 to 2020-05,MCY,Core MA + ATR,2019-10-29,short,47.33,2019-11-06,signal,
2018-06 to 2020-05,MCY,Core MA + ATR,2019-12-12,short,48.59,2019-12-13,signal,
2018-06 to 2020-05,MCY,Core MA + ATR,2019-12-16,short,48.76,2019-12-18,signal,
2018-06 to 2020-05,MCY,Core MA + ATR,2019-12-24,short,48.13,2019-12-26,signal,
2018-06 to 2020-05,MCY,Core MA + ATR,2020-01-13,short,47.39,2020-01-14,signal,
2018-06 to 2020-05,MCY,Core MA + ATR,2020-01-24,short,48.17,2020-01-27,signal,
2018-06 to 2020-05,MCY,Core MA + ATR,2020-02-11,long,53.36,2020-02-19,signal,
2018-06 to 2020-05,MCY,Core MA + ATR,2020-02-21,long,51.1,2020-02-24,signal,
2018-06 to 2020-05,MCY,Core MA + ATR,2020-03-10,short,41.76,2020-03-25,signal,
2018-06 to 2020-05,MCY,Core MA + ATR,2020-04-06,short,39.45,2020-04-07,signal,
2018-06 to 2020-05,MCY,Core MA + ATR,2020-05-05,short,39.51,2020-05-11,signal,
2018-06 to 2020-05,MCY,Enhanced short/order-book,2018-09-05,long,54.25,2018-09-07,signal,
2018-06 to 2020-05,MCY,Enhanced short/order-book,2018-11-05,long,60.28,2018-11-07,signal,
2018-06 to 2020-05,MCY,Enhanced short/order-book,2018-11-08,long,60.93,2018-11-13,signal,
2018-06 to 2020-05,MCY,Enhanced short/order-book,2018-12-10,long,58.42,2018-12-11,signal,
2018-06 to 2020-05,MCY,Enhanced short/order-book,2019-02-12,short,49.59,2019-02-13,ATR stop,52.96352404686666
2018-06 to 2020-05,MCY,Enhanced short/order-book,2019-05-06,long,55.71,2019-05-14,signal,
2018-06 to 2020-05,MCY,Enhanced short/order-book,2019-05-30,long,57.53,2019-06-06,signal,
2018-06 to 2020-05,MCY,Enhanced short/order-book,2019-06-26,long,61.48,2019-06-27,signal,
2018-06 to 2020-05,MCY,Enhanced short/order-book,2019-07-01,long,62.74,2019-07-03,signal,
2018-06 to 2020-05,MCY,Enhanced short/order-book,2019-07-09,long,63.71,2019-07-10,signal,
2018-06 to 2020-05,MCY,Enhanced short/order-book,2019-10-03,short,53.4,2019-10-07,signal,
2018-06 to 2020-05,MCY,Enhanced short/order-book,2019-10-29,short,47.33,2019-11-06,signal,
2018-06 to 2020-05,MCY,Enhanced short/order-book,2019-12-24,short,48.13,2019-12-26,signal,
2018-06 to 2020-05,MCY,Enhanced short/order-book,2020-02-11,long,53.36,2020-02-19,signal,
2018-06 to 2020-05,MCY,Enhanced short/order-book,2020-02-21,long,51.1,2020-02-24,signal,
2018-06 to 2020-05,MCY,Enhanced short/order-book,2020-03-24,short,35.97,2020-03-25,signal,
2018-06 to 2020-05,MCY,Enhanced short/order-book,2020-04-06,short,39.45,2020-04-07,signal,
2018-06 to 2020-05,MCY,Enhanced short/order-book,2020-05-05,short,39.51,2020-05-11,signal,
2018-06 to 2020-05,CINF,Core MA + ATR,2018-10-09,long,77.58,2018-10-11,signal,
2018-06 to 2020-05,CINF,Core MA + ATR,2018-10-24,short,73.99,2018-10-26,ATR stop,75.2140496835905
2018-06 to 2020-05,CINF,Core MA + ATR,2018-11-12,long,81.43,2018-11-15,signal,
2018-06 to 2020-05,CINF,Core MA + ATR,2018-11-20,long,80.41,2018-11-21,signal,
2018-06 to 2020-05,CINF,Core MA + ATR,2018-11-23,long,79.23,2018-11-26,signal,
2018-06 to 2020-05,CINF,Core MA + ATR,2019-01-04,short,75.39,2019-01-10,signal,
2018-06 to 2020-05,CINF,Core MA + ATR,2019-02-08,long,83.82,2019-02-14,signal,
2018-06 to 2020-05,CINF,Core MA + ATR,2019-04-26,long,93.71,2019-05-08,signal,
2018-06 to 2020-05,CINF,Core MA + ATR,2019-05-13,long,95.12,2019-05-14,signal,
2018-06 to 2020-05,CINF,Core MA + ATR,2019-05-15,long,95.2,2019-05-21,signal,
2018-06 to 2020-05,CINF,Core MA + ATR,2019-06-06,long,101.65,2019-06-11,signal,
2018-06 to 2020-05,CINF,Core MA + ATR,2019-06-24,long,104.97,2019-06-26,signal,
2018-06 to 2020-05,CINF,Core MA + ATR,2019-07-02,long,104.99,2019-07-12,signal,
2018-06 to 2020-05,CINF,Core MA + ATR,2019-08-01,long,107.17,2019-08-02,signal,
2018-06 to 2020-05,CINF,Core MA + ATR,2019-08-07,long,105.95,2019-08-15,signal,
2018-06 to 2020-05,CINF,Core MA + ATR,2019-08-20,long,110.33,2019-08-21,signal,
2018-06 to 2020-05,CINF,Core MA + ATR,2019-08-22,long,110.5,2019-08-26,signal,
2018-06 to 2020-05,CINF,Core MA + ATR,2019-08-28,long,109.84,2019-09-09,signal,
2018-06 to 2020-05,CINF,Core MA + ATR,2019-09-10,long,113.31,2019-09-11,signal,
2018-06 to 2020-05,CINF,Core MA + ATR,2019-10-07,long,117.21,2019-10-08,signal,
2018-06 to 2020-05,CINF,Core MA + ATR,2019-10-10,long,114.83,2019-10-14,signal,
2018-06 to 2020-05,CINF,Core MA + ATR,2019-11-11,short,108.5,2019-11-13,signal,
2018-06 to 2020-05,CINF,Core MA + ATR,2020-01-28,short,105.09,2020-01-31,signal,
2018-06 to 2020-05,CINF,Core MA + ATR,2020-02-03,short,105.84,2020-02-04,signal,
2018-06 to 2020-05,CINF,Core MA + ATR,2020-02-07,long,113.13,2020-02-19,signal,
2018-06 to 2020-05,CINF,Core MA + ATR,2020-03-11,short,92.51,2020-03-20,signal,
2018-06 to 2020-05,CINF,Core MA + ATR,2020-03-23,short,73.1,2020-03-30,signal,
2018-06 to 2020-05,CINF,Core MA + ATR,2020-04-01,short,71.94,2020-04-08,signal,
2018-06 to 2020-05,CINF,Core MA + ATR,2020-04-29,short,73.14,2020-05-13,signal,
2018-06 to 2020-05,CINF,Core MA + ATR,2020-05-14,short,47.67,2020-05-19,signal,
2018-06 to 2020-05,CINF,Core MA + ATR,2020-06-12,short,61.06,2020-06-15,signal,
2018-06 to 2020-05,CINF,Enhanced short/order-book,2018-10-09,long,77.58,2018-10-11,signal,
2018-06 to 2020-05,CINF,Enhanced short/order-book,2018-11-12,long,81.43,2018-11-15,signal,
2018-06 to 2020-05,CINF,Enhanced short/order-book,2018-11-20,long,80.41,2018-11-21,signal,
2018-06 to 2020-05,CINF,Enhanced short/order-book,2018-11-23,long,79.23,2018-11-26,signal,
2018-06 to 2020-05,CINF,Enhanced short/order-book,2019-02-08,long,83.82,2019-02-14,signal,
2018-06 to 2020-05,CINF,Enhanced short/order-book,2019-04-26,long,93.71,2019-05-08,signal,
2018-06 to 2020-05,CINF,Enhanced short/order-book,2019-05-13,long,95.12,2019-05-14,signal,
2018-06 to 2020-05,CINF,Enhanced short/order-book,2019-05-15,long,95.2,2019-05-21,signal,
2018-06 to 2020-05,CINF,Enhanced short/order-book,2019-06-06,long,101.65,2019-06-11,signal,
2018-06 to 2020-05,CINF,Enhanced short/order-book,2019-06-24,long,104.97,2019-06-26,signal,
2018-06 to 2020-05,CINF,Enhanced short/order-book,2019-07-02,long,104.99,2019-07-12,signal,
2018-06 to 2020-05,CINF,Enhanced short/order-book,2019-08-01,long,107.17,2019-08-02,signal,
2018-06 to 2020-05,CINF,Enhanced short/order-book,2019-08-07,long,105.95,2019-08-15,signal,
2018-06 to 2020-05,CINF,Enhanced short/order-book,2019-08-20,long,110.33,2019-08-21,signal,
2018-06 to 2020-05,CINF,Enhanced short/order-book,2019-08-22,long,110.5,2019-08-26,signal,
2018-06 to 2020-05,CINF,Enhanced short/order-book,2019-08-28,long,109.84,2019-09-09,signal,
2018-06 to 2020-05,CINF,Enhanced short/order-book,2019-09-10,long,113.31,2019-09-11,signal,
2018-06 to 2020-05,CINF,Enhanced short/order-book,2019-10-07,long,117.21,2019-10-08,signal,
2018-06 to 2020-05,CINF,Enhanced short/order-book,2019-10-10,long,114.83,2019-10-14,signal,
2018-06 to 2020-05,CINF,Enhanced short/order-book,2019-11-12,short,109.24,2019-11-13,signal,
2018-06 to 2020-05,CINF,Enhanced short/order-book,2020-02-07,long,113.13,2020-02-19,signal,
2018-06 to 2020-05,CINF,Enhanced short/order-book,2020-03-24,short,69.53,2020-03-30,signal,
2018-06 to 2020-05,CINF,Enhanced short/order-book,2020-04-01,short,71.94,2020-04-08,signal,
2018-06 to 2020-05,CINF,Enhanced short/order-book,2020-05-12,short,54.0,2020-05-13,signal,
2018-06 to 2020-05,CINF,Enhanced short/order-book,2020-05-14,short,47.67,2020-05-19,signal,
2018-06 to 2020-05,PGR,Core MA + ATR,2018-10-02,long,70.84,2018-10-03,signal,
2018-06 to 2020-05,PGR,Core MA + ATR,2018-10-18,long,70.43,2018-10-24,signal,
2018-06 to 2020-05,PGR,Core MA + ATR,2018-10-31,long,70.16,2018-11-02,signal,
2018-06 to 2020-05,PGR,Core MA + ATR,2018-11-06,long,69.62,2018-11-07,signal,
2018-06 to 2020-05,PGR,Core MA + ATR,2018-11-08,long,72.74,2018-11-14,ATR stop,69.33
2018-06 to 2020-05,PGR,Core MA + ATR,2018-11-20,short,64.17,2018-11-29,ATR stop,65.04443350643264
2018-06 to 2020-05,PGR,Core MA + ATR,2018-12-10,short,63.2,2019-01-02,signal,
2018-06 to 2020-05,PGR,Core MA + ATR,2019-01-04,short,59.05,2019-01-08,signal,
2018-06 to 2020-05,PGR,Core MA + ATR,2019-04-17,long,77.25,2019-04-25,signal,
2018-06 to 2020-05,PGR,Core MA + ATR,2019-04-29,long,76.44,2019-05-02,ATR stop,75.71082289656225
2018-06 to 2020-05,PGR,Core MA + ATR,2019-05-16,long,77.61,2019-05-30,signal,
2018-06 to 2020-05,PGR,Core MA + ATR,2019-06-05,long,81.88,2019-06-10,signal,
2018-06 to 2020-05,PGR,Core MA + ATR,2019-08-09,short,79.84,2019-08-12,signal,
2018-06 to 2020-05,PGR,Core MA + ATR,2019-08-14,short,78.0,2019-08-22,signal,
2018-06 to 2020-05,PGR,Core MA + ATR,2019-08-26,short,75.63,2019-09-03,signal,
2018-06 to 2020-05,PGR,Core MA + ATR,2019-09-04,short,75.98,2019-09-05,signal,
2018-06 to 2020-05,PGR,Core MA + ATR,2019-09-16,short,72.68,2019-09-20,signal,
2018-06 to 2020-05,PGR,Core MA + ATR,2019-10-17,short,73.54,2019-10-29,signal,
2018-06 to 2020-05,PGR,Core MA + ATR,2019-11-21,short,70.82,2019-11-26,signal,
2018-06 to 2020-05,PGR,Core MA + ATR,2019-12-12,short,71.16,2019-12-13,signal,
2018-06 to 2020-05,PGR,Core MA + ATR,2019-12-17,short,71.01,2019-12-18,signal,
2018-06 to 2020-05,PGR,Core MA + ATR,2019-12-20,short,72.36,2019-12-24,signal,
2018-06 to 2020-05,PGR,Core MA + ATR,2020-01-08,long,72.92,2020-01-10,signal,
2018-06 to 2020-05,PGR,Core MA + ATR,2020-01-30,long,79.74,2020-02-11,signal,
2018-06 to 2020-05,PGR,Core MA + ATR,2020-03-20,short,67.2,2020-03-27,signal,
2018-06 to 2020-05,PGR,Core MA + ATR,2020-06-19,long,83.16,2020-06-23,signal,
2018-06 to 2020-05,PGR,Enhanced short/order-book,2018-10-02,long,70.84,2018-10-03,signal,
2018-06 to 2020-05,PGR,Enhanced short/order-book,2018-10-18,long,70.43,2018-10-24,signal,
2018-06 to 2020-05,PGR,Enhanced short/order-book,2018-10-31,long,70.16,2018-11-02,signal,
2018-06 to 2020-05,PGR,Enhanced short/order-book,2018-11-06,long,69.62,2018-11-07,signal,
2018-06 to 2020-05,PGR,Enhanced short/order-book,2018-11-08,long,72.74,2018-11-14,ATR stop,69.33
2018-06 to 2020-05,PGR,Enhanced short/order-book,2018-12-11,short,64.89,2019-01-02,signal,
2018-06 to 2020-05,PGR,Enhanced short/order-book,2019-01-04,short,59.05,2019-01-08,signal,
2018-06 to 2020-05,PGR,Enhanced short/order-book,2019-04-17,long,77.25,2019-04-25,signal,
2018-06 to 2020-05,PGR,Enhanced short/order-book,2019-04-29,long,76.44,2019-05-02,ATR stop,75.71082289656225
2018-06 to 2020-05,PGR,Enhanced short/order-book,2019-05-16,long,77.61,2019-05-30,signal,
2018-06 to 2020-05,PGR,Enhanced short/order-book,2019-06-05,long,81.88,2019-06-10,signal,
2018-06 to 2020-05,PGR,Enhanced short/order-book,2019-08-09,short,79.84,2019-08-12,signal,
2018-06 to 2020-05,PGR,Enhanced short/order-book,2019-10-17,short,73.54,2019-10-28,signal,
2018-06 to 2020-05,PGR,Enhanced short/order-book,2020-01-08,long,72.92,2020-01-10,signal,
2018-06 to 2020-05,PGR,Enhanced short/order-book,2020-01-30,long,79.74,2020-02-11,signal,
2018-06 to 2020-05,PGR,Enhanced short/order-book,2020-03-24,short,70.17,2020-03-27,signal,
2018-06 to 2020-05,PGR,Enhanced short/order-book,2020-06-19,long,83.16,2020-06-23,signal,
2018-06 to 2020-05,AIZ,Core MA + ATR,2018-10-19,long,105.95,2018-10-23,signal,
2018-06 to 2020-05,AIZ,Core MA + ATR,2018-10-26,short,95.54,2018-11-01,signal,
2018-06 to 2020-05,AIZ,Core MA + ATR,2018-11-15,short,99.25,2018-11-16,signal,
2018-06 to 2020-05,AIZ,Core MA + ATR,2018-11-21,short,97.22,2018-11-29,signal,
2018-06 to 2020-05,AIZ,Core MA + ATR,2018-12-07,short,92.38,2018-12-27,ATR stop,87.95747648396754
2018-06 to 2020-05,AIZ,Core MA + ATR,2019-02-19,long,98.19,2019-02-20,signal,
2018-06 to 2020-05,AIZ,Core MA + ATR,2019-06-05,long,103.36,2019-06-07,signal,
2018-06 to 2020-05,AIZ,Core MA + ATR,2019-07-02,long,109.11,2019-07-08,signal,
2018-06 to 2020-05,AIZ,Core MA + ATR,2019-08-08,long,118.36,2019-08-23,ATR stop,119.05655791224231
2018-06 to 2020-05,AIZ,Core MA + ATR,2019-09-03,long,122.39,2019-09-05,signal,
2018-06 to 2020-05,AIZ,Core MA + ATR,2019-10-07,long,126.19,2019-10-08,signal,
2018-06 to 2020-05,AIZ,Core MA + ATR,2019-10-11,long,126.32,2019-10-14,signal,
2018-06 to 2020-05,AIZ,Core MA + ATR,2019-11-04,long,128.06,2019-11-06,signal,
2018-06 to 2020-05,AIZ,Core MA + ATR,2019-11-07,long,127.57,2019-11-19,signal,
2018-06 to 2020-05,AIZ,Core MA + ATR,2019-11-27,long,133.91,2019-11-29,signal,
2018-06 to 2020-05,AIZ,Core MA + ATR,2020-01-21,long,133.31,2020-01-22,signal,
2018-06 to 2020-05,AIZ,Core MA + ATR,2020-02-04,long,133.9,2020-02-12,ATR stop,135.29203454205512
2018-06 to 2020-05,AIZ,Core MA + ATR,2020-02-14,long,140.44,2020-02-24,signal,
2018-06 to 2020-05,AIZ,Core MA + ATR,2020-03-11,short,110.69,2020-03-24,signal,
2018-06 to 2020-05,AIZ,Core MA + ATR,2020-04-06,short,102.81,2020-04-07,signal,
2018-06 to 2020-05,AIZ,Core MA + ATR,2020-04-17,short,104.08,2020-04-20,signal,
2018-06 to 2020-05,AIZ,Core MA + ATR,2020-04-21,short,100.75,2020-04-22,signal,
2018-06 to 2020-05,AIZ,Core MA + ATR,2020-05-14,short,86.39,2020-05-18,ATR stop,96.34113965150378
2018-06 to 2020-05,AIZ,Core MA + ATR,2020-08-06,long,121.56,2020-08-14,signal,
2018-06 to 2020-05,AIZ,Enhanced short/order-book,2018-10-19,long,105.95,2018-10-23,signal,
2018-06 to 2020-05,AIZ,Enhanced short/order-book,2018-11-27,short,98.56,2018-11-29,signal,
2018-06 to 2020-05,AIZ,Enhanced short/order-book,2018-12-07,short,92.38,2018-12-11,signal,
2018-06 to 2020-05,AIZ,Enhanced short/order-book,2019-02-19,long,98.19,2019-02-20,signal,
2018-06 to 2020-05,AIZ,Enhanced short/order-book,2019-06-05,long,103.36,2019-06-07,signal,
2018-06 to 2020-05,AIZ,Enhanced short/order-book,2019-07-02,long,109.11,2019-07-08,signal,
2018-06 to 2020-05,AIZ,Enhanced short/order-book,2019-08-08,long,118.36,2019-08-23,ATR stop,119.05655791224231
2018-06 to 2020-05,AIZ,Enhanced short/order-book,2019-09-03,long,122.39,2019-09-05,signal,
2018-06 to 2020-05,AIZ,Enhanced short/order-book,2019-10-07,long,126.19,2019-10-08,signal,
2018-06 to 2020-05,AIZ,Enhanced short/order-book,2019-10-11,long,126.32,2019-10-14,signal,
2018-06 to 2020-05,AIZ,Enhanced short/order-book,2019-11-04,long,128.06,2019-11-06,signal,
2018-06 to 2020-05,AIZ,Enhanced short/order-book,2019-11-07,long,127.57,2019-11-19,signal,
2018-06 to 2020-05,AIZ,Enhanced short/order-book,2019-11-27,long,133.91,2019-11-29,signal,
2018-06 to 2020-05,AIZ,Enhanced short/order-book,2020-01-21,long,133.31,2020-01-22,signal,
2018-06 to 2020-05,AIZ,Enhanced short/order-book,2020-02-04,long,133.9,2020-02-12,ATR stop,135.29203454205512
2018-06 to 2020-05,AIZ,Enhanced short/order-book,2020-02-14,long,140.44,2020-02-24,signal,
2018-06 to 2020-05,AIZ,Enhanced short/order-book,2020-04-06,short,102.81,2020-04-07,signal,
2018-06 to 2020-05,AIZ,Enhanced short/order-book,2020-05-14,short,86.39,2020-05-18,ATR stop,96.34113965150378
2018-06 to 2020-05,AIZ,Enhanced short/order-book,2020-08-06,long,121.56,2020-08-14,signal,
2018-06 to 2020-05,AIG,Core MA + ATR,2018-09-12,short,52.17,2018-09-13,signal,
2018-06 to 2020-05,AIG,Core MA + ATR,2018-10-09,long,53.88,2018-10-11,signal,
2018-06 to 2020-05,AIG,Core MA + ATR,2018-10-15,short,49.75,2018-11-01,ATR stop,43.38796447461257
2018-06 to 2020-05,AIG,Core MA + ATR,2018-11-13,short,42.56,2018-11-19,signal,
2018-06 to 2020-05,AIG,Core MA + ATR,2018-12-03,short,43.84,2018-12-19,signal,
2018-06 to 2020-05,AIG,Core MA + ATR,2018-12-24,short,37.08,2018-12-27,signal,
2018-06 to 2020-05,AIG,Core MA + ATR,2019-02-26,long,43.63,2019-02-27,signal,
2018-06 to 2020-05,AIG,Core MA + ATR,2019-05-08,long,50.04,2019-05-23,signal,
2018-06 to 2020-05,AIG,Core MA + ATR,2019-06-05,long,53.34,2019-06-10,signal,
2018-06 to 2020-05,AIG,Core MA + ATR,2019-08-09,long,56.5,2019-08-13,signal,
2018-06 to 2020-05,AIG,Core MA + ATR,2019-08-14,long,55.09,2019-08-15,signal,
2018-06 to 2020-05,AIG,Core MA + ATR,2019-08-28,short,52.53,2019-09-04,ATR stop,54.16129879419894
2018-06 to 2020-05,AIG,Core MA + ATR,2019-12-13,short,51.15,2019-12-17,signal,
2018-06 to 2020-05,AIG,Core MA + ATR,2020-01-24,short,51.67,2020-02-04,signal,
2018-06 to 2020-05,AIG,Core MA + ATR,2020-02-13,long,55.77,2020-02-13,ATR stop,53.795020505083684
2018-06 to 2020-05,AIG,Core MA + ATR,2020-02-18,short,48.11,2020-03-25,signal,
2018-06 to 2020-05,AIG,Core MA + ATR,2020-04-02,short,21.11,2020-04-09,signal,
2018-06 to 2020-05,AIG,Core MA + ATR,2020-04-17,short,24.23,2020-04-20,signal,
2018-06 to 2020-05,AIG,Core MA + ATR,2020-04-21,short,22.5,2020-04-23,signal,
2018-06 to 2020-05,AIG,Enhanced short/order-book,2018-09-12,short,52.17,2018-09-13,signal,
2018-06 to 2020-05,AIG,Enhanced short/order-book,2018-10-09,long,53.88,2018-10-11,signal,
2018-06 to 2020-05,AIG,Enhanced short/order-book,2018-10-26,short,42.04,2018-11-01,ATR stop,43.38796447461257
2018-06 to 2020-05,AIG,Enhanced short/order-book,2018-12-03,short,43.84,2018-12-19,signal,
2018-06 to 2020-05,AIG,Enhanced short/order-book,2018-12-24,short,37.08,2018-12-26,signal,
2018-06 to 2020-05,AIG,Enhanced short/order-book,2019-02-26,long,43.63,2019-02-27,signal,
2018-06 to 2020-05,AIG,Enhanced short/order-book,2019-05-08,long,50.04,2019-05-23,signal,
2018-06 to 2020-05,AIG,Enhanced short/order-book,2019-08-09,long,56.5,2019-08-13,signal,
2018-06 to 2020-05,AIG,Enhanced short/order-book,2019-08-28,short,52.53,2019-09-04,ATR stop,54.16129879419894
2018-06 to 2020-05,AIG,Enhanced short/order-book,2019-12-13,short,51.15,2019-12-17,signal,
2018-06 to 2020-05,AIG,Enhanced short/order-book,2020-01-28,short,50.4,2020-02-04,signal,
2018-06 to 2020-05,AIG,Enhanced short/order-book,2020-02-13,long,55.77,2020-02-13,ATR stop,53.795020505083684
2018-06 to 2020-05,AIG,Enhanced short/order-book,2020-02-18,short,48.11,2020-03-24,signal,
2018-06 to 2020-05,BAP,Core MA + ATR,2018-09-04,short,216.05,2018-09-11,signal,
2018-06 to 2020-05,BAP,Core MA + ATR,2018-10-09,short,219.05,2018-10-10,signal,
2018-06 to 2020-05,BAP,Core MA + ATR,2018-10-11,short,216.84,2018-10-12,ATR stop,224.06023028659516
2018-06 to 2020-05,BAP,Core MA + ATR,2018-10-17,long,224.73,2018-10-19,signal,
2018-06 to 2020-05,BAP,Core MA + ATR,2018-10-26,short,212.34,2018-10-31,signal,
2018-06 to 2020-05,BAP,Core MA + ATR,2018-11-06,long,229.76,2018-11-09,signal,
2018-06 to 2020-05,BAP,Core MA + ATR,2018-11-16,long,222.51,2018-11-21,signal,
2018-06 to 2020-05,BAP,Core MA + ATR,2018-11-23,long,220.46,2018-11-26,signal,
2018-06 to 2020-05,BAP,Core MA + ATR,2018-11-29,long,222.61,2018-11-30,signal,
2018-06 to 2020-05,BAP,Core MA + ATR,2018-12-04,long,223.1,2018-12-06,signal,
2018-06 to 2020-05,BAP,Core MA + ATR,2018-12-12,short,224.27,2018-12-18,signal,
2018-06 to 2020-05,BAP,Core MA + ATR,2018-12-20,short,215.75,2018-12-21,signal,
2018-06 to 2020-05,BAP,Core MA + ATR,2019-01-29,long,237.51,2019-01-30,signal,
2018-06 to 2020-05,BAP,Core MA + ATR,2019-01-31,long,236.19,2019-02-04,signal,
2018-06 to 2020-05,BAP,Core MA + ATR,2019-05-09,short,223.93,2019-05-21,signal,
2018-06 to 2020-05,BAP,Core MA + ATR,2019-05-29,short,218.42,2019-06-03,signal,
2018-06 to 2020-05,BAP,Core MA + ATR,2019-06-14,short,220.1,2019-06-18,signal,
2018-06 to 2020-05,BAP,Core MA + ATR,2019-08-09,short,216.99,2019-08-20,signal,
2018-06 to 2020-05,BAP,Core MA + ATR,2019-08-21,short,206.57,2019-08-22,signal,
2018-06 to 2020-05,BAP,Core MA + ATR,2019-08-26,short,202.33,2019-08-30,signal,
2018-06 to 2020-05,BAP,Core MA + ATR,2019-09-24,short,206.28,2019-09-27,signal,
2018-06 to 2020-05,BAP,Core MA + ATR,2019-10-02,short,204.15,2019-10-09,signal,
2018-06 to 2020-05,BAP,Core MA + ATR,2019-11-05,long,214.43,2019-11-06,signal,
2018-06 to 2020-05,BAP,Core MA + ATR,2019-11-07,long,213.9,2019-11-08,ATR stop,209.01915377842238
2018-06 to 2020-05,BAP,Core MA + ATR,2019-12-04,short,206.28,2019-12-09,signal,
2018-06 to 2020-05,BAP,Core MA + ATR,2020-01-16,long,214.59,2020-01-24,signal,
2018-06 to 2020-05,BAP,Core MA + ATR,2020-02-05,long,216.34,2020-02-06,ATR stop,207.30491895243338
2018-06 to 2020-05,BAP,Core MA + ATR,2020-02-19,short,202.76,2020-02-24,signal,
2018-06 to 2020-05,BAP,Core MA + ATR,2020-02-25,short,194.47,2020-03-03,ATR stop,192.46365329567175
2018-06 to 2020-05,BAP,Core MA + ATR,2020-03-10,short,180.5,2020-03-31,signal,
2018-06 to 2020-05,BAP,Core MA + ATR,2020-04-08,short,133.21,2020-04-09,signal,
2018-06 to 2020-05,BAP,Core MA + ATR,2020-04-13,short,136.03,2020-04-14,signal,
2018-06 to 2020-05,BAP,Enhanced short/order-book,2018-09-04,short,216.05,2018-09-11,signal,
2018-06 to 2020-05,BAP,Enhanced short/order-book,2018-10-09,short,219.05,2018-10-10,signal,
2018-06 to 2020-05,BAP,Enhanced short/order-book,2018-10-11,short,216.84,2018-10-12,ATR stop,224.06023028659516
2018-06 to 2020-05,BAP,Enhanced short/order-book,2018-10-26,short,212.34,2018-10-31,signal,
2018-06 to 2020-05,BAP,Enhanced short/order-book,2018-12-12,short,224.27,2018-12-18,signal,
2018-06 to 2020-05,BAP,Enhanced short/order-book,2018-12-20,short,215.75,2018-12-21,signal,
2018-06 to 2020-05,BAP,Enhanced short/order-book,2019-05-09,short,223.93,2019-05-21,signal,
2018-06 to 2020-05,BAP,Enhanced short/order-book,2019-05-29,short,218.42,2019-06-03,signal,
2018-06 to 2020-05,BAP,Enhanced short/order-book,2019-06-14,short,220.1,2019-06-18,signal,
2018-06 to 2020-05,BAP,Enhanced short/order-book,2019-08-09,short,216.99,2019-08-20,signal,
2018-06 to 2020-05,BAP,Enhanced short/order-book,2019-08-21,short,206.57,2019-08-22,signal,
2018-06 to 2020-05,BAP,Enhanced short/order-book,2019-08-26,short,202.33,2019-08-30,signal,
2018-06 to 2020-05,BAP,Enhanced short/order-book,2019-09-24,short,206.28,2019-09-27,signal,
2018-06 to 2020-05,BAP,Enhanced short/order-book,2019-10-02,short,204.15,2019-10-09,signal,
2018-06 to 2020-05,BAP,Enhanced short/order-book,2019-11-05,long,214.43,2019-11-06,signal,
2018-06 to 2020-05,BAP,Enhanced short/order-book,2019-11-07,long,213.9,2019-11-08,ATR stop,209.01915377842238
2018-06 to 2020-05,BAP,Enhanced short/order-book,2019-12-04,short,206.28,2019-12-09,signal,
2018-06 to 2020-05,BAP,Enhanced short/order-book,2020-02-05,long,216.34,2020-02-06,ATR stop,207.30491895243338
2018-06 to 2020-05,BAP,Enhanced short/order-book,2020-02-19,short,202.76,2020-02-24,signal,
2018-06 to 2020-05,BAP,Enhanced short/order-book,2020-02-25,short,194.47,2020-03-03,ATR stop,192.46365329567175
2018-06 to 2020-05,BAP,Enhanced short/order-book,2020-03-10,short,180.5,2020-03-31,signal,
2018-06 to 2020-05,BAP,Enhanced short/order-book,2020-04-08,short,133.21,2020-04-09,signal,
2018-06 to 2020-05,BAP,Enhanced short/order-book,2020-04-13,short,136.03,2020-04-14,signal,
2018-06 to 2020-05,ALL,Core MA + ATR,2018-09-25,long,100.43,2018-09-26,signal,
2018-06 to 2020-05,ALL,Core MA + ATR,2018-10-17,short,95.2,2018-10-19,signal,
2018-06 to 2020-05,ALL,Core MA + ATR,2018-10-25,short,92.54,2018-10-31,ATR stop,96.5420503918732
2018-06 to 2020-05,ALL,Core MA + ATR,2018-11-02,short,90.37,2018-11-09,signal,
2018-06 to 2020-05,ALL,Core MA + ATR,2018-11-15,short,87.86,2018-11-27,signal,
2018-06 to 2020-05,ALL,Core MA + ATR,2018-11-28,short,87.77,2018-11-29,signal,
2018-06 to 2020-05,ALL,Core MA + ATR,2018-12-06,short,85.63,2018-12-24,signal,
2018-06 to 2020-05,ALL,Core MA + ATR,2018-12-26,short,77.55,2018-12-28,signal,
2018-06 to 2020-05,ALL,Core MA + ATR,2019-01-04,short,81.38,2019-01-07,signal,
2018-06 to 2020-05,ALL,Core MA + ATR,2019-03-22,long,94.33,2019-03-25,signal,
2018-06 to 2020-05,ALL,Core MA + ATR,2019-04-17,long,98.33,2019-04-25,signal,
2018-06 to 2020-05,ALL,Core MA + ATR,2019-04-29,long,97.54,2019-04-30,signal,
2018-06 to 2020-05,ALL,Core MA + ATR,2019-05-02,long,98.98,2019-05-07,signal,
2018-06 to 2020-05,ALL,Core MA + ATR,2019-05-22,long,96.69,2019-05-24,signal,
2018-06 to 2020-05,ALL,Core MA + ATR,2019-06-04,long,97.6,2019-06-07,signal,
2018-06 to 2020-05,ALL,Core MA + ATR,2019-06-10,long,101.02,2019-06-11,signal,
2018-06 to 2020-05,ALL,Core MA + ATR,2019-06-25,long,102.3,2019-06-26,signal,
2018-06 to 2020-05,ALL,Core MA + ATR,2019-07-01,long,102.98,2019-07-03,signal,
2018-06 to 2020-05,ALL,Core MA + ATR,2019-07-05,long,104.63,2019-07-10,signal,
2018-06 to 2020-05,ALL,Core MA + ATR,2019-08-01,long,107.69,2019-08-05,ATR stop,102.64598659691364
2018-06 to 2020-05,ALL,Core MA + ATR,2019-08-07,long,102.49,2019-08-08,signal,
2018-06 to 2020-05,ALL,Core MA + ATR,2019-08-09,long,105.1,2019-08-12,signal,
2018-06 to 2020-05,ALL,Core MA + ATR,2019-08-14,long,103.39,2019-08-15,signal,
2018-06 to 2020-05,ALL,Core MA + ATR,2019-08-20,long,103.71,2019-08-21,signal,
2018-06 to 2020-05,ALL,Core MA + ATR,2019-08-22,long,104.54,2019-08-26,signal,
2018-06 to 2020-05,ALL,Core MA + ATR,2019-09-06,long,104.27,2019-09-09,signal,
2018-06 to 2020-05,ALL,Core MA + ATR,2019-09-11,long,105.45,2019-09-13,signal,
2018-06 to 2020-05,ALL,Core MA + ATR,2019-10-07,long,108.17,2019-10-08,signal,
2018-06 to 2020-05,ALL,Core MA + ATR,2019-11-08,long,107.54,2019-11-11,signal,
2018-06 to 2020-05,ALL,Core MA + ATR,2019-11-12,long,109.62,2019-11-15,signal,
2018-06 to 2020-05,ALL,Core MA + ATR,2019-12-23,long,111.82,2019-12-26,signal,
2018-06 to 2020-05,ALL,Core MA + ATR,2020-01-21,long,117.15,2020-01-23,signal,
2018-06 to 2020-05,ALL,Core MA + ATR,2020-01-24,long,118.24,2020-01-28,signal,
2018-06 to 2020-05,ALL,Core MA + ATR,2020-01-30,long,117.59,2020-02-13,signal,
2018-06 to 2020-05,ALL,Core MA + ATR,2020-02-14,long,124.93,2020-02-20,signal,
2018-06 to 2020-05,ALL,Core MA + ATR,2020-03-12,short,86.04,2020-03-26,signal,
2018-06 to 2020-05,ALL,Core MA + ATR,2020-04-03,short,85.09,2020-04-06,signal,
2018-06 to 2020-05,ALL,Core MA + ATR,2020-07-09,short,88.57,2020-07-13,signal,
2018-06 to 2020-05,ALL,Enhanced short/order-book,2018-09-25,long,100.43,2018-09-26,signal,
2018-06 to 2020-05,ALL,Enhanced short/order-book,2018-12-26,short,77.55,2018-12-28,signal,
2018-06 to 2020-05,ALL,Enhanced short/order-book,2019-01-04,short,81.38,2019-01-07,signal,
2018-06 to 2020-05,ALL,Enhanced short/order-book,2019-03-22,long,94.33,2019-03-25,signal,
2018-06 to 2020-05,ALL,Enhanced short/order-book,2019-04-17,long,98.33,2019-04-25,signal,
2018-06 to 2020-05,ALL,Enhanced short/order-book,2019-04-29,long,97.54,2019-04-30,signal,
2018-06 to 2020-05,ALL,Enhanced short/order-book,2019-05-02,long,98.98,2019-05-07,signal,
2018-06 to 2020-05,ALL,Enhanced short/order-book,2019-05-22,long,96.69,2019-05-24,signal,
2018-06 to 2020-05,ALL,Enhanced short/order-book,2019-06-04,long,97.6,2019-06-07,signal,
2018-06 to 2020-05,ALL,Enhanced short/order-book,2019-06-10,long,101.02,2019-06-11,signal,
2018-06 to 2020-05,ALL,Enhanced short/order-book,2019-06-25,long,102.3,2019-06-26,signal,
2018-06 to 2020-05,ALL,Enhanced short/order-book,2019-07-01,long,102.98,2019-07-03,signal,
2018-06 to 2020-05,ALL,Enhanced short/order-book,2019-07-05,long,104.63,2019-07-10,signal,
2018-06 to 2020-05,ALL,Enhanced short/order-book,2019-08-01,long,107.69,2019-08-05,ATR stop,102.64598659691364
2018-06 to 2020-05,ALL,Enhanced short/order-book,2019-08-07,long,102.49,2019-08-08,signal,
2018-06 to 2020-05,ALL,Enhanced short/order-book,2019-08-09,long,105.1,2019-08-12,signal,
2018-06 to 2020-05,ALL,Enhanced short/order-book,2019-08-14,long,103.39,2019-08-15,signal,
2018-06 to 2020-05,ALL,Enhanced short/order-book,2019-08-20,long,103.71,2019-08-21,signal,
2018-06 to 2020-05,ALL,Enhanced short/order-book,2019-08-22,long,104.54,2019-08-26,signal,
2018-06 to 2020-05,ALL,Enhanced short/order-book,2019-09-06,long,104.27,2019-09-09,signal,
2018-06 to 2020-05,ALL,Enhanced short/order-book,2019-09-11,long,105.45,2019-09-13,signal,
2018-06 to 2020-05,ALL,Enhanced short/order-book,2019-10-07,long,108.17,2019-10-08,signal,
2018-06 to 2020-05,ALL,Enhanced short/order-book,2019-11-08,long,107.54,2019-11-11,signal,
2018-06 to 2020-05,ALL,Enhanced short/order-book,2019-11-12,long,109.62,2019-11-15,signal,
2018-06 to 2020-05,ALL,Enhanced short/order-book,2019-12-23,long,111.82,2019-12-26,signal,
2018-06 to 2020-05,ALL,Enhanced short/order-book,2020-01-21,long,117.15,2020-01-23,signal,
2018-06 to 2020-05,ALL,Enhanced short/order-book,2020-01-24,long,118.24,2020-01-28,signal,
2018-06 to 2020-05,ALL,Enhanced short/order-book,2020-01-30,long,117.59,2020-02-13,signal,
2018-06 to 2020-05,ALL,Enhanced short/order-book,2020-02-14,long,124.93,2020-02-20,signal,
2018-06 to 2020-05,ALL,Enhanced short/order-book,2020-03-24,short,78.1,2020-03-26,signal,
2018-06 to 2020-05,ALL,Enhanced short/order-book,2020-04-03,short,85.09,2020-04-06,signal,
2018-06 to 2020-05,HIG,Core MA + ATR,2018-09-27,short,49.72,2018-10-09,signal,
2018-06 to 2020-05,HIG,Core MA + ATR,2018-10-11,short,48.6,2018-11-01,signal,
2018-06 to 2020-05,HIG,Core MA + ATR,2018-11-05,short,45.07,2018-11-06,signal,
2018-06 to 2020-05,HIG,Core MA + ATR,2018-11-14,short,45.47,2018-11-23,signal,
2018-06 to 2020-05,HIG,Core MA + ATR,2018-12-06,short,42.44,2018-12-18,signal,
2018-06 to 2020-05,HIG,Core MA + ATR,2018-12-26,short,40.83,2018-12-27,signal,
2018-06 to 2020-05,HIG,Core MA + ATR,2019-04-22,long,50.74,2019-04-23,signal,
2018-06 to 2020-05,HIG,Core MA + ATR,2019-04-26,long,51.12,2019-04-30,signal,
2018-06 to 2020-05,HIG,Core MA + ATR,2019-05-01,long,52.2,2019-05-02,ATR stop,50.76173455845505
2018-06 to 2020-05,HIG,Core MA + ATR,2019-05-09,long,52.08,2019-05-14,signal,
2018-06 to 2020-05,HIG,Core MA + ATR,2019-05-15,long,52.4,2019-05-24,signal,
2018-06 to 2020-05,HIG,Core MA + ATR,2019-06-04,long,53.99,2019-06-07,signal,
2018-06 to 2020-05,HIG,Core MA + ATR,2019-08-08,long,58.39,2019-08-15,signal,
2018-06 to 2020-05,HIG,Core MA + ATR,2019-08-20,long,58.89,2019-08-21,signal,
2018-06 to 2020-05,HIG,Core MA + ATR,2019-08-22,long,59.19,2019-08-26,signal,
2018-06 to 2020-05,HIG,Core MA + ATR,2019-08-28,long,58.3,2019-08-29,signal,
2018-06 to 2020-05,HIG,Core MA + ATR,2019-09-04,long,59.25,2019-09-11,ATR stop,58.651216241612126
2018-06 to 2020-05,HIG,Core MA + ATR,2019-09-18,long,60.71,2019-09-19,signal,
2018-06 to 2020-05,HIG,Core MA + ATR,2019-10-24,short,58.09,2019-11-01,signal,
2018-06 to 2020-05,HIG,Core MA + ATR,2020-01-24,short,58.81,2020-01-31,signal,
2018-06 to 2020-05,HIG,Core MA + ATR,2020-02-05,short,58.22,2020-02-06,signal,
2018-06 to 2020-05,HIG,Core MA + ATR,2020-02-11,short,59.11,2020-02-12,signal,
2018-06 to 2020-05,HIG,Core MA + ATR,2020-02-13,short,58.93,2020-03-03,ATR stop,54.19
2018-06 to 2020-05,HIG,Core MA + ATR,2020-03-10,short,48.54,2020-03-25,signal,
2018-06 to 2020-05,HIG,Core MA + ATR,2020-04-03,short,32.9,2020-04-08,signal,
2018-06 to 2020-05,HIG,Core MA + ATR,2020-04-23,short,36.18,2020-04-24,signal,
2018-06 to 2020-05,HIG,Core MA + ATR,2020-05-04,short,35.23,2020-05-06,signal,
2018-06 to 2020-05,HIG,Core MA + ATR,2020-05-07,short,34.03,2020-05-08,signal,
2018-06 to 2020-05,HIG,Core MA + ATR,2020-05-15,short,33.0,2020-05-18,signal,
2018-06 to 2020-05,HIG,Enhanced short/order-book,2018-09-27,short,49.72,2018-10-09,signal,
2018-06 to 2020-05,HIG,Enhanced short/order-book,2018-10-11,short,48.6,2018-11-01,signal,
2018-06 to 2020-05,HIG,Enhanced short/order-book,2018-11-05,short,45.07,2018-11-06,signal,
2018-06 to 2020-05,HIG,Enhanced short/order-book,2018-11-14,short,45.47,2018-11-23,signal,
2018-06 to 2020-05,HIG,Enhanced short/order-book,2019-04-22,long,50.74,2019-04-23,signal,
2018-06 to 2020-05,HIG,Enhanced short/order-book,2019-04-26,long,51.12,2019-04-30,signal,
2018-06 to 2020-05,HIG,Enhanced short/order-book,2019-05-01,long,52.2,2019-05-02,ATR stop,50.76173455845505
2018-06 to 2020-05,HIG,Enhanced short/order-book,2019-05-09,long,52.08,2019-05-14,signal,
2018-06 to 2020-05,HIG,Enhanced short/order-book,2019-05-15,long,52.4,2019-05-24,signal,
2018-06 to 2020-05,HIG,Enhanced short/order-book,2019-06-04,long,53.99,2019-06-07,signal,
2018-06 to 2020-05,HIG,Enhanced short/order-book,2019-08-08,long,58.39,2019-08-15,signal,
2018-06 to 2020-05,HIG,Enhanced short/order-book,2019-08-20,long,58.89,2019-08-21,signal,
2018-06 to 2020-05,HIG,Enhanced short/order-book,2019-08-22,long,59.19,2019-08-26,signal,
2018-06 to 2020-05,HIG,Enhanced short/order-book,2019-08-28,long,58.3,2019-08-29,signal,
2018-06 to 2020-05,HIG,Enhanced short/order-book,2019-09-04,long,59.25,2019-09-11,ATR stop,58.651216241612126
2018-06 to 2020-05,HIG,Enhanced short/order-book,2019-09-18,long,60.71,2019-09-19,signal,
2018-06 to 2020-05,HIG,Enhanced short/order-book,2019-10-24,short,58.09,2019-11-01,signal,
2018-06 to 2020-05,HIG,Enhanced short/order-book,2020-01-28,short,58.23,2020-01-31,signal,
2018-06 to 2020-05,HIG,Enhanced short/order-book,2020-02-05,short,58.22,2020-02-06,signal,
2018-06 to 2020-05,HIG,Enhanced short/order-book,2020-03-10,short,48.54,2020-03-25,signal,
2018-06 to 2020-05,HIG,Enhanced short/order-book,2020-04-03,short,32.9,2020-04-08,signal,
2018-06 to 2020-05,HIG,Enhanced short/order-book,2020-05-04,short,35.23,2020-05-06,signal,
2018-06 to 2020-05,HIG,Enhanced short/order-book,2020-05-07,short,34.03,2020-05-08,signal,
2023-04 to 2024-08,ROOT,Core MA + ATR,2023-07-11,long,10.57,2023-07-17,signal,
2023-04 to 2024-08,ROOT,Core MA + ATR,2023-07-20,long,12.29,2023-07-26,signal,
2023-04 to 2024-08,ROOT,Core MA + ATR,2023-08-04,long,10.97,2023-08-07,signal,
2023-04 to 2024-08,ROOT,Core MA + ATR,2023-10-26,short,9.18,2023-11-02,ATR stop,9.744386578919423
2023-04 to 2024-08,ROOT,Core MA + ATR,2023-11-15,short,9.35,2023-11-16,signal,
2023-04 to 2024-08,ROOT,Core MA + ATR,2023-11-17,short,9.59,2023-11-21,signal,
2023-04 to 2024-08,ROOT,Core MA + ATR,2023-11-24,short,9.36,2023-11-27,signal,
2023-04 to 2024-08,ROOT,Core MA + ATR,2023-11-28,short,9.28,2023-11-30,signal,
2023-04 to 2024-08,ROOT,Core MA + ATR,2023-12-05,long,12.36,2023-12-07,ATR stop,10.613603347452642
2023-04 to 2024-08,ROOT,Core MA + ATR,2023-12-15,long,10.66,2023-12-18,signal,
2023-04 to 2024-08,ROOT,Core MA + ATR,2024-02-28,long,23.82,2024-03-20,ATR stop,43.5
2023-04 to 2024-08,ROOT,Core MA + ATR,2024-03-27,long,59.19,2024-04-11,ATR stop,67.3618795493522
2023-04 to 2024-08,ROOT,Core MA + ATR,2024-05-02,long,67.0,2024-05-03,signal,
2023-04 to 2024-08,ROOT,Core MA + ATR,2024-07-19,long,79.07,2024-07-23,signal,
2023-04 to 2024-08,ROOT,Core MA + ATR,2024-11-04,long,70.4,2024-11-15,signal,
2023-04 to 2024-08,ROOT,Core MA + ATR,2024-11-18,long,90.34,2024-11-27,ATR stop,89.0039465464757
2023-04 to 2024-08,ROOT,Enhanced short/order-book,2023-07-11,long,10.57,2023-07-17,signal,
2023-04 to 2024-08,ROOT,Enhanced short/order-book,2023-07-20,long,12.29,2023-07-26,signal,
2023-04 to 2024-08,ROOT,Enhanced short/order-book,2023-08-04,long,10.97,2023-08-07,signal,
2023-04 to 2024-08,ROOT,Enhanced short/order-book,2023-10-26,short,9.18,2023-11-02,ATR stop,9.744386578919423
2023-04 to 2024-08,ROOT,Enhanced short/order-book,2023-11-15,short,9.35,2023-11-16,signal,
2023-04 to 2024-08,ROOT,Enhanced short/order-book,2023-11-17,short,9.59,2023-11-21,signal,
2023-04 to 2024-08,ROOT,Enhanced short/order-book,2023-11-24,short,9.36,2023-11-27,signal,
2023-04 to 2024-08,ROOT,Enhanced short/order-book,2023-11-28,short,9.28,2023-11-30,signal,
2023-04 to 2024-08,ROOT,Enhanced short/order-book,2023-12-05,long,12.36,2023-12-07,ATR stop,10.613603347452642
2023-04 to 2024-08,ROOT,Enhanced short/order-book,2023-12-15,long,10.66,2023-12-18,signal,
2023-04 to 2024-08,ROOT,Enhanced short/order-book,2024-04-02,long,58.0,2024-04-09,signal,
2023-04 to 2024-08,ROOT,Enhanced short/order-book,2024-05-02,long,67.0,2024-05-03,signal,
2023-04 to 2024-08,ROOT,Enhanced short/order-book,2024-07-19,long,79.07,2024-07-23,signal,
2023-04 to 2024-08,ROOT,Enhanced short/order-book,2024-11-04,long,70.4,2024-11-15,signal,
2023-04 to 2024-08,ROOT,Enhanced short/order-book,2024-11-18,long,90.34,2024-11-27,ATR stop,89.0039465464757
2023-04 to 2024-08,PLMR,Core MA + ATR,2023-08-23,short,51.03,2023-08-24,signal,
2023-04 to 2024-08,PLMR,Core MA + ATR,2023-10-03,short,49.53,2023-10-04,signal,
2023-04 to 2024-08,PLMR,Core MA + ATR,2023-10-09,short,49.39,2023-10-10,signal,
2023-04 to 2024-08,PLMR,Core MA + ATR,2023-10-23,short,49.11,2023-10-27,signal,
2023-04 to 2024-08,PLMR,Core MA + ATR,2023-11-07,long,57.46,2023-11-20,signal,
2023-04 to 2024-08,PLMR,Core MA + ATR,2023-12-05,long,63.34,2023-12-12,signal,
2023-04 to 2024-08,PLMR,Core MA + ATR,2023-12-14,long,64.27,2023-12-14,ATR stop,60.21832812657508
2023-04 to 2024-08,PLMR,Core MA + ATR,2024-01-12,long,60.0,2024-01-19,signal,
2023-04 to 2024-08,PLMR,Core MA + ATR,2024-02-15,long,66.93,2024-02-28,signal,
2023-04 to 2024-08,PLMR,Core MA + ATR,2024-03-15,long,81.99,2024-03-22,signal,
2023-04 to 2024-08,PLMR,Core MA + ATR,2024-04-29,long,80.0,2024-04-30,signal,
2023-04 to 2024-08,PLMR,Core MA + ATR,2024-05-06,long,82.05,2024-05-10,signal,
2023-04 to 2024-08,PLMR,Core MA + ATR,2024-05-21,long,83.41,2024-05-22,signal,
2023-04 to 2024-08,PLMR,Core MA + ATR,2024-05-30,long,84.16,2024-06-05,signal,
2023-04 to 2024-08,PLMR,Core MA + ATR,2024-06-07,long,86.26,2024-06-12,signal,
2023-04 to 2024-08,PLMR,Core MA + ATR,2024-06-13,long,84.79,2024-06-14,signal,
2023-04 to 2024-08,PLMR,Core MA + ATR,2024-07-19,long,90.55,2024-07-23,signal,
2023-04 to 2024-08,PLMR,Core MA + ATR,2024-07-31,long,92.45,2024-08-01,signal,
2023-04 to 2024-08,PLMR,Core MA + ATR,2024-08-02,long,86.62,2024-08-05,signal,
2023-04 to 2024-08,PLMR,Core MA + ATR,2024-08-07,long,94.01,2024-08-12,signal,
2023-04 to 2024-08,PLMR,Core MA + ATR,2024-08-16,long,94.91,2024-08-21,signal,
2023-04 to 2024-08,PLMR,Core MA + ATR,2024-10-07,long,102.61,2024-10-07,ATR stop,96.10383050175
2023-04 to 2024-08,PLMR,Core MA + ATR,2024-10-09,long,96.56,2024-10-10,signal,
2023-04 to 2024-08,PLMR,Core MA + ATR,2024-10-15,long,97.65,2024-10-18,signal,
2023-04 to 2024-08,PLMR,Core MA + ATR,2024-11-04,short,87.61,2024-11-06,ATR stop,97.16
2023-04 to 2024-08,PLMR,Core MA + ATR,2024-11-20,long,107.18,2024-11-27,signal,
2023-04 to 2024-08,PLMR,Enhanced short/order-book,2023-08-23,short,51.03,2023-08-24,signal,
2023-04 to 2024-08,PLMR,Enhanced short/order-book,2023-10-03,short,49.53,2023-10-04,signal,
2023-04 to 2024-08,PLMR,Enhanced short/order-book,2023-10-09,short,49.39,2023-10-10,signal,
2023-04 to 2024-08,PLMR,Enhanced short/order-book,2023-10-23,short,49.11,2023-10-27,signal,
2023-04 to 2024-08,PLMR,Enhanced short/order-book,2023-11-07,long,57.46,2023-11-20,signal,
2023-04 to 2024-08,PLMR,Enhanced short/order-book,2023-12-14,long,64.27,2023-12-14,ATR stop,60.21832812657508
2023-04 to 2024-08,PLMR,Enhanced short/order-book,2024-01-12,long,60.0,2024-01-19,signal,
2023-04 to 2024-08,PLMR,Enhanced short/order-book,2024-02-15,long,66.93,2024-02-27,signal,
2023-04 to 2024-08,PLMR,Enhanced short/order-book,2024-04-29,long,80.0,2024-04-30,signal,
2023-04 to 2024-08,PLMR,Enhanced short/order-book,2024-05-06,long,82.05,2024-05-10,signal,
2023-04 to 2024-08,PLMR,Enhanced short/order-book,2024-05-21,long,83.41,2024-05-22,signal,
2023-04 to 2024-08,PLMR,Enhanced short/order-book,2024-05-30,long,84.16,2024-06-04,signal,
2023-04 to 2024-08,PLMR,Enhanced short/order-book,2024-11-04,short,87.61,2024-11-06,ATR stop,97.16
2023-04 to 2024-08,KNSL,Core MA + ATR,2023-08-25,long,377.01,2023-08-29,signal,
2023-04 to 2024-08,KNSL,Core MA + ATR,2023-08-30,long,392.05,2023-09-01,signal,
2023-04 to 2024-08,KNSL,Core MA + ATR,2023-09-20,long,422.0,2023-09-27,signal,
2023-04 to 2024-08,KNSL,Core MA + ATR,2023-09-29,long,419.85,2023-10-02,signal,
2023-04 to 2024-08,KNSL,Core MA + ATR,2023-10-06,long,429.09,2023-10-16,signal,
2023-04 to 2024-08,KNSL,Core MA + ATR,2023-10-18,long,450.75,2023-10-19,signal,
2023-04 to 2024-08,KNSL,Core MA + ATR,2023-11-16,short,350.28,2023-11-22,signal,
2023-04 to 2024-08,KNSL,Core MA + ATR,2023-11-30,short,346.06,2023-12-13,signal,
2023-04 to 2024-08,KNSL,Core MA + ATR,2024-02-16,long,461.86,2024-03-04,signal,
2023-04 to 2024-08,KNSL,Core MA + ATR,2024-03-05,long,523.25,2024-03-06,signal,
2023-04 to 2024-08,KNSL,Core MA + ATR,2024-03-07,long,546.17,2024-03-11,ATR stop,518.7370017446548
2023-04 to 2024-08,KNSL,Core MA + ATR,2024-03-19,long,515.81,2024-03-20,signal,
2023-04 to 2024-08,KNSL,Core MA + ATR,2024-04-29,short,383.02,2024-05-06,signal,
2023-04 to 2024-08,KNSL,Core MA + ATR,2024-05-13,short,381.0,2024-05-16,signal,
2023-04 to 2024-08,KNSL,Core MA + ATR,2024-07-22,short,373.9,2024-07-26,ATR stop,410.04
2023-04 to 2024-08,KNSL,Core MA + ATR,2024-07-29,long,440.0,2024-08-05,ATR stop,419.7989085721009
2023-04 to 2024-08,KNSL,Core MA + ATR,2024-08-08,long,459.24,2024-08-16,signal,
2023-04 to 2024-08,KNSL,Core MA + ATR,2024-09-30,long,459.91,2024-10-01,signal,
2023-04 to 2024-08,KNSL,Core MA + ATR,2024-10-02,long,473.7,2024-10-07,ATR stop,462.3760918602302
2023-04 to 2024-08,KNSL,Core MA + ATR,2024-10-15,long,472.93,2024-10-18,signal,
2023-04 to 2024-08,KNSL,Core MA + ATR,2024-10-28,short,446.11,2024-11-06,ATR stop,453.51
2023-04 to 2024-08,KNSL,Core MA + ATR,2024-11-27,long,516.72,2024-11-29,event end,508.44
2023-04 to 2024-08,KNSL,Enhanced short/order-book,2023-08-25,long,377.01,2023-08-29,signal,
2023-04 to 2024-08,KNSL,Enhanced short/order-book,2023-08-30,long,392.05,2023-09-01,signal,
2023-04 to 2024-08,KNSL,Enhanced short/order-book,2023-09-20,long,422.0,2023-09-27,signal,
2023-04 to 2024-08,KNSL,Enhanced short/order-book,2023-09-29,long,419.85,2023-10-02,signal,
2023-04 to 2024-08,KNSL,Enhanced short/order-book,2023-10-06,long,429.09,2023-10-16,signal,
2023-04 to 2024-08,KNSL,Enhanced short/order-book,2023-10-18,long,450.75,2023-10-19,signal,
2023-04 to 2024-08,KNSL,Enhanced short/order-book,2023-11-16,short,350.28,2023-11-22,signal,
2023-04 to 2024-08,KNSL,Enhanced short/order-book,2023-11-30,short,346.06,2023-12-13,signal,
2023-04 to 2024-08,KNSL,Enhanced short/order-book,2024-02-16,long,461.86,2024-02-21,signal,
2023-04 to 2024-08,KNSL,Enhanced short/order-book,2024-03-08,long,532.8,2024-03-12,signal,
2023-04 to 2024-08,KNSL,Enhanced short/order-book,2024-03-19,long,515.81,2024-03-20,signal,
2023-04 to 2024-08,KNSL,Enhanced short/order-book,2024-04-30,short,358.5,2024-05-06,signal,
2023-04 to 2024-08,KNSL,Enhanced short/order-book,2024-07-22,short,373.9,2024-07-26,ATR stop,410.04
2023-04 to 2024-08,KNSL,Enhanced short/order-book,2024-07-29,long,440.0,2024-08-05,ATR stop,419.7989085721009
2023-04 to 2024-08,KNSL,Enhanced short/order-book,2024-08-08,long,459.24,2024-08-16,signal,
2023-04 to 2024-08,KNSL,Enhanced short/order-book,2024-09-30,long,459.91,2024-10-01,signal,
2023-04 to 2024-08,KNSL,Enhanced short/order-book,2024-10-02,long,473.7,2024-10-07,ATR stop,462.3760918602302
2023-04 to 2024-08,KNSL,Enhanced short/order-book,2024-10-15,long,472.93,2024-10-18,signal,
2023-04 to 2024-08,KNSL,Enhanced short/order-book,2024-10-28,short,446.11,2024-11-06,ATR stop,453.51
2023-04 to 2024-08,KNSL,Enhanced short/order-book,2024-11-27,long,516.72,2024-11-29,event end,508.44
2023-04 to 2024-08,MCY,Core MA + ATR,2023-07-03,short,30.01,2023-07-05,signal,
2023-04 to 2024-08,MCY,Core MA + ATR,2023-07-06,short,29.28,2023-07-07,signal,
2023-04 to 2024-08,MCY,Core MA + ATR,2023-07-10,short,29.13,2023-07-13,signal,
2023-04 to 2024-08,MCY,Core MA + ATR,2023-07-17,short,28.69,2023-07-18,signal,
2023-04 to 2024-08,MCY,Core MA + ATR,2023-09-28,short,27.84,2023-09-29,signal,
2023-04 to 2024-08,MCY,Core MA + ATR,2023-10-02,short,27.84,2023-10-09,signal,
2023-04 to 2024-08,MCY,Core MA + ATR,2023-11-02,long,37.54,2023-11-09,signal,
2023-04 to 2024-08,MCY,Core MA + ATR,2023-12-04,long,38.79,2023-12-08,signal,
2023-04 to 2024-08,MCY,Core MA + ATR,2024-01-08,long,38.66,2024-01-09,signal,
2023-04 to 2024-08,MCY,Core MA + ATR,2024-01-11,long,38.66,2024-01-23,signal,
2023-04 to 2024-08,MCY,Core MA + ATR,2024-01-24,long,40.56,2024-01-25,signal,
2023-04 to 2024-08,MCY,Core MA + ATR,2024-01-26,long,41.68,2024-01-30,signal,
2023-04 to 2024-08,MCY,Core MA + ATR,2024-02-09,long,39.62,2024-02-27,signal,
2023-04 to 2024-08,MCY,Core MA + ATR,2024-03-28,long,52.01,2024-04-05,signal,
2023-04 to 2024-08,MCY,Core MA + ATR,2024-04-12,long,51.31,2024-04-26,ATR stop,53.03657126005943
2023-04 to 2024-08,MCY,Core MA + ATR,2024-05-03,long,55.49,2024-05-09,signal,
2023-04 to 2024-08,MCY,Core MA + ATR,2024-07-30,long,58.55,2024-07-31,ATR stop,55.574044794867866
2023-04 to 2024-08,MCY,Core MA + ATR,2024-08-19,long,60.75,2024-08-20,signal,
2023-04 to 2024-08,MCY,Core MA + ATR,2024-08-30,long,66.56,2024-09-03,ATR stop,63.11248158976629
2023-04 to 2024-08,MCY,Core MA + ATR,2024-09-24,long,62.44,2024-10-02,signal,
2023-04 to 2024-08,MCY,Core MA + ATR,2024-10-10,long,65.33,2024-10-14,signal,
2023-04 to 2024-08,MCY,Core MA + ATR,2024-10-31,long,71.72,2024-11-01,signal,
2023-04 to 2024-08,MCY,Core MA + ATR,2024-11-07,long,73.12,2024-11-18,signal,
2023-04 to 2024-08,MCY,Core MA + ATR,2024-11-22,long,76.31,2024-11-25,signal,
2023-04 to 2024-08,MCY,Enhanced short/order-book,2023-09-28,short,27.84,2023-09-29,signal,
2023-04 to 2024-08,MCY,Enhanced short/order-book,2023-10-02,short,27.84,2023-10-09,signal,
2023-04 to 2024-08,MCY,Enhanced short/order-book,2023-11-02,long,37.54,2023-11-09,signal,
2023-04 to 2024-08,MCY,Enhanced short/order-book,2023-12-04,long,38.79,2023-12-05,signal,
2023-04 to 2024-08,MCY,Enhanced short/order-book,2024-01-11,long,38.66,2024-01-23,signal,
2023-04 to 2024-08,MCY,Enhanced short/order-book,2024-04-12,long,51.31,2024-04-16,signal,
2023-04 to 2024-08,MCY,Enhanced short/order-book,2024-04-23,long,55.68,2024-04-26,signal,
2023-04 to 2024-08,MCY,Enhanced short/order-book,2024-05-03,long,55.49,2024-05-09,signal,
2023-04 to 2024-08,MCY,Enhanced short/order-book,2024-07-30,long,58.55,2024-07-31,ATR stop,55.574044794867866
2023-04 to 2024-08,MCY,Enhanced short/order-book,2024-08-19,long,60.75,2024-08-20,signal,
2023-04 to 2024-08,MCY,Enhanced short/order-book,2024-08-30,long,66.56,2024-09-03,ATR stop,63.11248158976629
2023-04 to 2024-08,MCY,Enhanced short/order-book,2024-09-24,long,62.44,2024-10-02,signal,
2023-04 to 2024-08,MCY,Enhanced short/order-book,2024-10-10,long,65.33,2024-10-14,signal,
2023-04 to 2024-08,MCY,Enhanced short/order-book,2024-10-31,long,71.72,2024-11-01,signal,
2023-04 to 2024-08,MCY,Enhanced short/order-book,2024-11-07,long,73.12,2024-11-18,signal,
2023-04 to 2024-08,MCY,Enhanced short/order-book,2024-11-22,long,76.31,2024-11-25,signal,
2023-04 to 2024-08,LMND,Core MA + ATR,2023-07-18,long,20.02,2023-07-27,signal,
2023-04 to 2024-08,LMND,Core MA + ATR,2023-08-01,long,22.99,2023-08-02,signal,
2023-04 to 2024-08,LMND,Core MA + ATR,2023-10-20,short,11.81,2023-10-24,signal,
2023-04 to 2024-08,LMND,Core MA + ATR,2023-10-25,short,11.52,2023-11-02,ATR stop,13.86
2023-04 to 2024-08,LMND,Core MA + ATR,2023-11-09,long,16.28,2023-11-10,signal,
2023-04 to 2024-08,LMND,Core MA + ATR,2023-11-16,long,15.97,2023-12-06,signal,
2023-04 to 2024-08,LMND,Core MA + ATR,2023-12-13,long,17.5,2023-12-18,signal,
2023-04 to 2024-08,LMND,Core MA + ATR,2023-12-20,long,18.3,2023-12-21,signal,
2023-04 to 2024-08,LMND,Core MA + ATR,2024-02-29,short,16.04,2024-03-04,signal,
2023-04 to 2024-08,LMND,Core MA + ATR,2024-03-11,long,17.7,2024-03-12,signal,
2023-04 to 2024-08,LMND,Core MA + ATR,2024-05-07,long,17.77,2024-05-09,signal,
2023-04 to 2024-08,LMND,Core MA + ATR,2024-05-14,long,19.41,2024-05-21,signal,
2023-04 to 2024-08,LMND,Core MA + ATR,2024-06-17,short,14.22,2024-06-18,ATR stop,15.709372377932523
2023-04 to 2024-08,LMND,Core MA + ATR,2024-07-17,long,22.07,2024-07-25,signal,
2023-04 to 2024-08,LMND,Core MA + ATR,2024-07-29,long,23.4,2024-07-31,signal,
2023-04 to 2024-08,LMND,Core MA + ATR,2024-11-01,long,24.29,2024-11-29,event end,51.81
2023-04 to 2024-08,LMND,Enhanced short/order-book,2023-07-18,long,20.02,2023-07-27,signal,
2023-04 to 2024-08,LMND,Enhanced short/order-book,2023-08-01,long,22.99,2023-08-02,signal,
2023-04 to 2024-08,LMND,Enhanced short/order-book,2023-10-20,short,11.81,2023-10-24,signal,
2023-04 to 2024-08,LMND,Enhanced short/order-book,2023-10-25,short,11.52,2023-11-02,ATR stop,13.86
2023-04 to 2024-08,LMND,Enhanced short/order-book,2023-11-09,long,16.28,2023-11-10,signal,
2023-04 to 2024-08,LMND,Enhanced short/order-book,2023-11-16,long,15.97,2023-12-05,signal,
2023-04 to 2024-08,LMND,Enhanced short/order-book,2023-12-13,long,17.5,2023-12-18,signal,
2023-04 to 2024-08,LMND,Enhanced short/order-book,2023-12-20,long,18.3,2023-12-21,signal,
2023-04 to 2024-08,LMND,Enhanced short/order-book,2024-03-11,long,17.7,2024-03-12,signal,
2023-04 to 2024-08,LMND,Enhanced short/order-book,2024-05-14,long,19.41,2024-05-21,signal,
2023-04 to 2024-08,LMND,Enhanced short/order-book,2024-07-17,long,22.07,2024-07-25,signal,
2023-04 to 2024-08,LMND,Enhanced short/order-book,2024-07-29,long,23.4,2024-07-31,signal,
2023-04 to 2024-08,LMND,Enhanced short/order-book,2024-11-01,long,24.29,2024-11-29,event end,51.81
2023-04 to 2024-08,CINF,Core MA + ATR,2023-07-06,short,96.48,2023-07-07,signal,
2023-04 to 2024-08,CINF,Core MA + ATR,2023-07-17,short,97.96,2023-07-18,signal,
2023-04 to 2024-08,CINF,Core MA + ATR,2023-08-02,long,108.05,2023-08-07,signal,
2023-04 to 2024-08,CINF,Core MA + ATR,2023-08-08,long,108.43,2023-08-10,signal,
2023-04 to 2024-08,CINF,Core MA + ATR,2023-10-20,short,101.13,2023-10-27,ATR stop,102.10037730035927
2023-04 to 2024-08,CINF,Core MA + ATR,2023-11-01,short,100.4,2023-11-02,signal,
2023-04 to 2024-08,CINF,Core MA + ATR,2023-11-07,short,100.11,2023-11-08,signal,
2023-04 to 2024-08,CINF,Core MA + ATR,2023-11-09,short,100.03,2023-11-14,signal,
2023-04 to 2024-08,CINF,Core MA + ATR,2024-01-16,long,107.37,2024-01-17,signal,
2023-04 to 2024-08,CINF,Core MA + ATR,2024-01-22,long,111.75,2024-01-24,signal,
2023-04 to 2024-08,CINF,Core MA + ATR,2024-01-26,long,112.62,2024-01-29,signal,
2023-04 to 2024-08,CINF,Core MA + ATR,2024-02-05,long,111.46,2024-02-06,signal,
2023-04 to 2024-08,CINF,Core MA + ATR,2024-02-15,long,111.06,2024-02-21,signal,
2023-04 to 2024-08,CINF,Core MA + ATR,2024-02-22,long,111.33,2024-02-26,signal,
2023-04 to 2024-08,CINF,Core MA + ATR,2024-03-07,long,118.0,2024-03-20,signal,
2023-04 to 2024-08,CINF,Core MA + ATR,2024-03-26,long,120.55,2024-04-03,signal,
2023-04 to 2024-08,CINF,Core MA + ATR,2024-04-23,long,121.21,2024-04-24,signal,
2023-04 to 2024-08,CINF,Core MA + ATR,2024-06-12,short,114.0,2024-06-13,signal,
2023-04 to 2024-08,CINF,Core MA + ATR,2024-07-16,long,123.71,2024-07-19,ATR stop,122.38024400572002
2023-04 to 2024-08,CINF,Core MA + ATR,2024-07-29,long,124.59,2024-08-06,signal,
2023-04 to 2024-08,CINF,Core MA + ATR,2024-08-13,long,127.77,2024-08-20,signal,
2023-04 to 2024-08,CINF,Core MA + ATR,2024-09-10,long,137.47,2024-09-11,signal,
2023-04 to 2024-08,CINF,Core MA + ATR,2024-09-16,long,136.54,2024-09-17,signal,
2023-04 to 2024-08,CINF,Core MA + ATR,2024-10-18,long,140.96,2024-10-21,signal,
2023-04 to 2024-08,CINF,Core MA + ATR,2024-10-22,long,139.51,2024-10-25,signal,
2023-04 to 2024-08,CINF,Core MA + ATR,2024-10-29,long,144.61,2024-11-04,signal,
2023-04 to 2024-08,CINF,Core MA + ATR,2024-11-07,long,148.71,2024-11-19,signal,
2023-04 to 2024-08,CINF,Enhanced short/order-book,2023-07-17,short,97.96,2023-07-18,signal,
2023-04 to 2024-08,CINF,Enhanced short/order-book,2023-08-02,long,108.05,2023-08-07,signal,
2023-04 to 2024-08,CINF,Enhanced short/order-book,2023-08-08,long,108.43,2023-08-10,signal,
2023-04 to 2024-08,CINF,Enhanced short/order-book,2023-11-13,short,99.55,2023-11-14,signal,
2023-04 to 2024-08,CINF,Enhanced short/order-book,2024-01-16,long,107.37,2024-01-17,signal,
2023-04 to 2024-08,CINF,Enhanced short/order-book,2024-01-22,long,111.75,2024-01-23,signal,
2023-04 to 2024-08,CINF,Enhanced short/order-book,2024-02-05,long,111.46,2024-02-06,signal,
2023-04 to 2024-08,CINF,Enhanced short/order-book,2024-02-15,long,111.06,2024-02-21,signal,
2023-04 to 2024-08,CINF,Enhanced short/order-book,2024-03-07,long,118.0,2024-03-20,signal,
2023-04 to 2024-08,CINF,Enhanced short/order-book,2024-04-01,long,123.96,2024-04-02,signal,
2023-04 to 2024-08,CINF,Enhanced short/order-book,2024-06-12,short,114.0,2024-06-13,signal,
2023-04 to 2024-08,PGR,Core MA + ATR,2023-07-14,short,114.2,2023-07-21,signal,
2023-04 to 2024-08,PGR,Core MA + ATR,2023-09-18,long,138.92,2023-09-19,signal,
2023-04 to 2024-08,PGR,Core MA + ATR,2023-10-16,long,156.04,2023-10-23,signal,
2023-04 to 2024-08,PGR,Core MA + ATR,2023-11-01,long,159.0,2023-11-02,signal,
2023-04 to 2024-08,PGR,Core MA + ATR,2023-11-03,long,159.11,2023-11-08,signal,
2023-04 to 2024-08,PGR,Core MA + ATR,2023-11-22,long,161.35,2023-11-24,signal,
2023-04 to 2024-08,PGR,Core MA + ATR,2024-01-11,long,166.0,2024-01-17,signal,
2023-04 to 2024-08,PGR,Core MA + ATR,2024-01-19,long,171.0,2024-01-22,signal,
2023-04 to 2024-08,PGR,Core MA + ATR,2024-01-25,long,178.41,2024-02-01,signal,
2023-04 to 2024-08,PGR,Core MA + ATR,2024-02-02,long,180.17,2024-02-09,signal,
2023-04 to 2024-08,PGR,Core MA + ATR,2024-02-15,long,187.73,2024-02-23,signal,
2023-04 to 2024-08,PGR,Core MA + ATR,2024-03-07,long,196.0,2024-03-14,signal,
2023-04 to 2024-08,PGR,Core MA + ATR,2024-03-18,long,204.57,2024-03-21,signal,
2023-04 to 2024-08,PGR,Core MA + ATR,2024-04-17,long,209.08,2024-04-26,ATR stop,206.6447368738724
2023-04 to 2024-08,PGR,Core MA + ATR,2024-05-07,long,216.33,2024-05-10,signal,
2023-04 to 2024-08,PGR,Core MA + ATR,2024-06-05,long,212.4,2024-06-06,signal,
2023-04 to 2024-08,PGR,Core MA + ATR,2024-06-13,short,203.45,2024-06-18,signal,
2023-04 to 2024-08,PGR,Core MA + ATR,2024-06-27,short,208.88,2024-06-28,signal,
2023-04 to 2024-08,PGR,Core MA + ATR,2024-07-01,short,209.27,2024-07-02,signal,
2023-04 to 2024-08,PGR,Core MA + ATR,2024-07-18,long,223.31,2024-07-23,signal,
2023-04 to 2024-08,PGR,Core MA + ATR,2024-07-24,long,216.55,2024-07-25,signal,
2023-04 to 2024-08,PGR,Core MA + ATR,2024-08-02,long,216.52,2024-08-06,signal,
2023-04 to 2024-08,PGR,Core MA + ATR,2024-08-08,long,214.99,2024-08-21,signal,
2023-04 to 2024-08,PGR,Core MA + ATR,2024-09-16,long,257.31,2024-09-18,signal,
2023-04 to 2024-08,PGR,Core MA + ATR,2024-10-17,long,257.01,2024-10-18,signal,
2023-04 to 2024-08,PGR,Core MA + ATR,2024-11-22,long,264.22,2024-11-25,signal,
2023-04 to 2024-08,PGR,Core MA + ATR,2024-11-26,long,265.19,2024-11-27,signal,
2023-04 to 2024-08,PGR,Enhanced short/order-book,2023-07-14,short,114.2,2023-07-21,signal,
2023-04 to 2024-08,PGR,Enhanced short/order-book,2023-09-18,long,138.92,2023-09-19,signal,
2023-04 to 2024-08,PGR,Enhanced short/order-book,2023-10-16,long,156.04,2023-10-23,signal,
2023-04 to 2024-08,PGR,Enhanced short/order-book,2023-11-01,long,159.0,2023-11-02,signal,
2023-04 to 2024-08,PGR,Enhanced short/order-book,2023-11-03,long,159.11,2023-11-08,signal,
2023-04 to 2024-08,PGR,Enhanced short/order-book,2023-11-22,long,161.35,2023-11-24,signal,
2023-04 to 2024-08,PGR,Enhanced short/order-book,2024-01-11,long,166.0,2024-01-17,signal,
2023-04 to 2024-08,PGR,Enhanced short/order-book,2024-02-21,long,190.26,2024-02-23,signal,
2023-04 to 2024-08,PGR,Enhanced short/order-book,2024-03-07,long,196.0,2024-03-08,signal,
2023-04 to 2024-08,PGR,Enhanced short/order-book,2024-03-19,long,207.53,2024-03-21,signal,
2023-04 to 2024-08,PGR,Enhanced short/order-book,2024-04-23,long,213.73,2024-04-26,ATR stop,206.6447368738724
2023-04 to 2024-08,PGR,Enhanced short/order-book,2024-05-07,long,216.33,2024-05-10,signal,
2023-04 to 2024-08,PGR,Enhanced short/order-book,2024-07-18,long,223.31,2024-07-23,signal,
2023-04 to 2024-08,PGR,Enhanced short/order-book,2024-07-24,long,216.55,2024-07-25,signal,
2023-04 to 2024-08,PGR,Enhanced short/order-book,2024-08-02,long,216.52,2024-08-06,signal,
2023-04 to 2024-08,PGR,Enhanced short/order-book,2024-08-08,long,214.99,2024-08-21,signal,
2023-04 to 2024-08,PGR,Enhanced short/order-book,2024-09-16,long,257.31,2024-09-18,signal,
2023-04 to 2024-08,PGR,Enhanced short/order-book,2024-10-17,long,257.01,2024-10-18,signal,
2023-04 to 2024-08,PGR,Enhanced short/order-book,2024-11-22,long,264.22,2024-11-25,signal,
2023-04 to 2024-08,PGR,Enhanced short/order-book,2024-11-26,long,265.19,2024-11-27,signal,
2023-04 to 2024-08,AIZ,Core MA + ATR,2023-07-31,long,133.97,2023-08-01,signal,
2023-04 to 2024-08,AIZ,Core MA + ATR,2023-08-03,long,142.47,2023-08-10,signal,
2023-04 to 2024-08,AIZ,Core MA + ATR,2023-09-19,long,140.35,2023-09-20,signal,
2023-04 to 2024-08,AIZ,Core MA + ATR,2023-09-28,long,146.3,2023-10-02,signal,
2023-04 to 2024-08,AIZ,Core MA + ATR,2023-10-06,long,145.64,2023-10-10,signal,
2023-04 to 2024-08,AIZ,Core MA + ATR,2023-10-20,long,149.85,2023-10-23,signal,
2023-04 to 2024-08,AIZ,Core MA + ATR,2023-11-01,long,158.74,2023-11-09,signal,
2023-04 to 2024-08,AIZ,Core MA + ATR,2023-11-14,long,162.49,2023-11-17,signal,
2023-04 to 2024-08,AIZ,Core MA + ATR,2023-11-29,long,163.36,2023-11-30,signal,
2023-04 to 2024-08,AIZ,Core MA + ATR,2023-12-01,long,167.39,2023-12-04,signal,
2023-04 to 2024-08,AIZ,Core MA + ATR,2024-02-08,long,175.27,2024-02-15,signal,
2023-04 to 2024-08,AIZ,Core MA + ATR,2024-02-21,long,175.4,2024-02-22,signal,
2023-04 to 2024-08,AIZ,Core MA + ATR,2024-03-28,long,187.56,2024-04-01,signal,
2023-04 to 2024-08,AIZ,Core MA + ATR,2024-04-29,short,172.58,2024-04-30,signal,
2023-04 to 2024-08,AIZ,Core MA + ATR,2024-05-16,short,176.66,2024-05-29,signal,
2023-04 to 2024-08,AIZ,Core MA + ATR,2024-05-30,short,169.29,2024-05-31,signal,
2023-04 to 2024-08,AIZ,Core MA + ATR,2024-07-01,short,166.56,2024-07-12,signal,
2023-04 to 2024-08,AIZ,Core MA + ATR,2024-08-12,long,177.9,2024-08-23,signal,
2023-04 to 2024-08,AIZ,Core MA + ATR,2024-08-26,long,193.57,2024-08-27,signal,
2023-04 to 2024-08,AIZ,Core MA + ATR,2024-10-17,long,196.92,2024-10-18,signal,
2023-04 to 2024-08,AIZ,Core MA + ATR,2024-11-07,long,207.3,2024-11-27,signal,
2023-04 to 2024-08,AIZ,Enhanced short/order-book,2023-07-31,long,133.97,2023-08-01,signal,
2023-04 to 2024-08,AIZ,Enhanced short/order-book,2023-08-03,long,142.47,2023-08-10,signal,
2023-04 to 2024-08,AIZ,Enhanced short/order-book,2023-09-19,long,140.35,2023-09-20,signal,
2023-04 to 2024-08,AIZ,Enhanced short/order-book,2023-09-28,long,146.3,2023-10-02,signal,
2023-04 to 2024-08,AIZ,Enhanced short/order-book,2023-10-06,long,145.64,2023-10-10,signal,
2023-04 to 2024-08,AIZ,Enhanced short/order-book,2023-10-20,long,149.85,2023-10-23,signal,
2023-04 to 2024-08,AIZ,Enhanced short/order-book,2023-11-01,long,158.74,2023-11-09,signal,
2023-04 to 2024-08,AIZ,Enhanced short/order-book,2023-11-14,long,162.49,2023-11-17,signal,
2023-04 to 2024-08,AIZ,Enhanced short/order-book,2023-11-29,long,163.36,2023-11-30,signal,
2023-04 to 2024-08,AIZ,Enhanced short/order-book,2023-12-01,long,167.39,2023-12-04,signal,
2023-04 to 2024-08,AIZ,Enhanced short/order-book,2024-02-08,long,175.27,2024-02-15,signal,
2023-04 to 2024-08,AIZ,Enhanced short/order-book,2024-02-21,long,175.4,2024-02-22,signal,
2023-04 to 2024-08,AIZ,Enhanced short/order-book,2024-03-28,long,187.56,2024-04-01,signal,
2023-04 to 2024-08,AIZ,Enhanced short/order-book,2024-04-29,short,172.58,2024-04-30,signal,
2023-04 to 2024-08,AIZ,Enhanced short/order-book,2024-05-21,short,172.26,2024-05-29,signal,
2023-04 to 2024-08,AIZ,Enhanced short/order-book,2024-05-30,short,169.29,2024-05-31,signal,
2023-04 to 2024-08,AIZ,Enhanced short/order-book,2024-07-01,short,166.56,2024-07-12,signal,
2023-04 to 2024-08,AIG,Core MA + ATR,2023-10-10,long,61.09,2023-10-20,ATR stop,60.69623602094721
2023-04 to 2024-08,AIG,Core MA + ATR,2023-10-31,long,60.82,2023-11-10,signal,
2023-04 to 2024-08,AIG,Core MA + ATR,2023-11-13,long,63.49,2023-11-14,signal,
2023-04 to 2024-08,AIG,Core MA + ATR,2024-01-22,long,69.18,2024-01-24,signal,
2023-04 to 2024-08,AIG,Core MA + ATR,2024-02-01,long,69.01,2024-02-02,signal,
2023-04 to 2024-08,AIG,Core MA + ATR,2024-02-05,long,68.94,2024-02-06,signal,
2023-04 to 2024-08,AIG,Core MA + ATR,2024-02-08,long,69.77,2024-02-09,signal,
2023-04 to 2024-08,AIG,Core MA + ATR,2024-02-13,long,69.86,2024-02-15,signal,
2023-04 to 2024-08,AIG,Core MA + ATR,2024-02-16,long,70.15,2024-02-21,signal,
2023-04 to 2024-08,AIG,Core MA + ATR,2024-02-23,long,71.0,2024-03-11,signal,
2023-04 to 2024-08,AIG,Core MA + ATR,2024-03-19,long,75.91,2024-03-20,signal,
2023-04 to 2024-08,AIG,Core MA + ATR,2024-03-25,long,76.49,2024-03-26,signal,
2023-04 to 2024-08,AIG,Core MA + ATR,2024-04-09,long,78.09,2024-04-09,ATR stop,75.68580855675623
2023-04 to 2024-08,AIG,Core MA + ATR,2024-05-03,long,77.76,2024-05-13,signal,
2023-04 to 2024-08,AIG,Core MA + ATR,2024-05-20,long,80.65,2024-05-21,signal,
2023-04 to 2024-08,AIG,Core MA + ATR,2024-05-23,long,78.64,2024-05-24,signal,
2023-04 to 2024-08,AIG,Core MA + ATR,2024-07-01,short,75.05,2024-07-03,signal,
2023-04 to 2024-08,AIG,Core MA + ATR,2024-07-08,short,74.04,2024-07-09,signal,
2023-04 to 2024-08,AIG,Core MA + ATR,2024-07-22,short,74.68,2024-07-23,signal,
2023-04 to 2024-08,AIG,Core MA + ATR,2024-07-25,short,75.78,2024-07-29,signal,
2023-04 to 2024-08,AIG,Core MA + ATR,2024-08-02,short,74.0,2024-08-12,signal,
2023-04 to 2024-08,AIG,Core MA + ATR,2024-09-06,short,73.71,2024-09-16,signal,
2023-04 to 2024-08,AIG,Enhanced short/order-book,2023-10-31,long,60.82,2023-11-10,signal,
2023-04 to 2024-08,AIG,Enhanced short/order-book,2023-11-13,long,63.49,2023-11-14,signal,
2023-04 to 2024-08,AIG,Enhanced short/order-book,2024-01-23,long,69.26,2024-01-24,signal,
2023-04 to 2024-08,AIG,Enhanced short/order-book,2024-02-27,long,71.25,2024-03-11,signal,
2023-04 to 2024-08,AIG,Enhanced short/order-book,2024-03-19,long,75.91,2024-03-20,signal,
2023-04 to 2024-08,AIG,Enhanced short/order-book,2024-03-25,long,76.49,2024-03-26,signal,
2023-04 to 2024-08,AIG,Enhanced short/order-book,2024-04-09,long,78.09,2024-04-09,ATR stop,75.68580855675623
2023-04 to 2024-08,AIG,Enhanced short/order-book,2024-05-03,long,77.76,2024-05-07,signal,
2023-04 to 2024-08,AIG,Enhanced short/order-book,2024-05-20,long,80.65,2024-05-21,signal,
2023-04 to 2024-08,AIG,Enhanced short/order-book,2024-05-23,long,78.64,2024-05-24,signal,
2023-04 to 2024-08,AIG,Enhanced short/order-book,2024-07-02,short,74.1,2024-07-03,signal,
2023-04 to 2024-08,BAP,Core MA + ATR,2023-07-10,long,151.0,2023-07-13,signal,
2023-04 to 2024-08,BAP,Core MA + ATR,2023-07-14,long,151.82,2023-07-17,signal,
2023-04 to 2024-08,BAP,Core MA + ATR,2023-07-18,long,154.73,2023-07-21,signal,
2023-04 to 2024-08,BAP,Core MA + ATR,2023-09-06,short,137.89,2023-09-14,signal,
2023-04 to 2024-08,BAP,Core MA + ATR,2023-09-22,short,132.41,2023-10-10,signal,
2023-04 to 2024-08,BAP,Core MA + ATR,2023-10-16,short,126.61,2023-10-17,signal,
2023-04 to 2024-08,BAP,Core MA + ATR,2023-10-19,short,126.19,2023-10-20,signal,
2023-04 to 2024-08,BAP,Core MA + ATR,2023-11-06,short,121.92,2023-11-13,signal,
2023-04 to 2024-08,BAP,Core MA + ATR,2023-11-14,short,118.87,2023-11-15,signal,
2023-04 to 2024-08,BAP,Core MA + ATR,2023-12-07,short,125.19,2023-12-12,signal,
2023-04 to 2024-08,BAP,Core MA + ATR,2023-12-14,long,132.19,2023-12-27,signal,
2023-04 to 2024-08,BAP,Core MA + ATR,2024-02-12,long,155.0,2024-02-26,signal,
2023-04 to 2024-08,BAP,Core MA + ATR,2024-03-21,long,177.93,2024-03-22,signal,
2023-04 to 2024-08,BAP,Core MA + ATR,2024-03-25,long,172.92,2024-03-26,signal,
2023-04 to 2024-08,BAP,Core MA + ATR,2024-04-08,long,173.53,2024-04-09,signal,
2023-04 to 2024-08,BAP,Core MA + ATR,2024-05-20,short,163.45,2024-05-28,signal,
2023-04 to 2024-08,BAP,Core MA + ATR,2024-05-30,short,165.0,2024-05-31,signal,
2023-04 to 2024-08,BAP,Core MA + ATR,2024-06-05,short,161.51,2024-06-06,signal,
2023-04 to 2024-08,BAP,Core MA + ATR,2024-06-17,short,156.18,2024-06-21,signal,
2023-04 to 2024-08,BAP,Core MA + ATR,2024-07-02,short,157.97,2024-07-05,signal,
2023-04 to 2024-08,BAP,Core MA + ATR,2024-09-04,long,172.19,2024-09-06,signal,
2023-04 to 2024-08,BAP,Core MA + ATR,2024-09-12,long,173.2,2024-09-17,signal,
2023-04 to 2024-08,BAP,Core MA + ATR,2024-09-19,long,182.76,2024-09-23,ATR stop,174.07679304019476
2023-04 to 2024-08,BAP,Core MA + ATR,2024-09-30,long,184.07,2024-10-07,signal,
2023-04 to 2024-08,BAP,Core MA + ATR,2024-10-08,long,182.57,2024-10-09,signal,
2023-04 to 2024-08,BAP,Core MA + ATR,2024-11-13,long,186.89,2024-11-21,signal,
2023-04 to 2024-08,BAP,Core MA + ATR,2024-11-22,long,198.0,2024-11-26,signal,
2023-04 to 2024-08,BAP,Enhanced short/order-book,2023-09-06,short,137.89,2023-09-14,signal,
2023-04 to 2024-08,BAP,Enhanced short/order-book,2023-09-22,short,132.41,2023-10-10,signal,
2023-04 to 2024-08,BAP,Enhanced short/order-book,2023-10-16,short,126.61,2023-10-17,signal,
2023-04 to 2024-08,BAP,Enhanced short/order-book,2023-10-19,short,126.19,2023-10-20,signal,
2023-04 to 2024-08,BAP,Enhanced short/order-book,2023-11-06,short,121.92,2023-11-13,signal,
2023-04 to 2024-08,BAP,Enhanced short/order-book,2023-11-14,short,118.87,2023-11-15,signal,
2023-04 to 2024-08,BAP,Enhanced short/order-book,2023-12-07,short,125.19,2023-12-12,signal,
2023-04 to 2024-08,BAP,Enhanced short/order-book,2023-12-14,long,132.19,2023-12-27,signal,
2023-04 to 2024-08,BAP,Enhanced short/order-book,2024-02-12,long,155.0,2024-02-26,signal,
2023-04 to 2024-08,BAP,Enhanced short/order-book,2024-05-21,short,163.39,2024-05-28,signal,
2023-04 to 2024-08,BAP,Enhanced short/order-book,2024-09-04,long,172.19,2024-09-06,signal,
2023-04 to 2024-08,BAP,Enhanced short/order-book,2024-09-12,long,173.2,2024-09-17,signal,
2023-04 to 2024-08,BAP,Enhanced short/order-book,2024-09-19,long,182.76,2024-09-23,ATR stop,174.07679304019476
2023-04 to 2024-08,BAP,Enhanced short/order-book,2024-09-30,long,184.07,2024-10-07,signal,
2023-04 to 2024-08,BAP,Enhanced short/order-book,2024-10-08,long,182.57,2024-10-09,signal,
2023-04 to 2024-08,BAP,Enhanced short/order-book,2024-11-13,long,186.89,2024-11-21,signal,
2023-04 to 2024-08,BAP,Enhanced short/order-book,2024-11-22,long,198.0,2024-11-26,signal,
2023-04 to 2024-08,ALL,Core MA + ATR,2023-07-13,short,104.05,2023-07-20,ATR stop,106.85
2023-04 to 2024-08,ALL,Core MA + ATR,2023-08-03,short,105.95,2023-08-04,signal,
2023-04 to 2024-08,ALL,Core MA + ATR,2023-08-14,short,108.99,2023-08-15,signal,
2023-04 to 2024-08,ALL,Core MA + ATR,2023-08-24,short,105.33,2023-08-28,signal,
2023-04 to 2024-08,ALL,Core MA + ATR,2023-10-16,long,121.0,2023-10-24,signal,
2023-04 to 2024-08,ALL,Core MA + ATR,2023-10-30,long,124.05,2023-10-31,signal,
2023-04 to 2024-08,ALL,Core MA + ATR,2023-11-03,long,132.17,2023-11-09,signal,
2023-04 to 2024-08,ALL,Core MA + ATR,2023-12-15,long,138.11,2023-12-18,signal,
2023-04 to 2024-08,ALL,Core MA + ATR,2024-01-05,long,149.34,2024-01-09,signal,
2023-04 to 2024-08,ALL,Core MA + ATR,2024-01-22,long,155.43,2024-01-23,signal,
2023-04 to 2024-08,ALL,Core MA + ATR,2024-01-25,long,158.39,2024-01-29,signal,
2023-04 to 2024-08,ALL,Core MA + ATR,2024-02-09,long,160.35,2024-02-23,signal,
2023-04 to 2024-08,ALL,Core MA + ATR,2024-03-18,long,161.33,2024-04-02,signal,
2023-04 to 2024-08,ALL,Core MA + ATR,2024-04-19,long,170.01,2024-04-29,signal,
2023-04 to 2024-08,ALL,Core MA + ATR,2024-05-07,long,170.35,2024-05-08,signal,
2023-04 to 2024-08,ALL,Core MA + ATR,2024-05-10,long,172.2,2024-05-13,signal,
2023-04 to 2024-08,ALL,Core MA + ATR,2024-06-04,short,163.17,2024-06-05,signal,
2023-04 to 2024-08,ALL,Core MA + ATR,2024-06-06,short,163.53,2024-06-07,signal,
2023-04 to 2024-08,ALL,Core MA + ATR,2024-06-17,short,157.53,2024-06-18,signal,
2023-04 to 2024-08,ALL,Core MA + ATR,2024-06-20,short,164.17,2024-06-21,signal,
2023-04 to 2024-08,ALL,Core MA + ATR,2024-06-24,short,160.67,2024-06-25,signal,
2023-04 to 2024-08,ALL,Core MA + ATR,2024-06-27,short,158.71,2024-07-02,signal,
2023-04 to 2024-08,ALL,Core MA + ATR,2024-08-02,long,176.52,2024-08-06,signal,
2023-04 to 2024-08,ALL,Core MA + ATR,2024-08-15,long,182.88,2024-08-22,signal,
2023-04 to 2024-08,ALL,Core MA + ATR,2024-10-15,long,191.98,2024-10-23,signal,
2023-04 to 2024-08,ALL,Core MA + ATR,2024-11-08,long,193.51,2024-11-18,signal,
2023-04 to 2024-08,ALL,Core MA + ATR,2024-11-22,long,202.85,2024-11-25,signal,
2023-04 to 2024-08,ALL,Core MA + ATR,2024-11-27,long,207.75,2024-11-29,event end,207.39
2023-04 to 2024-08,ALL,Enhanced short/order-book,2023-07-13,short,104.05,2023-07-20,ATR stop,106.85
2023-04 to 2024-08,ALL,Enhanced short/order-book,2023-10-16,long,121.0,2023-10-24,signal,
2023-04 to 2024-08,ALL,Enhanced short/order-book,2023-10-30,long,124.05,2023-10-31,signal,
2023-04 to 2024-08,ALL,Enhanced short/order-book,2023-11-03,long,132.17,2023-11-09,signal,
2023-04 to 2024-08,ALL,Enhanced short/order-book,2023-12-15,long,138.11,2023-12-18,signal,
2023-04 to 2024-08,ALL,Enhanced short/order-book,2024-01-05,long,149.34,2024-01-09,signal,
2023-04 to 2024-08,ALL,Enhanced short/order-book,2024-01-22,long,155.43,2024-01-23,signal,
2023-04 to 2024-08,ALL,Enhanced short/order-book,2024-01-25,long,158.39,2024-01-29,signal,
2023-04 to 2024-08,ALL,Enhanced short/order-book,2024-02-13,long,160.83,2024-02-21,signal,
2023-04 to 2024-08,ALL,Enhanced short/order-book,2024-05-07,long,170.35,2024-05-08,signal,
2023-04 to 2024-08,ALL,Enhanced short/order-book,2024-05-10,long,172.2,2024-05-13,signal,
2023-04 to 2024-08,ALL,Enhanced short/order-book,2024-06-04,short,163.17,2024-06-05,signal,
2023-04 to 2024-08,ALL,Enhanced short/order-book,2024-06-06,short,163.53,2024-06-07,signal,
2023-04 to 2024-08,ALL,Enhanced short/order-book,2024-06-17,short,157.53,2024-06-18,signal,
2023-04 to 2024-08,ALL,Enhanced short/order-book,2024-06-20,short,164.17,2024-06-21,signal,
2023-04 to 2024-08,ALL,Enhanced short/order-book,2024-06-24,short,160.67,2024-06-25,signal,
2023-04 to 2024-08,ALL,Enhanced short/order-book,2024-06-27,short,158.71,2024-07-02,signal,
2023-04 to 2024-08,HIG,Core MA + ATR,2023-07-21,long,75.0,2023-07-25,signal,
2023-04 to 2024-08,HIG,Core MA + ATR,2023-08-08,long,73.16,2023-08-09,signal,
2023-04 to 2024-08,HIG,Core MA + ATR,2023-10-04,short,69.68,2023-10-09,signal,
2023-04 to 2024-08,HIG,Core MA + ATR,2023-10-13,short,70.75,2023-10-17,signal,
2023-04 to 2024-08,HIG,Core MA + ATR,2023-10-23,short,70.24,2023-10-25,ATR stop,72.31819948189546
2023-04 to 2024-08,HIG,Core MA + ATR,2023-11-07,long,73.74,2023-11-09,signal,
2023-04 to 2024-08,HIG,Core MA + ATR,2023-12-07,long,78.6,2023-12-08,signal,
2023-04 to 2024-08,HIG,Core MA + ATR,2024-01-09,long,81.89,2024-01-11,signal,
2023-04 to 2024-08,HIG,Core MA + ATR,2024-01-22,long,85.28,2024-01-24,signal,
2023-04 to 2024-08,HIG,Core MA + ATR,2024-02-05,long,89.84,2024-02-23,signal,
2023-04 to 2024-08,HIG,Core MA + ATR,2024-02-26,long,95.85,2024-02-28,signal,
2023-04 to 2024-08,HIG,Core MA + ATR,2024-03-07,long,97.56,2024-03-19,signal,
2023-04 to 2024-08,HIG,Core MA + ATR,2024-04-08,long,103.27,2024-04-09,signal,
2023-04 to 2024-08,HIG,Core MA + ATR,2024-04-24,long,99.25,2024-04-25,signal,
2023-04 to 2024-08,HIG,Core MA + ATR,2024-05-07,long,99.54,2024-05-09,signal,
2023-04 to 2024-08,HIG,Core MA + ATR,2024-05-10,long,101.85,2024-05-13,signal,
2023-04 to 2024-08,HIG,Core MA + ATR,2024-05-14,long,100.6,2024-05-15,signal,
2023-04 to 2024-08,HIG,Core MA + ATR,2024-05-16,long,101.9,2024-05-22,signal,
2023-04 to 2024-08,HIG,Core MA + ATR,2024-06-03,long,102.71,2024-06-05,signal,
2023-04 to 2024-08,HIG,Core MA + ATR,2024-06-18,long,100.92,2024-06-21,signal,
2023-04 to 2024-08,HIG,Core MA + ATR,2024-06-25,long,104.48,2024-06-26,ATR stop,101.13607087850842
2023-04 to 2024-08,HIG,Core MA + ATR,2024-07-12,long,101.61,2024-07-15,signal,
2023-04 to 2024-08,HIG,Core MA + ATR,2024-07-18,long,104.96,2024-07-19,ATR stop,101.52397055330688
2023-04 to 2024-08,HIG,Core MA + ATR,2024-07-29,long,109.5,2024-08-05,signal,
2023-04 to 2024-08,HIG,Core MA + ATR,2024-08-13,long,107.54,2024-08-19,signal,
2023-04 to 2024-08,HIG,Core MA + ATR,2024-09-10,long,117.27,2024-09-12,signal,
2023-04 to 2024-08,HIG,Core MA + ATR,2024-09-13,long,115.6,2024-09-16,signal,
2023-04 to 2024-08,HIG,Core MA + ATR,2024-10-15,long,118.93,2024-10-24,signal,
2023-04 to 2024-08,HIG,Core MA + ATR,2024-11-07,long,115.99,2024-11-08,signal,
2023-04 to 2024-08,HIG,Core MA + ATR,2024-11-11,long,118.0,2024-11-14,signal,
2023-04 to 2024-08,HIG,Enhanced short/order-book,2023-07-21,long,75.0,2023-07-25,signal,
2023-04 to 2024-08,HIG,Enhanced short/order-book,2023-08-08,long,73.16,2023-08-09,signal,
2023-04 to 2024-08,HIG,Enhanced short/order-book,2023-11-07,long,73.74,2023-11-09,signal,
2023-04 to 2024-08,HIG,Enhanced short/order-book,2023-12-07,long,78.6,2023-12-08,signal,
2023-04 to 2024-08,HIG,Enhanced short/order-book,2024-01-09,long,81.89,2024-01-11,signal,
2023-04 to 2024-08,HIG,Enhanced short/order-book,2024-02-13,long,91.44,2024-02-21,signal,
2023-04 to 2024-08,HIG,Enhanced short/order-book,2024-02-26,long,95.85,2024-02-28,signal,
2023-04 to 2024-08,HIG,Enhanced short/order-book,2024-03-07,long,97.56,2024-03-19,signal,
2023-04 to 2024-08,HIG,Enhanced short/order-book,2024-04-24,long,99.25,2024-04-25,signal,
2023-04 to 2024-08,HIG,Enhanced short/order-book,2024-05-14,long,100.6,2024-05-15,signal,
2023-04 to 2024-08,HIG,Enhanced short/order-book,2024-05-16,long,101.9,2024-05-22,signal,
2023-04 to 2024-08,HIG,Enhanced short/order-book,2024-07-18,long,104.96,2024-07-19,ATR stop,101.52397055330688
2023-04 to 2024-08,HIG,Enhanced short/order-book,2024-07-29,long,109.5,2024-08-05,signal,
2023-04 to 2024-08,HIG,Enhanced short/order-book,2024-08-13,long,107.54,2024-08-19,signal,
2023-04 to 2024-08,HIG,Enhanced short/order-book,2024-09-10,long,117.27,2024-09-12,signal,
2023-04 to 2024-08,HIG,Enhanced short/order-book,2024-09-13,long,115.6,2024-09-16,signal,
2023-04 to 2024-08,HIG,Enhanced short/order-book,2024-10-15,long,118.93,2024-10-24,signal,
2023-04 to 2024-08,HIG,Enhanced short/order-book,2024-11-07,long,115.99,2024-11-08,signal,
2023-04 to 2024-08,HIG,Enhanced short/order-book,2024-11-11,long,118.0,2024-11-14,signal,
2025-04 to 2025-06,ROOT,Core MA + ATR,2025-08-04,short,119.35,2025-08-05,signal,
2025-04 to 2025-06,ROOT,Core MA + ATR,2025-08-08,short,91.66,2025-08-18,signal,
2025-04 to 2025-06,ROOT,Core MA + ATR,2025-08-19,short,88.1,2025-08-25,signal,
2025-04 to 2025-06,ROOT,Core MA + ATR,2025-08-26,short,87.91,2025-08-27,signal,
2025-04 to 2025-06,PLMR,Core MA + ATR,2025-07-08,short,144.52,2025-07-09,signal,
2025-04 to 2025-06,PLMR,Core MA + ATR,2025-07-11,short,138.85,2025-07-16,ATR stop,146.26888853804982
2025-04 to 2025-06,PLMR,Core MA + ATR,2025-07-24,short,136.6,2025-07-29,signal,
2025-04 to 2025-06,PLMR,Core MA + ATR,2025-08-06,short,112.51,2025-08-13,signal,
2025-04 to 2025-06,PLMR,Core MA + ATR,2025-08-15,short,121.18,2025-08-19,signal,
2025-04 to 2025-06,PLMR,Enhanced short/order-book,2025-07-08,short,144.52,2025-07-09,signal,
2025-04 to 2025-06,PLMR,Enhanced short/order-book,2025-07-11,short,138.85,2025-07-16,ATR stop,146.26888853804982
2025-04 to 2025-06,PLMR,Enhanced short/order-book,2025-07-24,short,136.6,2025-07-29,signal,
2025-04 to 2025-06,PLMR,Enhanced short/order-book,2025-08-06,short,112.51,2025-08-13,signal,
2025-04 to 2025-06,PLMR,Enhanced short/order-book,2025-08-15,short,121.18,2025-08-19,signal,
2025-04 to 2025-06,KNSL,Core MA + ATR,2025-08-08,short,440.0,2025-08-13,signal,
2025-04 to 2025-06,KNSL,Core MA + ATR,2025-09-11,short,425.0,2025-09-18,signal,
2025-04 to 2025-06,KNSL,Core MA + ATR,2025-09-26,short,420.1,2025-09-30,signal,
2025-04 to 2025-06,KNSL,Enhanced short/order-book,2025-08-08,short,440.0,2025-08-13,signal,
2025-04 to 2025-06,KNSL,Enhanced short/order-book,2025-09-11,short,425.0,2025-09-18,signal,
2025-04 to 2025-06,KNSL,Enhanced short/order-book,2025-09-26,short,420.1,2025-09-30,signal,
2025-04 to 2025-06,MCY,Core MA + ATR,2025-07-15,long,68.12,2025-07-22,signal,
2025-04 to 2025-06,MCY,Core MA + ATR,2025-07-31,long,69.98,2025-08-01,signal,
2025-04 to 2025-06,MCY,Core MA + ATR,2025-08-05,long,71.92,2025-08-12,signal,
2025-04 to 2025-06,MCY,Core MA + ATR,2025-08-13,long,74.48,2025-08-15,signal,
2025-04 to 2025-06,MCY,Enhanced short/order-book,2025-07-15,long,68.12,2025-07-22,signal,
2025-04 to 2025-06,MCY,Enhanced short/order-book,2025-07-31,long,69.98,2025-08-01,signal,
2025-04 to 2025-06,MCY,Enhanced short/order-book,2025-08-05,long,71.92,2025-08-12,signal,
2025-04 to 2025-06,MCY,Enhanced short/order-book,2025-08-13,long,74.48,2025-08-15,signal,
2025-04 to 2025-06,LMND,Core MA + ATR,2025-07-03,long,42.17,2025-07-07,signal,
2025-04 to 2025-06,LMND,Core MA + ATR,2025-08-06,long,48.38,2025-08-21,signal,
2025-04 to 2025-06,LMND,Core MA + ATR,2025-09-24,long,58.04,2025-09-25,signal,
2025-04 to 2025-06,LMND,Enhanced short/order-book,2025-07-03,long,42.17,2025-07-07,signal,
2025-04 to 2025-06,LMND,Enhanced short/order-book,2025-08-06,long,48.38,2025-08-21,signal,
2025-04 to 2025-06,LMND,Enhanced short/order-book,2025-09-24,long,58.04,2025-09-25,signal,
2025-04 to 2025-06,CINF,Core MA + ATR,2025-07-07,long,148.35,2025-07-08,signal,
2025-04 to 2025-06,CINF,Core MA + ATR,2025-07-17,long,146.755,2025-07-22,signal,
2025-04 to 2025-06,CINF,Core MA + ATR,2025-07-30,long,153.26,2025-07-31,signal,
2025-04 to 2025-06,CINF,Core MA + ATR,2025-08-05,long,150.39,2025-08-06,signal,
2025-04 to 2025-06,CINF,Core MA + ATR,2025-08-07,long,154.45,2025-08-14,signal,
2025-04 to 2025-06,CINF,Core MA + ATR,2025-08-15,long,155.35,2025-08-18,ATR stop,149.6254773269219
2025-04 to 2025-06,CINF,Core MA + ATR,2025-08-20,long,152.8,2025-08-21,signal,
2025-04 to 2025-06,PGR,Core MA + ATR,2025-07-03,short,257.86,2025-07-07,signal,
2025-04 to 2025-06,PGR,Core MA + ATR,2025-07-08,short,252.69,2025-07-10,signal,
2025-04 to 2025-06,PGR,Core MA + ATR,2025-07-17,short,244.54,2025-07-21,signal,
2025-04 to 2025-06,PGR,Core MA + ATR,2025-07-29,short,242.17,2025-07-30,signal,
2025-04 to 2025-06,PGR,Core MA + ATR,2025-08-26,short,243.5,2025-08-27,signal,
2025-04 to 2025-06,PGR,Core MA + ATR,2025-09-09,short,245.69,2025-09-12,signal,
2025-04 to 2025-06,PGR,Core MA + ATR,2025-09-18,short,243.43,2025-09-22,signal,
2025-04 to 2025-06,AIZ,Core MA + ATR,2025-08-19,long,209.0,2025-08-21,signal,
2025-04 to 2025-06,AIG,Core MA + ATR,2025-07-24,short,79.04,2025-07-28,signal,
2025-04 to 2025-06,AIG,Core MA + ATR,2025-07-29,short,79.73,2025-08-07,signal,
2025-04 to 2025-06,AIG,Core MA + ATR,2025-08-08,short,77.27,2025-08-11,signal,
2025-04 to 2025-06,AIG,Core MA + ATR,2025-09-08,short,78.93,2025-09-09,signal,
2025-04 to 2025-06,AIG,Core MA + ATR,2025-09-16,short,76.28,2025-09-18,signal,
2025-04 to 2025-06,AIG,Core MA + ATR,2025-09-19,short,77.91,2025-09-24,signal,
2025-04 to 2025-06,AIG,Core MA + ATR,2025-09-26,short,77.59,2025-09-29,signal,
2025-04 to 2025-06,BAP,Core MA + ATR,2025-07-25,long,236.24,2025-07-31,signal,
2025-04 to 2025-06,BAP,Core MA + ATR,2025-08-04,long,237.24,2025-08-12,signal,
2025-04 to 2025-06,BAP,Core MA + ATR,2025-08-22,long,250.79,2025-08-26,signal,
2025-04 to 2025-06,BAP,Core MA + ATR,2025-09-08,long,261.01,2025-09-11,signal,
2025-04 to 2025-06,BAP,Core MA + ATR,2025-09-18,long,276.415,2025-09-18,ATR stop,264.4097325852048
2025-04 to 2025-06,BAP,Core MA + ATR,2025-09-23,long,267.2,2025-09-24,signal,
2025-04 to 2025-06,BAP,Core MA + ATR,2025-09-30,long,268.54,2025-09-30,event end,266.28
2025-04 to 2025-06,BAP,Enhanced short/order-book,2025-07-25,long,236.24,2025-07-31,signal,
2025-04 to 2025-06,BAP,Enhanced short/order-book,2025-08-04,long,237.24,2025-08-12,signal,
2025-04 to 2025-06,BAP,Enhanced short/order-book,2025-08-22,long,250.79,2025-08-26,signal,
2025-04 to 2025-06,BAP,Enhanced short/order-book,2025-09-08,long,261.01,2025-09-11,signal,
2025-04 to 2025-06,BAP,Enhanced short/order-book,2025-09-18,long,276.415,2025-09-18,ATR stop,264.4097325852048
2025-04 to 2025-06,BAP,Enhanced short/order-book,2025-09-23,long,267.2,2025-09-24,signal,
2025-04 to 2025-06,BAP,Enhanced short/order-book,2025-09-30,long,268.54,2025-09-30,event end,266.28
2025-04 to 2025-06,ALL,Core MA + ATR,2025-07-08,short,193.2,2025-07-10,signal,
2025-04 to 2025-06,ALL,Core MA + ATR,2025-07-18,short,193.28,2025-07-21,signal,
2025-04 to 2025-06,ALL,Core MA + ATR,2025-09-19,long,206.38,2025-09-24,signal,
2025-04 to 2025-06,ALL,Enhanced short/order-book,2025-07-08,short,193.2,2025-07-10,signal,
2025-04 to 2025-06,ALL,Enhanced short/order-book,2025-07-18,short,193.28,2025-07-21,signal,
2025-04 to 2025-06,HIG,Core MA + ATR,2025-07-16,short,120.23,2025-07-18,signal,
2025-04 to 2025-06,HIG,Core MA + ATR,2025-07-22,short,121.65,2025-07-23,signal,
2025-04 to 2025-06,HIG,Core MA + ATR,2025-09-29,long,133.13,2025-09-30,signal,
2025-04 to 2025-06,HIG,Enhanced short/order-book,2025-07-16,short,120.23,2025-07-18,signal,
2025-04 to 2025-06,HIG,Enhanced short/order-book,2025-07-22,short,121.65,2025-07-23,signal,
2025-04 to 2025-06,HIG,Enhanced short/order-book,2025-09-29,long,133.13,2025-09-30,signal,
