month,variant,ticker,weight,hedge_weight,gross_exposure,net_exposure,turnover,cost
2021-06,basic,MOD,0.14285714285714285,0.0,0.9999999999999998,0.9999999999999998,1.0,0.0015
2021-06,basic,AAON,0.14285714285714285,0.0,0.9999999999999998,0.9999999999999998,1.0,0.0015
2021-06,basic,VRT,0.14285714285714285,0.0,0.9999999999999998,0.9999999999999998,1.0,0.0015
2021-06,basic,NVT,0.14285714285714285,0.0,0.9999999999999998,0.9999999999999998,1.0,0.0015
2021-06,basic,JCI,0.14285714285714285,0.0,0.9999999999999998,0.9999999999999998,1.0,0.0015
2021-06,basic,TT,0.14285714285714285,0.0,0.9999999999999998,0.9999999999999998,1.0,0.0015
2021-06,basic,SPXC,0.14285714285714285,0.0,0.9999999999999998,0.9999999999999998,1.0,0.0015
2021-06,basic,XLI_HEDGE,0.0,-0.0,0.9999999999999998,0.9999999999999998,1.0,0.0015
2021-06,inverse_vol,MOD,0.04789137372726496,0.0,1.0,1.0,1.0,0.0015
2021-06,inverse_vol,AAON,0.14341430663485893,0.0,1.0,1.0,1.0,0.0015
2021-06,inverse_vol,VRT,0.1943803088016035,0.0,1.0,1.0,1.0,0.0015
2021-06,inverse_vol,NVT,0.10166460858867334,0.0,1.0,1.0,1.0,0.0015
2021-06,inverse_vol,JCI,0.25,0.0,1.0,1.0,1.0,0.0015
2021-06,inverse_vol,TT,0.13294978612557312,0.0,1.0,1.0,1.0,0.0015
2021-06,inverse_vol,SPXC,0.1296996161220261,0.0,1.0,1.0,1.0,0.0015
2021-06,inverse_vol,XLI_HEDGE,0.0,-0.0,1.0,1.0,1.0,0.0015
2021-06,vol_target,MOD,0.04789137372726496,0.0,1.0,1.0,1.0,0.0015
2021-06,vol_target,AAON,0.14341430663485893,0.0,1.0,1.0,1.0,0.0015
2021-06,vol_target,VRT,0.1943803088016035,0.0,1.0,1.0,1.0,0.0015
2021-06,vol_target,NVT,0.10166460858867334,0.0,1.0,1.0,1.0,0.0015
2021-06,vol_target,JCI,0.25,0.0,1.0,1.0,1.0,0.0015
2021-06,vol_target,TT,0.13294978612557312,0.0,1.0,1.0,1.0,0.0015
2021-06,vol_target,SPXC,0.1296996161220261,0.0,1.0,1.0,1.0,0.0015
2021-06,vol_target,XLI_HEDGE,0.0,-0.0,1.0,1.0,1.0,0.0015
2021-06,trend,MOD,0.04789137372726496,0.0,1.0,1.0,1.0,0.0015
2021-06,trend,AAON,0.14341430663485893,0.0,1.0,1.0,1.0,0.0015
2021-06,trend,VRT,0.1943803088016035,0.0,1.0,1.0,1.0,0.0015
2021-06,trend,NVT,0.10166460858867334,0.0,1.0,1.0,1.0,0.0015
2021-06,trend,JCI,0.25,0.0,1.0,1.0,1.0,0.0015
2021-06,trend,TT,0.13294978612557312,0.0,1.0,1.0,1.0,0.0015
2021-06,trend,SPXC,0.1296996161220261,0.0,1.0,1.0,1.0,0.0015
2021-06,trend,XLI_HEDGE,0.0,-0.0,1.0,1.0,1.0,0.0015
2021-06,drawdown,MOD,0.04789137372726496,0.0,1.0,1.0,1.0,0.0015
2021-06,drawdown,AAON,0.14341430663485893,0.0,1.0,1.0,1.0,0.0015
2021-06,drawdown,VRT,0.1943803088016035,0.0,1.0,1.0,1.0,0.0015
2021-06,drawdown,NVT,0.10166460858867334,0.0,1.0,1.0,1.0,0.0015
2021-06,drawdown,JCI,0.25,0.0,1.0,1.0,1.0,0.0015
2021-06,drawdown,TT,0.13294978612557312,0.0,1.0,1.0,1.0,0.0015
2021-06,drawdown,SPXC,0.1296996161220261,0.0,1.0,1.0,1.0,0.0015
2021-06,drawdown,XLI_HEDGE,0.0,-0.0,1.0,1.0,1.0,0.0015
2021-06,tail_budget,MOD,0.04789137372726496,0.0,1.0,1.0,1.0,0.0015
2021-06,tail_budget,AAON,0.14341430663485893,0.0,1.0,1.0,1.0,0.0015
2021-06,tail_budget,VRT,0.1943803088016035,0.0,1.0,1.0,1.0,0.0015
2021-06,tail_budget,NVT,0.10166460858867334,0.0,1.0,1.0,1.0,0.0015
2021-06,tail_budget,JCI,0.25,0.0,1.0,1.0,1.0,0.0015
2021-06,tail_budget,TT,0.13294978612557312,0.0,1.0,1.0,1.0,0.0015
2021-06,tail_budget,SPXC,0.1296996161220261,0.0,1.0,1.0,1.0,0.0015
2021-06,tail_budget,XLI_HEDGE,0.0,-0.0,1.0,1.0,1.0,0.0015
2021-06,combined,MOD,0.04789137372726496,0.0,1.0,0.7745733581582174,1.2254266418417825,0.0018381399627626738
2021-06,combined,AAON,0.14341430663485893,0.0,1.0,0.7745733581582174,1.2254266418417825,0.0018381399627626738
2021-06,combined,VRT,0.1943803088016035,0.0,1.0,0.7745733581582174,1.2254266418417825,0.0018381399627626738
2021-06,combined,NVT,0.10166460858867334,0.0,1.0,0.7745733581582174,1.2254266418417825,0.0018381399627626738
2021-06,combined,JCI,0.25,0.0,1.0,0.7745733581582174,1.2254266418417825,0.0018381399627626738
2021-06,combined,TT,0.13294978612557312,0.0,1.0,0.7745733581582174,1.2254266418417825,0.0018381399627626738
2021-06,combined,SPXC,0.1296996161220261,0.0,1.0,0.7745733581582174,1.2254266418417825,0.0018381399627626738
2021-06,combined,XLI_HEDGE,0.0,-0.2254266418417826,1.0,0.7745733581582174,1.2254266418417825,0.0018381399627626738
2021-06,confirmed,MOD,0.0,0.0,0.0,0.0,0.0,0.0
2021-06,confirmed,AAON,0.0,0.0,0.0,0.0,0.0,0.0
2021-06,confirmed,VRT,0.0,0.0,0.0,0.0,0.0,0.0
2021-06,confirmed,NVT,0.0,0.0,0.0,0.0,0.0,0.0
2021-06,confirmed,JCI,0.0,0.0,0.0,0.0,0.0,0.0
2021-06,confirmed,TT,0.0,0.0,0.0,0.0,0.0,0.0
2021-06,confirmed,SPXC,0.0,0.0,0.0,0.0,0.0,0.0
2021-06,confirmed,XLI_HEDGE,0.0,-0.0,0.0,0.0,0.0,0.0
2021-06,core_signal,MOD,0.04070766766817521,0.0,0.8499999999999999,0.6583873544344847,1.0416126455655152,0.001562418968348273
2021-06,core_signal,AAON,0.1219021606396301,0.0,0.8499999999999999,0.6583873544344847,1.0416126455655152,0.001562418968348273
2021-06,core_signal,VRT,0.165223262481363,0.0,0.8499999999999999,0.6583873544344847,1.0416126455655152,0.001562418968348273
2021-06,core_signal,NVT,0.08641491730037233,0.0,0.8499999999999999,0.6583873544344847,1.0416126455655152,0.001562418968348273
2021-06,core_signal,JCI,0.2125,0.0,0.8499999999999999,0.6583873544344847,1.0416126455655152,0.001562418968348273
2021-06,core_signal,TT,0.11300731820673715,0.0,0.8499999999999999,0.6583873544344847,1.0416126455655152,0.001562418968348273
2021-06,core_signal,SPXC,0.11024467370372218,0.0,0.8499999999999999,0.6583873544344847,1.0416126455655152,0.001562418968348273
2021-06,core_signal,XLI_HEDGE,0.0,-0.19161264556551522,0.8499999999999999,0.6583873544344847,1.0416126455655152,0.001562418968348273
2021-07,basic,MOD,0.14285714285714285,0.0,0.9999999999999998,0.9999999999999998,0.0,0.0
2021-07,basic,AAON,0.14285714285714285,0.0,0.9999999999999998,0.9999999999999998,0.0,0.0
2021-07,basic,VRT,0.14285714285714285,0.0,0.9999999999999998,0.9999999999999998,0.0,0.0
2021-07,basic,NVT,0.14285714285714285,0.0,0.9999999999999998,0.9999999999999998,0.0,0.0
2021-07,basic,JCI,0.14285714285714285,0.0,0.9999999999999998,0.9999999999999998,0.0,0.0
2021-07,basic,TT,0.14285714285714285,0.0,0.9999999999999998,0.9999999999999998,0.0,0.0
2021-07,basic,SPXC,0.14285714285714285,0.0,0.9999999999999998,0.9999999999999998,0.0,0.0
2021-07,basic,XLI_HEDGE,0.0,-0.0,0.9999999999999998,0.9999999999999998,0.0,0.0
2021-07,inverse_vol,MOD,0.04803917434891139,0.0,1.0,1.0,0.008197085731793799,1.22956285976907e-05
2021-07,inverse_vol,AAON,0.14065386275248032,0.0,1.0,1.0,0.008197085731793799,1.22956285976907e-05
2021-07,inverse_vol,VRT,0.1942534615052618,0.0,1.0,1.0,0.008197085731793799,1.22956285976907e-05
2021-07,inverse_vol,NVT,0.10087231794788751,0.0,1.0,1.0,0.008197085731793799,1.22956285976907e-05
2021-07,inverse_vol,JCI,0.25,0.0,1.0,1.0,0.008197085731793799,1.22956285976907e-05
2021-07,inverse_vol,TT,0.13690052836982364,0.0,1.0,1.0,0.008197085731793799,1.22956285976907e-05
2021-07,inverse_vol,SPXC,0.1292806550756354,0.0,1.0,1.0,0.008197085731793799,1.22956285976907e-05
2021-07,inverse_vol,XLI_HEDGE,0.0,-0.0,1.0,1.0,0.008197085731793799,1.22956285976907e-05
2021-07,vol_target,MOD,0.04803917434891139,0.0,1.0,1.0,0.008197085731793799,1.22956285976907e-05
2021-07,vol_target,AAON,0.14065386275248032,0.0,1.0,1.0,0.008197085731793799,1.22956285976907e-05
2021-07,vol_target,VRT,0.1942534615052618,0.0,1.0,1.0,0.008197085731793799,1.22956285976907e-05
2021-07,vol_target,NVT,0.10087231794788751,0.0,1.0,1.0,0.008197085731793799,1.22956285976907e-05
2021-07,vol_target,JCI,0.25,0.0,1.0,1.0,0.008197085731793799,1.22956285976907e-05
2021-07,vol_target,TT,0.13690052836982364,0.0,1.0,1.0,0.008197085731793799,1.22956285976907e-05
2021-07,vol_target,SPXC,0.1292806550756354,0.0,1.0,1.0,0.008197085731793799,1.22956285976907e-05
2021-07,vol_target,XLI_HEDGE,0.0,-0.0,1.0,1.0,0.008197085731793799,1.22956285976907e-05
2021-07,trend,MOD,0.04803917434891139,0.0,1.0,1.0,0.008197085731793799,1.22956285976907e-05
2021-07,trend,AAON,0.14065386275248032,0.0,1.0,1.0,0.008197085731793799,1.22956285976907e-05
2021-07,trend,VRT,0.1942534615052618,0.0,1.0,1.0,0.008197085731793799,1.22956285976907e-05
2021-07,trend,NVT,0.10087231794788751,0.0,1.0,1.0,0.008197085731793799,1.22956285976907e-05
2021-07,trend,JCI,0.25,0.0,1.0,1.0,0.008197085731793799,1.22956285976907e-05
2021-07,trend,TT,0.13690052836982364,0.0,1.0,1.0,0.008197085731793799,1.22956285976907e-05
2021-07,trend,SPXC,0.1292806550756354,0.0,1.0,1.0,0.008197085731793799,1.22956285976907e-05
2021-07,trend,XLI_HEDGE,0.0,-0.0,1.0,1.0,0.008197085731793799,1.22956285976907e-05
2021-07,drawdown,MOD,0.04803917434891139,0.0,1.0,1.0,0.008197085731793799,1.22956285976907e-05
2021-07,drawdown,AAON,0.14065386275248032,0.0,1.0,1.0,0.008197085731793799,1.22956285976907e-05
2021-07,drawdown,VRT,0.1942534615052618,0.0,1.0,1.0,0.008197085731793799,1.22956285976907e-05
2021-07,drawdown,NVT,0.10087231794788751,0.0,1.0,1.0,0.008197085731793799,1.22956285976907e-05
2021-07,drawdown,JCI,0.25,0.0,1.0,1.0,0.008197085731793799,1.22956285976907e-05
2021-07,drawdown,TT,0.13690052836982364,0.0,1.0,1.0,0.008197085731793799,1.22956285976907e-05
2021-07,drawdown,SPXC,0.1292806550756354,0.0,1.0,1.0,0.008197085731793799,1.22956285976907e-05
2021-07,drawdown,XLI_HEDGE,0.0,-0.0,1.0,1.0,0.008197085731793799,1.22956285976907e-05
2021-07,tail_budget,MOD,0.04803917434891139,0.0,1.0,1.0,0.008197085731793799,1.22956285976907e-05
2021-07,tail_budget,AAON,0.14065386275248032,0.0,1.0,1.0,0.008197085731793799,1.22956285976907e-05
2021-07,tail_budget,VRT,0.1942534615052618,0.0,1.0,1.0,0.008197085731793799,1.22956285976907e-05
2021-07,tail_budget,NVT,0.10087231794788751,0.0,1.0,1.0,0.008197085731793799,1.22956285976907e-05
2021-07,tail_budget,JCI,0.25,0.0,1.0,1.0,0.008197085731793799,1.22956285976907e-05
2021-07,tail_budget,TT,0.13690052836982364,0.0,1.0,1.0,0.008197085731793799,1.22956285976907e-05
2021-07,tail_budget,SPXC,0.1292806550756354,0.0,1.0,1.0,0.008197085731793799,1.22956285976907e-05
2021-07,tail_budget,XLI_HEDGE,0.0,-0.0,1.0,1.0,0.008197085731793799,1.22956285976907e-05
2021-07,combined,MOD,0.04803917434891139,0.0,1.0,0.7768081359991137,0.01043186357269009,1.5647795359035134e-05
2021-07,combined,AAON,0.14065386275248032,0.0,1.0,0.7768081359991137,0.01043186357269009,1.5647795359035134e-05
2021-07,combined,VRT,0.1942534615052618,0.0,1.0,0.7768081359991137,0.01043186357269009,1.5647795359035134e-05
2021-07,combined,NVT,0.10087231794788751,0.0,1.0,0.7768081359991137,0.01043186357269009,1.5647795359035134e-05
2021-07,combined,JCI,0.25,0.0,1.0,0.7768081359991137,0.01043186357269009,1.5647795359035134e-05
2021-07,combined,TT,0.13690052836982364,0.0,1.0,0.7768081359991137,0.01043186357269009,1.5647795359035134e-05
2021-07,combined,SPXC,0.1292806550756354,0.0,1.0,0.7768081359991137,0.01043186357269009,1.5647795359035134e-05
2021-07,combined,XLI_HEDGE,0.0,-0.2231918640008863,1.0,0.7768081359991137,0.01043186357269009,1.5647795359035134e-05
2021-07,confirmed,MOD,0.0,0.0,0.0,0.0,0.0,0.0
2021-07,confirmed,AAON,0.0,0.0,0.0,0.0,0.0,0.0
2021-07,confirmed,VRT,0.0,0.0,0.0,0.0,0.0,0.0
2021-07,confirmed,NVT,0.0,0.0,0.0,0.0,0.0,0.0
2021-07,confirmed,JCI,0.0,0.0,0.0,0.0,0.0,0.0
2021-07,confirmed,TT,0.0,0.0,0.0,0.0,0.0,0.0
2021-07,confirmed,SPXC,0.0,0.0,0.0,0.0,0.0,0.0
2021-07,confirmed,XLI_HEDGE,0.0,-0.0,0.0,0.0,0.0,0.0
2021-07,core_signal,MOD,0.04083329819657468,0.0,0.8500000000000001,0.6602869155992468,0.008867084036786599,1.3300626055179899e-05
2021-07,core_signal,AAON,0.11955578333960827,0.0,0.8500000000000001,0.6602869155992468,0.008867084036786599,1.3300626055179899e-05
2021-07,core_signal,VRT,0.16511544227947253,0.0,0.8500000000000001,0.6602869155992468,0.008867084036786599,1.3300626055179899e-05
2021-07,core_signal,NVT,0.08574147025570437,0.0,0.8500000000000001,0.6602869155992468,0.008867084036786599,1.3300626055179899e-05
2021-07,core_signal,JCI,0.2125,0.0,0.8500000000000001,0.6602869155992468,0.008867084036786599,1.3300626055179899e-05
2021-07,core_signal,TT,0.1163654491143501,0.0,0.8500000000000001,0.6602869155992468,0.008867084036786599,1.3300626055179899e-05
2021-07,core_signal,SPXC,0.10988855681429009,0.0,0.8500000000000001,0.6602869155992468,0.008867084036786599,1.3300626055179899e-05
2021-07,core_signal,XLI_HEDGE,0.0,-0.18971308440075335,0.8500000000000001,0.6602869155992468,0.008867084036786599,1.3300626055179899e-05
2021-08,basic,MOD,0.14285714285714285,0.0,0.9999999999999998,0.9999999999999998,0.0,0.0
2021-08,basic,AAON,0.14285714285714285,0.0,0.9999999999999998,0.9999999999999998,0.0,0.0
2021-08,basic,VRT,0.14285714285714285,0.0,0.9999999999999998,0.9999999999999998,0.0,0.0
2021-08,basic,NVT,0.14285714285714285,0.0,0.9999999999999998,0.9999999999999998,0.0,0.0
2021-08,basic,JCI,0.14285714285714285,0.0,0.9999999999999998,0.9999999999999998,0.0,0.0
2021-08,basic,TT,0.14285714285714285,0.0,0.9999999999999998,0.9999999999999998,0.0,0.0
2021-08,basic,SPXC,0.14285714285714285,0.0,0.9999999999999998,0.9999999999999998,0.0,0.0
2021-08,basic,XLI_HEDGE,0.0,-0.0,0.9999999999999998,0.9999999999999998,0.0,0.0
2021-08,inverse_vol,MOD,0.04281495520024987,0.0,1.0,1.0,0.1287378209683396,0.00019310673145250942
2021-08,inverse_vol,AAON,0.1324099006879025,0.0,1.0,1.0,0.1287378209683396,0.00019310673145250942
2021-08,inverse_vol,VRT,0.16943028599063045,0.0,1.0,1.0,0.1287378209683396,0.00019310673145250942
2021-08,inverse_vol,NVT,0.09153255809468784,0.0,1.0,1.0,0.1287378209683396,0.00019310673145250942
2021-08,inverse_vol,JCI,0.25000000000000006,0.0,1.0,1.0,0.1287378209683396,0.00019310673145250942
2021-08,inverse_vol,TT,0.2012694388539934,0.0,1.0,1.0,0.1287378209683396,0.00019310673145250942
2021-08,inverse_vol,SPXC,0.11254286117253595,0.0,1.0,1.0,0.1287378209683396,0.00019310673145250942
2021-08,inverse_vol,XLI_HEDGE,0.0,-0.0,1.0,1.0,0.1287378209683396,0.00019310673145250942
2021-08,vol_target,MOD,0.04281495520024987,0.0,1.0,1.0,0.1287378209683396,0.00019310673145250942
2021-08,vol_target,AAON,0.1324099006879025,0.0,1.0,1.0,0.1287378209683396,0.00019310673145250942
2021-08,vol_target,VRT,0.16943028599063045,0.0,1.0,1.0,0.1287378209683396,0.00019310673145250942
2021-08,vol_target,NVT,0.09153255809468784,0.0,1.0,1.0,0.1287378209683396,0.00019310673145250942
2021-08,vol_target,JCI,0.25000000000000006,0.0,1.0,1.0,0.1287378209683396,0.00019310673145250942
2021-08,vol_target,TT,0.2012694388539934,0.0,1.0,1.0,0.1287378209683396,0.00019310673145250942
2021-08,vol_target,SPXC,0.11254286117253595,0.0,1.0,1.0,0.1287378209683396,0.00019310673145250942
2021-08,vol_target,XLI_HEDGE,0.0,-0.0,1.0,1.0,0.1287378209683396,0.00019310673145250942
2021-08,trend,MOD,0.04281495520024987,0.0,1.0,1.0,0.1287378209683396,0.00019310673145250942
2021-08,trend,AAON,0.1324099006879025,0.0,1.0,1.0,0.1287378209683396,0.00019310673145250942
2021-08,trend,VRT,0.16943028599063045,0.0,1.0,1.0,0.1287378209683396,0.00019310673145250942
2021-08,trend,NVT,0.09153255809468784,0.0,1.0,1.0,0.1287378209683396,0.00019310673145250942
2021-08,trend,JCI,0.25000000000000006,0.0,1.0,1.0,0.1287378209683396,0.00019310673145250942
2021-08,trend,TT,0.2012694388539934,0.0,1.0,1.0,0.1287378209683396,0.00019310673145250942
2021-08,trend,SPXC,0.11254286117253595,0.0,1.0,1.0,0.1287378209683396,0.00019310673145250942
2021-08,trend,XLI_HEDGE,0.0,-0.0,1.0,1.0,0.1287378209683396,0.00019310673145250942
2021-08,drawdown,MOD,0.04281495520024987,0.0,1.0,1.0,0.1287378209683396,0.00019310673145250942
2021-08,drawdown,AAON,0.1324099006879025,0.0,1.0,1.0,0.1287378209683396,0.00019310673145250942
2021-08,drawdown,VRT,0.16943028599063045,0.0,1.0,1.0,0.1287378209683396,0.00019310673145250942
2021-08,drawdown,NVT,0.09153255809468784,0.0,1.0,1.0,0.1287378209683396,0.00019310673145250942
2021-08,drawdown,JCI,0.25000000000000006,0.0,1.0,1.0,0.1287378209683396,0.00019310673145250942
2021-08,drawdown,TT,0.2012694388539934,0.0,1.0,1.0,0.1287378209683396,0.00019310673145250942
2021-08,drawdown,SPXC,0.11254286117253595,0.0,1.0,1.0,0.1287378209683396,0.00019310673145250942
2021-08,drawdown,XLI_HEDGE,0.0,-0.0,1.0,1.0,0.1287378209683396,0.00019310673145250942
2021-08,tail_budget,MOD,0.04281495520024987,0.0,1.0,1.0,0.1287378209683396,0.00019310673145250942
2021-08,tail_budget,AAON,0.1324099006879025,0.0,1.0,1.0,0.1287378209683396,0.00019310673145250942
2021-08,tail_budget,VRT,0.16943028599063045,0.0,1.0,1.0,0.1287378209683396,0.00019310673145250942
2021-08,tail_budget,NVT,0.09153255809468784,0.0,1.0,1.0,0.1287378209683396,0.00019310673145250942
2021-08,tail_budget,JCI,0.25000000000000006,0.0,1.0,1.0,0.1287378209683396,0.00019310673145250942
2021-08,tail_budget,TT,0.2012694388539934,0.0,1.0,1.0,0.1287378209683396,0.00019310673145250942
2021-08,tail_budget,SPXC,0.11254286117253595,0.0,1.0,1.0,0.1287378209683396,0.00019310673145250942
2021-08,tail_budget,XLI_HEDGE,0.0,-0.0,1.0,1.0,0.1287378209683396,0.00019310673145250942
2021-08,combined,MOD,0.04281495520024987,0.0,1.0,0.7850862157801554,0.13701590074938128,0.00020552385112407193
2021-08,combined,AAON,0.1324099006879025,0.0,1.0,0.7850862157801554,0.13701590074938128,0.00020552385112407193
2021-08,combined,VRT,0.16943028599063045,0.0,1.0,0.7850862157801554,0.13701590074938128,0.00020552385112407193
2021-08,combined,NVT,0.09153255809468784,0.0,1.0,0.7850862157801554,0.13701590074938128,0.00020552385112407193
2021-08,combined,JCI,0.25000000000000006,0.0,1.0,0.7850862157801554,0.13701590074938128,0.00020552385112407193
2021-08,combined,TT,0.2012694388539934,0.0,1.0,0.7850862157801554,0.13701590074938128,0.00020552385112407193
2021-08,combined,SPXC,0.11254286117253595,0.0,1.0,0.7850862157801554,0.13701590074938128,0.00020552385112407193
2021-08,combined,XLI_HEDGE,0.0,-0.21491378421984464,1.0,0.7850862157801554,0.13701590074938128,0.00020552385112407193
2021-08,confirmed,MOD,0.0,0.0,0.0,0.0,0.0,0.0
2021-08,confirmed,AAON,0.0,0.0,0.0,0.0,0.0,0.0
2021-08,confirmed,VRT,0.0,0.0,0.0,0.0,0.0,0.0
2021-08,confirmed,NVT,0.0,0.0,0.0,0.0,0.0,0.0
2021-08,confirmed,JCI,0.0,0.0,0.0,0.0,0.0,0.0
2021-08,confirmed,TT,0.0,0.0,0.0,0.0,0.0,0.0
2021-08,confirmed,SPXC,0.0,0.0,0.0,0.0,0.0,0.0
2021-08,confirmed,XLI_HEDGE,0.0,-0.0,0.0,0.0,0.0,0.0
2021-08,core_signal,MOD,0.03639271192021239,0.0,0.8500000000000001,0.6673232834131322,0.1164635156369741,0.00017469527345546115
2021-08,core_signal,AAON,0.11254841558471713,0.0,0.8500000000000001,0.6673232834131322,0.1164635156369741,0.00017469527345546115
2021-08,core_signal,VRT,0.14401574309203588,0.0,0.8500000000000001,0.6673232834131322,0.1164635156369741,0.00017469527345546115
2021-08,core_signal,NVT,0.07780267438048466,0.0,0.8500000000000001,0.6673232834131322,0.1164635156369741,0.00017469527345546115
2021-08,core_signal,JCI,0.21250000000000005,0.0,0.8500000000000001,0.6673232834131322,0.1164635156369741,0.00017469527345546115
2021-08,core_signal,TT,0.1710790230258944,0.0,0.8500000000000001,0.6673232834131322,0.1164635156369741,0.00017469527345546115
2021-08,core_signal,SPXC,0.09566143199665555,0.0,0.8500000000000001,0.6673232834131322,0.1164635156369741,0.00017469527345546115
2021-08,core_signal,XLI_HEDGE,0.0,-0.18267671658686793,0.8500000000000001,0.6673232834131322,0.1164635156369741,0.00017469527345546115
2021-09,basic,MOD,0.14285714285714285,0.0,0.9999999999999998,0.9999999999999998,0.0,0.0
2021-09,basic,AAON,0.14285714285714285,0.0,0.9999999999999998,0.9999999999999998,0.0,0.0
2021-09,basic,VRT,0.14285714285714285,0.0,0.9999999999999998,0.9999999999999998,0.0,0.0
2021-09,basic,NVT,0.14285714285714285,0.0,0.9999999999999998,0.9999999999999998,0.0,0.0
2021-09,basic,JCI,0.14285714285714285,0.0,0.9999999999999998,0.9999999999999998,0.0,0.0
2021-09,basic,TT,0.14285714285714285,0.0,0.9999999999999998,0.9999999999999998,0.0,0.0
2021-09,basic,SPXC,0.14285714285714285,0.0,0.9999999999999998,0.9999999999999998,0.0,0.0
2021-09,basic,XLI_HEDGE,0.0,-0.0,0.9999999999999998,0.9999999999999998,0.0,0.0
2021-09,inverse_vol,MOD,0.04066987274658155,0.0,1.0,1.0,0.03476940148699521,5.215410223049282e-05
2021-09,inverse_vol,AAON,0.13229652210534967,0.0,1.0,1.0,0.03476940148699521,5.215410223049282e-05
2021-09,inverse_vol,VRT,0.1833315222983143,0.0,1.0,1.0,0.03476940148699521,5.215410223049282e-05
2021-09,inverse_vol,NVT,0.09501602253050162,0.0,1.0,1.0,0.03476940148699521,5.215410223049282e-05
2021-09,inverse_vol,JCI,0.25,0.0,1.0,1.0,0.03476940148699521,5.215410223049282e-05
2021-09,inverse_vol,TT,0.18793289724588252,0.0,1.0,1.0,0.03476940148699521,5.215410223049282e-05
2021-09,inverse_vol,SPXC,0.11075316307337044,0.0,1.0,1.0,0.03476940148699521,5.215410223049282e-05
2021-09,inverse_vol,XLI_HEDGE,0.0,-0.0,1.0,1.0,0.03476940148699521,5.215410223049282e-05
2021-09,vol_target,MOD,0.04066987274658155,0.0,1.0,1.0,0.03476940148699521,5.215410223049282e-05
2021-09,vol_target,AAON,0.13229652210534967,0.0,1.0,1.0,0.03476940148699521,5.215410223049282e-05
2021-09,vol_target,VRT,0.1833315222983143,0.0,1.0,1.0,0.03476940148699521,5.215410223049282e-05
2021-09,vol_target,NVT,0.09501602253050162,0.0,1.0,1.0,0.03476940148699521,5.215410223049282e-05
2021-09,vol_target,JCI,0.25,0.0,1.0,1.0,0.03476940148699521,5.215410223049282e-05
2021-09,vol_target,TT,0.18793289724588252,0.0,1.0,1.0,0.03476940148699521,5.215410223049282e-05
2021-09,vol_target,SPXC,0.11075316307337044,0.0,1.0,1.0,0.03476940148699521,5.215410223049282e-05
2021-09,vol_target,XLI_HEDGE,0.0,-0.0,1.0,1.0,0.03476940148699521,5.215410223049282e-05
2021-09,trend,MOD,0.020334936373290775,0.0,0.5,0.5,0.5,0.00075
2021-09,trend,AAON,0.06614826105267484,0.0,0.5,0.5,0.5,0.00075
2021-09,trend,VRT,0.09166576114915714,0.0,0.5,0.5,0.5,0.00075
2021-09,trend,NVT,0.04750801126525081,0.0,0.5,0.5,0.5,0.00075
2021-09,trend,JCI,0.125,0.0,0.5,0.5,0.5,0.00075
2021-09,trend,TT,0.09396644862294126,0.0,0.5,0.5,0.5,0.00075
2021-09,trend,SPXC,0.05537658153668522,0.0,0.5,0.5,0.5,0.00075
2021-09,trend,XLI_HEDGE,0.0,-0.0,0.5,0.5,0.5,0.00075
2021-09,drawdown,MOD,0.04066987274658155,0.0,1.0,1.0,0.03476940148699521,5.215410223049282e-05
2021-09,drawdown,AAON,0.13229652210534967,0.0,1.0,1.0,0.03476940148699521,5.215410223049282e-05
2021-09,drawdown,VRT,0.1833315222983143,0.0,1.0,1.0,0.03476940148699521,5.215410223049282e-05
2021-09,drawdown,NVT,0.09501602253050162,0.0,1.0,1.0,0.03476940148699521,5.215410223049282e-05
2021-09,drawdown,JCI,0.25,0.0,1.0,1.0,0.03476940148699521,5.215410223049282e-05
2021-09,drawdown,TT,0.18793289724588252,0.0,1.0,1.0,0.03476940148699521,5.215410223049282e-05
2021-09,drawdown,SPXC,0.11075316307337044,0.0,1.0,1.0,0.03476940148699521,5.215410223049282e-05
2021-09,drawdown,XLI_HEDGE,0.0,-0.0,1.0,1.0,0.03476940148699521,5.215410223049282e-05
2021-09,tail_budget,MOD,0.04066987274658155,0.0,1.0,1.0,0.03476940148699521,5.215410223049282e-05
2021-09,tail_budget,AAON,0.13229652210534967,0.0,1.0,1.0,0.03476940148699521,5.215410223049282e-05
2021-09,tail_budget,VRT,0.1833315222983143,0.0,1.0,1.0,0.03476940148699521,5.215410223049282e-05
2021-09,tail_budget,NVT,0.09501602253050162,0.0,1.0,1.0,0.03476940148699521,5.215410223049282e-05
2021-09,tail_budget,JCI,0.25,0.0,1.0,1.0,0.03476940148699521,5.215410223049282e-05
2021-09,tail_budget,TT,0.18793289724588252,0.0,1.0,1.0,0.03476940148699521,5.215410223049282e-05
2021-09,tail_budget,SPXC,0.11075316307337044,0.0,1.0,1.0,0.03476940148699521,5.215410223049282e-05
2021-09,tail_budget,XLI_HEDGE,0.0,-0.0,1.0,1.0,0.03476940148699521,5.215410223049282e-05
2021-09,combined,MOD,0.020334936373290775,0.0,0.5,0.28794084541486664,0.5028546296347113,0.0007542819444520669
2021-09,combined,AAON,0.06614826105267484,0.0,0.5,0.28794084541486664,0.5028546296347113,0.0007542819444520669
2021-09,combined,VRT,0.09166576114915714,0.0,0.5,0.28794084541486664,0.5028546296347113,0.0007542819444520669
2021-09,combined,NVT,0.04750801126525081,0.0,0.5,0.28794084541486664,0.5028546296347113,0.0007542819444520669
2021-09,combined,JCI,0.125,0.0,0.5,0.28794084541486664,0.5028546296347113,0.0007542819444520669
2021-09,combined,TT,0.09396644862294126,0.0,0.5,0.28794084541486664,0.5028546296347113,0.0007542819444520669
2021-09,combined,SPXC,0.05537658153668522,0.0,0.5,0.28794084541486664,0.5028546296347113,0.0007542819444520669
2021-09,combined,XLI_HEDGE,0.0,-0.21205915458513336,0.5,0.28794084541486664,0.5028546296347113,0.0007542819444520669
2021-09,confirmed,MOD,0.0,0.0,0.0,0.0,0.0,0.0
2021-09,confirmed,AAON,0.0,0.0,0.0,0.0,0.0,0.0
2021-09,confirmed,VRT,0.0,0.0,0.0,0.0,0.0,0.0
2021-09,confirmed,NVT,0.0,0.0,0.0,0.0,0.0,0.0
2021-09,confirmed,JCI,0.0,0.0,0.0,0.0,0.0,0.0
2021-09,confirmed,TT,0.0,0.0,0.0,0.0,0.0,0.0
2021-09,confirmed,SPXC,0.0,0.0,0.0,0.0,0.0,0.0
2021-09,confirmed,XLI_HEDGE,0.0,-0.0,0.0,0.0,0.0,0.0
2021-09,core_signal,MOD,0.017284695917297158,0.0,0.425,0.2447497186026367,0.4274264351895046,0.000641139652784257
2021-09,core_signal,AAON,0.05622602189477361,0.0,0.425,0.2447497186026367,0.4274264351895046,0.000641139652784257
2021-09,core_signal,VRT,0.07791589697678357,0.0,0.425,0.2447497186026367,0.4274264351895046,0.000641139652784257
2021-09,core_signal,NVT,0.04038180957546319,0.0,0.425,0.2447497186026367,0.4274264351895046,0.000641139652784257
2021-09,core_signal,JCI,0.10625,0.0,0.425,0.2447497186026367,0.4274264351895046,0.000641139652784257
2021-09,core_signal,TT,0.07987148132950007,0.0,0.425,0.2447497186026367,0.4274264351895046,0.000641139652784257
2021-09,core_signal,SPXC,0.04707009430618243,0.0,0.425,0.2447497186026367,0.4274264351895046,0.000641139652784257
2021-09,core_signal,XLI_HEDGE,0.0,-0.18025028139736335,0.425,0.2447497186026367,0.4274264351895046,0.000641139652784257
2021-10,basic,MOD,0.14285714285714285,0.0,0.9999999999999998,0.9999999999999998,0.0,0.0
2021-10,basic,AAON,0.14285714285714285,0.0,0.9999999999999998,0.9999999999999998,0.0,0.0
2021-10,basic,VRT,0.14285714285714285,0.0,0.9999999999999998,0.9999999999999998,0.0,0.0
2021-10,basic,NVT,0.14285714285714285,0.0,0.9999999999999998,0.9999999999999998,0.0,0.0
2021-10,basic,JCI,0.14285714285714285,0.0,0.9999999999999998,0.9999999999999998,0.0,0.0
2021-10,basic,TT,0.14285714285714285,0.0,0.9999999999999998,0.9999999999999998,0.0,0.0
2021-10,basic,SPXC,0.14285714285714285,0.0,0.9999999999999998,0.9999999999999998,0.0,0.0
2021-10,basic,XLI_HEDGE,0.0,-0.0,0.9999999999999998,0.9999999999999998,0.0,0.0
2021-10,inverse_vol,MOD,0.050604655931603404,0.0,1.0,1.0,0.15637219294237115,0.00023455828941355673
2021-10,inverse_vol,AAON,0.16386723147296167,0.0,1.0,1.0,0.15637219294237115,0.00023455828941355673
2021-10,inverse_vol,VRT,0.15488381097895543,0.0,1.0,1.0,0.15637219294237115,0.00023455828941355673
2021-10,inverse_vol,NVT,0.12085808748562747,0.0,1.0,1.0,0.15637219294237115,0.00023455828941355673
2021-10,inverse_vol,JCI,0.22483451834947393,0.0,1.0,1.0,0.15637219294237115,0.00023455828941355673
2021-10,inverse_vol,TT,0.1633599937445818,0.0,1.0,1.0,0.15637219294237115,0.00023455828941355673
2021-10,inverse_vol,SPXC,0.12159170203679624,0.0,1.0,1.0,0.15637219294237115,0.00023455828941355673
2021-10,inverse_vol,XLI_HEDGE,0.0,-0.0,1.0,1.0,0.15637219294237115,0.00023455828941355673
2021-10,vol_target,MOD,0.050604655931603404,0.0,1.0,1.0,0.15637219294237115,0.00023455828941355673
2021-10,vol_target,AAON,0.16386723147296167,0.0,1.0,1.0,0.15637219294237115,0.00023455828941355673
2021-10,vol_target,VRT,0.15488381097895543,0.0,1.0,1.0,0.15637219294237115,0.00023455828941355673
2021-10,vol_target,NVT,0.12085808748562747,0.0,1.0,1.0,0.15637219294237115,0.00023455828941355673
2021-10,vol_target,JCI,0.22483451834947393,0.0,1.0,1.0,0.15637219294237115,0.00023455828941355673
2021-10,vol_target,TT,0.1633599937445818,0.0,1.0,1.0,0.15637219294237115,0.00023455828941355673
2021-10,vol_target,SPXC,0.12159170203679624,0.0,1.0,1.0,0.15637219294237115,0.00023455828941355673
2021-10,vol_target,XLI_HEDGE,0.0,-0.0,1.0,1.0,0.15637219294237115,0.00023455828941355673
2021-10,trend,MOD,0.025302327965801702,0.0,0.5,0.5,0.07818609647118557,0.00011727914470677837
2021-10,trend,AAON,0.08193361573648084,0.0,0.5,0.5,0.07818609647118557,0.00011727914470677837
2021-10,trend,VRT,0.07744190548947771,0.0,0.5,0.5,0.07818609647118557,0.00011727914470677837
2021-10,trend,NVT,0.060429043742813736,0.0,0.5,0.5,0.07818609647118557,0.00011727914470677837
2021-10,trend,JCI,0.11241725917473697,0.0,0.5,0.5,0.07818609647118557,0.00011727914470677837
2021-10,trend,TT,0.0816799968722909,0.0,0.5,0.5,0.07818609647118557,0.00011727914470677837
2021-10,trend,SPXC,0.06079585101839812,0.0,0.5,0.5,0.07818609647118557,0.00011727914470677837
2021-10,trend,XLI_HEDGE,0.0,-0.0,0.5,0.5,0.07818609647118557,0.00011727914470677837
2021-10,drawdown,MOD,0.025302327965801702,0.0,0.5,0.5,0.5000000000000001,0.0007500000000000002
2021-10,drawdown,AAON,0.08193361573648084,0.0,0.5,0.5,0.5000000000000001,0.0007500000000000002
2021-10,drawdown,VRT,0.07744190548947771,0.0,0.5,0.5,0.5000000000000001,0.0007500000000000002
2021-10,drawdown,NVT,0.060429043742813736,0.0,0.5,0.5,0.5000000000000001,0.0007500000000000002
2021-10,drawdown,JCI,0.11241725917473697,0.0,0.5,0.5,0.5000000000000001,0.0007500000000000002
2021-10,drawdown,TT,0.0816799968722909,0.0,0.5,0.5,0.5000000000000001,0.0007500000000000002
2021-10,drawdown,SPXC,0.06079585101839812,0.0,0.5,0.5,0.5000000000000001,0.0007500000000000002
2021-10,drawdown,XLI_HEDGE,0.0,-0.0,0.5,0.5,0.5000000000000001,0.0007500000000000002
2021-10,tail_budget,MOD,0.050604655931603404,0.0,1.0,1.0,0.15637219294237115,0.00023455828941355673
2021-10,tail_budget,AAON,0.16386723147296167,0.0,1.0,1.0,0.15637219294237115,0.00023455828941355673
2021-10,tail_budget,VRT,0.15488381097895543,0.0,1.0,1.0,0.15637219294237115,0.00023455828941355673
2021-10,tail_budget,NVT,0.12085808748562747,0.0,1.0,1.0,0.15637219294237115,0.00023455828941355673
2021-10,tail_budget,JCI,0.22483451834947393,0.0,1.0,1.0,0.15637219294237115,0.00023455828941355673
2021-10,tail_budget,TT,0.1633599937445818,0.0,1.0,1.0,0.15637219294237115,0.00023455828941355673
2021-10,tail_budget,SPXC,0.12159170203679624,0.0,1.0,1.0,0.15637219294237115,0.00023455828941355673
2021-10,tail_budget,XLI_HEDGE,0.0,-0.0,1.0,1.0,0.15637219294237115,0.00023455828941355673
2021-10,combined,MOD,0.025302327965801702,0.0,0.5,0.2681105322322467,0.09801640965380556,0.00014702461448070836
2021-10,combined,AAON,0.08193361573648084,0.0,0.5,0.2681105322322467,0.09801640965380556,0.00014702461448070836
2021-10,combined,VRT,0.07744190548947771,0.0,0.5,0.2681105322322467,0.09801640965380556,0.00014702461448070836
2021-10,combined,NVT,0.060429043742813736,0.0,0.5,0.2681105322322467,0.09801640965380556,0.00014702461448070836
2021-10,combined,JCI,0.11241725917473697,0.0,0.5,0.2681105322322467,0.09801640965380556,0.00014702461448070836
2021-10,combined,TT,0.0816799968722909,0.0,0.5,0.2681105322322467,0.09801640965380556,0.00014702461448070836
2021-10,combined,SPXC,0.06079585101839812,0.0,0.5,0.2681105322322467,0.09801640965380556,0.00014702461448070836
2021-10,combined,XLI_HEDGE,0.0,-0.23188946776775335,0.5,0.2681105322322467,0.09801640965380556,0.00014702461448070836
2021-10,confirmed,MOD,0.0,0.0,0.0,0.0,0.0,0.0
2021-10,confirmed,AAON,0.0,0.0,0.0,0.0,0.0,0.0
2021-10,confirmed,VRT,0.0,0.0,0.0,0.0,0.0,0.0
2021-10,confirmed,NVT,0.0,0.0,0.0,0.0,0.0,0.0
2021-10,confirmed,JCI,0.0,0.0,0.0,0.0,0.0,0.0
2021-10,confirmed,TT,0.0,0.0,0.0,0.0,0.0,0.0
2021-10,confirmed,SPXC,0.0,0.0,0.0,0.0,0.0,0.0
2021-10,confirmed,XLI_HEDGE,0.0,-0.0,0.0,0.0,0.0,0.0
2021-10,core_signal,MOD,0.021506978770931447,0.0,0.425,0.22789395239740962,0.08331394820573473,0.0001249709223086021
2021-10,core_signal,AAON,0.06964357337600871,0.0,0.425,0.22789395239740962,0.08331394820573473,0.0001249709223086021
2021-10,core_signal,VRT,0.06582561966605606,0.0,0.425,0.22789395239740962,0.08331394820573473,0.0001249709223086021
2021-10,core_signal,NVT,0.05136468718139167,0.0,0.425,0.22789395239740962,0.08331394820573473,0.0001249709223086021
2021-10,core_signal,JCI,0.09555467029852642,0.0,0.425,0.22789395239740962,0.08331394820573473,0.0001249709223086021
2021-10,core_signal,TT,0.06942799734144726,0.0,0.425,0.22789395239740962,0.08331394820573473,0.0001249709223086021
2021-10,core_signal,SPXC,0.0516764733656384,0.0,0.425,0.22789395239740962,0.08331394820573473,0.0001249709223086021
2021-10,core_signal,XLI_HEDGE,0.0,-0.19710604760259035,0.425,0.22789395239740962,0.08331394820573473,0.0001249709223086021
2021-11,basic,MOD,0.14285714285714285,0.0,0.9999999999999998,0.9999999999999998,0.0,0.0
2021-11,basic,AAON,0.14285714285714285,0.0,0.9999999999999998,0.9999999999999998,0.0,0.0
2021-11,basic,VRT,0.14285714285714285,0.0,0.9999999999999998,0.9999999999999998,0.0,0.0
2021-11,basic,NVT,0.14285714285714285,0.0,0.9999999999999998,0.9999999999999998,0.0,0.0
2021-11,basic,JCI,0.14285714285714285,0.0,0.9999999999999998,0.9999999999999998,0.0,0.0
2021-11,basic,TT,0.14285714285714285,0.0,0.9999999999999998,0.9999999999999998,0.0,0.0
2021-11,basic,SPXC,0.14285714285714285,0.0,0.9999999999999998,0.9999999999999998,0.0,0.0
2021-11,basic,XLI_HEDGE,0.0,-0.0,0.9999999999999998,0.9999999999999998,0.0,0.0
2021-11,inverse_vol,MOD,0.05028033850319369,0.0,1.0,1.0,0.02241862451992542,3.362793677988813e-05
2021-11,inverse_vol,AAON,0.1571731807832932,0.0,1.0,1.0,0.02241862451992542,3.362793677988813e-05
2021-11,inverse_vol,VRT,0.1537028376657025,0.0,1.0,1.0,0.02241862451992542,3.362793677988813e-05
2021-11,inverse_vol,NVT,0.12086884180437439,0.0,1.0,1.0,0.02241862451992542,3.362793677988813e-05
2021-11,inverse_vol,JCI,0.22182454752084238,0.0,1.0,1.0,0.02241862451992542,3.362793677988813e-05
2021-11,inverse_vol,TT,0.16942372629964803,0.0,1.0,1.0,0.02241862451992542,3.362793677988813e-05
2021-11,inverse_vol,SPXC,0.12672652742294585,0.0,1.0,1.0,0.02241862451992542,3.362793677988813e-05
2021-11,inverse_vol,XLI_HEDGE,0.0,-0.0,1.0,1.0,0.02241862451992542,3.362793677988813e-05
2021-11,vol_target,MOD,0.05028033850319369,0.0,1.0,1.0,0.02241862451992542,3.362793677988813e-05
2021-11,vol_target,AAON,0.1571731807832932,0.0,1.0,1.0,0.02241862451992542,3.362793677988813e-05
2021-11,vol_target,VRT,0.1537028376657025,0.0,1.0,1.0,0.02241862451992542,3.362793677988813e-05
2021-11,vol_target,NVT,0.12086884180437439,0.0,1.0,1.0,0.02241862451992542,3.362793677988813e-05
2021-11,vol_target,JCI,0.22182454752084238,0.0,1.0,1.0,0.02241862451992542,3.362793677988813e-05
2021-11,vol_target,TT,0.16942372629964803,0.0,1.0,1.0,0.02241862451992542,3.362793677988813e-05
2021-11,vol_target,SPXC,0.12672652742294585,0.0,1.0,1.0,0.02241862451992542,3.362793677988813e-05
2021-11,vol_target,XLI_HEDGE,0.0,-0.0,1.0,1.0,0.02241862451992542,3.362793677988813e-05
2021-11,trend,MOD,0.05028033850319369,0.0,1.0,1.0,0.5000000000000001,0.0007500000000000002
2021-11,trend,AAON,0.1571731807832932,0.0,1.0,1.0,0.5000000000000001,0.0007500000000000002
2021-11,trend,VRT,0.1537028376657025,0.0,1.0,1.0,0.5000000000000001,0.0007500000000000002
2021-11,trend,NVT,0.12086884180437439,0.0,1.0,1.0,0.5000000000000001,0.0007500000000000002
2021-11,trend,JCI,0.22182454752084238,0.0,1.0,1.0,0.5000000000000001,0.0007500000000000002
2021-11,trend,TT,0.16942372629964803,0.0,1.0,1.0,0.5000000000000001,0.0007500000000000002
2021-11,trend,SPXC,0.12672652742294585,0.0,1.0,1.0,0.5000000000000001,0.0007500000000000002
2021-11,trend,XLI_HEDGE,0.0,-0.0,1.0,1.0,0.5000000000000001,0.0007500000000000002
2021-11,drawdown,MOD,0.05028033850319369,0.0,1.0,1.0,0.5000000000000001,0.0007500000000000002
2021-11,drawdown,AAON,0.1571731807832932,0.0,1.0,1.0,0.5000000000000001,0.0007500000000000002
2021-11,drawdown,VRT,0.1537028376657025,0.0,1.0,1.0,0.5000000000000001,0.0007500000000000002
2021-11,drawdown,NVT,0.12086884180437439,0.0,1.0,1.0,0.5000000000000001,0.0007500000000000002
2021-11,drawdown,JCI,0.22182454752084238,0.0,1.0,1.0,0.5000000000000001,0.0007500000000000002
2021-11,drawdown,TT,0.16942372629964803,0.0,1.0,1.0,0.5000000000000001,0.0007500000000000002
2021-11,drawdown,SPXC,0.12672652742294585,0.0,1.0,1.0,0.5000000000000001,0.0007500000000000002
2021-11,drawdown,XLI_HEDGE,0.0,-0.0,1.0,1.0,0.5000000000000001,0.0007500000000000002
2021-11,tail_budget,MOD,0.05028033850319369,0.0,1.0,1.0,0.02241862451992542,3.362793677988813e-05
2021-11,tail_budget,AAON,0.1571731807832932,0.0,1.0,1.0,0.02241862451992542,3.362793677988813e-05
2021-11,tail_budget,VRT,0.1537028376657025,0.0,1.0,1.0,0.02241862451992542,3.362793677988813e-05
2021-11,tail_budget,NVT,0.12086884180437439,0.0,1.0,1.0,0.02241862451992542,3.362793677988813e-05
2021-11,tail_budget,JCI,0.22182454752084238,0.0,1.0,1.0,0.02241862451992542,3.362793677988813e-05
2021-11,tail_budget,TT,0.16942372629964803,0.0,1.0,1.0,0.02241862451992542,3.362793677988813e-05
2021-11,tail_budget,SPXC,0.12672652742294585,0.0,1.0,1.0,0.02241862451992542,3.362793677988813e-05
2021-11,tail_budget,XLI_HEDGE,0.0,-0.0,1.0,1.0,0.02241862451992542,3.362793677988813e-05
2021-11,combined,MOD,0.05028033850319369,0.0,1.0,0.7681836333614762,0.5000731011292296,0.0007501096516938445
2021-11,combined,AAON,0.1571731807832932,0.0,1.0,0.7681836333614762,0.5000731011292296,0.0007501096516938445
2021-11,combined,VRT,0.1537028376657025,0.0,1.0,0.7681836333614762,0.5000731011292296,0.0007501096516938445
2021-11,combined,NVT,0.12086884180437439,0.0,1.0,0.7681836333614762,0.5000731011292296,0.0007501096516938445
2021-11,combined,JCI,0.22182454752084238,0.0,1.0,0.7681836333614762,0.5000731011292296,0.0007501096516938445
2021-11,combined,TT,0.16942372629964803,0.0,1.0,0.7681836333614762,0.5000731011292296,0.0007501096516938445
2021-11,combined,SPXC,0.12672652742294585,0.0,1.0,0.7681836333614762,0.5000731011292296,0.0007501096516938445
2021-11,combined,XLI_HEDGE,0.0,-0.23181636663852376,1.0,0.7681836333614762,0.5000731011292296,0.0007501096516938445
2021-11,confirmed,MOD,0.0,0.0,0.0,0.0,0.0,0.0
2021-11,confirmed,AAON,0.0,0.0,0.0,0.0,0.0,0.0
2021-11,confirmed,VRT,0.0,0.0,0.0,0.0,0.0,0.0
2021-11,confirmed,NVT,0.0,0.0,0.0,0.0,0.0,0.0
2021-11,confirmed,JCI,0.0,0.0,0.0,0.0,0.0,0.0
2021-11,confirmed,TT,0.0,0.0,0.0,0.0,0.0,0.0
2021-11,confirmed,SPXC,0.0,0.0,0.0,0.0,0.0,0.0
2021-11,confirmed,XLI_HEDGE,0.0,-0.0,0.0,0.0,0.0,0.0
2021-11,core_signal,MOD,0.04273828772771463,0.0,0.85,0.6529560883572548,0.4250621359598452,0.0006375932039397678
2021-11,core_signal,AAON,0.13359720366579922,0.0,0.85,0.6529560883572548,0.4250621359598452,0.0006375932039397678
2021-11,core_signal,VRT,0.13064741201584712,0.0,0.85,0.6529560883572548,0.4250621359598452,0.0006375932039397678
2021-11,core_signal,NVT,0.10273851553371822,0.0,0.85,0.6529560883572548,0.4250621359598452,0.0006375932039397678
2021-11,core_signal,JCI,0.188550865392716,0.0,0.85,0.6529560883572548,0.4250621359598452,0.0006375932039397678
2021-11,core_signal,TT,0.14401016735470082,0.0,0.85,0.6529560883572548,0.4250621359598452,0.0006375932039397678
2021-11,core_signal,SPXC,0.10771754830950397,0.0,0.85,0.6529560883572548,0.4250621359598452,0.0006375932039397678
2021-11,core_signal,XLI_HEDGE,0.0,-0.19704391164274518,0.85,0.6529560883572548,0.4250621359598452,0.0006375932039397678
2021-12,basic,MOD,0.14285714285714285,0.0,0.9999999999999998,0.9999999999999998,0.0,0.0
2021-12,basic,AAON,0.14285714285714285,0.0,0.9999999999999998,0.9999999999999998,0.0,0.0
2021-12,basic,VRT,0.14285714285714285,0.0,0.9999999999999998,0.9999999999999998,0.0,0.0
2021-12,basic,NVT,0.14285714285714285,0.0,0.9999999999999998,0.9999999999999998,0.0,0.0
2021-12,basic,JCI,0.14285714285714285,0.0,0.9999999999999998,0.9999999999999998,0.0,0.0
2021-12,basic,TT,0.14285714285714285,0.0,0.9999999999999998,0.9999999999999998,0.0,0.0
2021-12,basic,SPXC,0.14285714285714285,0.0,0.9999999999999998,0.9999999999999998,0.0,0.0
2021-12,basic,XLI_HEDGE,0.0,-0.0,0.9999999999999998,0.9999999999999998,0.0,0.0
2021-12,inverse_vol,MOD,0.09012033031292292,0.0,1.0,1.0,0.14835936389184204,0.00022253904583776306
2021-12,inverse_vol,AAON,0.14175581478916377,0.0,1.0,1.0,0.14835936389184204,0.00022253904583776306
2021-12,inverse_vol,VRT,0.13304560615670263,0.0,1.0,1.0,0.14835936389184204,0.00022253904583776306
2021-12,inverse_vol,NVT,0.1425338737435049,0.0,1.0,1.0,0.14835936389184204,0.00022253904583776306
2021-12,inverse_vol,JCI,0.19703181057825,0.0,1.0,1.0,0.14835936389184204,0.00022253904583776306
2021-12,inverse_vol,TT,0.15611137879944864,0.0,1.0,1.0,0.14835936389184204,0.00022253904583776306
2021-12,inverse_vol,SPXC,0.13940118562000708,0.0,1.0,1.0,0.14835936389184204,0.00022253904583776306
2021-12,inverse_vol,XLI_HEDGE,0.0,-0.0,1.0,1.0,0.14835936389184204,0.00022253904583776306
2021-12,vol_target,MOD,0.08679496140903416,0.0,0.9631007909941945,0.9631007909941945,0.15780147372683317,0.00023670221059024976
2021-12,vol_target,AAON,0.13652513735147018,0.0,0.9631007909941945,0.9631007909941945,0.15780147372683317,0.00023670221059024976
2021-12,vol_target,VRT,0.1281363285278224,0.0,0.9631007909941945,0.9631007909941945,0.15780147372683317,0.00023670221059024976
2021-12,vol_target,NVT,0.13727448654583624,0.0,0.9631007909941945,0.9631007909941945,0.15780147372683317,0.00023670221059024976
2021-12,vol_target,JCI,0.18976149261893088,0.0,0.9631007909941945,0.9631007909941945,0.15780147372683317,0.00023670221059024976
2021-12,vol_target,TT,0.15035099240494332,0.0,0.9631007909941945,0.9631007909941945,0.15780147372683317,0.00023670221059024976
2021-12,vol_target,SPXC,0.13425739213615737,0.0,0.9631007909941945,0.9631007909941945,0.15780147372683317,0.00023670221059024976
2021-12,vol_target,XLI_HEDGE,0.0,-0.0,0.9631007909941945,0.9631007909941945,0.15780147372683317,0.00023670221059024976
2021-12,trend,MOD,0.04506016515646146,0.0,0.5,0.5,0.5,0.00075
2021-12,trend,AAON,0.07087790739458188,0.0,0.5,0.5,0.5,0.00075
2021-12,trend,VRT,0.06652280307835132,0.0,0.5,0.5,0.5,0.00075
2021-12,trend,NVT,0.07126693687175245,0.0,0.5,0.5,0.5,0.00075
2021-12,trend,JCI,0.098515905289125,0.0,0.5,0.5,0.5,0.00075
2021-12,trend,TT,0.07805568939972432,0.0,0.5,0.5,0.5,0.00075
2021-12,trend,SPXC,0.06970059281000354,0.0,0.5,0.5,0.5,0.00075
2021-12,trend,XLI_HEDGE,0.0,-0.0,0.5,0.5,0.5,0.00075
2021-12,drawdown,MOD,0.09012033031292292,0.0,1.0,1.0,0.14835936389184204,0.00022253904583776306
2021-12,drawdown,AAON,0.14175581478916377,0.0,1.0,1.0,0.14835936389184204,0.00022253904583776306
2021-12,drawdown,VRT,0.13304560615670263,0.0,1.0,1.0,0.14835936389184204,0.00022253904583776306
2021-12,drawdown,NVT,0.1425338737435049,0.0,1.0,1.0,0.14835936389184204,0.00022253904583776306
2021-12,drawdown,JCI,0.19703181057825,0.0,1.0,1.0,0.14835936389184204,0.00022253904583776306
2021-12,drawdown,TT,0.15611137879944864,0.0,1.0,1.0,0.14835936389184204,0.00022253904583776306
2021-12,drawdown,SPXC,0.13940118562000708,0.0,1.0,1.0,0.14835936389184204,0.00022253904583776306
2021-12,drawdown,XLI_HEDGE,0.0,-0.0,1.0,1.0,0.14835936389184204,0.00022253904583776306
2021-12,tail_budget,MOD,0.09012033031292292,0.0,1.0,1.0,0.14835936389184204,0.00022253904583776306
2021-12,tail_budget,AAON,0.14175581478916377,0.0,1.0,1.0,0.14835936389184204,0.00022253904583776306
2021-12,tail_budget,VRT,0.13304560615670263,0.0,1.0,1.0,0.14835936389184204,0.00022253904583776306
2021-12,tail_budget,NVT,0.1425338737435049,0.0,1.0,1.0,0.14835936389184204,0.00022253904583776306
2021-12,tail_budget,JCI,0.19703181057825,0.0,1.0,1.0,0.14835936389184204,0.00022253904583776306
2021-12,tail_budget,TT,0.15611137879944864,0.0,1.0,1.0,0.14835936389184204,0.00022253904583776306
2021-12,tail_budget,SPXC,0.13940118562000708,0.0,1.0,1.0,0.14835936389184204,0.00022253904583776306
2021-12,tail_budget,XLI_HEDGE,0.0,-0.0,1.0,1.0,0.14835936389184204,0.00022253904583776306
2021-12,combined,MOD,0.04506016515646146,0.0,0.5,0.2550209047617126,0.5131627285997638,0.0007697440928996456
2021-12,combined,AAON,0.07087790739458188,0.0,0.5,0.2550209047617126,0.5131627285997638,0.0007697440928996456
2021-12,combined,VRT,0.06652280307835132,0.0,0.5,0.2550209047617126,0.5131627285997638,0.0007697440928996456
2021-12,combined,NVT,0.07126693687175245,0.0,0.5,0.2550209047617126,0.5131627285997638,0.0007697440928996456
2021-12,combined,JCI,0.098515905289125,0.0,0.5,0.2550209047617126,0.5131627285997638,0.0007697440928996456
2021-12,combined,TT,0.07805568939972432,0.0,0.5,0.2550209047617126,0.5131627285997638,0.0007697440928996456
2021-12,combined,SPXC,0.06970059281000354,0.0,0.5,0.2550209047617126,0.5131627285997638,0.0007697440928996456
2021-12,combined,XLI_HEDGE,0.0,-0.24497909523828745,0.5,0.2550209047617126,0.5131627285997638,0.0007697440928996456
2021-12,confirmed,MOD,0.0,0.0,0.0,0.0,0.0,0.0
2021-12,confirmed,AAON,0.0,0.0,0.0,0.0,0.0,0.0
2021-12,confirmed,VRT,0.0,0.0,0.0,0.0,0.0,0.0
2021-12,confirmed,NVT,0.0,0.0,0.0,0.0,0.0,0.0
2021-12,confirmed,JCI,0.0,0.0,0.0,0.0,0.0,0.0
2021-12,confirmed,TT,0.0,0.0,0.0,0.0,0.0,0.0
2021-12,confirmed,SPXC,0.0,0.0,0.0,0.0,0.0,0.0
2021-12,confirmed,XLI_HEDGE,0.0,-0.0,0.0,0.0,0.0,0.0
2021-12,core_signal,MOD,0.03830114038299224,0.0,0.425,0.21676776904745565,0.4361883193097992,0.0006542824789646988
2021-12,core_signal,AAON,0.0602462212853946,0.0,0.425,0.21676776904745565,0.4361883193097992,0.0006542824789646988
2021-12,core_signal,VRT,0.05654438261659862,0.0,0.425,0.21676776904745565,0.4361883193097992,0.0006542824789646988
2021-12,core_signal,NVT,0.06057689634098958,0.0,0.425,0.21676776904745565,0.4361883193097992,0.0006542824789646988
2021-12,core_signal,JCI,0.08373851949575625,0.0,0.425,0.21676776904745565,0.4361883193097992,0.0006542824789646988
2021-12,core_signal,TT,0.06634733598976567,0.0,0.425,0.21676776904745565,0.4361883193097992,0.0006542824789646988
2021-12,core_signal,SPXC,0.05924550388850301,0.0,0.425,0.21676776904745565,0.4361883193097992,0.0006542824789646988
2021-12,core_signal,XLI_HEDGE,0.0,-0.20823223095254434,0.425,0.21676776904745565,0.4361883193097992,0.0006542824789646988
2022-01,basic,MOD,0.14285714285714285,0.0,0.9999999999999998,0.9999999999999998,0.0,0.0
2022-01,basic,AAON,0.14285714285714285,0.0,0.9999999999999998,0.9999999999999998,0.0,0.0
2022-01,basic,VRT,0.14285714285714285,0.0,0.9999999999999998,0.9999999999999998,0.0,0.0
2022-01,basic,NVT,0.14285714285714285,0.0,0.9999999999999998,0.9999999999999998,0.0,0.0
2022-01,basic,JCI,0.14285714285714285,0.0,0.9999999999999998,0.9999999999999998,0.0,0.0
2022-01,basic,TT,0.14285714285714285,0.0,0.9999999999999998,0.9999999999999998,0.0,0.0
2022-01,basic,SPXC,0.14285714285714285,0.0,0.9999999999999998,0.9999999999999998,0.0,0.0
2022-01,basic,XLI_HEDGE,0.0,-0.0,0.9999999999999998,0.9999999999999998,0.0,0.0
2022-01,inverse_vol,MOD,0.09899190170906097,0.0,1.0,1.0,0.023631657558340388,3.544748633751058e-05
2022-01,inverse_vol,AAON,0.14143600413209134,0.0,1.0,1.0,0.023631657558340388,3.544748633751058e-05
2022-01,inverse_vol,VRT,0.13059428133398784,0.0,1.0,1.0,0.023631657558340388,3.544748633751058e-05
2022-01,inverse_vol,NVT,0.1399288124832383,0.0,1.0,1.0,0.023631657558340388,3.544748633751058e-05
2022-01,inverse_vol,JCI,0.1943627380444145,0.0,1.0,1.0,0.023631657558340388,3.544748633751058e-05
2022-01,inverse_vol,TT,0.15234081929416782,0.0,1.0,1.0,0.023631657558340388,3.544748633751058e-05
2022-01,inverse_vol,SPXC,0.14234544300303928,0.0,1.0,1.0,0.023631657558340388,3.544748633751058e-05
2022-01,inverse_vol,XLI_HEDGE,0.0,-0.0,1.0,1.0,0.023631657558340388,3.544748633751058e-05
2022-01,vol_target,MOD,0.09899190170906097,0.0,1.0,1.0,0.036899209005805525,5.5348813508708286e-05
2022-01,vol_target,AAON,0.14143600413209134,0.0,1.0,1.0,0.036899209005805525,5.5348813508708286e-05
2022-01,vol_target,VRT,0.13059428133398784,0.0,1.0,1.0,0.036899209005805525,5.5348813508708286e-05
2022-01,vol_target,NVT,0.1399288124832383,0.0,1.0,1.0,0.036899209005805525,5.5348813508708286e-05
2022-01,vol_target,JCI,0.1943627380444145,0.0,1.0,1.0,0.036899209005805525,5.5348813508708286e-05
2022-01,vol_target,TT,0.15234081929416782,0.0,1.0,1.0,0.036899209005805525,5.5348813508708286e-05
2022-01,vol_target,SPXC,0.14234544300303928,0.0,1.0,1.0,0.036899209005805525,5.5348813508708286e-05
2022-01,vol_target,XLI_HEDGE,0.0,-0.0,1.0,1.0,0.036899209005805525,5.5348813508708286e-05
2022-01,trend,MOD,0.09899190170906097,0.0,1.0,1.0,0.5000000000000001,0.0007500000000000002
2022-01,trend,AAON,0.14143600413209134,0.0,1.0,1.0,0.5000000000000001,0.0007500000000000002
2022-01,trend,VRT,0.13059428133398784,0.0,1.0,1.0,0.5000000000000001,0.0007500000000000002
2022-01,trend,NVT,0.1399288124832383,0.0,1.0,1.0,0.5000000000000001,0.0007500000000000002
2022-01,trend,JCI,0.1943627380444145,0.0,1.0,1.0,0.5000000000000001,0.0007500000000000002
2022-01,trend,TT,0.15234081929416782,0.0,1.0,1.0,0.5000000000000001,0.0007500000000000002
2022-01,trend,SPXC,0.14234544300303928,0.0,1.0,1.0,0.5000000000000001,0.0007500000000000002
2022-01,trend,XLI_HEDGE,0.0,-0.0,1.0,1.0,0.5000000000000001,0.0007500000000000002
2022-01,drawdown,MOD,0.09899190170906097,0.0,1.0,1.0,0.023631657558340388,3.544748633751058e-05
2022-01,drawdown,AAON,0.14143600413209134,0.0,1.0,1.0,0.023631657558340388,3.544748633751058e-05
2022-01,drawdown,VRT,0.13059428133398784,0.0,1.0,1.0,0.023631657558340388,3.544748633751058e-05
2022-01,drawdown,NVT,0.1399288124832383,0.0,1.0,1.0,0.023631657558340388,3.544748633751058e-05
2022-01,drawdown,JCI,0.1943627380444145,0.0,1.0,1.0,0.023631657558340388,3.544748633751058e-05
2022-01,drawdown,TT,0.15234081929416782,0.0,1.0,1.0,0.023631657558340388,3.544748633751058e-05
2022-01,drawdown,SPXC,0.14234544300303928,0.0,1.0,1.0,0.023631657558340388,3.544748633751058e-05
2022-01,drawdown,XLI_HEDGE,0.0,-0.0,1.0,1.0,0.023631657558340388,3.544748633751058e-05
2022-01,tail_budget,MOD,0.09899190170906097,0.0,1.0,1.0,0.023631657558340388,3.544748633751058e-05
2022-01,tail_budget,AAON,0.14143600413209134,0.0,1.0,1.0,0.023631657558340388,3.544748633751058e-05
2022-01,tail_budget,VRT,0.13059428133398784,0.0,1.0,1.0,0.023631657558340388,3.544748633751058e-05
2022-01,tail_budget,NVT,0.1399288124832383,0.0,1.0,1.0,0.023631657558340388,3.544748633751058e-05
2022-01,tail_budget,JCI,0.1943627380444145,0.0,1.0,1.0,0.023631657558340388,3.544748633751058e-05
2022-01,tail_budget,TT,0.15234081929416782,0.0,1.0,1.0,0.023631657558340388,3.544748633751058e-05
2022-01,tail_budget,SPXC,0.14234544300303928,0.0,1.0,1.0,0.023631657558340388,3.544748633751058e-05
2022-01,tail_budget,XLI_HEDGE,0.0,-0.0,1.0,1.0,0.023631657558340388,3.544748633751058e-05
2022-01,combined,MOD,0.09899190170906097,0.0,1.0,0.752734376638167,0.5022865281235456,0.0007534297921853183
2022-01,combined,AAON,0.14143600413209134,0.0,1.0,0.752734376638167,0.5022865281235456,0.0007534297921853183
2022-01,combined,VRT,0.13059428133398784,0.0,1.0,0.752734376638167,0.5022865281235456,0.0007534297921853183
2022-01,combined,NVT,0.1399288124832383,0.0,1.0,0.752734376638167,0.5022865281235456,0.0007534297921853183
2022-01,combined,JCI,0.1943627380444145,0.0,1.0,0.752734376638167,0.5022865281235456,0.0007534297921853183
2022-01,combined,TT,0.15234081929416782,0.0,1.0,0.752734376638167,0.5022865281235456,0.0007534297921853183
2022-01,combined,SPXC,0.14234544300303928,0.0,1.0,0.752734376638167,0.5022865281235456,0.0007534297921853183
2022-01,combined,XLI_HEDGE,0.0,-0.24726562336183297,1.0,0.752734376638167,0.5022865281235456,0.0007534297921853183
2022-01,confirmed,MOD,0.0,0.0,0.0,0.0,0.0,0.0
2022-01,confirmed,AAON,0.0,0.0,0.0,0.0,0.0,0.0
2022-01,confirmed,VRT,0.0,0.0,0.0,0.0,0.0,0.0
2022-01,confirmed,NVT,0.0,0.0,0.0,0.0,0.0,0.0
2022-01,confirmed,JCI,0.0,0.0,0.0,0.0,0.0,0.0
2022-01,confirmed,TT,0.0,0.0,0.0,0.0,0.0,0.0
2022-01,confirmed,SPXC,0.0,0.0,0.0,0.0,0.0,0.0
2022-01,confirmed,XLI_HEDGE,0.0,-0.0,0.0,0.0,0.0,0.0
2022-01,core_signal,MOD,0.08414311645270182,0.0,0.85,0.639824220142442,0.42694354890501374,0.0006404153233575206
2022-01,core_signal,AAON,0.12022060351227763,0.0,0.85,0.639824220142442,0.42694354890501374,0.0006404153233575206
2022-01,core_signal,VRT,0.11100513913388967,0.0,0.85,0.639824220142442,0.42694354890501374,0.0006404153233575206
2022-01,core_signal,NVT,0.11893949061075255,0.0,0.85,0.639824220142442,0.42694354890501374,0.0006404153233575206
2022-01,core_signal,JCI,0.16520832733775231,0.0,0.85,0.639824220142442,0.42694354890501374,0.0006404153233575206
2022-01,core_signal,TT,0.12948969640004265,0.0,0.85,0.639824220142442,0.42694354890501374,0.0006404153233575206
2022-01,core_signal,SPXC,0.12099362655258339,0.0,0.85,0.639824220142442,0.42694354890501374,0.0006404153233575206
2022-01,core_signal,XLI_HEDGE,0.0,-0.21017577985755803,0.85,0.639824220142442,0.42694354890501374,0.0006404153233575206
2022-02,basic,MOD,0.14285714285714285,0.0,0.9999999999999998,0.9999999999999998,0.0,0.0
2022-02,basic,AAON,0.14285714285714285,0.0,0.9999999999999998,0.9999999999999998,0.0,0.0
2022-02,basic,VRT,0.14285714285714285,0.0,0.9999999999999998,0.9999999999999998,0.0,0.0
2022-02,basic,NVT,0.14285714285714285,0.0,0.9999999999999998,0.9999999999999998,0.0,0.0
2022-02,basic,JCI,0.14285714285714285,0.0,0.9999999999999998,0.9999999999999998,0.0,0.0
2022-02,basic,TT,0.14285714285714285,0.0,0.9999999999999998,0.9999999999999998,0.0,0.0
2022-02,basic,SPXC,0.14285714285714285,0.0,0.9999999999999998,0.9999999999999998,0.0,0.0
2022-02,basic,XLI_HEDGE,0.0,-0.0,0.9999999999999998,0.9999999999999998,0.0,0.0
2022-02,inverse_vol,MOD,0.11427366752023684,0.0,1.0,1.0,0.06917085280021466,0.000103756279200322
2022-02,inverse_vol,AAON,0.1369928247600508,0.0,1.0,1.0,0.06917085280021466,0.000103756279200322
2022-02,inverse_vol,VRT,0.12800624846869932,0.0,1.0,1.0,0.06917085280021466,0.000103756279200322
2022-02,inverse_vol,NVT,0.15160017627215713,0.0,1.0,1.0,0.06917085280021466,0.000103756279200322
2022-02,inverse_vol,JCI,0.17513192786236478,0.0,1.0,1.0,0.06917085280021466,0.000103756279200322
2022-02,inverse_vol,TT,0.14401741531343923,0.0,1.0,1.0,0.06917085280021466,0.000103756279200322
2022-02,inverse_vol,SPXC,0.14997773980305187,0.0,1.0,1.0,0.06917085280021466,0.000103756279200322
2022-02,inverse_vol,XLI_HEDGE,0.0,-0.0,1.0,1.0,0.06917085280021466,0.000103756279200322
2022-02,vol_target,MOD,0.0906341022426113,0.0,0.7931319980306121,0.7931319980306121,0.206868001969388,0.000310302002954082
2022-02,vol_target,AAON,0.10865339281779661,0.0,0.7931319980306121,0.7931319980306121,0.206868001969388,0.000310302002954082
2022-02,vol_target,VRT,0.10152585160838247,0.0,0.7931319980306121,0.7931319980306121,0.206868001969388,0.000310302002954082
2022-02,vol_target,NVT,0.12023895070852897,0.0,0.7931319980306121,0.7931319980306121,0.206868001969388,0.000310302002954082
2022-02,vol_target,JCI,0.1389027358644304,0.0,0.7931319980306121,0.7931319980306121,0.206868001969388,0.000310302002954082
2022-02,vol_target,TT,0.11422482035875252,0.0,0.7931319980306121,0.7931319980306121,0.206868001969388,0.000310302002954082
2022-02,vol_target,SPXC,0.11895214443010979,0.0,0.7931319980306121,0.7931319980306121,0.206868001969388,0.000310302002954082
2022-02,vol_target,XLI_HEDGE,0.0,-0.0,0.7931319980306121,0.7931319980306121,0.206868001969388,0.000310302002954082
2022-02,trend,MOD,0.05713683376011842,0.0,0.5,0.5,0.5,0.00075
2022-02,trend,AAON,0.0684964123800254,0.0,0.5,0.5,0.5,0.00075
2022-02,trend,VRT,0.06400312423434966,0.0,0.5,0.5,0.5,0.00075
2022-02,trend,NVT,0.07580008813607857,0.0,0.5,0.5,0.5,0.00075
2022-02,trend,JCI,0.08756596393118239,0.0,0.5,0.5,0.5,0.00075
2022-02,trend,TT,0.07200870765671961,0.0,0.5,0.5,0.5,0.00075
2022-02,trend,SPXC,0.07498886990152594,0.0,0.5,0.5,0.5,0.00075
2022-02,trend,XLI_HEDGE,0.0,-0.0,0.5,0.5,0.5,0.00075
2022-02,drawdown,MOD,0.05713683376011842,0.0,0.5,0.5,0.5,0.00075
2022-02,drawdown,AAON,0.0684964123800254,0.0,0.5,0.5,0.5,0.00075
2022-02,drawdown,VRT,0.06400312423434966,0.0,0.5,0.5,0.5,0.00075
2022-02,drawdown,NVT,0.07580008813607857,0.0,0.5,0.5,0.5,0.00075
2022-02,drawdown,JCI,0.08756596393118239,0.0,0.5,0.5,0.5,0.00075
2022-02,drawdown,TT,0.07200870765671961,0.0,0.5,0.5,0.5,0.00075
2022-02,drawdown,SPXC,0.07498886990152594,0.0,0.5,0.5,0.5,0.00075
2022-02,drawdown,XLI_HEDGE,0.0,-0.0,0.5,0.5,0.5,0.00075
2022-02,tail_budget,MOD,0.11427366752023684,0.0,1.0,1.0,0.06917085280021466,0.000103756279200322
2022-02,tail_budget,AAON,0.1369928247600508,0.0,1.0,1.0,0.06917085280021466,0.000103756279200322
2022-02,tail_budget,VRT,0.12800624846869932,0.0,1.0,1.0,0.06917085280021466,0.000103756279200322
2022-02,tail_budget,NVT,0.15160017627215713,0.0,1.0,1.0,0.06917085280021466,0.000103756279200322
2022-02,tail_budget,JCI,0.17513192786236478,0.0,1.0,1.0,0.06917085280021466,0.000103756279200322
2022-02,tail_budget,TT,0.14401741531343923,0.0,1.0,1.0,0.06917085280021466,0.000103756279200322
2022-02,tail_budget,SPXC,0.14997773980305187,0.0,1.0,1.0,0.06917085280021466,0.000103756279200322
2022-02,tail_budget,XLI_HEDGE,0.0,-0.0,1.0,1.0,0.06917085280021466,0.000103756279200322
2022-02,combined,MOD,0.05713683376011842,0.0,0.5,0.23265526155020239,0.5200791150879647,0.000780118672631947
2022-02,combined,AAON,0.0684964123800254,0.0,0.5,0.23265526155020239,0.5200791150879647,0.000780118672631947
2022-02,combined,VRT,0.06400312423434966,0.0,0.5,0.23265526155020239,0.5200791150879647,0.000780118672631947
2022-02,combined,NVT,0.07580008813607857,0.0,0.5,0.23265526155020239,0.5200791150879647,0.000780118672631947
2022-02,combined,JCI,0.08756596393118239,0.0,0.5,0.23265526155020239,0.5200791150879647,0.000780118672631947
2022-02,combined,TT,0.07200870765671961,0.0,0.5,0.23265526155020239,0.5200791150879647,0.000780118672631947
2022-02,combined,SPXC,0.07498886990152594,0.0,0.5,0.23265526155020239,0.5200791150879647,0.000780118672631947
2022-02,combined,XLI_HEDGE,0.0,-0.2673447384497976,0.5,0.23265526155020239,0.5200791150879647,0.000780118672631947
2022-02,confirmed,MOD,0.0,0.0,0.0,0.0,0.0,0.0
2022-02,confirmed,AAON,0.0,0.0,0.0,0.0,0.0,0.0
2022-02,confirmed,VRT,0.0,0.0,0.0,0.0,0.0,0.0
2022-02,confirmed,NVT,0.0,0.0,0.0,0.0,0.0,0.0
2022-02,confirmed,JCI,0.0,0.0,0.0,0.0,0.0,0.0
2022-02,confirmed,TT,0.0,0.0,0.0,0.0,0.0,0.0
2022-02,confirmed,SPXC,0.0,0.0,0.0,0.0,0.0,0.0
2022-02,confirmed,XLI_HEDGE,0.0,-0.0,0.0,0.0,0.0,0.0
2022-02,core_signal,MOD,0.04856630869610065,0.0,0.425,0.197756972317672,0.44206724782477,0.000663100871737155
2022-02,core_signal,AAON,0.05822195052302159,0.0,0.425,0.197756972317672,0.44206724782477,0.000663100871737155
2022-02,core_signal,VRT,0.05440265559919721,0.0,0.425,0.197756972317672,0.44206724782477,0.000663100871737155
2022-02,core_signal,NVT,0.06443007491566678,0.0,0.425,0.197756972317672,0.44206724782477,0.000663100871737155
2022-02,core_signal,JCI,0.07443106934150504,0.0,0.425,0.197756972317672,0.44206724782477,0.000663100871737155
2022-02,core_signal,TT,0.06120740150821167,0.0,0.425,0.197756972317672,0.44206724782477,0.000663100871737155
2022-02,core_signal,SPXC,0.06374053941629705,0.0,0.425,0.197756972317672,0.44206724782477,0.000663100871737155
2022-02,core_signal,XLI_HEDGE,0.0,-0.22724302768232796,0.425,0.197756972317672,0.44206724782477,0.000663100871737155
2022-03,basic,MOD,0.14285714285714285,0.0,0.9999999999999998,0.9999999999999998,0.0,0.0
2022-03,basic,AAON,0.14285714285714285,0.0,0.9999999999999998,0.9999999999999998,0.0,0.0
2022-03,basic,VRT,0.14285714285714285,0.0,0.9999999999999998,0.9999999999999998,0.0,0.0
2022-03,basic,NVT,0.14285714285714285,0.0,0.9999999999999998,0.9999999999999998,0.0,0.0
2022-03,basic,JCI,0.14285714285714285,0.0,0.9999999999999998,0.9999999999999998,0.0,0.0
2022-03,basic,TT,0.14285714285714285,0.0,0.9999999999999998,0.9999999999999998,0.0,0.0
2022-03,basic,SPXC,0.14285714285714285,0.0,0.9999999999999998,0.9999999999999998,0.0,0.0
2022-03,basic,XLI_HEDGE,0.0,-0.0,0.9999999999999998,0.9999999999999998,0.0,0.0
2022-03,inverse_vol,MOD,0.11912873439113034,0.0,1.0000000000000002,1.0000000000000002,0.10503297822185495,0.00015754946733278244
2022-03,inverse_vol,AAON,0.14043872468469526,0.0,1.0000000000000002,1.0000000000000002,0.10503297822185495,0.00015754946733278244
2022-03,inverse_vol,VRT,0.08605772149858366,0.0,1.0000000000000002,1.0000000000000002,0.10503297822185495,0.00015754946733278244
2022-03,inverse_vol,NVT,0.18368920589529186,0.0,1.0000000000000002,1.0000000000000002,0.10503297822185495,0.00015754946733278244
2022-03,inverse_vol,JCI,0.169228792664279,0.0,1.0000000000000002,1.0000000000000002,0.10503297822185495,0.00015754946733278244
2022-03,inverse_vol,TT,0.13935258837071327,0.0,1.0000000000000002,1.0000000000000002,0.10503297822185495,0.00015754946733278244
2022-03,inverse_vol,SPXC,0.16210423249530675,0.0,1.0000000000000002,1.0000000000000002,0.10503297822185495,0.00015754946733278244
2022-03,inverse_vol,XLI_HEDGE,0.0,-0.0,1.0000000000000002,1.0000000000000002,0.10503297822185495,0.00015754946733278244
2022-03,vol_target,MOD,0.09325947543982736,0.0,0.7828461866608311,0.7828461866608311,0.08113757124202456,0.00012170635686303685
2022-03,vol_target,AAON,0.10994192007892398,0.0,0.7828461866608311,0.7828461866608311,0.08113757124202456,0.00012170635686303685
2022-03,vol_target,VRT,0.06736995910788603,0.0,0.7828461866608311,0.7828461866608311,0.08113757124202456,0.00012170635686303685
2022-03,vol_target,NVT,0.14380039436588543,0.0,0.7828461866608311,0.7828461866608311,0.08113757124202456,0.00012170635686303685
2022-03,vol_target,JCI,0.1324801150104472,0.0,0.7828461866608311,0.7828461866608311,0.08113757124202456,0.00012170635686303685
2022-03,vol_target,TT,0.10909164240732933,0.0,0.7828461866608311,0.7828461866608311,0.08113757124202456,0.00012170635686303685
2022-03,vol_target,SPXC,0.12690268025053164,0.0,0.7828461866608311,0.7828461866608311,0.08113757124202456,0.00012170635686303685
2022-03,vol_target,XLI_HEDGE,0.0,-0.0,0.7828461866608311,0.7828461866608311,0.08113757124202456,0.00012170635686303685
2022-03,trend,MOD,0.05956436719556517,0.0,0.5000000000000001,0.5000000000000001,0.052516489110927475,7.877473366639122e-05
2022-03,trend,AAON,0.07021936234234763,0.0,0.5000000000000001,0.5000000000000001,0.052516489110927475,7.877473366639122e-05
2022-03,trend,VRT,0.04302886074929183,0.0,0.5000000000000001,0.5000000000000001,0.052516489110927475,7.877473366639122e-05
2022-03,trend,NVT,0.09184460294764593,0.0,0.5000000000000001,0.5000000000000001,0.052516489110927475,7.877473366639122e-05
2022-03,trend,JCI,0.0846143963321395,0.0,0.5000000000000001,0.5000000000000001,0.052516489110927475,7.877473366639122e-05
2022-03,trend,TT,0.06967629418535663,0.0,0.5000000000000001,0.5000000000000001,0.052516489110927475,7.877473366639122e-05
2022-03,trend,SPXC,0.08105211624765338,0.0,0.5000000000000001,0.5000000000000001,0.052516489110927475,7.877473366639122e-05
2022-03,trend,XLI_HEDGE,0.0,-0.0,0.5000000000000001,0.5000000000000001,0.052516489110927475,7.877473366639122e-05
2022-03,drawdown,MOD,0.029782183597782584,0.0,0.25000000000000006,0.25000000000000006,0.24999999999999994,0.0003749999999999999
2022-03,drawdown,AAON,0.035109681171173815,0.0,0.25000000000000006,0.25000000000000006,0.24999999999999994,0.0003749999999999999
2022-03,drawdown,VRT,0.021514430374645916,0.0,0.25000000000000006,0.25000000000000006,0.24999999999999994,0.0003749999999999999
2022-03,drawdown,NVT,0.045922301473822966,0.0,0.25000000000000006,0.25000000000000006,0.24999999999999994,0.0003749999999999999
2022-03,drawdown,JCI,0.04230719816606975,0.0,0.25000000000000006,0.25000000000000006,0.24999999999999994,0.0003749999999999999
2022-03,drawdown,TT,0.034838147092678316,0.0,0.25000000000000006,0.25000000000000006,0.24999999999999994,0.0003749999999999999
2022-03,drawdown,SPXC,0.04052605812382669,0.0,0.25000000000000006,0.25000000000000006,0.24999999999999994,0.0003749999999999999
2022-03,drawdown,XLI_HEDGE,0.0,-0.0,0.25000000000000006,0.25000000000000006,0.24999999999999994,0.0003749999999999999
2022-03,tail_budget,MOD,0.11912873439113034,0.0,1.0000000000000002,1.0000000000000002,0.10503297822185495,0.00015754946733278244
2022-03,tail_budget,AAON,0.14043872468469526,0.0,1.0000000000000002,1.0000000000000002,0.10503297822185495,0.00015754946733278244
2022-03,tail_budget,VRT,0.08605772149858366,0.0,1.0000000000000002,1.0000000000000002,0.10503297822185495,0.00015754946733278244
2022-03,tail_budget,NVT,0.18368920589529186,0.0,1.0000000000000002,1.0000000000000002,0.10503297822185495,0.00015754946733278244
2022-03,tail_budget,JCI,0.169228792664279,0.0,1.0000000000000002,1.0000000000000002,0.10503297822185495,0.00015754946733278244
2022-03,tail_budget,TT,0.13935258837071327,0.0,1.0000000000000002,1.0000000000000002,0.10503297822185495,0.00015754946733278244
2022-03,tail_budget,SPXC,0.16210423249530675,0.0,1.0000000000000002,1.0000000000000002,0.10503297822185495,0.00015754946733278244
2022-03,tail_budget,XLI_HEDGE,0.0,-0.0,1.0000000000000002,1.0000000000000002,0.10503297822185495,0.00015754946733278244
2022-03,combined,MOD,0.029782183597782584,0.0,0.25000000000000006,0.10874217517142401,0.37608691362122154,0.0005641303704318323
2022-03,combined,AAON,0.035109681171173815,0.0,0.25000000000000006,0.10874217517142401,0.37608691362122154,0.0005641303704318323
2022-03,combined,VRT,0.021514430374645916,0.0,0.25000000000000006,0.10874217517142401,0.37608691362122154,0.0005641303704318323
2022-03,combined,NVT,0.045922301473822966,0.0,0.25000000000000006,0.10874217517142401,0.37608691362122154,0.0005641303704318323
2022-03,combined,JCI,0.04230719816606975,0.0,0.25000000000000006,0.10874217517142401,0.37608691362122154,0.0005641303704318323
2022-03,combined,TT,0.034838147092678316,0.0,0.25000000000000006,0.10874217517142401,0.37608691362122154,0.0005641303704318323
2022-03,combined,SPXC,0.04052605812382669,0.0,0.25000000000000006,0.10874217517142401,0.37608691362122154,0.0005641303704318323
2022-03,combined,XLI_HEDGE,0.0,-0.14125782482857605,0.25000000000000006,0.10874217517142401,0.37608691362122154,0.0005641303704318323
2022-03,confirmed,MOD,0.0,0.0,0.0,0.0,0.0,0.0
2022-03,confirmed,AAON,0.0,0.0,0.0,0.0,0.0,0.0
2022-03,confirmed,VRT,0.0,0.0,0.0,0.0,0.0,0.0
2022-03,confirmed,NVT,0.0,0.0,0.0,0.0,0.0,0.0
2022-03,confirmed,JCI,0.0,0.0,0.0,0.0,0.0,0.0
2022-03,confirmed,TT,0.0,0.0,0.0,0.0,0.0,0.0
2022-03,confirmed,SPXC,0.0,0.0,0.0,0.0,0.0,0.0
2022-03,confirmed,XLI_HEDGE,0.0,-0.0,0.0,0.0,0.0,0.0
2022-03,core_signal,MOD,0.025314856058115197,0.0,0.21250000000000002,0.0924308488957104,0.3196738765780383,0.00047951081486705745
2022-03,core_signal,AAON,0.029843228995497743,0.0,0.21250000000000002,0.0924308488957104,0.3196738765780383,0.00047951081486705745
2022-03,core_signal,VRT,0.018287265818449028,0.0,0.21250000000000002,0.0924308488957104,0.3196738765780383,0.00047951081486705745
2022-03,core_signal,NVT,0.03903395625274952,0.0,0.21250000000000002,0.0924308488957104,0.3196738765780383,0.00047951081486705745
2022-03,core_signal,JCI,0.03596111844115929,0.0,0.21250000000000002,0.0924308488957104,0.3196738765780383,0.00047951081486705745
2022-03,core_signal,TT,0.02961242502877657,0.0,0.21250000000000002,0.0924308488957104,0.3196738765780383,0.00047951081486705745
2022-03,core_signal,SPXC,0.03444714940525268,0.0,0.21250000000000002,0.0924308488957104,0.3196738765780383,0.00047951081486705745
2022-03,core_signal,XLI_HEDGE,0.0,-0.12006915110428963,0.21250000000000002,0.0924308488957104,0.3196738765780383,0.00047951081486705745
2022-04,basic,MOD,0.14285714285714285,0.0,0.9999999999999998,0.9999999999999998,0.0,0.0
2022-04,basic,AAON,0.14285714285714285,0.0,0.9999999999999998,0.9999999999999998,0.0,0.0
2022-04,basic,VRT,0.14285714285714285,0.0,0.9999999999999998,0.9999999999999998,0.0,0.0
2022-04,basic,NVT,0.14285714285714285,0.0,0.9999999999999998,0.9999999999999998,0.0,0.0
2022-04,basic,JCI,0.14285714285714285,0.0,0.9999999999999998,0.9999999999999998,0.0,0.0
2022-04,basic,TT,0.14285714285714285,0.0,0.9999999999999998,0.9999999999999998,0.0,0.0
2022-04,basic,SPXC,0.14285714285714285,0.0,0.9999999999999998,0.9999999999999998,0.0,0.0
2022-04,basic,XLI_HEDGE,0.0,-0.0,0.9999999999999998,0.9999999999999998,0.0,0.0
2022-04,inverse_vol,MOD,0.11783478273009734,0.0,1.0,1.0,0.010666915815788922,1.6000373723683384e-05
2022-04,inverse_vol,AAON,0.1415148079009143,0.0,1.0,1.0,0.010666915815788922,1.6000373723683384e-05
2022-04,inverse_vol,VRT,0.08265362517716629,0.0,1.0,1.0,0.010666915815788922,1.6000373723683384e-05
2022-04,inverse_vol,NVT,0.18305379596984775,0.0,1.0,1.0,0.010666915815788922,1.6000373723683384e-05
2022-04,inverse_vol,JCI,0.17057411447088724,0.0,1.0,1.0,0.010666915815788922,1.6000373723683384e-05
2022-04,inverse_vol,TT,0.14185855936838576,0.0,1.0,1.0,0.010666915815788922,1.6000373723683384e-05
2022-04,inverse_vol,SPXC,0.16251031438270142,0.0,1.0,1.0,0.010666915815788922,1.6000373723683384e-05
2022-04,inverse_vol,XLI_HEDGE,0.0,-0.0,1.0,1.0,0.010666915815788922,1.6000373723683384e-05
2022-04,vol_target,MOD,0.09783686166256783,0.0,0.8302884716702444,0.8302884716702444,0.04744228500941354,7.11634275141203e-05
2022-04,vol_target,AAON,0.11749811357075837,0.0,0.8302884716702444,0.8302884716702444,0.04744228500941354,7.11634275141203e-05
2022-04,vol_target,VRT,0.06862635212635464,0.0,0.8302884716702444,0.8302884716702444,0.04744228500941354,7.11634275141203e-05
2022-04,vol_target,NVT,0.15198745648924164,0.0,0.8302884716702444,0.8302884716702444,0.04744228500941354,7.11634275141203e-05
2022-04,vol_target,JCI,0.14162572081053829,0.0,0.8302884716702444,0.8302884716702444,0.04744228500941354,7.11634275141203e-05
2022-04,vol_target,TT,0.11778352645131965,0.0,0.8302884716702444,0.8302884716702444,0.04744228500941354,7.11634275141203e-05
2022-04,vol_target,SPXC,0.1349304405594641,0.0,0.8302884716702444,0.8302884716702444,0.04744228500941354,7.11634275141203e-05
2022-04,vol_target,XLI_HEDGE,0.0,-0.0,0.8302884716702444,0.8302884716702444,0.04744228500941354,7.11634275141203e-05
2022-04,trend,MOD,0.05891739136504867,0.0,0.5,0.5,0.005333457907894461,8.000186861841692e-06
2022-04,trend,AAON,0.07075740395045715,0.0,0.5,0.5,0.005333457907894461,8.000186861841692e-06
2022-04,trend,VRT,0.041326812588583145,0.0,0.5,0.5,0.005333457907894461,8.000186861841692e-06
2022-04,trend,NVT,0.09152689798492387,0.0,0.5,0.5,0.005333457907894461,8.000186861841692e-06
2022-04,trend,JCI,0.08528705723544362,0.0,0.5,0.5,0.005333457907894461,8.000186861841692e-06
2022-04,trend,TT,0.07092927968419288,0.0,0.5,0.5,0.005333457907894461,8.000186861841692e-06
2022-04,trend,SPXC,0.08125515719135071,0.0,0.5,0.5,0.005333457907894461,8.000186861841692e-06
2022-04,trend,XLI_HEDGE,0.0,-0.0,0.5,0.5,0.005333457907894461,8.000186861841692e-06
2022-04,drawdown,MOD,0.029458695682524336,0.0,0.25,0.25,0.0026667289539472304,4.000093430920846e-06
2022-04,drawdown,AAON,0.03537870197522858,0.0,0.25,0.25,0.0026667289539472304,4.000093430920846e-06
2022-04,drawdown,VRT,0.020663406294291572,0.0,0.25,0.25,0.0026667289539472304,4.000093430920846e-06
2022-04,drawdown,NVT,0.04576344899246194,0.0,0.25,0.25,0.0026667289539472304,4.000093430920846e-06
2022-04,drawdown,JCI,0.04264352861772181,0.0,0.25,0.25,0.0026667289539472304,4.000093430920846e-06
2022-04,drawdown,TT,0.03546463984209644,0.0,0.25,0.25,0.0026667289539472304,4.000093430920846e-06
2022-04,drawdown,SPXC,0.040627578595675354,0.0,0.25,0.25,0.0026667289539472304,4.000093430920846e-06
2022-04,drawdown,XLI_HEDGE,0.0,-0.0,0.25,0.25,0.0026667289539472304,4.000093430920846e-06
2022-04,tail_budget,MOD,0.11783478273009734,0.0,1.0,1.0,0.010666915815788922,1.6000373723683384e-05
2022-04,tail_budget,AAON,0.1415148079009143,0.0,1.0,1.0,0.010666915815788922,1.6000373723683384e-05
2022-04,tail_budget,VRT,0.08265362517716629,0.0,1.0,1.0,0.010666915815788922,1.6000373723683384e-05
2022-04,tail_budget,NVT,0.18305379596984775,0.0,1.0,1.0,0.010666915815788922,1.6000373723683384e-05
2022-04,tail_budget,JCI,0.17057411447088724,0.0,1.0,1.0,0.010666915815788922,1.6000373723683384e-05
2022-04,tail_budget,TT,0.14185855936838576,0.0,1.0,1.0,0.010666915815788922,1.6000373723683384e-05
2022-04,tail_budget,SPXC,0.16251031438270142,0.0,1.0,1.0,0.010666915815788922,1.6000373723683384e-05
2022-04,tail_budget,XLI_HEDGE,0.0,-0.0,1.0,1.0,0.010666915815788922,1.6000373723683384e-05
2022-04,combined,MOD,0.029458695682524336,0.0,0.25,0.11631145289738185,0.01023600667990512,1.535401001985768e-05
2022-04,combined,AAON,0.03537870197522858,0.0,0.25,0.11631145289738185,0.01023600667990512,1.535401001985768e-05
2022-04,combined,VRT,0.020663406294291572,0.0,0.25,0.11631145289738185,0.01023600667990512,1.535401001985768e-05
2022-04,combined,NVT,0.04576344899246194,0.0,0.25,0.11631145289738185,0.01023600667990512,1.535401001985768e-05
2022-04,combined,JCI,0.04264352861772181,0.0,0.25,0.11631145289738185,0.01023600667990512,1.535401001985768e-05
2022-04,combined,TT,0.03546463984209644,0.0,0.25,0.11631145289738185,0.01023600667990512,1.535401001985768e-05
2022-04,combined,SPXC,0.040627578595675354,0.0,0.25,0.11631145289738185,0.01023600667990512,1.535401001985768e-05
2022-04,combined,XLI_HEDGE,0.0,-0.13368854710261815,0.25,0.11631145289738185,0.01023600667990512,1.535401001985768e-05
2022-04,confirmed,MOD,0.0,0.0,0.0,0.0,0.0,0.0
2022-04,confirmed,AAON,0.0,0.0,0.0,0.0,0.0,0.0
2022-04,confirmed,VRT,0.0,0.0,0.0,0.0,0.0,0.0
2022-04,confirmed,NVT,0.0,0.0,0.0,0.0,0.0,0.0
2022-04,confirmed,JCI,0.0,0.0,0.0,0.0,0.0,0.0
2022-04,confirmed,TT,0.0,0.0,0.0,0.0,0.0,0.0
2022-04,confirmed,SPXC,0.0,0.0,0.0,0.0,0.0,0.0
2022-04,confirmed,XLI_HEDGE,0.0,-0.0,0.0,0.0,0.0,0.0
2022-04,core_signal,MOD,0.025039891330145683,0.0,0.21250000000000002,0.09886473496277459,0.008700605677919342,1.3050908516879014e-05
2022-04,core_signal,AAON,0.03007189667894429,0.0,0.21250000000000002,0.09886473496277459,0.008700605677919342,1.3050908516879014e-05
2022-04,core_signal,VRT,0.017563895350147837,0.0,0.21250000000000002,0.09886473496277459,0.008700605677919342,1.3050908516879014e-05
2022-04,core_signal,NVT,0.03889893164359265,0.0,0.21250000000000002,0.09886473496277459,0.008700605677919342,1.3050908516879014e-05
2022-04,core_signal,JCI,0.03624699932506354,0.0,0.21250000000000002,0.09886473496277459,0.008700605677919342,1.3050908516879014e-05
2022-04,core_signal,TT,0.030144943865781974,0.0,0.21250000000000002,0.09886473496277459,0.008700605677919342,1.3050908516879014e-05
2022-04,core_signal,SPXC,0.03453344180632405,0.0,0.21250000000000002,0.09886473496277459,0.008700605677919342,1.3050908516879014e-05
2022-04,core_signal,XLI_HEDGE,0.0,-0.11363526503722543,0.21250000000000002,0.09886473496277459,0.008700605677919342,1.3050908516879014e-05
2022-05,basic,MOD,0.14285714285714285,0.0,0.9999999999999998,0.9999999999999998,0.0,0.0
2022-05,basic,AAON,0.14285714285714285,0.0,0.9999999999999998,0.9999999999999998,0.0,0.0
2022-05,basic,VRT,0.14285714285714285,0.0,0.9999999999999998,0.9999999999999998,0.0,0.0
2022-05,basic,NVT,0.14285714285714285,0.0,0.9999999999999998,0.9999999999999998,0.0,0.0
2022-05,basic,JCI,0.14285714285714285,0.0,0.9999999999999998,0.9999999999999998,0.0,0.0
2022-05,basic,TT,0.14285714285714285,0.0,0.9999999999999998,0.9999999999999998,0.0,0.0
2022-05,basic,SPXC,0.14285714285714285,0.0,0.9999999999999998,0.9999999999999998,0.0,0.0
2022-05,basic,XLI_HEDGE,0.0,-0.0,0.9999999999999998,0.9999999999999998,0.0,0.0
2022-05,inverse_vol,MOD,0.12851189638151472,0.0,1.0,1.0,0.05328535245368929,7.992802868053394e-05
2022-05,inverse_vol,AAON,0.13598080643237404,0.0,1.0,1.0,0.05328535245368929,7.992802868053394e-05
2022-05,inverse_vol,VRT,0.08784181986286507,0.0,1.0,1.0,0.05328535245368929,7.992802868053394e-05
2022-05,inverse_vol,NVT,0.1935988584779284,0.0,1.0,1.0,0.05328535245368929,7.992802868053394e-05
2022-05,inverse_vol,JCI,0.16334632945697988,0.0,1.0,1.0,0.05328535245368929,7.992802868053394e-05
2022-05,inverse_vol,TT,0.14209086475003355,0.0,1.0,1.0,0.05328535245368929,7.992802868053394e-05
2022-05,inverse_vol,SPXC,0.14862942463830436,0.0,1.0,1.0,0.05328535245368929,7.992802868053394e-05
2022-05,inverse_vol,XLI_HEDGE,0.0,-0.0,1.0,1.0,0.05328535245368929,7.992802868053394e-05
2022-05,vol_target,MOD,0.10510400267820613,0.0,0.8178542659286787,0.8178542659286787,0.04609578931540796,6.914368397311194e-05
2022-05,vol_target,AAON,0.111212482625139,0.0,0.8178542659286787,0.8178542659286787,0.04609578931540796,6.914368397311194e-05
2022-05,vol_target,VRT,0.07184180710178273,0.0,0.8178542659286787,0.8178542659286787,0.04609578931540796,6.914368397311194e-05
2022-05,vol_target,NVT,0.15833565228509627,0.0,0.8178542659286787,0.8178542659286787,0.04609578931540796,6.914368397311194e-05
2022-05,vol_target,JCI,0.13359349237018237,0.0,0.8178542659286787,0.8178542659286787,0.04609578931540796,6.914368397311194e-05
2022-05,vol_target,TT,0.11620961988530984,0.0,0.8178542659286787,0.8178542659286787,0.04609578931540796,6.914368397311194e-05
2022-05,vol_target,SPXC,0.12155720898296227,0.0,0.8178542659286787,0.8178542659286787,0.04609578931540796,6.914368397311194e-05
2022-05,vol_target,XLI_HEDGE,0.0,-0.0,0.8178542659286787,0.8178542659286787,0.04609578931540796,6.914368397311194e-05
2022-05,trend,MOD,0.06425594819075736,0.0,0.5,0.5,0.026642676226844644,3.996401434026697e-05
2022-05,trend,AAON,0.06799040321618702,0.0,0.5,0.5,0.026642676226844644,3.996401434026697e-05
2022-05,trend,VRT,0.043920909931432536,0.0,0.5,0.5,0.026642676226844644,3.996401434026697e-05
2022-05,trend,NVT,0.0967994292389642,0.0,0.5,0.5,0.026642676226844644,3.996401434026697e-05
2022-05,trend,JCI,0.08167316472848994,0.0,0.5,0.5,0.026642676226844644,3.996401434026697e-05
2022-05,trend,TT,0.07104543237501677,0.0,0.5,0.5,0.026642676226844644,3.996401434026697e-05
2022-05,trend,SPXC,0.07431471231915218,0.0,0.5,0.5,0.026642676226844644,3.996401434026697e-05
2022-05,trend,XLI_HEDGE,0.0,-0.0,0.5,0.5,0.026642676226844644,3.996401434026697e-05
2022-05,drawdown,MOD,0.03212797409537868,0.0,0.25,0.25,0.013321338113422322,1.9982007170133485e-05
2022-05,drawdown,AAON,0.03399520160809351,0.0,0.25,0.25,0.013321338113422322,1.9982007170133485e-05
2022-05,drawdown,VRT,0.021960454965716268,0.0,0.25,0.25,0.013321338113422322,1.9982007170133485e-05
2022-05,drawdown,NVT,0.0483997146194821,0.0,0.25,0.25,0.013321338113422322,1.9982007170133485e-05
2022-05,drawdown,JCI,0.04083658236424497,0.0,0.25,0.25,0.013321338113422322,1.9982007170133485e-05
2022-05,drawdown,TT,0.03552271618750839,0.0,0.25,0.25,0.013321338113422322,1.9982007170133485e-05
2022-05,drawdown,SPXC,0.03715735615957609,0.0,0.25,0.25,0.013321338113422322,1.9982007170133485e-05
2022-05,drawdown,XLI_HEDGE,0.0,-0.0,0.25,0.25,0.013321338113422322,1.9982007170133485e-05
2022-05,tail_budget,MOD,0.12851189638151472,0.0,1.0,1.0,0.05328535245368929,7.992802868053394e-05
2022-05,tail_budget,AAON,0.13598080643237404,0.0,1.0,1.0,0.05328535245368929,7.992802868053394e-05
2022-05,tail_budget,VRT,0.08784181986286507,0.0,1.0,1.0,0.05328535245368929,7.992802868053394e-05
2022-05,tail_budget,NVT,0.1935988584779284,0.0,1.0,1.0,0.05328535245368929,7.992802868053394e-05
2022-05,tail_budget,JCI,0.16334632945697988,0.0,1.0,1.0,0.05328535245368929,7.992802868053394e-05
2022-05,tail_budget,TT,0.14209086475003355,0.0,1.0,1.0,0.05328535245368929,7.992802868053394e-05
2022-05,tail_budget,SPXC,0.14862942463830436,0.0,1.0,1.0,0.05328535245368929,7.992802868053394e-05
2022-05,tail_budget,XLI_HEDGE,0.0,-0.0,1.0,1.0,0.05328535245368929,7.992802868053394e-05
2022-05,combined,MOD,0.03212797409537868,0.0,0.25,0.11177827610442673,0.01785451490637744,2.6781772359566162e-05
2022-05,combined,AAON,0.03399520160809351,0.0,0.25,0.11177827610442673,0.01785451490637744,2.6781772359566162e-05
2022-05,combined,VRT,0.021960454965716268,0.0,0.25,0.11177827610442673,0.01785451490637744,2.6781772359566162e-05
2022-05,combined,NVT,0.0483997146194821,0.0,0.25,0.11177827610442673,0.01785451490637744,2.6781772359566162e-05
2022-05,combined,JCI,0.04083658236424497,0.0,0.25,0.11177827610442673,0.01785451490637744,2.6781772359566162e-05
2022-05,combined,TT,0.03552271618750839,0.0,0.25,0.11177827610442673,0.01785451490637744,2.6781772359566162e-05
2022-05,combined,SPXC,0.03715735615957609,0.0,0.25,0.11177827610442673,0.01785451490637744,2.6781772359566162e-05
2022-05,combined,XLI_HEDGE,0.0,-0.13822172389557327,0.25,0.11177827610442673,0.01785451490637744,2.6781772359566162e-05
2022-05,confirmed,MOD,0.0,0.0,0.0,0.0,0.0,0.0
2022-05,confirmed,AAON,0.0,0.0,0.0,0.0,0.0,0.0
2022-05,confirmed,VRT,0.0,0.0,0.0,0.0,0.0,0.0
2022-05,confirmed,NVT,0.0,0.0,0.0,0.0,0.0,0.0
2022-05,confirmed,JCI,0.0,0.0,0.0,0.0,0.0,0.0
2022-05,confirmed,TT,0.0,0.0,0.0,0.0,0.0,0.0
2022-05,confirmed,SPXC,0.0,0.0,0.0,0.0,0.0,0.0
2022-05,confirmed,XLI_HEDGE,0.0,-0.0,0.0,0.0,0.0,0.0
2022-05,core_signal,MOD,0.02730877798107188,0.0,0.2125,0.09501153468876272,0.015176337670420818,2.2764506505631227e-05
2022-05,core_signal,AAON,0.028895921366879483,0.0,0.2125,0.09501153468876272,0.015176337670420818,2.2764506505631227e-05
2022-05,core_signal,VRT,0.018666386720858828,0.0,0.2125,0.09501153468876272,0.015176337670420818,2.2764506505631227e-05
2022-05,core_signal,NVT,0.041139757426559787,0.0,0.2125,0.09501153468876272,0.015176337670420818,2.2764506505631227e-05
2022-05,core_signal,JCI,0.03471109500960822,0.0,0.2125,0.09501153468876272,0.015176337670420818,2.2764506505631227e-05
2022-05,core_signal,TT,0.030194308759382126,0.0,0.2125,0.09501153468876272,0.015176337670420818,2.2764506505631227e-05
2022-05,core_signal,SPXC,0.031583752735639674,0.0,0.2125,0.09501153468876272,0.015176337670420818,2.2764506505631227e-05
2022-05,core_signal,XLI_HEDGE,0.0,-0.11748846531123727,0.2125,0.09501153468876272,0.015176337670420818,2.2764506505631227e-05
2022-06,basic,MOD,0.14285714285714285,0.0,0.9999999999999998,0.9999999999999998,0.0,0.0
2022-06,basic,AAON,0.14285714285714285,0.0,0.9999999999999998,0.9999999999999998,0.0,0.0
2022-06,basic,VRT,0.14285714285714285,0.0,0.9999999999999998,0.9999999999999998,0.0,0.0
2022-06,basic,NVT,0.14285714285714285,0.0,0.9999999999999998,0.9999999999999998,0.0,0.0
2022-06,basic,JCI,0.14285714285714285,0.0,0.9999999999999998,0.9999999999999998,0.0,0.0
2022-06,basic,TT,0.14285714285714285,0.0,0.9999999999999998,0.9999999999999998,0.0,0.0
2022-06,basic,SPXC,0.14285714285714285,0.0,0.9999999999999998,0.9999999999999998,0.0,0.0
2022-06,basic,XLI_HEDGE,0.0,-0.0,0.9999999999999998,0.9999999999999998,0.0,0.0
2022-06,inverse_vol,MOD,0.07322441995284207,0.0,1.0,1.0,0.15153030030229514,0.00022729545045344272
2022-06,inverse_vol,AAON,0.13966483561542453,0.0,1.0,1.0,0.15153030030229514,0.00022729545045344272
2022-06,inverse_vol,VRT,0.09965906201129773,0.0,1.0,1.0,0.15153030030229514,0.00022729545045344272
2022-06,inverse_vol,NVT,0.21746574213337613,0.0,1.0,1.0,0.15153030030229514,0.00022729545045344272
2022-06,inverse_vol,JCI,0.17752191377791507,0.0,1.0,1.0,0.15153030030229514,0.00022729545045344272
2022-06,inverse_vol,TT,0.16431227559331507,0.0,1.0,1.0,0.15153030030229514,0.00022729545045344272
2022-06,inverse_vol,SPXC,0.12815175091582948,0.0,1.0,1.0,0.15153030030229514,0.00022729545045344272
2022-06,inverse_vol,XLI_HEDGE,0.0,-0.0,1.0,1.0,0.15153030030229514,0.00022729545045344272
2022-06,vol_target,MOD,0.05670774821580833,0.0,0.7744376568954622,0.7744376568954622,0.10410078360577142,0.00015615117540865713
2022-06,vol_target,AAON,0.10816170804469925,0.0,0.7744376568954622,0.7744376568954622,0.10410078360577142,0.00015615117540865713
2022-06,vol_target,VRT,0.07717973047242897,0.0,0.7744376568954622,0.7744376568954622,0.10410078360577142,0.00015615117540865713
2022-06,vol_target,NVT,0.16841365979280457,0.0,0.7744376568954622,0.7744376568954622,0.10410078360577142,0.00015615117540865713
2022-06,vol_target,JCI,0.1374796549537668,0.0,0.7744376568954622,0.7744376568954622,0.10410078360577142,0.00015615117540865713
2022-06,vol_target,TT,0.12724961370964835,0.0,0.7744376568954622,0.7744376568954622,0.10410078360577142,0.00015615117540865713
2022-06,vol_target,SPXC,0.09924554170630587,0.0,0.7744376568954622,0.7744376568954622,0.10410078360577142,0.00015615117540865713
2022-06,vol_target,XLI_HEDGE,0.0,-0.0,0.7744376568954622,0.7744376568954622,0.10410078360577142,0.00015615117540865713
2022-06,trend,MOD,0.036612209976421034,0.0,0.5,0.5,0.07576515015114757,0.00011364772522672136
2022-06,trend,AAON,0.06983241780771227,0.0,0.5,0.5,0.07576515015114757,0.00011364772522672136
2022-06,trend,VRT,0.04982953100564887,0.0,0.5,0.5,0.07576515015114757,0.00011364772522672136
2022-06,trend,NVT,0.10873287106668807,0.0,0.5,0.5,0.07576515015114757,0.00011364772522672136
2022-06,trend,JCI,0.08876095688895753,0.0,0.5,0.5,0.07576515015114757,0.00011364772522672136
2022-06,trend,TT,0.08215613779665754,0.0,0.5,0.5,0.07576515015114757,0.00011364772522672136
2022-06,trend,SPXC,0.06407587545791474,0.0,0.5,0.5,0.07576515015114757,0.00011364772522672136
2022-06,trend,XLI_HEDGE,0.0,-0.0,0.5,0.5,0.07576515015114757,0.00011364772522672136
2022-06,drawdown,MOD,0.018306104988210517,0.0,0.25,0.25,0.037882575075573785,5.682386261336068e-05
2022-06,drawdown,AAON,0.03491620890385613,0.0,0.25,0.25,0.037882575075573785,5.682386261336068e-05
2022-06,drawdown,VRT,0.024914765502824433,0.0,0.25,0.25,0.037882575075573785,5.682386261336068e-05
2022-06,drawdown,NVT,0.05436643553334403,0.0,0.25,0.25,0.037882575075573785,5.682386261336068e-05
2022-06,drawdown,JCI,0.04438047844447877,0.0,0.25,0.25,0.037882575075573785,5.682386261336068e-05
2022-06,drawdown,TT,0.04107806889832877,0.0,0.25,0.25,0.037882575075573785,5.682386261336068e-05
2022-06,drawdown,SPXC,0.03203793772895737,0.0,0.25,0.25,0.037882575075573785,5.682386261336068e-05
2022-06,drawdown,XLI_HEDGE,0.0,-0.0,0.25,0.25,0.037882575075573785,5.682386261336068e-05
2022-06,tail_budget,MOD,0.04990224204823361,0.0,0.6814972666273302,0.6814972666273302,0.3185027333726697,0.0004777541000590046
2022-06,tail_budget,AAON,0.09518120371586722,0.0,0.6814972666273302,0.6814972666273302,0.3185027333726697,0.0004777541000590046
2022-06,tail_budget,VRT,0.067917378355343,0.0,0.6814972666273302,0.6814972666273302,0.3185027333726697,0.0004777541000590046
2022-06,tail_budget,NVT,0.14820230884897967,0.0,0.6814972666273302,0.6814972666273302,0.3185027333726697,0.0004777541000590046
2022-06,tail_budget,JCI,0.12098069900610171,0.0,0.6814972666273302,0.6814972666273302,0.3185027333726697,0.0004777541000590046
2022-06,tail_budget,TT,0.11197836669016081,0.0,0.6814972666273302,0.6814972666273302,0.3185027333726697,0.0004777541000590046
2022-06,tail_budget,SPXC,0.08733506796264426,0.0,0.6814972666273302,0.6814972666273302,0.3185027333726697,0.0004777541000590046
2022-06,tail_budget,XLI_HEDGE,0.0,-0.0,0.6814972666273302,0.6814972666273302,0.3185027333726697,0.0004777541000590046
2022-06,combined,MOD,0.018306104988210517,0.0,0.25,0.12066304381502216,0.046767342786169216,7.015101417925383e-05
2022-06,combined,AAON,0.03491620890385613,0.0,0.25,0.12066304381502216,0.046767342786169216,7.015101417925383e-05
2022-06,combined,VRT,0.024914765502824433,0.0,0.25,0.12066304381502216,0.046767342786169216,7.015101417925383e-05
2022-06,combined,NVT,0.05436643553334403,0.0,0.25,0.12066304381502216,0.046767342786169216,7.015101417925383e-05
2022-06,combined,JCI,0.04438047844447877,0.0,0.25,0.12066304381502216,0.046767342786169216,7.015101417925383e-05
2022-06,combined,TT,0.04107806889832877,0.0,0.25,0.12066304381502216,0.046767342786169216,7.015101417925383e-05
2022-06,combined,SPXC,0.03203793772895737,0.0,0.25,0.12066304381502216,0.046767342786169216,7.015101417925383e-05
2022-06,combined,XLI_HEDGE,0.0,-0.12933695618497784,0.25,0.12066304381502216,0.046767342786169216,7.015101417925383e-05
2022-06,confirmed,MOD,0.0,0.0,0.0,0.0,0.0,0.0
2022-06,confirmed,AAON,0.0,0.0,0.0,0.0,0.0,0.0
2022-06,confirmed,VRT,0.0,0.0,0.0,0.0,0.0,0.0
2022-06,confirmed,NVT,0.0,0.0,0.0,0.0,0.0,0.0
2022-06,confirmed,JCI,0.0,0.0,0.0,0.0,0.0,0.0
2022-06,confirmed,TT,0.0,0.0,0.0,0.0,0.0,0.0
2022-06,confirmed,SPXC,0.0,0.0,0.0,0.0,0.0,0.0
2022-06,confirmed,XLI_HEDGE,0.0,-0.0,0.0,0.0,0.0,0.0
2022-06,core_signal,MOD,0.01556018923997894,0.0,0.2125,0.10256358724276884,0.03975224136824382,5.962836205236573e-05
2022-06,core_signal,AAON,0.029678777568277713,0.0,0.2125,0.10256358724276884,0.03975224136824382,5.962836205236573e-05
2022-06,core_signal,VRT,0.021177550677400767,0.0,0.2125,0.10256358724276884,0.03975224136824382,5.962836205236573e-05
2022-06,core_signal,NVT,0.046211470203342424,0.0,0.2125,0.10256358724276884,0.03975224136824382,5.962836205236573e-05
2022-06,core_signal,JCI,0.03772340667780695,0.0,0.2125,0.10256358724276884,0.03975224136824382,5.962836205236573e-05
2022-06,core_signal,TT,0.03491635856357945,0.0,0.2125,0.10256358724276884,0.03975224136824382,5.962836205236573e-05
2022-06,core_signal,SPXC,0.027232247069613764,0.0,0.2125,0.10256358724276884,0.03975224136824382,5.962836205236573e-05
2022-06,core_signal,XLI_HEDGE,0.0,-0.10993641275723116,0.2125,0.10256358724276884,0.03975224136824382,5.962836205236573e-05
2022-07,basic,MOD,0.14285714285714285,0.0,0.9999999999999998,0.9999999999999998,0.0,0.0
2022-07,basic,AAON,0.14285714285714285,0.0,0.9999999999999998,0.9999999999999998,0.0,0.0
2022-07,basic,VRT,0.14285714285714285,0.0,0.9999999999999998,0.9999999999999998,0.0,0.0
2022-07,basic,NVT,0.14285714285714285,0.0,0.9999999999999998,0.9999999999999998,0.0,0.0
2022-07,basic,JCI,0.14285714285714285,0.0,0.9999999999999998,0.9999999999999998,0.0,0.0
2022-07,basic,TT,0.14285714285714285,0.0,0.9999999999999998,0.9999999999999998,0.0,0.0
2022-07,basic,SPXC,0.14285714285714285,0.0,0.9999999999999998,0.9999999999999998,0.0,0.0
2022-07,basic,XLI_HEDGE,0.0,-0.0,0.9999999999999998,0.9999999999999998,0.0,0.0
2022-07,inverse_vol,MOD,0.07564710954177585,0.0,1.0000000000000002,1.0000000000000002,0.042675829962762604,6.401374494414391e-05
2022-07,inverse_vol,AAON,0.1462804988673416,0.0,1.0000000000000002,1.0000000000000002,0.042675829962762604,6.401374494414391e-05
2022-07,inverse_vol,VRT,0.1028131340171122,0.0,1.0000000000000002,1.0000000000000002,0.042675829962762604,6.401374494414391e-05
2022-07,inverse_vol,NVT,0.1989537518924853,0.0,1.0000000000000002,1.0000000000000002,0.042675829962762604,6.401374494414391e-05
2022-07,inverse_vol,JCI,0.17469598903742461,0.0,1.0000000000000002,1.0000000000000002,0.042675829962762604,6.401374494414391e-05
2022-07,inverse_vol,TT,0.16989134595625516,0.0,1.0000000000000002,1.0000000000000002,0.042675829962762604,6.401374494414391e-05
2022-07,inverse_vol,SPXC,0.13171817068760538,0.0,1.0000000000000002,1.0000000000000002,0.042675829962762604,6.401374494414391e-05
2022-07,inverse_vol,XLI_HEDGE,0.0,-0.0,1.0000000000000002,1.0000000000000002,0.042675829962762604,6.401374494414391e-05
2022-07,vol_target,MOD,0.056982602622383464,0.0,0.753268736473203,0.753268736473203,0.02775309600704127,4.1629644010561904e-05
2022-07,vol_target,AAON,0.11018852655247219,0.0,0.753268736473203,0.753268736473203,0.02775309600704127,4.1629644010561904e-05
2022-07,vol_target,VRT,0.07744591955392019,0.0,0.753268736473203,0.753268736473203,0.02775309600704127,4.1629644010561904e-05
2022-07,vol_target,NVT,0.1498656413046555,0.0,0.753268736473203,0.753268736473203,0.02775309600704127,4.1629644010561904e-05
2022-07,vol_target,JCI,0.13159302692915734,0.0,0.753268736473203,0.753268736473203,0.02775309600704127,4.1629644010561904e-05
2022-07,vol_target,TT,0.12797383950620012,0.0,0.753268736473203,0.753268736473203,0.02775309600704127,4.1629644010561904e-05
2022-07,vol_target,SPXC,0.09921918000441418,0.0,0.753268736473203,0.753268736473203,0.02775309600704127,4.1629644010561904e-05
2022-07,vol_target,XLI_HEDGE,0.0,-0.0,0.753268736473203,0.753268736473203,0.02775309600704127,4.1629644010561904e-05
2022-07,trend,MOD,0.037823554770887925,0.0,0.5000000000000001,0.5000000000000001,0.021337914981381302,3.2006872472071957e-05
2022-07,trend,AAON,0.0731402494336708,0.0,0.5000000000000001,0.5000000000000001,0.021337914981381302,3.2006872472071957e-05
2022-07,trend,VRT,0.0514065670085561,0.0,0.5000000000000001,0.5000000000000001,0.021337914981381302,3.2006872472071957e-05
2022-07,trend,NVT,0.09947687594624265,0.0,0.5000000000000001,0.5000000000000001,0.021337914981381302,3.2006872472071957e-05
2022-07,trend,JCI,0.08734799451871231,0.0,0.5000000000000001,0.5000000000000001,0.021337914981381302,3.2006872472071957e-05
2022-07,trend,TT,0.08494567297812758,0.0,0.5000000000000001,0.5000000000000001,0.021337914981381302,3.2006872472071957e-05
2022-07,trend,SPXC,0.06585908534380269,0.0,0.5000000000000001,0.5000000000000001,0.021337914981381302,3.2006872472071957e-05
2022-07,trend,XLI_HEDGE,0.0,-0.0,0.5000000000000001,0.5000000000000001,0.021337914981381302,3.2006872472071957e-05
2022-07,drawdown,MOD,0.018911777385443963,0.0,0.25000000000000006,0.25000000000000006,0.010668957490690651,1.6003436236035978e-05
2022-07,drawdown,AAON,0.0365701247168354,0.0,0.25000000000000006,0.25000000000000006,0.010668957490690651,1.6003436236035978e-05
2022-07,drawdown,VRT,0.02570328350427805,0.0,0.25000000000000006,0.25000000000000006,0.010668957490690651,1.6003436236035978e-05
2022-07,drawdown,NVT,0.04973843797312132,0.0,0.25000000000000006,0.25000000000000006,0.010668957490690651,1.6003436236035978e-05
2022-07,drawdown,JCI,0.043673997259356154,0.0,0.25000000000000006,0.25000000000000006,0.010668957490690651,1.6003436236035978e-05
2022-07,drawdown,TT,0.04247283648906379,0.0,0.25000000000000006,0.25000000000000006,0.010668957490690651,1.6003436236035978e-05
2022-07,drawdown,SPXC,0.032929542671901346,0.0,0.25000000000000006,0.25000000000000006,0.010668957490690651,1.6003436236035978e-05
2022-07,drawdown,XLI_HEDGE,0.0,-0.0,0.25000000000000006,0.25000000000000006,0.010668957490690651,1.6003436236035978e-05
2022-07,tail_budget,MOD,0.051553298380978475,0.0,0.6814972666273302,0.6814972666273302,0.029083461470675427,4.362519220601314e-05
2022-07,tail_budget,AAON,0.09968976013897557,0.0,0.6814972666273302,0.6814972666273302,0.029083461470675427,4.362519220601314e-05
2022-07,tail_budget,VRT,0.07006686980605135,0.0,0.6814972666273302,0.6814972666273302,0.029083461470675427,4.362519220601314e-05
2022-07,tail_budget,NVT,0.13558643809998075,0.0,0.6814972666273302,0.6814972666273302,0.029083461470675427,4.362519220601314e-05
2022-07,tail_budget,JCI,0.11905483901976292,0.0,0.6814972666273302,0.6814972666273302,0.029083461470675427,4.362519220601314e-05
2022-07,tail_budget,TT,0.11578048789282602,0.0,0.6814972666273302,0.6814972666273302,0.029083461470675427,4.362519220601314e-05
2022-07,tail_budget,SPXC,0.0897655732887552,0.0,0.6814972666273302,0.6814972666273302,0.029083461470675427,4.362519220601314e-05
2022-07,tail_budget,XLI_HEDGE,0.0,-0.0,0.6814972666273302,0.6814972666273302,0.029083461470675427,4.362519220601314e-05
2022-07,combined,MOD,0.018911777385443963,0.0,0.25000000000000006,0.1206542118412949,0.010677789464417959,1.601668419662694e-05
2022-07,combined,AAON,0.0365701247168354,0.0,0.25000000000000006,0.1206542118412949,0.010677789464417959,1.601668419662694e-05
2022-07,combined,VRT,0.02570328350427805,0.0,0.25000000000000006,0.1206542118412949,0.010677789464417959,1.601668419662694e-05
2022-07,combined,NVT,0.04973843797312132,0.0,0.25000000000000006,0.1206542118412949,0.010677789464417959,1.601668419662694e-05
2022-07,combined,JCI,0.043673997259356154,0.0,0.25000000000000006,0.1206542118412949,0.010677789464417959,1.601668419662694e-05
2022-07,combined,TT,0.04247283648906379,0.0,0.25000000000000006,0.1206542118412949,0.010677789464417959,1.601668419662694e-05
2022-07,combined,SPXC,0.032929542671901346,0.0,0.25000000000000006,0.1206542118412949,0.010677789464417959,1.601668419662694e-05
2022-07,combined,XLI_HEDGE,0.0,-0.12934578815870515,0.25000000000000006,0.1206542118412949,0.010677789464417959,1.601668419662694e-05
2022-07,confirmed,MOD,0.0,0.0,0.0,0.0,0.0,0.0
2022-07,confirmed,AAON,0.0,0.0,0.0,0.0,0.0,0.0
2022-07,confirmed,VRT,0.0,0.0,0.0,0.0,0.0,0.0
2022-07,confirmed,NVT,0.0,0.0,0.0,0.0,0.0,0.0
2022-07,confirmed,JCI,0.0,0.0,0.0,0.0,0.0,0.0
2022-07,confirmed,TT,0.0,0.0,0.0,0.0,0.0,0.0
2022-07,confirmed,SPXC,0.0,0.0,0.0,0.0,0.0,0.0
2022-07,confirmed,XLI_HEDGE,0.0,-0.0,0.0,0.0,0.0,0.0
2022-07,core_signal,MOD,0.01607501077762737,0.0,0.21250000000000002,0.10255608006510065,0.00907612104475526,1.361418156713289e-05
2022-07,core_signal,AAON,0.031084606009310088,0.0,0.21250000000000002,0.10255608006510065,0.00907612104475526,1.361418156713289e-05
2022-07,core_signal,VRT,0.02184779097863634,0.0,0.21250000000000002,0.10255608006510065,0.00907612104475526,1.361418156713289e-05
2022-07,core_signal,NVT,0.04227767227715312,0.0,0.21250000000000002,0.10255608006510065,0.00907612104475526,1.361418156713289e-05
2022-07,core_signal,JCI,0.03712289767045273,0.0,0.21250000000000002,0.10255608006510065,0.00907612104475526,1.361418156713289e-05
2022-07,core_signal,TT,0.03610191101570422,0.0,0.21250000000000002,0.10255608006510065,0.00907612104475526,1.361418156713289e-05
2022-07,core_signal,SPXC,0.027990111271116145,0.0,0.21250000000000002,0.10255608006510065,0.00907612104475526,1.361418156713289e-05
2022-07,core_signal,XLI_HEDGE,0.0,-0.10994391993489937,0.21250000000000002,0.10255608006510065,0.00907612104475526,1.361418156713289e-05
2022-08,basic,MOD,0.14285714285714285,0.0,0.9999999999999998,0.9999999999999998,0.0,0.0
2022-08,basic,AAON,0.14285714285714285,0.0,0.9999999999999998,0.9999999999999998,0.0,0.0
2022-08,basic,VRT,0.14285714285714285,0.0,0.9999999999999998,0.9999999999999998,0.0,0.0
2022-08,basic,NVT,0.14285714285714285,0.0,0.9999999999999998,0.9999999999999998,0.0,0.0
2022-08,basic,JCI,0.14285714285714285,0.0,0.9999999999999998,0.9999999999999998,0.0,0.0
2022-08,basic,TT,0.14285714285714285,0.0,0.9999999999999998,0.9999999999999998,0.0,0.0
2022-08,basic,SPXC,0.14285714285714285,0.0,0.9999999999999998,0.9999999999999998,0.0,0.0
2022-08,basic,XLI_HEDGE,0.0,-0.0,0.9999999999999998,0.9999999999999998,0.0,0.0
2022-08,inverse_vol,MOD,0.07698218771888896,0.0,0.9999999999999999,0.9999999999999999,0.05661846865489596,8.492770298234395e-05
2022-08,inverse_vol,AAON,0.1539547039610344,0.0,0.9999999999999999,0.9999999999999999,0.05661846865489596,8.492770298234395e-05
2022-08,inverse_vol,VRT,0.08052407814952456,0.0,0.9999999999999999,0.9999999999999999,0.05661846865489596,8.492770298234395e-05
2022-08,inverse_vol,NVT,0.19552711604942755,0.0,0.9999999999999999,0.9999999999999999,0.05661846865489596,8.492770298234395e-05
2022-08,inverse_vol,JCI,0.17210244642062195,0.0,0.9999999999999999,0.9999999999999999,0.05661846865489596,8.492770298234395e-05
2022-08,inverse_vol,TT,0.178899147610775,0.0,0.9999999999999999,0.9999999999999999,0.05661846865489596,8.492770298234395e-05
2022-08,inverse_vol,SPXC,0.14201032008972755,0.0,0.9999999999999999,0.9999999999999999,0.05661846865489596,8.492770298234395e-05
2022-08,inverse_vol,XLI_HEDGE,0.0,-0.0,0.9999999999999999,0.9999999999999999,0.05661846865489596,8.492770298234395e-05
2022-08,vol_target,MOD,0.048750338805625876,0.0,0.6332677759645443,0.6332677759645443,0.12000096050865858,0.00018000144076298788
2022-08,vol_target,AAON,0.09749455297668408,0.0,0.6332677759645443,0.6332677759645443,0.12000096050865858,0.00018000144076298788
2022-08,vol_target,VRT,0.050993303881344584,0.0,0.6332677759645443,0.6332677759645443,0.12000096050865858,0.00018000144076298788
2022-08,vol_target,NVT,0.12382102192138236,0.0,0.6332677759645443,0.6332677759645443,0.12000096050865858,0.00018000144076298788
2022-08,vol_target,JCI,0.10898693348284443,0.0,0.6332677759645443,0.6332677759645443,0.12000096050865858,0.00018000144076298788
2022-08,vol_target,TT,0.11329106532942822,0.0,0.6332677759645443,0.6332677759645443,0.12000096050865858,0.00018000144076298788
2022-08,vol_target,SPXC,0.08993055956723484,0.0,0.6332677759645443,0.6332677759645443,0.12000096050865858,0.00018000144076298788
2022-08,vol_target,XLI_HEDGE,0.0,-0.0,0.6332677759645443,0.6332677759645443,0.12000096050865858,0.00018000144076298788
2022-08,trend,MOD,0.03849109385944448,0.0,0.49999999999999994,0.49999999999999994,0.02830923432744798,4.2463851491171974e-05
2022-08,trend,AAON,0.0769773519805172,0.0,0.49999999999999994,0.49999999999999994,0.02830923432744798,4.2463851491171974e-05
2022-08,trend,VRT,0.04026203907476228,0.0,0.49999999999999994,0.49999999999999994,0.02830923432744798,4.2463851491171974e-05
2022-08,trend,NVT,0.09776355802471377,0.0,0.49999999999999994,0.49999999999999994,0.02830923432744798,4.2463851491171974e-05
2022-08,trend,JCI,0.08605122321031097,0.0,0.49999999999999994,0.49999999999999994,0.02830923432744798,4.2463851491171974e-05
2022-08,trend,TT,0.0894495738053875,0.0,0.49999999999999994,0.49999999999999994,0.02830923432744798,4.2463851491171974e-05
2022-08,trend,SPXC,0.07100516004486378,0.0,0.49999999999999994,0.49999999999999994,0.02830923432744798,4.2463851491171974e-05
2022-08,trend,XLI_HEDGE,0.0,-0.0,0.49999999999999994,0.49999999999999994,0.02830923432744798,4.2463851491171974e-05
2022-08,drawdown,MOD,0.03849109385944448,0.0,0.49999999999999994,0.49999999999999994,0.24999999999999994,0.0003749999999999999
2022-08,drawdown,AAON,0.0769773519805172,0.0,0.49999999999999994,0.49999999999999994,0.24999999999999994,0.0003749999999999999
2022-08,drawdown,VRT,0.04026203907476228,0.0,0.49999999999999994,0.49999999999999994,0.24999999999999994,0.0003749999999999999
2022-08,drawdown,NVT,0.09776355802471377,0.0,0.49999999999999994,0.49999999999999994,0.24999999999999994,0.0003749999999999999
2022-08,drawdown,JCI,0.08605122321031097,0.0,0.49999999999999994,0.49999999999999994,0.24999999999999994,0.0003749999999999999
2022-08,drawdown,TT,0.0894495738053875,0.0,0.49999999999999994,0.49999999999999994,0.24999999999999994,0.0003749999999999999
2022-08,drawdown,SPXC,0.07100516004486378,0.0,0.49999999999999994,0.49999999999999994,0.24999999999999994,0.0003749999999999999
2022-08,drawdown,XLI_HEDGE,0.0,-0.0,0.49999999999999994,0.49999999999999994,0.24999999999999994,0.0003749999999999999
2022-08,tail_budget,MOD,0.05246315050941485,0.0,0.6814972666273302,0.6814972666273302,0.038585331628936785,5.7877997443405175e-05
2022-08,tail_budget,AAON,0.10491970993386475,0.0,0.6814972666273302,0.6814972666273302,0.038585331628936785,5.7877997443405175e-05
2022-08,tail_budget,VRT,0.054876939156586514,0.0,0.6814972666273302,0.6814972666273302,0.038585331628936785,5.7877997443405175e-05
2022-08,tail_budget,NVT,0.13325119513920966,0.0,0.6814972666273302,0.6814972666273302,0.038585331628936785,5.7877997443405175e-05
2022-08,tail_budget,JCI,0.11728734681553041,0.0,0.6814972666273302,0.6814972666273302,0.038585331628936785,5.7877997443405175e-05
2022-08,tail_budget,TT,0.12191928009870244,0.0,0.6814972666273302,0.6814972666273302,0.038585331628936785,5.7877997443405175e-05
2022-08,tail_budget,SPXC,0.09677964497402157,0.0,0.6814972666273302,0.6814972666273302,0.038585331628936785,5.7877997443405175e-05
2022-08,tail_budget,XLI_HEDGE,0.0,-0.0,0.6814972666273302,0.6814972666273302,0.038585331628936785,5.7877997443405175e-05
2022-08,combined,MOD,0.03849109385944448,0.0,0.49999999999999994,0.23494774583965577,0.38570646600163894,0.0005785596990024584
2022-08,combined,AAON,0.0769773519805172,0.0,0.49999999999999994,0.23494774583965577,0.38570646600163894,0.0005785596990024584
2022-08,combined,VRT,0.04026203907476228,0.0,0.49999999999999994,0.23494774583965577,0.38570646600163894,0.0005785596990024584
2022-08,combined,NVT,0.09776355802471377,0.0,0.49999999999999994,0.23494774583965577,0.38570646600163894,0.0005785596990024584
2022-08,combined,JCI,0.08605122321031097,0.0,0.49999999999999994,0.23494774583965577,0.38570646600163894,0.0005785596990024584
2022-08,combined,TT,0.0894495738053875,0.0,0.49999999999999994,0.23494774583965577,0.38570646600163894,0.0005785596990024584
2022-08,combined,SPXC,0.07100516004486378,0.0,0.49999999999999994,0.23494774583965577,0.38570646600163894,0.0005785596990024584
2022-08,combined,XLI_HEDGE,0.0,-0.26505225416034417,0.49999999999999994,0.23494774583965577,0.38570646600163894,0.0005785596990024584
2022-08,confirmed,MOD,0.0,0.0,0.0,0.0,0.0,0.0
2022-08,confirmed,AAON,0.0,0.0,0.0,0.0,0.0,0.0
2022-08,confirmed,VRT,0.0,0.0,0.0,0.0,0.0,0.0
2022-08,confirmed,NVT,0.0,0.0,0.0,0.0,0.0,0.0
2022-08,confirmed,JCI,0.0,0.0,0.0,0.0,0.0,0.0
2022-08,confirmed,TT,0.0,0.0,0.0,0.0,0.0,0.0
2022-08,confirmed,SPXC,0.0,0.0,0.0,0.0,0.0,0.0
2022-08,confirmed,XLI_HEDGE,0.0,-0.0,0.0,0.0,0.0,0.0
2022-08,core_signal,MOD,0.03271742978052781,0.0,0.4249999999999999,0.19970558396370738,0.3278504961013931,0.0004917757441520896
2022-08,core_signal,AAON,0.06543074918343961,0.0,0.4249999999999999,0.19970558396370738,0.3278504961013931,0.0004917757441520896
2022-08,core_signal,VRT,0.034222733213547935,0.0,0.4249999999999999,0.19970558396370738,0.3278504961013931,0.0004917757441520896
2022-08,core_signal,NVT,0.0830990243210067,0.0,0.4249999999999999,0.19970558396370738,0.3278504961013931,0.0004917757441520896
2022-08,core_signal,JCI,0.07314353972876432,0.0,0.4249999999999999,0.19970558396370738,0.3278504961013931,0.0004917757441520896
2022-08,core_signal,TT,0.07603213773457937,0.0,0.4249999999999999,0.19970558396370738,0.3278504961013931,0.0004917757441520896
2022-08,core_signal,SPXC,0.06035438603813421,0.0,0.4249999999999999,0.19970558396370738,0.3278504961013931,0.0004917757441520896
2022-08,core_signal,XLI_HEDGE,0.0,-0.22529441603629255,0.4249999999999999,0.19970558396370738,0.3278504961013931,0.0004917757441520896
2022-09,basic,MOD,0.14285714285714285,0.0,0.9999999999999998,0.9999999999999998,0.0,0.0
2022-09,basic,AAON,0.14285714285714285,0.0,0.9999999999999998,0.9999999999999998,0.0,0.0
2022-09,basic,VRT,0.14285714285714285,0.0,0.9999999999999998,0.9999999999999998,0.0,0.0
2022-09,basic,NVT,0.14285714285714285,0.0,0.9999999999999998,0.9999999999999998,0.0,0.0
2022-09,basic,JCI,0.14285714285714285,0.0,0.9999999999999998,0.9999999999999998,0.0,0.0
2022-09,basic,TT,0.14285714285714285,0.0,0.9999999999999998,0.9999999999999998,0.0,0.0
2022-09,basic,SPXC,0.14285714285714285,0.0,0.9999999999999998,0.9999999999999998,0.0,0.0
2022-09,basic,XLI_HEDGE,0.0,-0.0,0.9999999999999998,0.9999999999999998,0.0,0.0
2022-09,inverse_vol,MOD,0.08120352705910473,0.0,1.0,1.0,0.019468400241493156,2.9202600362239736e-05
2022-09,inverse_vol,AAON,0.15782203069783937,0.0,1.0,1.0,0.019468400241493156,2.9202600362239736e-05
2022-09,inverse_vol,VRT,0.0793558100294854,0.0,1.0,1.0,0.019468400241493156,2.9202600362239736e-05
2022-09,inverse_vol,NVT,0.19480526040114016,0.0,1.0,1.0,0.019468400241493156,2.9202600362239736e-05
2022-09,inverse_vol,JCI,0.17374798046434783,0.0,1.0,1.0,0.019468400241493156,2.9202600362239736e-05
2022-09,inverse_vol,TT,0.17163492918270265,0.0,1.0,1.0,0.019468400241493156,2.9202600362239736e-05
2022-09,inverse_vol,SPXC,0.14143046216537994,0.0,1.0,1.0,0.019468400241493156,2.9202600362239736e-05
2022-09,inverse_vol,XLI_HEDGE,0.0,-0.0,1.0,1.0,0.019468400241493156,2.9202600362239736e-05
2022-09,vol_target,MOD,0.05153435790299039,0.0,0.6346320137730057,0.6346320137730057,0.012090715248404355,1.8136072872606533e-05
2022-09,vol_target,AAON,0.1001589131595149,0.0,0.6346320137730057,0.6346320137730057,0.012090715248404355,1.8136072872606533e-05
2022-09,vol_target,VRT,0.050361737523600396,0.0,0.6346320137730057,0.6346320137730057,0.012090715248404355,1.8136072872606533e-05
2022-09,vol_target,NVT,0.12362965470195032,0.0,0.6346320137730057,0.6346320137730057,0.012090715248404355,1.8136072872606533e-05
2022-09,vol_target,JCI,0.1102660307310819,0.0,0.6346320137730057,0.6346320137730057,0.012090715248404355,1.8136072872606533e-05
2022-09,vol_target,TT,0.1089250207410058,0.0,0.6346320137730057,0.6346320137730057,0.012090715248404355,1.8136072872606533e-05
2022-09,vol_target,SPXC,0.08975629901286195,0.0,0.6346320137730057,0.6346320137730057,0.012090715248404355,1.8136072872606533e-05
2022-09,vol_target,XLI_HEDGE,0.0,-0.0,0.6346320137730057,0.6346320137730057,0.012090715248404355,1.8136072872606533e-05
2022-09,trend,MOD,0.040601763529552366,0.0,0.5,0.5,0.009734200120746578,1.4601300181119868e-05
2022-09,trend,AAON,0.07891101534891969,0.0,0.5,0.5,0.009734200120746578,1.4601300181119868e-05
2022-09,trend,VRT,0.0396779050147427,0.0,0.5,0.5,0.009734200120746578,1.4601300181119868e-05
2022-09,trend,NVT,0.09740263020057008,0.0,0.5,0.5,0.009734200120746578,1.4601300181119868e-05
2022-09,trend,JCI,0.08687399023217392,0.0,0.5,0.5,0.009734200120746578,1.4601300181119868e-05
2022-09,trend,TT,0.08581746459135133,0.0,0.5,0.5,0.009734200120746578,1.4601300181119868e-05
2022-09,trend,SPXC,0.07071523108268997,0.0,0.5,0.5,0.009734200120746578,1.4601300181119868e-05
2022-09,trend,XLI_HEDGE,0.0,-0.0,0.5,0.5,0.009734200120746578,1.4601300181119868e-05
2022-09,drawdown,MOD,0.040601763529552366,0.0,0.5,0.5,0.009734200120746578,1.4601300181119868e-05
2022-09,drawdown,AAON,0.07891101534891969,0.0,0.5,0.5,0.009734200120746578,1.4601300181119868e-05
2022-09,drawdown,VRT,0.0396779050147427,0.0,0.5,0.5,0.009734200120746578,1.4601300181119868e-05
2022-09,drawdown,NVT,0.09740263020057008,0.0,0.5,0.5,0.009734200120746578,1.4601300181119868e-05
2022-09,drawdown,JCI,0.08687399023217392,0.0,0.5,0.5,0.009734200120746578,1.4601300181119868e-05
2022-09,drawdown,TT,0.08581746459135133,0.0,0.5,0.5,0.009734200120746578,1.4601300181119868e-05
2022-09,drawdown,SPXC,0.07071523108268997,0.0,0.5,0.5,0.009734200120746578,1.4601300181119868e-05
2022-09,drawdown,XLI_HEDGE,0.0,-0.0,0.5,0.5,0.009734200120746578,1.4601300181119868e-05
2022-09,tail_budget,MOD,0.055339981731278326,0.0,0.6814972666273303,0.6814972666273303,0.01326766155018446,1.9901492325276692e-05
2022-09,tail_budget,AAON,0.10755528253415214,0.0,0.6814972666273303,0.6814972666273303,0.01326766155018446,1.9901492325276692e-05
2022-09,tail_budget,VRT,0.05408076762609198,0.0,0.6814972666273303,0.6814972666273303,0.01326766155018446,1.9901492325276692e-05
2022-09,tail_budget,NVT,0.1327592524880023,0.0,0.6814972666273303,0.6814972666273303,0.01326766155018446,1.9901492325276692e-05
2022-09,tail_budget,JCI,0.11840877376847182,0.0,0.6814972666273303,0.6814972666273303,0.01326766155018446,1.9901492325276692e-05
2022-09,tail_budget,TT,0.11696873509578726,0.0,0.6814972666273303,0.6814972666273303,0.01326766155018446,1.9901492325276692e-05
2022-09,tail_budget,SPXC,0.09638447338354647,0.0,0.6814972666273303,0.6814972666273303,0.01326766155018446,1.9901492325276692e-05
2022-09,tail_budget,XLI_HEDGE,0.0,-0.0,0.6814972666273303,0.6814972666273303,0.01326766155018446,1.9901492325276692e-05
2022-09,combined,MOD,0.040601763529552366,0.0,0.5,0.22442427739934717,0.020257668561055237,3.0386502841582856e-05
2022-09,combined,AAON,0.07891101534891969,0.0,0.5,0.22442427739934717,0.020257668561055237,3.0386502841582856e-05
2022-09,combined,VRT,0.0396779050147427,0.0,0.5,0.22442427739934717,0.020257668561055237,3.0386502841582856e-05
2022-09,combined,NVT,0.09740263020057008,0.0,0.5,0.22442427739934717,0.020257668561055237,3.0386502841582856e-05
2022-09,combined,JCI,0.08687399023217392,0.0,0.5,0.22442427739934717,0.020257668561055237,3.0386502841582856e-05
2022-09,combined,TT,0.08581746459135133,0.0,0.5,0.22442427739934717,0.020257668561055237,3.0386502841582856e-05
2022-09,combined,SPXC,0.07071523108268997,0.0,0.5,0.22442427739934717,0.020257668561055237,3.0386502841582856e-05
2022-09,combined,XLI_HEDGE,0.0,-0.27557572260065283,0.5,0.22442427739934717,0.020257668561055237,3.0386502841582856e-05
2022-09,confirmed,MOD,0.0,0.0,0.0,0.0,0.0,0.0
2022-09,confirmed,AAON,0.0,0.0,0.0,0.0,0.0,0.0
2022-09,confirmed,VRT,0.0,0.0,0.0,0.0,0.0,0.0
2022-09,confirmed,NVT,0.0,0.0,0.0,0.0,0.0,0.0
2022-09,confirmed,JCI,0.0,0.0,0.0,0.0,0.0,0.0
2022-09,confirmed,TT,0.0,0.0,0.0,0.0,0.0,0.0
2022-09,confirmed,SPXC,0.0,0.0,0.0,0.0,0.0,0.0
2022-09,confirmed,XLI_HEDGE,0.0,-0.0,0.0,0.0,0.0,0.0
2022-09,core_signal,MOD,0.03451149900011951,0.0,0.42500000000000004,0.19076063578944513,0.017219018276896918,2.5828527415345376e-05
2022-09,core_signal,AAON,0.06707436304658174,0.0,0.42500000000000004,0.19076063578944513,0.017219018276896918,2.5828527415345376e-05
2022-09,core_signal,VRT,0.0337262192625313,0.0,0.42500000000000004,0.19076063578944513,0.017219018276896918,2.5828527415345376e-05
2022-09,core_signal,NVT,0.08279223567048456,0.0,0.42500000000000004,0.19076063578944513,0.017219018276896918,2.5828527415345376e-05
2022-09,core_signal,JCI,0.07384289169734783,0.0,0.42500000000000004,0.19076063578944513,0.017219018276896918,2.5828527415345376e-05
2022-09,core_signal,TT,0.07294484490264863,0.0,0.42500000000000004,0.19076063578944513,0.017219018276896918,2.5828527415345376e-05
2022-09,core_signal,SPXC,0.060107946420286475,0.0,0.42500000000000004,0.19076063578944513,0.017219018276896918,2.5828527415345376e-05
2022-09,core_signal,XLI_HEDGE,0.0,-0.23423936421055488,0.42500000000000004,0.19076063578944513,0.017219018276896918,2.5828527415345376e-05
2022-10,basic,MOD,0.14285714285714285,0.0,0.9999999999999998,0.9999999999999998,0.0,0.0
2022-10,basic,AAON,0.14285714285714285,0.0,0.9999999999999998,0.9999999999999998,0.0,0.0
2022-10,basic,VRT,0.14285714285714285,0.0,0.9999999999999998,0.9999999999999998,0.0,0.0
2022-10,basic,NVT,0.14285714285714285,0.0,0.9999999999999998,0.9999999999999998,0.0,0.0
2022-10,basic,JCI,0.14285714285714285,0.0,0.9999999999999998,0.9999999999999998,0.0,0.0
2022-10,basic,TT,0.14285714285714285,0.0,0.9999999999999998,0.9999999999999998,0.0,0.0
2022-10,basic,SPXC,0.14285714285714285,0.0,0.9999999999999998,0.9999999999999998,0.0,0.0
2022-10,basic,XLI_HEDGE,0.0,-0.0,0.9999999999999998,0.9999999999999998,0.0,0.0
2022-10,inverse_vol,MOD,0.07791937917221657,0.0,1.0,1.0,0.03417128398127066,5.125692597190599e-05
2022-10,inverse_vol,AAON,0.15264913925019788,0.0,1.0,1.0,0.03417128398127066,5.125692597190599e-05
2022-10,inverse_vol,VRT,0.0772061171695517,0.0,1.0,1.0,0.03417128398127066,5.125692597190599e-05
2022-10,inverse_vol,NVT,0.19268738812502983,0.0,1.0,1.0,0.03417128398127066,5.125692597190599e-05
2022-10,inverse_vol,JCI,0.1693869429442862,0.0,1.0,1.0,0.03417128398127066,5.125692597190599e-05
2022-10,inverse_vol,TT,0.1796184240645618,0.0,1.0,1.0,0.03417128398127066,5.125692597190599e-05
2022-10,inverse_vol,SPXC,0.15053260927415613,0.0,1.0,1.0,0.03417128398127066,5.125692597190599e-05
2022-10,inverse_vol,XLI_HEDGE,0.0,-0.0,1.0,1.0,0.03417128398127066,5.125692597190599e-05
2022-10,vol_target,MOD,0.05086777627796049,0.0,0.6528257388387694,0.6528257388387694,0.02053814040662806,3.080721060994209e-05
2022-10,vol_target,AAON,0.0996532871141126,0.0,0.6528257388387694,0.6528257388387694,0.02053814040662806,3.080721060994209e-05
2022-10,vol_target,VRT,0.05040214048408517,0.0,0.6528257388387694,0.6528257388387694,0.02053814040662806,3.080721060994209e-05
2022-10,vol_target,NVT,0.1257912865176353,0.0,0.6528257388387694,0.6528257388387694,0.02053814040662806,3.080721060994209e-05
2022-10,vol_target,JCI,0.11058015617724408,0.0,0.6528257388387694,0.6528257388387694,0.02053814040662806,3.080721060994209e-05
2022-10,vol_target,TT,0.11725953039900293,0.0,0.6528257388387694,0.6528257388387694,0.02053814040662806,3.080721060994209e-05
2022-10,vol_target,SPXC,0.09827156186872875,0.0,0.6528257388387694,0.6528257388387694,0.02053814040662806,3.080721060994209e-05
2022-10,vol_target,XLI_HEDGE,0.0,-0.0,0.6528257388387694,0.6528257388387694,0.02053814040662806,3.080721060994209e-05
2022-10,trend,MOD,0.038959689586108286,0.0,0.5,0.5,0.01708564199063533,2.5628462985952994e-05
2022-10,trend,AAON,0.07632456962509894,0.0,0.5,0.5,0.01708564199063533,2.5628462985952994e-05
2022-10,trend,VRT,0.03860305858477585,0.0,0.5,0.5,0.01708564199063533,2.5628462985952994e-05
2022-10,trend,NVT,0.09634369406251492,0.0,0.5,0.5,0.01708564199063533,2.5628462985952994e-05
2022-10,trend,JCI,0.0846934714721431,0.0,0.5,0.5,0.01708564199063533,2.5628462985952994e-05
2022-10,trend,TT,0.0898092120322809,0.0,0.5,0.5,0.01708564199063533,2.5628462985952994e-05
2022-10,trend,SPXC,0.07526630463707806,0.0,0.5,0.5,0.01708564199063533,2.5628462985952994e-05
2022-10,trend,XLI_HEDGE,0.0,-0.0,0.5,0.5,0.01708564199063533,2.5628462985952994e-05
2022-10,drawdown,MOD,0.019479844793054143,0.0,0.25,0.25,0.25,0.000375
2022-10,drawdown,AAON,0.03816228481254947,0.0,0.25,0.25,0.25,0.000375
2022-10,drawdown,VRT,0.019301529292387924,0.0,0.25,0.25,0.25,0.000375
2022-10,drawdown,NVT,0.04817184703125746,0.0,0.25,0.25,0.25,0.000375
2022-10,drawdown,JCI,0.04234673573607155,0.0,0.25,0.25,0.25,0.000375
2022-10,drawdown,TT,0.04490460601614045,0.0,0.25,0.25,0.25,0.000375
2022-10,drawdown,SPXC,0.03763315231853903,0.0,0.25,0.25,0.25,0.000375
2022-10,drawdown,XLI_HEDGE,0.0,-0.0,0.25,0.25,0.25,0.000375
2022-10,tail_budget,MOD,0.05310184392316412,0.0,0.6814972666273302,0.6814972666273302,0.023287636630382226,3.493145494557334e-05
2022-10,tail_budget,AAON,0.10402997115202456,0.0,0.6814972666273302,0.6814972666273302,0.023287636630382226,3.493145494557334e-05
2022-10,tail_budget,VRT,0.05261575781795887,0.0,0.6814972666273302,0.6814972666273302,0.023287636630382226,3.493145494557334e-05
2022-10,tail_budget,NVT,0.13131592832076733,0.0,0.6814972666273302,0.6814972666273302,0.023287636630382226,3.493145494557334e-05
2022-10,tail_budget,JCI,0.11543673861889057,0.0,0.6814972666273302,0.6814972666273302,0.023287636630382226,3.493145494557334e-05
2022-10,tail_budget,TT,0.12240946503590754,0.0,0.6814972666273302,0.6814972666273302,0.023287636630382226,3.493145494557334e-05
2022-10,tail_budget,SPXC,0.1025875617586173,0.0,0.6814972666273302,0.6814972666273302,0.023287636630382226,3.493145494557334e-05
2022-10,tail_budget,XLI_HEDGE,0.0,-0.0,0.6814972666273302,0.6814972666273302,0.023287636630382226,3.493145494557334e-05
2022-10,combined,MOD,0.019479844793054143,0.0,0.25,0.11801217860419605,0.3935879012048489,0.0005903818518072733
2022-10,combined,AAON,0.03816228481254947,0.0,0.25,0.11801217860419605,0.3935879012048489,0.0005903818518072733
2022-10,combined,VRT,0.019301529292387924,0.0,0.25,0.11801217860419605,0.3935879012048489,0.0005903818518072733
2022-10,combined,NVT,0.04817184703125746,0.0,0.25,0.11801217860419605,0.3935879012048489,0.0005903818518072733
2022-10,combined,JCI,0.04234673573607155,0.0,0.25,0.11801217860419605,0.3935879012048489,0.0005903818518072733
2022-10,combined,TT,0.04490460601614045,0.0,0.25,0.11801217860419605,0.3935879012048489,0.0005903818518072733
2022-10,combined,SPXC,0.03763315231853903,0.0,0.25,0.11801217860419605,0.3935879012048489,0.0005903818518072733
2022-10,combined,XLI_HEDGE,0.0,-0.13198782139580395,0.25,0.11801217860419605,0.3935879012048489,0.0005903818518072733
2022-10,confirmed,MOD,0.0,0.0,0.0,0.0,0.0,0.0
2022-10,confirmed,AAON,0.0,0.0,0.0,0.0,0.0,0.0
2022-10,confirmed,VRT,0.0,0.0,0.0,0.0,0.0,0.0
2022-10,confirmed,NVT,0.0,0.0,0.0,0.0,0.0,0.0
2022-10,confirmed,JCI,0.0,0.0,0.0,0.0,0.0,0.0
2022-10,confirmed,TT,0.0,0.0,0.0,0.0,0.0,0.0
2022-10,confirmed,SPXC,0.0,0.0,0.0,0.0,0.0,0.0
2022-10,confirmed,XLI_HEDGE,0.0,-0.0,0.0,0.0,0.0,0.0
2022-10,core_signal,MOD,0.01655786807409602,0.0,0.21250000000000002,0.10031035181356665,0.33454971602412154,0.0005018245740361823
2022-10,core_signal,AAON,0.03243794209066705,0.0,0.21250000000000002,0.10031035181356665,0.33454971602412154,0.0005018245740361823
2022-10,core_signal,VRT,0.016406299898529736,0.0,0.21250000000000002,0.10031035181356665,0.33454971602412154,0.0005018245740361823
2022-10,core_signal,NVT,0.04094606997656884,0.0,0.21250000000000002,0.10031035181356665,0.33454971602412154,0.0005018245740361823
2022-10,core_signal,JCI,0.03599472537566081,0.0,0.21250000000000002,0.10031035181356665,0.33454971602412154,0.0005018245740361823
2022-10,core_signal,TT,0.03816891511371938,0.0,0.21250000000000002,0.10031035181356665,0.33454971602412154,0.0005018245740361823
2022-10,core_signal,SPXC,0.031988179470758174,0.0,0.21250000000000002,0.10031035181356665,0.33454971602412154,0.0005018245740361823
2022-10,core_signal,XLI_HEDGE,0.0,-0.11218964818643336,0.21250000000000002,0.10031035181356665,0.33454971602412154,0.0005018245740361823
2022-11,basic,MOD,0.14285714285714285,0.0,0.9999999999999998,0.9999999999999998,0.0,0.0
2022-11,basic,AAON,0.14285714285714285,0.0,0.9999999999999998,0.9999999999999998,0.0,0.0
2022-11,basic,VRT,0.14285714285714285,0.0,0.9999999999999998,0.9999999999999998,0.0,0.0
2022-11,basic,NVT,0.14285714285714285,0.0,0.9999999999999998,0.9999999999999998,0.0,0.0
2022-11,basic,JCI,0.14285714285714285,0.0,0.9999999999999998,0.9999999999999998,0.0,0.0
2022-11,basic,TT,0.14285714285714285,0.0,0.9999999999999998,0.9999999999999998,0.0,0.0
2022-11,basic,SPXC,0.14285714285714285,0.0,0.9999999999999998,0.9999999999999998,0.0,0.0
2022-11,basic,XLI_HEDGE,0.0,-0.0,0.9999999999999998,0.9999999999999998,0.0,0.0
2022-11,inverse_vol,MOD,0.07747002995960284,0.0,1.0,1.0,0.031225198489616524,4.683779773442479e-05
2022-11,inverse_vol,AAON,0.15079297928615373,0.0,1.0,1.0,0.031225198489616524,4.683779773442479e-05
2022-11,inverse_vol,VRT,0.06837888348540226,0.0,1.0,1.0,0.031225198489616524,4.683779773442479e-05
2022-11,inverse_vol,NVT,0.1964006492550347,0.0,1.0,1.0,0.031225198489616524,4.683779773442479e-05
2022-11,inverse_vol,JCI,0.1649070865602852,0.0,1.0,1.0,0.031225198489616524,4.683779773442479e-05
2022-11,inverse_vol,TT,0.19073767563045732,0.0,1.0,1.0,0.031225198489616524,4.683779773442479e-05
2022-11,inverse_vol,SPXC,0.15131269582306395,0.0,1.0,1.0,0.031225198489616524,4.683779773442479e-05
2022-11,inverse_vol,XLI_HEDGE,0.0,-0.0,1.0,1.0,0.031225198489616524,4.683779773442479e-05
2022-11,vol_target,MOD,0.04229242175631718,0.0,0.5459197805702514,0.5459197805702514,0.10690595826851795,0.00016035893740277694
2022-11,vol_target,AAON,0.08232087016343151,0.0,0.5459197805702514,0.5459197805702514,0.10690595826851795,0.00016035893740277694
2022-11,vol_target,VRT,0.037329385067989586,0.0,0.5459197805702514,0.5459197805702514,0.10690595826851795,0.00016035893740277694
2022-11,vol_target,NVT,0.10721899934516345,0.0,0.5459197805702514,0.5459197805702514,0.10690595826851795,0.00016035893740277694
2022-11,vol_target,JCI,0.09002604050947034,0.0,0.5459197805702514,0.5459197805702514,0.10690595826851795,0.00016035893740277694
2022-11,vol_target,TT,0.10412747002665904,0.0,0.5459197805702514,0.5459197805702514,0.10690595826851795,0.00016035893740277694
2022-11,vol_target,SPXC,0.08260459370122027,0.0,0.5459197805702514,0.5459197805702514,0.10690595826851795,0.00016035893740277694
2022-11,vol_target,XLI_HEDGE,0.0,-0.0,0.5459197805702514,0.5459197805702514,0.10690595826851795,0.00016035893740277694
2022-11,trend,MOD,0.03873501497980142,0.0,0.5,0.5,0.015612599244808262,2.3418898867212394e-05
2022-11,trend,AAON,0.07539648964307687,0.0,0.5,0.5,0.015612599244808262,2.3418898867212394e-05
2022-11,trend,VRT,0.03418944174270113,0.0,0.5,0.5,0.015612599244808262,2.3418898867212394e-05
2022-11,trend,NVT,0.09820032462751735,0.0,0.5,0.5,0.015612599244808262,2.3418898867212394e-05
2022-11,trend,JCI,0.0824535432801426,0.0,0.5,0.5,0.015612599244808262,2.3418898867212394e-05
2022-11,trend,TT,0.09536883781522866,0.0,0.5,0.5,0.015612599244808262,2.3418898867212394e-05
2022-11,trend,SPXC,0.07565634791153197,0.0,0.5,0.5,0.015612599244808262,2.3418898867212394e-05
2022-11,trend,XLI_HEDGE,0.0,-0.0,0.5,0.5,0.015612599244808262,2.3418898867212394e-05
2022-11,drawdown,MOD,0.07747002995960284,0.0,1.0,1.0,0.75,0.0011250000000000001
2022-11,drawdown,AAON,0.15079297928615373,0.0,1.0,1.0,0.75,0.0011250000000000001
2022-11,drawdown,VRT,0.06837888348540226,0.0,1.0,1.0,0.75,0.0011250000000000001
2022-11,drawdown,NVT,0.1964006492550347,0.0,1.0,1.0,0.75,0.0011250000000000001
2022-11,drawdown,JCI,0.1649070865602852,0.0,1.0,1.0,0.75,0.0011250000000000001
2022-11,drawdown,TT,0.19073767563045732,0.0,1.0,1.0,0.75,0.0011250000000000001
2022-11,drawdown,SPXC,0.15131269582306395,0.0,1.0,1.0,0.75,0.0011250000000000001
2022-11,drawdown,XLI_HEDGE,0.0,-0.0,1.0,1.0,0.75,0.0011250000000000001
2022-11,tail_budget,MOD,0.05279561366300672,0.0,0.6814972666273302,0.6814972666273302,0.021279887420569493,3.191983113085424e-05
2022-11,tail_budget,AAON,0.1027650032101054,0.0,0.6814972666273302,0.6814972666273302,0.021279887420569493,3.191983113085424e-05
2022-11,tail_budget,VRT,0.04660002219033033,0.0,0.6814972666273302,0.6814972666273302,0.021279887420569493,3.191983113085424e-05
2022-11,tail_budget,NVT,0.13384650563113915,0.0,0.6814972666273302,0.6814972666273302,0.021279887420569493,3.191983113085424e-05
2022-11,tail_budget,JCI,0.1123837287383109,0.0,0.6814972666273302,0.6814972666273302,0.021279887420569493,3.191983113085424e-05
2022-11,tail_budget,TT,0.129987204585007,0.0,0.6814972666273302,0.6814972666273302,0.021279887420569493,3.191983113085424e-05
2022-11,tail_budget,SPXC,0.10311918860943073,0.0,0.6814972666273302,0.6814972666273302,0.021279887420569493,3.191983113085424e-05
2022-11,tail_budget,XLI_HEDGE,0.0,-0.0,0.6814972666273302,0.6814972666273302,0.021279887420569493,3.191983113085424e-05
2022-11,combined,MOD,0.03873501497980142,0.0,0.5,0.2232713221306834,0.3947408564735126,0.0005921112847102689
2022-11,combined,AAON,0.07539648964307687,0.0,0.5,0.2232713221306834,0.3947408564735126,0.0005921112847102689
2022-11,combined,VRT,0.03418944174270113,0.0,0.5,0.2232713221306834,0.3947408564735126,0.0005921112847102689
2022-11,combined,NVT,0.09820032462751735,0.0,0.5,0.2232713221306834,0.3947408564735126,0.0005921112847102689
2022-11,combined,JCI,0.0824535432801426,0.0,0.5,0.2232713221306834,0.3947408564735126,0.0005921112847102689
2022-11,combined,TT,0.09536883781522866,0.0,0.5,0.2232713221306834,0.3947408564735126,0.0005921112847102689
2022-11,combined,SPXC,0.07565634791153197,0.0,0.5,0.2232713221306834,0.3947408564735126,0.0005921112847102689
2022-11,combined,XLI_HEDGE,0.0,-0.2767286778693166,0.5,0.2232713221306834,0.3947408564735126,0.0005921112847102689
2022-11,confirmed,MOD,0.0,0.0,0.0,0.0,0.0,0.0
2022-11,confirmed,AAON,0.0,0.0,0.0,0.0,0.0,0.0
2022-11,confirmed,VRT,0.0,0.0,0.0,0.0,0.0,0.0
2022-11,confirmed,NVT,0.0,0.0,0.0,0.0,0.0,0.0
2022-11,confirmed,JCI,0.0,0.0,0.0,0.0,0.0,0.0
2022-11,confirmed,TT,0.0,0.0,0.0,0.0,0.0,0.0
2022-11,confirmed,SPXC,0.0,0.0,0.0,0.0,0.0,0.0
2022-11,confirmed,XLI_HEDGE,0.0,-0.0,0.0,0.0,0.0,0.0
2022-11,core_signal,MOD,0.0329247627328312,0.0,0.425,0.18978062381108088,0.3355297280024857,0.0005032945920037285
2022-11,core_signal,AAON,0.06408701619661533,0.0,0.425,0.18978062381108088,0.3355297280024857,0.0005032945920037285
2022-11,core_signal,VRT,0.02906102548129596,0.0,0.425,0.18978062381108088,0.3355297280024857,0.0005032945920037285
2022-11,core_signal,NVT,0.08347027593338975,0.0,0.425,0.18978062381108088,0.3355297280024857,0.0005032945920037285
2022-11,core_signal,JCI,0.0700855117881212,0.0,0.425,0.18978062381108088,0.3355297280024857,0.0005032945920037285
2022-11,core_signal,TT,0.08106351214294436,0.0,0.425,0.18978062381108088,0.3355297280024857,0.0005032945920037285
2022-11,core_signal,SPXC,0.06430789572480218,0.0,0.425,0.18978062381108088,0.3355297280024857,0.0005032945920037285
2022-11,core_signal,XLI_HEDGE,0.0,-0.2352193761889191,0.425,0.18978062381108088,0.3355297280024857,0.0005032945920037285
2022-12,basic,MOD,0.14285714285714285,0.0,0.9999999999999998,0.9999999999999998,0.0,0.0
2022-12,basic,AAON,0.14285714285714285,0.0,0.9999999999999998,0.9999999999999998,0.0,0.0
2022-12,basic,VRT,0.14285714285714285,0.0,0.9999999999999998,0.9999999999999998,0.0,0.0
2022-12,basic,NVT,0.14285714285714285,0.0,0.9999999999999998,0.9999999999999998,0.0,0.0
2022-12,basic,JCI,0.14285714285714285,0.0,0.9999999999999998,0.9999999999999998,0.0,0.0
2022-12,basic,TT,0.14285714285714285,0.0,0.9999999999999998,0.9999999999999998,0.0,0.0
2022-12,basic,SPXC,0.14285714285714285,0.0,0.9999999999999998,0.9999999999999998,0.0,0.0
2022-12,basic,XLI_HEDGE,0.0,-0.0,0.9999999999999998,0.9999999999999998,0.0,0.0
2022-12,inverse_vol,MOD,0.08235842085951028,0.0,1.0,1.0,0.04303504595596652,6.455256893394978e-05
2022-12,inverse_vol,AAON,0.13878837756874532,0.0,1.0,1.0,0.04303504595596652,6.455256893394978e-05
2022-12,inverse_vol,VRT,0.07243166484709547,0.0,1.0,1.0,0.04303504595596652,6.455256893394978e-05
2022-12,inverse_vol,NVT,0.19990972186048064,0.0,1.0,1.0,0.04303504595596652,6.455256893394978e-05
2022-12,inverse_vol,JCI,0.1584801088326745,0.0,1.0,1.0,0.04303504595596652,6.455256893394978e-05
2022-12,inverse_vol,TT,0.18765173209749314,0.0,1.0,1.0,0.04303504595596652,6.455256893394978e-05
2022-12,inverse_vol,SPXC,0.16037997393400058,0.0,1.0,1.0,0.04303504595596652,6.455256893394978e-05
2022-12,inverse_vol,XLI_HEDGE,0.0,-0.0,1.0,1.0,0.04303504595596652,6.455256893394978e-05
2022-12,vol_target,MOD,0.042977564338870566,0.0,0.5218357016847508,0.5218357016847508,0.02856525627960768,4.2847884419411525e-05
2022-12,vol_target,AAON,0.07242473039427434,0.0,0.5218357016847508,0.5218357016847508,0.02856525627960768,4.2847884419411525e-05
2022-12,vol_target,VRT,0.03779742864967876,0.0,0.5218357016847508,0.5218357016847508,0.02856525627960768,4.2847884419411525e-05
2022-12,vol_target,NVT,0.10432002998066728,0.0,0.5218357016847508,0.5218357016847508,0.02856525627960768,4.2847884419411525e-05
2022-12,vol_target,JCI,0.08270057879577436,0.0,0.5218357016847508,0.5218357016847508,0.02856525627960768,4.2847884419411525e-05
2022-12,vol_target,TT,0.0979233732914542,0.0,0.5218357016847508,0.5218357016847508,0.02856525627960768,4.2847884419411525e-05
2022-12,vol_target,SPXC,0.08369199623403123,0.0,0.5218357016847508,0.5218357016847508,0.02856525627960768,4.2847884419411525e-05
2022-12,vol_target,XLI_HEDGE,0.0,-0.0,0.5218357016847508,0.5218357016847508,0.02856525627960768,4.2847884419411525e-05
2022-12,trend,MOD,0.08235842085951028,0.0,1.0,1.0,0.5,0.00075
2022-12,trend,AAON,0.13878837756874532,0.0,1.0,1.0,0.5,0.00075
2022-12,trend,VRT,0.07243166484709547,0.0,1.0,1.0,0.5,0.00075
2022-12,trend,NVT,0.19990972186048064,0.0,1.0,1.0,0.5,0.00075
2022-12,trend,JCI,0.1584801088326745,0.0,1.0,1.0,0.5,0.00075
2022-12,trend,TT,0.18765173209749314,0.0,1.0,1.0,0.5,0.00075
2022-12,trend,SPXC,0.16037997393400058,0.0,1.0,1.0,0.5,0.00075
2022-12,trend,XLI_HEDGE,0.0,-0.0,1.0,1.0,0.5,0.00075
2022-12,drawdown,MOD,0.08235842085951028,0.0,1.0,1.0,0.04303504595596652,6.455256893394978e-05
2022-12,drawdown,AAON,0.13878837756874532,0.0,1.0,1.0,0.04303504595596652,6.455256893394978e-05
2022-12,drawdown,VRT,0.07243166484709547,0.0,1.0,1.0,0.04303504595596652,6.455256893394978e-05
2022-12,drawdown,NVT,0.19990972186048064,0.0,1.0,1.0,0.04303504595596652,6.455256893394978e-05
2022-12,drawdown,JCI,0.1584801088326745,0.0,1.0,1.0,0.04303504595596652,6.455256893394978e-05
2022-12,drawdown,TT,0.18765173209749314,0.0,1.0,1.0,0.04303504595596652,6.455256893394978e-05
2022-12,drawdown,SPXC,0.16037997393400058,0.0,1.0,1.0,0.04303504595596652,6.455256893394978e-05
2022-12,drawdown,XLI_HEDGE,0.0,-0.0,1.0,1.0,0.04303504595596652,6.455256893394978e-05
2022-12,tail_budget,MOD,0.05612703869949955,0.0,0.6814972666273301,0.6814972666273301,0.02932826618817274,4.399239928225911e-05
2022-12,tail_budget,AAON,0.0945838999527418,0.0,0.6814972666273301,0.6814972666273301,0.02932826618817274,4.399239928225911e-05
2022-12,tail_budget,VRT,0.04936198161056245,0.0,0.6814972666273301,0.6814972666273301,0.02932826618817274,4.399239928225911e-05
2022-12,tail_budget,NVT,0.1362379290201474,0.0,0.6814972666273301,0.6814972666273301,0.02932826618817274,4.399239928225911e-05
2022-12,tail_budget,JCI,0.10800376098426948,0.0,0.6814972666273301,0.6814972666273301,0.02932826618817274,4.399239928225911e-05
2022-12,tail_budget,TT,0.12788414250232563,0.0,0.6814972666273301,0.6814972666273301,0.02932826618817274,4.399239928225911e-05
2022-12,tail_budget,SPXC,0.10929851385778387,0.0,0.6814972666273301,0.6814972666273301,0.02932826618817274,4.399239928225911e-05
2022-12,tail_budget,XLI_HEDGE,0.0,-0.0,0.6814972666273301,0.6814972666273301,0.02932826618817274,4.399239928225911e-05
2022-12,combined,MOD,0.042977564338870566,0.0,0.5218357016847508,0.37602908185904305,0.15870127822596464,0.00023805191733894697
2022-12,combined,AAON,0.07242473039427434,0.0,0.5218357016847508,0.37602908185904305,0.15870127822596464,0.00023805191733894697
2022-12,combined,VRT,0.03779742864967876,0.0,0.5218357016847508,0.37602908185904305,0.15870127822596464,0.00023805191733894697
2022-12,combined,NVT,0.10432002998066728,0.0,0.5218357016847508,0.37602908185904305,0.15870127822596464,0.00023805191733894697
2022-12,combined,JCI,0.08270057879577436,0.0,0.5218357016847508,0.37602908185904305,0.15870127822596464,0.00023805191733894697
2022-12,combined,TT,0.0979233732914542,0.0,0.5218357016847508,0.37602908185904305,0.15870127822596464,0.00023805191733894697
2022-12,combined,SPXC,0.08369199623403123,0.0,0.5218357016847508,0.37602908185904305,0.15870127822596464,0.00023805191733894697
2022-12,combined,XLI_HEDGE,0.0,-0.14580661982570775,0.5218357016847508,0.37602908185904305,0.15870127822596464,0.00023805191733894697
2022-12,confirmed,MOD,0.0,0.0,0.0,0.0,0.0,0.0
2022-12,confirmed,AAON,0.0,0.0,0.0,0.0,0.0,0.0
2022-12,confirmed,VRT,0.0,0.0,0.0,0.0,0.0,0.0
2022-12,confirmed,NVT,0.0,0.0,0.0,0.0,0.0,0.0
2022-12,confirmed,JCI,0.0,0.0,0.0,0.0,0.0,0.0
2022-12,confirmed,TT,0.0,0.0,0.0,0.0,0.0,0.0
2022-12,confirmed,SPXC,0.0,0.0,0.0,0.0,0.0,0.0
2022-12,confirmed,XLI_HEDGE,0.0,-0.0,0.0,0.0,0.0,0.0
2022-12,core_signal,MOD,0.03653092968803998,0.0,0.4435603464320381,0.3196247195801865,0.13489608649206997,0.00020234412973810494
2022-12,core_signal,AAON,0.061561020835133186,0.0,0.4435603464320381,0.3196247195801865,0.13489608649206997,0.00020234412973810494
2022-12,core_signal,VRT,0.03212781435222695,0.0,0.4435603464320381,0.3196247195801865,0.13489608649206997,0.00020234412973810494
2022-12,core_signal,NVT,0.08867202548356719,0.0,0.4435603464320381,0.3196247195801865,0.13489608649206997,0.00020234412973810494
2022-12,core_signal,JCI,0.0702954919764082,0.0,0.4435603464320381,0.3196247195801865,0.13489608649206997,0.00020234412973810494
2022-12,core_signal,TT,0.08323486729773608,0.0,0.4435603464320381,0.3196247195801865,0.13489608649206997,0.00020234412973810494
2022-12,core_signal,SPXC,0.07113819679892654,0.0,0.4435603464320381,0.3196247195801865,0.13489608649206997,0.00020234412973810494
2022-12,core_signal,XLI_HEDGE,0.0,-0.12393562685185158,0.4435603464320381,0.3196247195801865,0.13489608649206997,0.00020234412973810494
2023-01,basic,MOD,0.14285714285714285,0.0,0.9999999999999998,0.9999999999999998,0.0,0.0
2023-01,basic,AAON,0.14285714285714285,0.0,0.9999999999999998,0.9999999999999998,0.0,0.0
2023-01,basic,VRT,0.14285714285714285,0.0,0.9999999999999998,0.9999999999999998,0.0,0.0
2023-01,basic,NVT,0.14285714285714285,0.0,0.9999999999999998,0.9999999999999998,0.0,0.0
2023-01,basic,JCI,0.14285714285714285,0.0,0.9999999999999998,0.9999999999999998,0.0,0.0
2023-01,basic,TT,0.14285714285714285,0.0,0.9999999999999998,0.9999999999999998,0.0,0.0
2023-01,basic,SPXC,0.14285714285714285,0.0,0.9999999999999998,0.9999999999999998,0.0,0.0
2023-01,basic,XLI_HEDGE,0.0,-0.0,0.9999999999999998,0.9999999999999998,0.0,0.0
2023-01,inverse_vol,MOD,0.08061776196973493,0.0,1.0,1.0,0.01638224525031859,2.4573367875477883e-05
2023-01,inverse_vol,AAON,0.13591531927963674,0.0,1.0,1.0,0.01638224525031859,2.4573367875477883e-05
2023-01,inverse_vol,VRT,0.07150399433630406,0.0,1.0,1.0,0.01638224525031859,2.4573367875477883e-05
2023-01,inverse_vol,NVT,0.2024372842731658,0.0,1.0,1.0,0.01638224525031859,2.4573367875477883e-05
2023-01,inverse_vol,JCI,0.16163728602481614,0.0,1.0,1.0,0.01638224525031859,2.4573367875477883e-05
2023-01,inverse_vol,TT,0.1901581151178257,0.0,1.0,1.0,0.01638224525031859,2.4573367875477883e-05
2023-01,inverse_vol,SPXC,0.1577302389985167,0.0,1.0,1.0,0.01638224525031859,2.4573367875477883e-05
2023-01,inverse_vol,XLI_HEDGE,0.0,-0.0,1.0,1.0,0.01638224525031859,2.4573367875477883e-05
2023-01,vol_target,MOD,0.0419350332663486,0.0,0.520171141467455,0.520171141467455,0.008368293304131157,1.2552439956196734e-05
2023-01,vol_target,AAON,0.07069922677260224,0.0,0.520171141467455,0.520171141467455,0.008368293304131157,1.2552439956196734e-05
2023-01,vol_target,VRT,0.03719431435339772,0.0,0.520171141467455,0.520171141467455,0.008368293304131157,1.2552439956196734e-05
2023-01,vol_target,NVT,0.10530203323594434,0.0,0.520171141467455,0.520171141467455,0.008368293304131157,1.2552439956196734e-05
2023-01,vol_target,JCI,0.08407905157523013,0.0,0.520171141467455,0.520171141467455,0.008368293304131157,1.2552439956196734e-05
2023-01,vol_target,TT,0.09891476380013911,0.0,0.520171141467455,0.520171141467455,0.008368293304131157,1.2552439956196734e-05
2023-01,vol_target,SPXC,0.08204671846379293,0.0,0.520171141467455,0.520171141467455,0.008368293304131157,1.2552439956196734e-05
2023-01,vol_target,XLI_HEDGE,0.0,-0.0,0.520171141467455,0.520171141467455,0.008368293304131157,1.2552439956196734e-05
2023-01,trend,MOD,0.08061776196973493,0.0,1.0,1.0,0.01638224525031859,2.4573367875477883e-05
2023-01,trend,AAON,0.13591531927963674,0.0,1.0,1.0,0.01638224525031859,2.4573367875477883e-05
2023-01,trend,VRT,0.07150399433630406,0.0,1.0,1.0,0.01638224525031859,2.4573367875477883e-05
2023-01,trend,NVT,0.2024372842731658,0.0,1.0,1.0,0.01638224525031859,2.4573367875477883e-05
2023-01,trend,JCI,0.16163728602481614,0.0,1.0,1.0,0.01638224525031859,2.4573367875477883e-05
2023-01,trend,TT,0.1901581151178257,0.0,1.0,1.0,0.01638224525031859,2.4573367875477883e-05
2023-01,trend,SPXC,0.1577302389985167,0.0,1.0,1.0,0.01638224525031859,2.4573367875477883e-05
2023-01,trend,XLI_HEDGE,0.0,-0.0,1.0,1.0,0.01638224525031859,2.4573367875477883e-05
2023-01,drawdown,MOD,0.08061776196973493,0.0,1.0,1.0,0.01638224525031859,2.4573367875477883e-05
2023-01,drawdown,AAON,0.13591531927963674,0.0,1.0,1.0,0.01638224525031859,2.4573367875477883e-05
2023-01,drawdown,VRT,0.07150399433630406,0.0,1.0,1.0,0.01638224525031859,2.4573367875477883e-05
2023-01,drawdown,NVT,0.2024372842731658,0.0,1.0,1.0,0.01638224525031859,2.4573367875477883e-05
2023-01,drawdown,JCI,0.16163728602481614,0.0,1.0,1.0,0.01638224525031859,2.4573367875477883e-05
2023-01,drawdown,TT,0.1901581151178257,0.0,1.0,1.0,0.01638224525031859,2.4573367875477883e-05
2023-01,drawdown,SPXC,0.1577302389985167,0.0,1.0,1.0,0.01638224525031859,2.4573367875477883e-05
2023-01,drawdown,XLI_HEDGE,0.0,-0.0,1.0,1.0,0.01638224525031859,2.4573367875477883e-05
2023-01,tail_budget,MOD,0.05494078442398709,0.0,0.6814972666273303,0.6814972666273303,0.011164455359310696,1.6746683038966043e-05
2023-01,tail_budget,AAON,0.09262591858185332,0.0,0.6814972666273303,0.6814972666273303,0.011164455359310696,1.6746683038966043e-05
2023-01,tail_budget,VRT,0.048729776693127315,0.0,0.6814972666273303,0.6814972666273303,0.011164455359310696,1.6746683038966043e-05
2023-01,tail_budget,NVT,0.1379604558956223,0.0,0.6814972666273303,0.6814972666273303,0.011164455359310696,1.6746683038966043e-05
2023-01,tail_budget,JCI,0.11015536861097217,0.0,0.6814972666273303,0.6814972666273303,0.011164455359310696,1.6746683038966043e-05
2023-01,tail_budget,TT,0.12959223567980344,0.0,0.6814972666273303,0.6814972666273303,0.011164455359310696,1.6746683038966043e-05
2023-01,tail_budget,SPXC,0.10749272674196467,0.0,0.6814972666273303,0.6814972666273303,0.011164455359310696,1.6746683038966043e-05
2023-01,tail_budget,XLI_HEDGE,0.0,-0.0,0.6814972666273303,0.6814972666273303,0.011164455359310696,1.6746683038966043e-05
2023-01,combined,MOD,0.0419350332663486,0.0,0.520171141467455,0.37419616786792836,0.008536647077950064,1.2804970616925097e-05
2023-01,combined,AAON,0.07069922677260224,0.0,0.520171141467455,0.37419616786792836,0.008536647077950064,1.2804970616925097e-05
2023-01,combined,VRT,0.03719431435339772,0.0,0.520171141467455,0.37419616786792836,0.008536647077950064,1.2804970616925097e-05
2023-01,combined,NVT,0.10530203323594434,0.0,0.520171141467455,0.37419616786792836,0.008536647077950064,1.2804970616925097e-05
2023-01,combined,JCI,0.08407905157523013,0.0,0.520171141467455,0.37419616786792836,0.008536647077950064,1.2804970616925097e-05
2023-01,combined,TT,0.09891476380013911,0.0,0.520171141467455,0.37419616786792836,0.008536647077950064,1.2804970616925097e-05
2023-01,combined,SPXC,0.08204671846379293,0.0,0.520171141467455,0.37419616786792836,0.008536647077950064,1.2804970616925097e-05
2023-01,combined,XLI_HEDGE,0.0,-0.14597497359952666,0.520171141467455,0.37419616786792836,0.008536647077950064,1.2804970616925097e-05
2023-01,confirmed,MOD,0.0,0.0,0.0,0.0,0.0,0.0
2023-01,confirmed,AAON,0.0,0.0,0.0,0.0,0.0,0.0
2023-01,confirmed,VRT,0.0,0.0,0.0,0.0,0.0,0.0
2023-01,confirmed,NVT,0.0,0.0,0.0,0.0,0.0,0.0
2023-01,confirmed,JCI,0.0,0.0,0.0,0.0,0.0,0.0
2023-01,confirmed,TT,0.0,0.0,0.0,0.0,0.0,0.0
2023-01,confirmed,SPXC,0.0,0.0,0.0,0.0,0.0,0.0
2023-01,confirmed,XLI_HEDGE,0.0,-0.0,0.0,0.0,0.0,0.0
2023-01,core_signal,MOD,0.03564477827639631,0.0,0.44214547024733675,0.3180667426877391,0.007256150016257547,1.088422502438632e-05
2023-01,core_signal,AAON,0.060094342756711897,0.0,0.44214547024733675,0.3180667426877391,0.007256150016257547,1.088422502438632e-05
2023-01,core_signal,VRT,0.03161516720038806,0.0,0.44214547024733675,0.3180667426877391,0.007256150016257547,1.088422502438632e-05
2023-01,core_signal,NVT,0.08950672825055268,0.0,0.44214547024733675,0.3180667426877391,0.007256150016257547,1.088422502438632e-05
2023-01,core_signal,JCI,0.0714671938389456,0.0,0.44214547024733675,0.3180667426877391,0.007256150016257547,1.088422502438632e-05
2023-01,core_signal,TT,0.08407754923011825,0.0,0.44214547024733675,0.3180667426877391,0.007256150016257547,1.088422502438632e-05
2023-01,core_signal,SPXC,0.06973971069422398,0.0,0.44214547024733675,0.3180667426877391,0.007256150016257547,1.088422502438632e-05
2023-01,core_signal,XLI_HEDGE,0.0,-0.12407872755959766,0.44214547024733675,0.3180667426877391,0.007256150016257547,1.088422502438632e-05
2023-02,basic,MOD,0.14285714285714285,0.0,0.9999999999999998,0.9999999999999998,0.0,0.0
2023-02,basic,AAON,0.14285714285714285,0.0,0.9999999999999998,0.9999999999999998,0.0,0.0
2023-02,basic,VRT,0.14285714285714285,0.0,0.9999999999999998,0.9999999999999998,0.0,0.0
2023-02,basic,NVT,0.14285714285714285,0.0,0.9999999999999998,0.9999999999999998,0.0,0.0
2023-02,basic,JCI,0.14285714285714285,0.0,0.9999999999999998,0.9999999999999998,0.0,0.0
2023-02,basic,TT,0.14285714285714285,0.0,0.9999999999999998,0.9999999999999998,0.0,0.0
2023-02,basic,SPXC,0.14285714285714285,0.0,0.9999999999999998,0.9999999999999998,0.0,0.0
2023-02,basic,XLI_HEDGE,0.0,-0.0,0.9999999999999998,0.9999999999999998,0.0,0.0
2023-02,inverse_vol,MOD,0.07778294028384253,0.0,0.9999999999999999,0.9999999999999999,0.03459150590453618,5.1887258856804264e-05
2023-02,inverse_vol,AAON,0.14604553358421493,0.0,0.9999999999999999,0.9999999999999999,0.03459150590453618,5.1887258856804264e-05
2023-02,inverse_vol,VRT,0.06864324534241895,0.0,0.9999999999999999,0.9999999999999999,0.03459150590453618,5.1887258856804264e-05
2023-02,inverse_vol,NVT,0.20328185735478013,0.0,0.9999999999999999,0.9999999999999999,0.03459150590453618,5.1887258856804264e-05
2023-02,inverse_vol,JCI,0.1535795241347533,0.0,0.9999999999999999,0.9999999999999999,0.03459150590453618,5.1887258856804264e-05
2023-02,inverse_vol,TT,0.19647908068390119,0.0,0.9999999999999999,0.9999999999999999,0.03459150590453618,5.1887258856804264e-05
2023-02,inverse_vol,SPXC,0.1541878186160889,0.0,0.9999999999999999,0.9999999999999999,0.03459150590453618,5.1887258856804264e-05
2023-02,inverse_vol,XLI_HEDGE,0.0,-0.0,0.9999999999999999,0.9999999999999999,0.03459150590453618,5.1887258856804264e-05
2023-02,vol_target,MOD,0.043101023487488704,0.0,0.5541192365601776,0.5541192365601776,0.033948095092722494,5.092214263908374e-05
2023-02,vol_target,AAON,0.08092663957270896,0.0,0.5541192365601776,0.5541192365601776,0.033948095092722494,5.092214263908374e-05
2023-02,vol_target,VRT,0.03803654270415415,0.0,0.5541192365601776,0.5541192365601776,0.033948095092722494,5.092214263908374e-05
2023-02,vol_target,NVT,0.1126423876039657,0.0,0.5541192365601776,0.5541192365601776,0.033948095092722494,5.092214263908374e-05
2023-02,vol_target,JCI,0.08510136866482486,0.0,0.5541192365601776,0.5541192365601776,0.033948095092722494,5.092214263908374e-05
2023-02,vol_target,TT,0.10887283818860886,0.0,0.5541192365601776,0.5541192365601776,0.033948095092722494,5.092214263908374e-05
2023-02,vol_target,SPXC,0.08543843633842632,0.0,0.5541192365601776,0.5541192365601776,0.033948095092722494,5.092214263908374e-05
2023-02,vol_target,XLI_HEDGE,0.0,-0.0,0.5541192365601776,0.5541192365601776,0.033948095092722494,5.092214263908374e-05
2023-02,trend,MOD,0.07778294028384253,0.0,0.9999999999999999,0.9999999999999999,0.03459150590453618,5.1887258856804264e-05
2023-02,trend,AAON,0.14604553358421493,0.0,0.9999999999999999,0.9999999999999999,0.03459150590453618,5.1887258856804264e-05
2023-02,trend,VRT,0.06864324534241895,0.0,0.9999999999999999,0.9999999999999999,0.03459150590453618,5.1887258856804264e-05
2023-02,trend,NVT,0.20328185735478013,0.0,0.9999999999999999,0.9999999999999999,0.03459150590453618,5.1887258856804264e-05
2023-02,trend,JCI,0.1535795241347533,0.0,0.9999999999999999,0.9999999999999999,0.03459150590453618,5.1887258856804264e-05
2023-02,trend,TT,0.19647908068390119,0.0,0.9999999999999999,0.9999999999999999,0.03459150590453618,5.1887258856804264e-05
2023-02,trend,SPXC,0.1541878186160889,0.0,0.9999999999999999,0.9999999999999999,0.03459150590453618,5.1887258856804264e-05
2023-02,trend,XLI_HEDGE,0.0,-0.0,0.9999999999999999,0.9999999999999999,0.03459150590453618,5.1887258856804264e-05
2023-02,drawdown,MOD,0.07778294028384253,0.0,0.9999999999999999,0.9999999999999999,0.03459150590453618,5.1887258856804264e-05
2023-02,drawdown,AAON,0.14604553358421493,0.0,0.9999999999999999,0.9999999999999999,0.03459150590453618,5.1887258856804264e-05
2023-02,drawdown,VRT,0.06864324534241895,0.0,0.9999999999999999,0.9999999999999999,0.03459150590453618,5.1887258856804264e-05
2023-02,drawdown,NVT,0.20328185735478013,0.0,0.9999999999999999,0.9999999999999999,0.03459150590453618,5.1887258856804264e-05
2023-02,drawdown,JCI,0.1535795241347533,0.0,0.9999999999999999,0.9999999999999999,0.03459150590453618,5.1887258856804264e-05
2023-02,drawdown,TT,0.19647908068390119,0.0,0.9999999999999999,0.9999999999999999,0.03459150590453618,5.1887258856804264e-05
2023-02,drawdown,SPXC,0.1541878186160889,0.0,0.9999999999999999,0.9999999999999999,0.03459150590453618,5.1887258856804264e-05
2023-02,drawdown,XLI_HEDGE,0.0,-0.0,0.9999999999999999,0.9999999999999999,0.03459150590453618,5.1887258856804264e-05
2023-02,tail_budget,MOD,0.05300886119367554,0.0,0.6814972666273302,0.6814972666273302,0.02357401672246457,3.5361025083696854e-05
2023-02,tail_budget,AAON,0.09952963194077244,0.0,0.6814972666273302,0.6814972666273302,0.02357401672246457,3.5361025083696854e-05
2023-02,tail_budget,VRT,0.046780184073287726,0.0,0.6814972666273302,0.6814972666273302,0.02357401672246457,3.5361025083696854e-05
2023-02,tail_budget,NVT,0.1385360301422095,0.0,0.6814972666273302,0.6814972666273302,0.02357401672246457,3.5361025083696854e-05
2023-02,tail_budget,JCI,0.10466402590776046,0.0,0.6814972666273302,0.6814972666273302,0.02357401672246457,3.5361025083696854e-05
2023-02,tail_budget,TT,0.13389995643552935,0.0,0.6814972666273302,0.6814972666273302,0.02357401672246457,3.5361025083696854e-05
2023-02,tail_budget,SPXC,0.10507857693409517,0.0,0.6814972666273302,0.6814972666273302,0.02357401672246457,3.5361025083696854e-05
2023-02,tail_budget,XLI_HEDGE,0.0,-0.0,0.6814972666273302,0.6814972666273302,0.02357401672246457,3.5361025083696854e-05
2023-02,combined,MOD,0.043101023487488704,0.0,0.5541192365601776,0.3942160165509012,0.04787634150247218,7.181451225370827e-05
2023-02,combined,AAON,0.08092663957270896,0.0,0.5541192365601776,0.3942160165509012,0.04787634150247218,7.181451225370827e-05
2023-02,combined,VRT,0.03803654270415415,0.0,0.5541192365601776,0.3942160165509012,0.04787634150247218,7.181451225370827e-05
2023-02,combined,NVT,0.1126423876039657,0.0,0.5541192365601776,0.3942160165509012,0.04787634150247218,7.181451225370827e-05
2023-02,combined,JCI,0.08510136866482486,0.0,0.5541192365601776,0.3942160165509012,0.04787634150247218,7.181451225370827e-05
2023-02,combined,TT,0.10887283818860886,0.0,0.5541192365601776,0.3942160165509012,0.04787634150247218,7.181451225370827e-05
2023-02,combined,SPXC,0.08543843633842632,0.0,0.5541192365601776,0.3942160165509012,0.04787634150247218,7.181451225370827e-05
2023-02,combined,XLI_HEDGE,0.0,-0.15990322000927634,0.5541192365601776,0.3942160165509012,0.04787634150247218,7.181451225370827e-05
2023-02,confirmed,MOD,0.0,0.0,0.0,0.0,0.0,0.0
2023-02,confirmed,AAON,0.0,0.0,0.0,0.0,0.0,0.0
2023-02,confirmed,VRT,0.0,0.0,0.0,0.0,0.0,0.0
2023-02,confirmed,NVT,0.0,0.0,0.0,0.0,0.0,0.0
2023-02,confirmed,JCI,0.0,0.0,0.0,0.0,0.0,0.0
2023-02,confirmed,TT,0.0,0.0,0.0,0.0,0.0,0.0
2023-02,confirmed,SPXC,0.0,0.0,0.0,0.0,0.0,0.0
2023-02,confirmed,XLI_HEDGE,0.0,-0.0,0.0,0.0,0.0,0.0
2023-02,core_signal,MOD,0.036635869964365395,0.0,0.47100135107615093,0.33508361406826603,0.04069489027710136,6.104233541565204e-05
2023-02,core_signal,AAON,0.0687876436368026,0.0,0.47100135107615093,0.33508361406826603,0.04069489027710136,6.104233541565204e-05
2023-02,core_signal,VRT,0.03233106129853103,0.0,0.47100135107615093,0.33508361406826603,0.04069489027710136,6.104233541565204e-05
2023-02,core_signal,NVT,0.09574602946337084,0.0,0.47100135107615093,0.33508361406826603,0.04069489027710136,6.104233541565204e-05
2023-02,core_signal,JCI,0.07233616336510112,0.0,0.47100135107615093,0.33508361406826603,0.04069489027710136,6.104233541565204e-05
2023-02,core_signal,TT,0.09254191246031754,0.0,0.47100135107615093,0.33508361406826603,0.04069489027710136,6.104233541565204e-05
2023-02,core_signal,SPXC,0.07262267088766237,0.0,0.47100135107615093,0.33508361406826603,0.04069489027710136,6.104233541565204e-05
2023-02,core_signal,XLI_HEDGE,0.0,-0.1359177370078849,0.47100135107615093,0.33508361406826603,0.04069489027710136,6.104233541565204e-05
2023-03,basic,MOD,0.14285714285714285,0.0,0.9999999999999998,0.9999999999999998,0.0,0.0
2023-03,basic,AAON,0.14285714285714285,0.0,0.9999999999999998,0.9999999999999998,0.0,0.0
2023-03,basic,VRT,0.14285714285714285,0.0,0.9999999999999998,0.9999999999999998,0.0,0.0
2023-03,basic,NVT,0.14285714285714285,0.0,0.9999999999999998,0.9999999999999998,0.0,0.0
2023-03,basic,JCI,0.14285714285714285,0.0,0.9999999999999998,0.9999999999999998,0.0,0.0
2023-03,basic,TT,0.14285714285714285,0.0,0.9999999999999998,0.9999999999999998,0.0,0.0
2023-03,basic,SPXC,0.14285714285714285,0.0,0.9999999999999998,0.9999999999999998,0.0,0.0
2023-03,basic,XLI_HEDGE,0.0,-0.0,0.9999999999999998,0.9999999999999998,0.0,0.0
2023-03,inverse_vol,MOD,0.07705750200899258,0.0,1.0,1.0,0.05949402860556692,8.924104290835038e-05
2023-03,inverse_vol,AAON,0.14007436747553703,0.0,1.0,1.0,0.05949402860556692,8.924104290835038e-05
2023-03,inverse_vol,VRT,0.07719042807454572,0.0,1.0,1.0,0.05949402860556692,8.924104290835038e-05
2023-03,inverse_vol,NVT,0.1838153835910644,0.0,1.0,1.0,0.05949402860556692,8.924104290835038e-05
2023-03,inverse_vol,JCI,0.1539951442717126,0.0,1.0,1.0,0.05949402860556692,8.924104290835038e-05
2023-03,inverse_vol,TT,0.21726329211759865,0.0,1.0,1.0,0.05949402860556692,8.924104290835038e-05
2023-03,inverse_vol,SPXC,0.15060388246054912,0.0,1.0,1.0,0.05949402860556692,8.924104290835038e-05
2023-03,inverse_vol,XLI_HEDGE,0.0,-0.0,1.0,1.0,0.05949402860556692,8.924104290835038e-05
2023-03,vol_target,MOD,0.04521027182101661,0.0,0.5867082456908685,0.5867082456908685,0.04218178186320746,6.327267279481118e-05
2023-03,vol_target,AAON,0.08218278640783037,0.0,0.5867082456908685,0.5867082456908685,0.04218178186320746,6.327267279481118e-05
2023-03,vol_target,VRT,0.04528826063974388,0.0,0.5867082456908685,0.5867082456908685,0.04218178186320746,6.327267279481118e-05
2023-03,vol_target,NVT,0.10784600123770743,0.0,0.5867082456908685,0.5867082456908685,0.04218178186320746,6.327267279481118e-05
2023-03,vol_target,JCI,0.09035022094056869,0.0,0.5867082456908685,0.5867082456908685,0.04218178186320746,6.327267279481118e-05
2023-03,vol_target,TT,0.12747016497133898,0.0,0.5867082456908685,0.5867082456908685,0.04218178186320746,6.327267279481118e-05
2023-03,vol_target,SPXC,0.08836053967266252,0.0,0.5867082456908685,0.5867082456908685,0.04218178186320746,6.327267279481118e-05
2023-03,vol_target,XLI_HEDGE,0.0,-0.0,0.5867082456908685,0.5867082456908685,0.04218178186320746,6.327267279481118e-05
2023-03,trend,MOD,0.03852875100449629,0.0,0.5,0.5,0.4999999999999999,0.0007499999999999998
2023-03,trend,AAON,0.07003718373776852,0.0,0.5,0.5,0.4999999999999999,0.0007499999999999998
2023-03,trend,VRT,0.03859521403727286,0.0,0.5,0.5,0.4999999999999999,0.0007499999999999998
2023-03,trend,NVT,0.0919076917955322,0.0,0.5,0.5,0.4999999999999999,0.0007499999999999998
2023-03,trend,JCI,0.0769975721358563,0.0,0.5,0.5,0.4999999999999999,0.0007499999999999998
2023-03,trend,TT,0.10863164605879932,0.0,0.5,0.5,0.4999999999999999,0.0007499999999999998
2023-03,trend,SPXC,0.07530194123027456,0.0,0.5,0.5,0.4999999999999999,0.0007499999999999998
2023-03,trend,XLI_HEDGE,0.0,-0.0,0.5,0.5,0.4999999999999999,0.0007499999999999998
2023-03,drawdown,MOD,0.07705750200899258,0.0,1.0,1.0,0.05949402860556692,8.924104290835038e-05
2023-03,drawdown,AAON,0.14007436747553703,0.0,1.0,1.0,0.05949402860556692,8.924104290835038e-05
2023-03,drawdown,VRT,0.07719042807454572,0.0,1.0,1.0,0.05949402860556692,8.924104290835038e-05
2023-03,drawdown,NVT,0.1838153835910644,0.0,1.0,1.0,0.05949402860556692,8.924104290835038e-05
2023-03,drawdown,JCI,0.1539951442717126,0.0,1.0,1.0,0.05949402860556692,8.924104290835038e-05
2023-03,drawdown,TT,0.21726329211759865,0.0,1.0,1.0,0.05949402860556692,8.924104290835038e-05
2023-03,drawdown,SPXC,0.15060388246054912,0.0,1.0,1.0,0.05949402860556692,8.924104290835038e-05
2023-03,drawdown,XLI_HEDGE,0.0,-0.0,1.0,1.0,0.05949402860556692,8.924104290835038e-05
2023-03,tail_budget,MOD,0.05563475380567038,0.0,0.721990102912729,0.721990102912729,0.052139121138107224,7.820868170716083e-05
2023-03,tail_budget,AAON,0.1011323069890984,0.0,0.721990102912729,0.721990102912729,0.052139121138107224,7.820868170716083e-05
2023-03,tail_budget,VRT,0.05573072510941887,0.0,0.721990102912729,0.721990102912729,0.052139121138107224,7.820868170716083e-05
2023-03,tail_budget,NVT,0.13271288771585535,0.0,0.721990102912729,0.721990102912729,0.052139121138107224,7.820868170716083e-05
2023-03,tail_budget,JCI,0.11118297006079433,0.0,0.721990102912729,0.721990102912729,0.052139121138107224,7.820868170716083e-05
2023-03,tail_budget,TT,0.15686194663514336,0.0,0.721990102912729,0.721990102912729,0.052139121138107224,7.820868170716083e-05
2023-03,tail_budget,SPXC,0.1087345125967484,0.0,0.721990102912729,0.721990102912729,0.052139121138107224,7.820868170716083e-05
2023-03,tail_budget,XLI_HEDGE,0.0,-0.0,0.721990102912729,0.721990102912729,0.052139121138107224,7.820868170716083e-05
2023-03,combined,MOD,0.03852875100449629,0.0,0.5,0.21332475490493358,0.182008604312205,0.00027301290646830753
2023-03,combined,AAON,0.07003718373776852,0.0,0.5,0.21332475490493358,0.182008604312205,0.00027301290646830753
2023-03,combined,VRT,0.03859521403727286,0.0,0.5,0.21332475490493358,0.182008604312205,0.00027301290646830753
2023-03,combined,NVT,0.0919076917955322,0.0,0.5,0.21332475490493358,0.182008604312205,0.00027301290646830753
2023-03,combined,JCI,0.0769975721358563,0.0,0.5,0.21332475490493358,0.182008604312205,0.00027301290646830753
2023-03,combined,TT,0.10863164605879932,0.0,0.5,0.21332475490493358,0.182008604312205,0.00027301290646830753
2023-03,combined,SPXC,0.07530194123027456,0.0,0.5,0.21332475490493358,0.182008604312205,0.00027301290646830753
2023-03,combined,XLI_HEDGE,0.0,-0.2866752450950664,0.5,0.21332475490493358,0.182008604312205,0.00027301290646830753
2023-03,confirmed,MOD,0.0,0.0,0.0,0.0,0.0,0.0
2023-03,confirmed,AAON,0.0,0.0,0.0,0.0,0.0,0.0
2023-03,confirmed,VRT,0.0,0.0,0.0,0.0,0.0,0.0
2023-03,confirmed,NVT,0.0,0.0,0.0,0.0,0.0,0.0
2023-03,confirmed,JCI,0.0,0.0,0.0,0.0,0.0,0.0
2023-03,confirmed,TT,0.0,0.0,0.0,0.0,0.0,0.0
2023-03,confirmed,SPXC,0.0,0.0,0.0,0.0,0.0,0.0
2023-03,confirmed,XLI_HEDGE,0.0,-0.0,0.0,0.0,0.0,0.0
2023-03,core_signal,MOD,0.032749438353821846,0.0,0.42500000000000004,0.18132604166919356,0.15470731366537427,0.00023206097049806141
2023-03,core_signal,AAON,0.059531606177103236,0.0,0.42500000000000004,0.18132604166919356,0.15470731366537427,0.00023206097049806141
2023-03,core_signal,VRT,0.03280593193168193,0.0,0.42500000000000004,0.18132604166919356,0.15470731366537427,0.00023206097049806141
2023-03,core_signal,NVT,0.07812153802620236,0.0,0.42500000000000004,0.18132604166919356,0.15470731366537427,0.00023206097049806141
2023-03,core_signal,JCI,0.06544793631547785,0.0,0.42500000000000004,0.18132604166919356,0.15470731366537427,0.00023206097049806141
2023-03,core_signal,TT,0.09233689914997942,0.0,0.42500000000000004,0.18132604166919356,0.15470731366537427,0.00023206097049806141
2023-03,core_signal,SPXC,0.06400665004573337,0.0,0.42500000000000004,0.18132604166919356,0.15470731366537427,0.00023206097049806141
2023-03,core_signal,XLI_HEDGE,0.0,-0.24367395833080646,0.42500000000000004,0.18132604166919356,0.15470731366537427,0.00023206097049806141
2023-04,basic,MOD,0.14285714285714285,0.0,0.9999999999999998,0.9999999999999998,0.0,0.0
2023-04,basic,AAON,0.14285714285714285,0.0,0.9999999999999998,0.9999999999999998,0.0,0.0
2023-04,basic,VRT,0.14285714285714285,0.0,0.9999999999999998,0.9999999999999998,0.0,0.0
2023-04,basic,NVT,0.14285714285714285,0.0,0.9999999999999998,0.9999999999999998,0.0,0.0
2023-04,basic,JCI,0.14285714285714285,0.0,0.9999999999999998,0.9999999999999998,0.0,0.0
2023-04,basic,TT,0.14285714285714285,0.0,0.9999999999999998,0.9999999999999998,0.0,0.0
2023-04,basic,SPXC,0.14285714285714285,0.0,0.9999999999999998,0.9999999999999998,0.0,0.0
2023-04,basic,XLI_HEDGE,0.0,-0.0,0.9999999999999998,0.9999999999999998,0.0,0.0
2023-04,inverse_vol,MOD,0.0787277713409279,0.0,1.0000000000000002,1.0000000000000002,0.018055379221492834,2.7083068832239253e-05
2023-04,inverse_vol,AAON,0.14480406392031595,0.0,1.0000000000000002,1.0000000000000002,0.018055379221492834,2.7083068832239253e-05
2023-04,inverse_vol,VRT,0.07589167888349858,0.0,1.0000000000000002,1.0000000000000002,0.018055379221492834,2.7083068832239253e-05
2023-04,inverse_vol,NVT,0.17661455359986855,0.0,1.0000000000000002,1.0000000000000002,0.018055379221492834,2.7083068832239253e-05
2023-04,inverse_vol,JCI,0.15346703384320917,0.0,1.0000000000000002,1.0000000000000002,0.018055379221492834,2.7083068832239253e-05
2023-04,inverse_vol,TT,0.21804164601513037,0.0,1.0000000000000002,1.0000000000000002,0.018055379221492834,2.7083068832239253e-05
2023-04,inverse_vol,SPXC,0.1524532523970496,0.0,1.0000000000000002,1.0000000000000002,0.018055379221492834,2.7083068832239253e-05
2023-04,inverse_vol,XLI_HEDGE,0.0,-0.0,1.0000000000000002,1.0000000000000002,0.018055379221492834,2.7083068832239253e-05
2023-04,vol_target,MOD,0.0459527442060612,0.0,0.5836916684338038,0.5836916684338038,0.010428107697044164,1.5642161545566248e-05
2023-04,vol_target,AAON,0.08452092566564437,0.0,0.5836916684338038,0.5836916684338038,0.010428107697044164,1.5642161545566248e-05
2023-04,vol_target,VRT,0.04429734066775176,0.0,0.5836916684338038,0.5836916684338038,0.010428107697044164,1.5642161545566248e-05
2023-04,vol_target,NVT,0.10308844346039873,0.0,0.5836916684338038,0.5836916684338038,0.010428107697044164,1.5642161545566248e-05
2023-04,vol_target,JCI,0.08957742903352978,0.0,0.5836916684338038,0.5836916684338038,0.010428107697044164,1.5642161545566248e-05
2023-04,vol_target,TT,0.12726909215062426,0.0,0.5836916684338038,0.5836916684338038,0.010428107697044164,1.5642161545566248e-05
2023-04,vol_target,SPXC,0.08898569324979366,0.0,0.5836916684338038,0.5836916684338038,0.010428107697044164,1.5642161545566248e-05
2023-04,vol_target,XLI_HEDGE,0.0,-0.0,0.5836916684338038,0.5836916684338038,0.010428107697044164,1.5642161545566248e-05
2023-04,trend,MOD,0.0787277713409279,0.0,1.0000000000000002,1.0000000000000002,0.5,0.00075
2023-04,trend,AAON,0.14480406392031595,0.0,1.0000000000000002,1.0000000000000002,0.5,0.00075
2023-04,trend,VRT,0.07589167888349858,0.0,1.0000000000000002,1.0000000000000002,0.5,0.00075
2023-04,trend,NVT,0.17661455359986855,0.0,1.0000000000000002,1.0000000000000002,0.5,0.00075
2023-04,trend,JCI,0.15346703384320917,0.0,1.0000000000000002,1.0000000000000002,0.5,0.00075
2023-04,trend,TT,0.21804164601513037,0.0,1.0000000000000002,1.0000000000000002,0.5,0.00075
2023-04,trend,SPXC,0.1524532523970496,0.0,1.0000000000000002,1.0000000000000002,0.5,0.00075
2023-04,trend,XLI_HEDGE,0.0,-0.0,1.0000000000000002,1.0000000000000002,0.5,0.00075
2023-04,drawdown,MOD,0.0787277713409279,0.0,1.0000000000000002,1.0000000000000002,0.018055379221492834,2.7083068832239253e-05
2023-04,drawdown,AAON,0.14480406392031595,0.0,1.0000000000000002,1.0000000000000002,0.018055379221492834,2.7083068832239253e-05
2023-04,drawdown,VRT,0.07589167888349858,0.0,1.0000000000000002,1.0000000000000002,0.018055379221492834,2.7083068832239253e-05
2023-04,drawdown,NVT,0.17661455359986855,0.0,1.0000000000000002,1.0000000000000002,0.018055379221492834,2.7083068832239253e-05
2023-04,drawdown,JCI,0.15346703384320917,0.0,1.0000000000000002,1.0000000000000002,0.018055379221492834,2.7083068832239253e-05
2023-04,drawdown,TT,0.21804164601513037,0.0,1.0000000000000002,1.0000000000000002,0.018055379221492834,2.7083068832239253e-05
2023-04,drawdown,SPXC,0.1524532523970496,0.0,1.0000000000000002,1.0000000000000002,0.018055379221492834,2.7083068832239253e-05
2023-04,drawdown,XLI_HEDGE,0.0,-0.0,1.0000000000000002,1.0000000000000002,0.018055379221492834,2.7083068832239253e-05
2023-04,tail_budget,MOD,0.056840671732526334,0.0,0.721990102912729,0.721990102912729,0.01303580510225398,1.9553707653380973e-05
2023-04,tail_budget,AAON,0.1045471010120103,0.0,0.721990102912729,0.721990102912729,0.01303580510225398,1.9553707653380973e-05
2023-04,tail_budget,VRT,0.05479304104731693,0.0,0.721990102912729,0.721990102912729,0.01303580510225398,1.9553707653380973e-05
2023-04,tail_budget,NVT,0.12751395972945478,0.0,0.721990102912729,0.721990102912729,0.01303580510225398,1.9553707653380973e-05
2023-04,tail_budget,JCI,0.11080167955816986,0.0,0.721990102912729,0.721990102912729,0.01303580510225398,1.9553707653380973e-05
2023-04,tail_budget,TT,0.15742391044572482,0.0,0.721990102912729,0.721990102912729,0.01303580510225398,1.9553707653380973e-05
2023-04,tail_budget,SPXC,0.1100697393875261,0.0,0.721990102912729,0.721990102912729,0.01303580510225398,1.9553707653380973e-05
2023-04,tail_budget,XLI_HEDGE,0.0,-0.0,0.721990102912729,0.721990102912729,0.01303580510225398,1.9553707653380973e-05
2023-04,combined,MOD,0.0459527442060612,0.0,0.5836916684338038,0.4077170172291266,0.19439226232419296,0.00029158839348628946
2023-04,combined,AAON,0.08452092566564437,0.0,0.5836916684338038,0.4077170172291266,0.19439226232419296,0.00029158839348628946
2023-04,combined,VRT,0.04429734066775176,0.0,0.5836916684338038,0.4077170172291266,0.19439226232419296,0.00029158839348628946
2023-04,combined,NVT,0.10308844346039873,0.0,0.5836916684338038,0.4077170172291266,0.19439226232419296,0.00029158839348628946
2023-04,combined,JCI,0.08957742903352978,0.0,0.5836916684338038,0.4077170172291266,0.19439226232419296,0.00029158839348628946
2023-04,combined,TT,0.12726909215062426,0.0,0.5836916684338038,0.4077170172291266,0.19439226232419296,0.00029158839348628946
2023-04,combined,SPXC,0.08898569324979366,0.0,0.5836916684338038,0.4077170172291266,0.19439226232419296,0.00029158839348628946
2023-04,combined,XLI_HEDGE,0.0,-0.1759746512046772,0.5836916684338038,0.4077170172291266,0.19439226232419296,0.00029158839348628946
2023-04,confirmed,MOD,0.0,0.0,0.0,0.0,0.0,0.0
2023-04,confirmed,AAON,0.0,0.0,0.0,0.0,0.0,0.0
2023-04,confirmed,VRT,0.0,0.0,0.0,0.0,0.0,0.0
2023-04,confirmed,NVT,0.0,0.0,0.0,0.0,0.0,0.0
2023-04,confirmed,JCI,0.0,0.0,0.0,0.0,0.0,0.0
2023-04,confirmed,TT,0.0,0.0,0.0,0.0,0.0,0.0
2023-04,confirmed,SPXC,0.0,0.0,0.0,0.0,0.0,0.0
2023-04,confirmed,XLI_HEDGE,0.0,-0.0,0.0,0.0,0.0,0.0
2023-04,core_signal,MOD,0.03905983257515202,0.0,0.49613791816873315,0.34655946464475756,0.165233422975564,0.00024785013446334604
2023-04,core_signal,AAON,0.07184278681579771,0.0,0.49613791816873315,0.34655946464475756,0.165233422975564,0.00024785013446334604
2023-04,core_signal,VRT,0.037652739567588994,0.0,0.49613791816873315,0.34655946464475756,0.165233422975564,0.00024785013446334604
2023-04,core_signal,NVT,0.08762517694133892,0.0,0.49613791816873315,0.34655946464475756,0.165233422975564,0.00024785013446334604
2023-04,core_signal,JCI,0.07614081467850031,0.0,0.49613791816873315,0.34655946464475756,0.165233422975564,0.00024785013446334604
2023-04,core_signal,TT,0.10817872832803062,0.0,0.49613791816873315,0.34655946464475756,0.165233422975564,0.00024785013446334604
2023-04,core_signal,SPXC,0.0756378392623246,0.0,0.49613791816873315,0.34655946464475756,0.165233422975564,0.00024785013446334604
2023-04,core_signal,XLI_HEDGE,0.0,-0.1495784535239756,0.49613791816873315,0.34655946464475756,0.165233422975564,0.00024785013446334604
2023-05,basic,MOD,0.14285714285714285,0.0,0.9999999999999998,0.9999999999999998,0.0,0.0
2023-05,basic,AAON,0.14285714285714285,0.0,0.9999999999999998,0.9999999999999998,0.0,0.0
2023-05,basic,VRT,0.14285714285714285,0.0,0.9999999999999998,0.9999999999999998,0.0,0.0
2023-05,basic,NVT,0.14285714285714285,0.0,0.9999999999999998,0.9999999999999998,0.0,0.0
2023-05,basic,JCI,0.14285714285714285,0.0,0.9999999999999998,0.9999999999999998,0.0,0.0
2023-05,basic,TT,0.14285714285714285,0.0,0.9999999999999998,0.9999999999999998,0.0,0.0
2023-05,basic,SPXC,0.14285714285714285,0.0,0.9999999999999998,0.9999999999999998,0.0,0.0
2023-05,basic,XLI_HEDGE,0.0,-0.0,0.9999999999999998,0.9999999999999998,0.0,0.0
2023-05,inverse_vol,MOD,0.07520541096163762,0.0,1.0,1.0,0.04104816270373779,6.157224405560668e-05
2023-05,inverse_vol,AAON,0.15476920731237628,0.0,1.0,1.0,0.04104816270373779,6.157224405560668e-05
2023-05,inverse_vol,VRT,0.0727569001831331,0.0,1.0,1.0,0.04104816270373779,6.157224405560668e-05
2023-05,inverse_vol,NVT,0.1669306649509684,0.0,1.0,1.0,0.04104816270373779,6.157224405560668e-05
2023-05,inverse_vol,JCI,0.14928398021989617,0.0,1.0,1.0,0.04104816270373779,6.157224405560668e-05
2023-05,inverse_vol,TT,0.2263959929054229,0.0,1.0,1.0,0.04104816270373779,6.157224405560668e-05
2023-05,inverse_vol,SPXC,0.1546578434665656,0.0,1.0,1.0,0.04104816270373779,6.157224405560668e-05
2023-05,inverse_vol,XLI_HEDGE,0.0,-0.0,1.0,1.0,0.04104816270373779,6.157224405560668e-05
2023-05,vol_target,MOD,0.04719783135568712,0.0,0.6275855786462334,0.6275855786462334,0.043893910212429575,6.584086531864437e-05
2023-05,vol_target,AAON,0.09713092252775651,0.0,0.6275855786462334,0.6275855786462334,0.043893910212429575,6.584086531864437e-05
2023-05,vol_target,VRT,0.04566118130193783,0.0,0.6275855786462334,0.6275855786462334,0.043893910212429575,6.584086531864437e-05
2023-05,vol_target,NVT,0.104763277957054,0.0,0.6275855786462334,0.6275855786462334,0.043893910212429575,6.584086531864437e-05
2023-05,vol_target,JCI,0.09368847310891638,0.0,0.6275855786462334,0.6275855786462334,0.043893910212429575,6.584086531864437e-05
2023-05,vol_target,TT,0.14208286021073835,0.0,0.6275855786462334,0.6275855786462334,0.043893910212429575,6.584086531864437e-05
2023-05,vol_target,SPXC,0.09706103218414315,0.0,0.6275855786462334,0.6275855786462334,0.043893910212429575,6.584086531864437e-05
2023-05,vol_target,XLI_HEDGE,0.0,-0.0,0.6275855786462334,0.6275855786462334,0.043893910212429575,6.584086531864437e-05
2023-05,trend,MOD,0.03760270548081881,0.0,0.5,0.5,0.5000000000000001,0.0007500000000000002
2023-05,trend,AAON,0.07738460365618814,0.0,0.5,0.5,0.5000000000000001,0.0007500000000000002
2023-05,trend,VRT,0.03637845009156655,0.0,0.5,0.5,0.5000000000000001,0.0007500000000000002
2023-05,trend,NVT,0.0834653324754842,0.0,0.5,0.5,0.5000000000000001,0.0007500000000000002
2023-05,trend,JCI,0.07464199010994808,0.0,0.5,0.5,0.5000000000000001,0.0007500000000000002
2023-05,trend,TT,0.11319799645271145,0.0,0.5,0.5,0.5000000000000001,0.0007500000000000002
2023-05,trend,SPXC,0.0773289217332828,0.0,0.5,0.5,0.5000000000000001,0.0007500000000000002
2023-05,trend,XLI_HEDGE,0.0,-0.0,0.5,0.5,0.5000000000000001,0.0007500000000000002
2023-05,drawdown,MOD,0.07520541096163762,0.0,1.0,1.0,0.04104816270373779,6.157224405560668e-05
2023-05,drawdown,AAON,0.15476920731237628,0.0,1.0,1.0,0.04104816270373779,6.157224405560668e-05
2023-05,drawdown,VRT,0.0727569001831331,0.0,1.0,1.0,0.04104816270373779,6.157224405560668e-05
2023-05,drawdown,NVT,0.1669306649509684,0.0,1.0,1.0,0.04104816270373779,6.157224405560668e-05
2023-05,drawdown,JCI,0.14928398021989617,0.0,1.0,1.0,0.04104816270373779,6.157224405560668e-05
2023-05,drawdown,TT,0.2263959929054229,0.0,1.0,1.0,0.04104816270373779,6.157224405560668e-05
2023-05,drawdown,SPXC,0.1546578434665656,0.0,1.0,1.0,0.04104816270373779,6.157224405560668e-05
2023-05,drawdown,XLI_HEDGE,0.0,-0.0,1.0,1.0,0.04104816270373779,6.157224405560668e-05
2023-05,tail_budget,MOD,0.05429756239978682,0.0,0.7219901029127291,0.7219901029127291,0.0296363672148501,4.445455082227515e-05
2023-05,tail_budget,AAON,0.11174183591518405,0.0,0.7219901029127291,0.7219901029127291,0.0296363672148501,4.445455082227515e-05
2023-05,tail_budget,VRT,0.05252976185083143,0.0,0.7219901029127291,0.7219901029127291,0.0296363672148501,4.445455082227515e-05
2023-05,tail_budget,NVT,0.12052228796723996,0.0,0.7219901029127291,0.7219901029127291,0.0296363672148501,4.445455082227515e-05
2023-05,tail_budget,JCI,0.10778155624218463,0.0,0.7219901029127291,0.7219901029127291,0.0296363672148501,4.445455082227515e-05
2023-05,tail_budget,TT,0.16345566621681576,0.0,0.7219901029127291,0.7219901029127291,0.0296363672148501,4.445455082227515e-05
2023-05,tail_budget,SPXC,0.11166143232068644,0.0,0.7219901029127291,0.7219901029127291,0.0296363672148501,4.445455082227515e-05
2023-05,tail_budget,XLI_HEDGE,0.0,-0.0,0.7219901029127291,0.7219901029127291,0.0296363672148501,4.445455082227515e-05
2023-05,combined,MOD,0.03760270548081881,0.0,0.5,0.19822221694237385,0.20949480028675266,0.000314242200430129
2023-05,combined,AAON,0.07738460365618814,0.0,0.5,0.19822221694237385,0.20949480028675266,0.000314242200430129
2023-05,combined,VRT,0.03637845009156655,0.0,0.5,0.19822221694237385,0.20949480028675266,0.000314242200430129
2023-05,combined,NVT,0.0834653324754842,0.0,0.5,0.19822221694237385,0.20949480028675266,0.000314242200430129
2023-05,combined,JCI,0.07464199010994808,0.0,0.5,0.19822221694237385,0.20949480028675266,0.000314242200430129
2023-05,combined,TT,0.11319799645271145,0.0,0.5,0.19822221694237385,0.20949480028675266,0.000314242200430129
2023-05,combined,SPXC,0.0773289217332828,0.0,0.5,0.19822221694237385,0.20949480028675266,0.000314242200430129
2023-05,combined,XLI_HEDGE,0.0,-0.30177778305762615,0.5,0.19822221694237385,0.20949480028675266,0.000314242200430129
2023-05,confirmed,MOD,0.0,0.0,0.0,0.0,0.0,0.0
2023-05,confirmed,AAON,0.0,0.0,0.0,0.0,0.0,0.0
2023-05,confirmed,VRT,0.0,0.0,0.0,0.0,0.0,0.0
2023-05,confirmed,NVT,0.0,0.0,0.0,0.0,0.0,0.0
2023-05,confirmed,JCI,0.0,0.0,0.0,0.0,0.0,0.0
2023-05,confirmed,TT,0.0,0.0,0.0,0.0,0.0,0.0
2023-05,confirmed,SPXC,0.0,0.0,0.0,0.0,0.0,0.0
2023-05,confirmed,XLI_HEDGE,0.0,-0.0,0.0,0.0,0.0,0.0
2023-05,core_signal,MOD,0.031962299658695986,0.0,0.425,0.16848888440101778,0.17807058024373978,0.0002671058703656097
2023-05,core_signal,AAON,0.06577691310775992,0.0,0.425,0.16848888440101778,0.17807058024373978,0.0002671058703656097
2023-05,core_signal,VRT,0.03092168257783157,0.0,0.425,0.16848888440101778,0.17807058024373978,0.0002671058703656097
2023-05,core_signal,NVT,0.07094553260416156,0.0,0.425,0.16848888440101778,0.17807058024373978,0.0002671058703656097
2023-05,core_signal,JCI,0.06344569159345587,0.0,0.425,0.16848888440101778,0.17807058024373978,0.0002671058703656097
2023-05,core_signal,TT,0.09621829698480473,0.0,0.425,0.16848888440101778,0.17807058024373978,0.0002671058703656097
2023-05,core_signal,SPXC,0.06572958347329039,0.0,0.425,0.16848888440101778,0.17807058024373978,0.0002671058703656097
2023-05,core_signal,XLI_HEDGE,0.0,-0.2565111155989822,0.425,0.16848888440101778,0.17807058024373978,0.0002671058703656097
2023-06,basic,MOD,0.14285714285714285,0.0,0.9999999999999998,0.9999999999999998,0.0,0.0
2023-06,basic,AAON,0.14285714285714285,0.0,0.9999999999999998,0.9999999999999998,0.0,0.0
2023-06,basic,VRT,0.14285714285714285,0.0,0.9999999999999998,0.9999999999999998,0.0,0.0
2023-06,basic,NVT,0.14285714285714285,0.0,0.9999999999999998,0.9999999999999998,0.0,0.0
2023-06,basic,JCI,0.14285714285714285,0.0,0.9999999999999998,0.9999999999999998,0.0,0.0
2023-06,basic,TT,0.14285714285714285,0.0,0.9999999999999998,0.9999999999999998,0.0,0.0
2023-06,basic,SPXC,0.14285714285714285,0.0,0.9999999999999998,0.9999999999999998,0.0,0.0
2023-06,basic,XLI_HEDGE,0.0,-0.0,0.9999999999999998,0.9999999999999998,0.0,0.0
2023-06,inverse_vol,MOD,0.08967089321630498,0.0,1.0,1.0,0.07606723518218346,0.0001141008527732752
2023-06,inverse_vol,AAON,0.1432540559624616,0.0,1.0,1.0,0.07606723518218346,0.0001141008527732752
2023-06,inverse_vol,VRT,0.07312638992976414,0.0,1.0,1.0,0.07606723518218346,0.0001141008527732752
2023-06,inverse_vol,NVT,0.17299034409847835,0.0,1.0,1.0,0.07606723518218346,0.0001141008527732752
2023-06,inverse_vol,JCI,0.16077380681502396,0.0,1.0,1.0,0.07606723518218346,0.0001141008527732752
2023-06,inverse_vol,TT,0.19987752666424582,0.0,1.0,1.0,0.07606723518218346,0.0001141008527732752
2023-06,inverse_vol,SPXC,0.16030698331372117,0.0,1.0,1.0,0.07606723518218346,0.0001141008527732752
2023-06,inverse_vol,XLI_HEDGE,0.0,-0.0,1.0,1.0,0.07606723518218346,0.0001141008527732752
2023-06,vol_target,MOD,0.057160822648263145,0.0,0.6374512464192732,0.6374512464192732,0.05083392318760462,7.625088478140694e-05
2023-06,vol_target,AAON,0.09131747652788745,0.0,0.6374512464192732,0.6374512464192732,0.05083392318760462,7.625088478140694e-05
2023-06,vol_target,VRT,0.04661450840686993,0.0,0.6374512464192732,0.6374512464192732,0.05083392318760462,7.625088478140694e-05
2023-06,vol_target,NVT,0.11027291046407398,0.0,0.6374512464192732,0.6374512464192732,0.05083392318760462,7.625088478140694e-05
2023-06,vol_target,JCI,0.10248546354580844,0.0,0.6374512464192732,0.6374512464192732,0.05083392318760462,7.625088478140694e-05
2023-06,vol_target,TT,0.12741217850332498,0.0,0.6374512464192732,0.6374512464192732,0.05083392318760462,7.625088478140694e-05
2023-06,vol_target,SPXC,0.10218788632304518,0.0,0.6374512464192732,0.6374512464192732,0.05083392318760462,7.625088478140694e-05
2023-06,vol_target,XLI_HEDGE,0.0,-0.0,0.6374512464192732,0.6374512464192732,0.05083392318760462,7.625088478140694e-05
2023-06,trend,MOD,0.04483544660815249,0.0,0.5,0.5,0.03803361759109173,5.70504263866376e-05
2023-06,trend,AAON,0.0716270279812308,0.0,0.5,0.5,0.03803361759109173,5.70504263866376e-05
2023-06,trend,VRT,0.03656319496488207,0.0,0.5,0.5,0.03803361759109173,5.70504263866376e-05
2023-06,trend,NVT,0.08649517204923918,0.0,0.5,0.5,0.03803361759109173,5.70504263866376e-05
2023-06,trend,JCI,0.08038690340751198,0.0,0.5,0.5,0.03803361759109173,5.70504263866376e-05
2023-06,trend,TT,0.09993876333212291,0.0,0.5,0.5,0.03803361759109173,5.70504263866376e-05
2023-06,trend,SPXC,0.08015349165686059,0.0,0.5,0.5,0.03803361759109173,5.70504263866376e-05
2023-06,trend,XLI_HEDGE,0.0,-0.0,0.5,0.5,0.03803361759109173,5.70504263866376e-05
2023-06,drawdown,MOD,0.08967089321630498,0.0,1.0,1.0,0.07606723518218346,0.0001141008527732752
2023-06,drawdown,AAON,0.1432540559624616,0.0,1.0,1.0,0.07606723518218346,0.0001141008527732752
2023-06,drawdown,VRT,0.07312638992976414,0.0,1.0,1.0,0.07606723518218346,0.0001141008527732752
2023-06,drawdown,NVT,0.17299034409847835,0.0,1.0,1.0,0.07606723518218346,0.0001141008527732752
2023-06,drawdown,JCI,0.16077380681502396,0.0,1.0,1.0,0.07606723518218346,0.0001141008527732752
2023-06,drawdown,TT,0.19987752666424582,0.0,1.0,1.0,0.07606723518218346,0.0001141008527732752
2023-06,drawdown,SPXC,0.16030698331372117,0.0,1.0,1.0,0.07606723518218346,0.0001141008527732752
2023-06,drawdown,XLI_HEDGE,0.0,-0.0,1.0,1.0,0.07606723518218346,0.0001141008527732752
2023-06,tail_budget,MOD,0.06474149742151636,0.0,0.7219901029127291,0.7219901029127291,0.054919790957471404,8.23796864362071e-05
2023-06,tail_budget,AAON,0.10342801060700349,0.0,0.7219901029127291,0.7219901029127291,0.054919790957471404,8.23796864362071e-05
2023-06,tail_budget,VRT,0.05279652979102677,0.0,0.7219901029127291,0.7219901029127291,0.054919790957471404,8.23796864362071e-05
2023-06,tail_budget,NVT,0.12489731633856879,0.0,0.7219901029127291,0.7219901029127291,0.054919790957471404,8.23796864362071e-05
2023-06,tail_budget,JCI,0.11607709732805035,0.0,0.7219901029127291,0.7219901029127291,0.054919790957471404,8.23796864362071e-05
2023-06,tail_budget,TT,0.1443095960462606,0.0,0.7219901029127291,0.7219901029127291,0.054919790957471404,8.23796864362071e-05
2023-06,tail_budget,SPXC,0.11574005538030269,0.0,0.7219901029127291,0.7219901029127291,0.054919790957471404,8.23796864362071e-05
2023-06,tail_budget,XLI_HEDGE,0.0,-0.0,0.7219901029127291,0.7219901029127291,0.054919790957471404,8.23796864362071e-05
2023-06,combined,MOD,0.04483544660815249,0.0,0.5,0.20054595270053388,0.04035735334925176,6.0536030023877635e-05
2023-06,combined,AAON,0.0716270279812308,0.0,0.5,0.20054595270053388,0.04035735334925176,6.0536030023877635e-05
2023-06,combined,VRT,0.03656319496488207,0.0,0.5,0.20054595270053388,0.04035735334925176,6.0536030023877635e-05
2023-06,combined,NVT,0.08649517204923918,0.0,0.5,0.20054595270053388,0.04035735334925176,6.0536030023877635e-05
2023-06,combined,JCI,0.08038690340751198,0.0,0.5,0.20054595270053388,0.04035735334925176,6.0536030023877635e-05
2023-06,combined,TT,0.09993876333212291,0.0,0.5,0.20054595270053388,0.04035735334925176,6.0536030023877635e-05
2023-06,combined,SPXC,0.08015349165686059,0.0,0.5,0.20054595270053388,0.04035735334925176,6.0536030023877635e-05
2023-06,combined,XLI_HEDGE,0.0,-0.2994540472994661,0.5,0.20054595270053388,0.04035735334925176,6.0536030023877635e-05
2023-06,confirmed,MOD,0.0,0.0,0.0,0.0,0.0,0.0
2023-06,confirmed,AAON,0.0,0.0,0.0,0.0,0.0,0.0
2023-06,confirmed,VRT,0.0,0.0,0.0,0.0,0.0,0.0
2023-06,confirmed,NVT,0.0,0.0,0.0,0.0,0.0,0.0
2023-06,confirmed,JCI,0.0,0.0,0.0,0.0,0.0,0.0
2023-06,confirmed,TT,0.0,0.0,0.0,0.0,0.0,0.0
2023-06,confirmed,SPXC,0.0,0.0,0.0,0.0,0.0,0.0
2023-06,confirmed,XLI_HEDGE,0.0,-0.0,0.0,0.0,0.0,0.0
2023-06,core_signal,MOD,0.03811012961692961,0.0,0.425,0.17046405979545382,0.034303750346864004,5.145562552029601e-05
2023-06,core_signal,AAON,0.06088297378404618,0.0,0.425,0.17046405979545382,0.034303750346864004,5.145562552029601e-05
2023-06,core_signal,VRT,0.03107871572014976,0.0,0.425,0.17046405979545382,0.034303750346864004,5.145562552029601e-05
2023-06,core_signal,NVT,0.0735208962418533,0.0,0.425,0.17046405979545382,0.034303750346864004,5.145562552029601e-05
2023-06,core_signal,JCI,0.06832886789638518,0.0,0.425,0.17046405979545382,0.034303750346864004,5.145562552029601e-05
2023-06,core_signal,TT,0.08494794883230447,0.0,0.425,0.17046405979545382,0.034303750346864004,5.145562552029601e-05
2023-06,core_signal,SPXC,0.0681304679083315,0.0,0.425,0.17046405979545382,0.034303750346864004,5.145562552029601e-05
2023-06,core_signal,XLI_HEDGE,0.0,-0.2545359402045462,0.425,0.17046405979545382,0.034303750346864004,5.145562552029601e-05
2023-07,basic,MOD,0.14285714285714285,0.0,0.9999999999999998,0.9999999999999998,0.0,0.0
2023-07,basic,AAON,0.14285714285714285,0.0,0.9999999999999998,0.9999999999999998,0.0,0.0
2023-07,basic,VRT,0.14285714285714285,0.0,0.9999999999999998,0.9999999999999998,0.0,0.0
2023-07,basic,NVT,0.14285714285714285,0.0,0.9999999999999998,0.9999999999999998,0.0,0.0
2023-07,basic,JCI,0.14285714285714285,0.0,0.9999999999999998,0.9999999999999998,0.0,0.0
2023-07,basic,TT,0.14285714285714285,0.0,0.9999999999999998,0.9999999999999998,0.0,0.0
2023-07,basic,SPXC,0.14285714285714285,0.0,0.9999999999999998,0.9999999999999998,0.0,0.0
2023-07,basic,XLI_HEDGE,0.0,-0.0,0.9999999999999998,0.9999999999999998,0.0,0.0
2023-07,inverse_vol,MOD,0.09458535220186529,0.0,1.0,1.0,0.037391224340022386,5.608683651003358e-05
2023-07,inverse_vol,AAON,0.1436670618105069,0.0,1.0,1.0,0.037391224340022386,5.608683651003358e-05
2023-07,inverse_vol,VRT,0.07992884041879218,0.0,1.0,1.0,0.037391224340022386,5.608683651003358e-05
2023-07,inverse_vol,NVT,0.1719066384368795,0.0,1.0,1.0,0.037391224340022386,5.608683651003358e-05
2023-07,inverse_vol,JCI,0.16733950366240152,0.0,1.0,1.0,0.037391224340022386,5.608683651003358e-05
2023-07,inverse_vol,TT,0.184501400255767,0.0,1.0,1.0,0.037391224340022386,5.608683651003358e-05
2023-07,inverse_vol,SPXC,0.15807120321378768,0.0,1.0,1.0,0.037391224340022386,5.608683651003358e-05
2023-07,inverse_vol,XLI_HEDGE,0.0,-0.0,1.0,1.0,0.037391224340022386,5.608683651003358e-05
2023-07,vol_target,MOD,0.06075693875119488,0.0,0.6423503992618925,0.6423503992618925,0.023995985265650888,3.599397789847633e-05
2023-07,vol_target,AAON,0.09228459451476208,0.0,0.6423503992618925,0.6423503992618925,0.023995985265650888,3.599397789847633e-05
2023-07,vol_target,VRT,0.05134232255555124,0.0,0.6423503992618925,0.6423503992618925,0.023995985265650888,3.599397789847633e-05
2023-07,vol_target,NVT,0.11042429783569933,0.0,0.6423503992618925,0.6423503992618925,0.023995985265650888,3.599397789847633e-05
2023-07,vol_target,JCI,0.10749059698983053,0.0,0.6423503992618925,0.6423503992618925,0.023995985265650888,3.599397789847633e-05
2023-07,vol_target,TT,0.11851454811867015,0.0,0.6423503992618925,0.6423503992618925,0.023995985265650888,3.599397789847633e-05
2023-07,vol_target,SPXC,0.10153710049618424,0.0,0.6423503992618925,0.6423503992618925,0.023995985265650888,3.599397789847633e-05
2023-07,vol_target,XLI_HEDGE,0.0,-0.0,0.6423503992618925,0.6423503992618925,0.023995985265650888,3.599397789847633e-05
2023-07,trend,MOD,0.09458535220186529,0.0,1.0,1.0,0.5,0.00075
2023-07,trend,AAON,0.1436670618105069,0.0,1.0,1.0,0.5,0.00075
2023-07,trend,VRT,0.07992884041879218,0.0,1.0,1.0,0.5,0.00075
2023-07,trend,NVT,0.1719066384368795,0.0,1.0,1.0,0.5,0.00075
2023-07,trend,JCI,0.16733950366240152,0.0,1.0,1.0,0.5,0.00075
2023-07,trend,TT,0.184501400255767,0.0,1.0,1.0,0.5,0.00075
2023-07,trend,SPXC,0.15807120321378768,0.0,1.0,1.0,0.5,0.00075
2023-07,trend,XLI_HEDGE,0.0,-0.0,1.0,1.0,0.5,0.00075
2023-07,drawdown,MOD,0.09458535220186529,0.0,1.0,1.0,0.037391224340022386,5.608683651003358e-05
2023-07,drawdown,AAON,0.1436670618105069,0.0,1.0,1.0,0.037391224340022386,5.608683651003358e-05
2023-07,drawdown,VRT,0.07992884041879218,0.0,1.0,1.0,0.037391224340022386,5.608683651003358e-05
2023-07,drawdown,NVT,0.1719066384368795,0.0,1.0,1.0,0.037391224340022386,5.608683651003358e-05
2023-07,drawdown,JCI,0.16733950366240152,0.0,1.0,1.0,0.037391224340022386,5.608683651003358e-05
2023-07,drawdown,TT,0.184501400255767,0.0,1.0,1.0,0.037391224340022386,5.608683651003358e-05
2023-07,drawdown,SPXC,0.15807120321378768,0.0,1.0,1.0,0.037391224340022386,5.608683651003358e-05
2023-07,drawdown,XLI_HEDGE,0.0,-0.0,1.0,1.0,0.037391224340022386,5.608683651003358e-05
2023-07,tail_budget,MOD,0.06828968817026144,0.0,0.721990102912729,0.721990102912729,0.02699609390928573,4.04941408639286e-05
2023-07,tail_budget,AAON,0.10372619674173728,0.0,0.721990102912729,0.721990102912729,0.02699609390928573,4.04941408639286e-05
2023-07,tail_budget,VRT,0.05770783171965886,0.0,0.721990102912729,0.721990102912729,0.02699609390928573,4.04941408639286e-05
2023-07,tail_budget,NVT,0.12411489157642393,0.0,0.721990102912729,0.721990102912729,0.02699609390928573,4.04941408639286e-05
2023-07,tail_budget,JCI,0.12081746547058227,0.0,0.721990102912729,0.721990102912729,0.02699609390928573,4.04941408639286e-05
2023-07,tail_budget,TT,0.13320818495820383,0.0,0.721990102912729,0.721990102912729,0.02699609390928573,4.04941408639286e-05
2023-07,tail_budget,SPXC,0.11412584427586146,0.0,0.721990102912729,0.721990102912729,0.02699609390928573,4.04941408639286e-05
2023-07,tail_budget,XLI_HEDGE,0.0,-0.0,0.721990102912729,0.721990102912729,0.02699609390928573,4.04941408639286e-05
2023-07,combined,MOD,0.06075693875119488,0.0,0.6423503992618925,0.4458415650223267,0.2452956123217927,0.00036794341848268906
2023-07,combined,AAON,0.09228459451476208,0.0,0.6423503992618925,0.4458415650223267,0.2452956123217927,0.00036794341848268906
2023-07,combined,VRT,0.05134232255555124,0.0,0.6423503992618925,0.4458415650223267,0.2452956123217927,0.00036794341848268906
2023-07,combined,NVT,0.11042429783569933,0.0,0.6423503992618925,0.4458415650223267,0.2452956123217927,0.00036794341848268906
2023-07,combined,JCI,0.10749059698983053,0.0,0.6423503992618925,0.4458415650223267,0.2452956123217927,0.00036794341848268906
2023-07,combined,TT,0.11851454811867015,0.0,0.6423503992618925,0.4458415650223267,0.2452956123217927,0.00036794341848268906
2023-07,combined,SPXC,0.10153710049618424,0.0,0.6423503992618925,0.4458415650223267,0.2452956123217927,0.00036794341848268906
2023-07,combined,XLI_HEDGE,0.0,-0.19650883423956583,0.6423503992618925,0.4458415650223267,0.2452956123217927,0.00036794341848268906
2023-07,confirmed,MOD,0.0,0.0,0.0,0.0,0.0,0.0
2023-07,confirmed,AAON,0.0,0.0,0.0,0.0,0.0,0.0
2023-07,confirmed,VRT,0.0,0.0,0.0,0.0,0.0,0.0
2023-07,confirmed,NVT,0.0,0.0,0.0,0.0,0.0,0.0
2023-07,confirmed,JCI,0.0,0.0,0.0,0.0,0.0,0.0
2023-07,confirmed,TT,0.0,0.0,0.0,0.0,0.0,0.0
2023-07,confirmed,SPXC,0.0,0.0,0.0,0.0,0.0,0.0
2023-07,confirmed,XLI_HEDGE,0.0,-0.0,0.0,0.0,0.0,0.0
2023-07,core_signal,MOD,0.05164339793851565,0.0,0.5459978393726086,0.3789653302689776,0.2085012704735238,0.0003127519057102857
2023-07,core_signal,AAON,0.07844190533754776,0.0,0.5459978393726086,0.3789653302689776,0.2085012704735238,0.0003127519057102857
2023-07,core_signal,VRT,0.04364097417221855,0.0,0.5459978393726086,0.3789653302689776,0.2085012704735238,0.0003127519057102857
2023-07,core_signal,NVT,0.09386065316034443,0.0,0.5459978393726086,0.3789653302689776,0.2085012704735238,0.0003127519057102857
2023-07,core_signal,JCI,0.09136700744135595,0.0,0.5459978393726086,0.3789653302689776,0.2085012704735238,0.0003127519057102857
2023-07,core_signal,TT,0.10073736590086962,0.0,0.5459978393726086,0.3789653302689776,0.2085012704735238,0.0003127519057102857
2023-07,core_signal,SPXC,0.0863065354217566,0.0,0.5459978393726086,0.3789653302689776,0.2085012704735238,0.0003127519057102857
2023-07,core_signal,XLI_HEDGE,0.0,-0.16703250910363096,0.5459978393726086,0.3789653302689776,0.2085012704735238,0.0003127519057102857
2023-08,basic,MOD,0.14285714285714285,0.0,0.9999999999999998,0.9999999999999998,0.0,0.0
2023-08,basic,AAON,0.14285714285714285,0.0,0.9999999999999998,0.9999999999999998,0.0,0.0
2023-08,basic,VRT,0.14285714285714285,0.0,0.9999999999999998,0.9999999999999998,0.0,0.0
2023-08,basic,NVT,0.14285714285714285,0.0,0.9999999999999998,0.9999999999999998,0.0,0.0
2023-08,basic,JCI,0.14285714285714285,0.0,0.9999999999999998,0.9999999999999998,0.0,0.0
2023-08,basic,TT,0.14285714285714285,0.0,0.9999999999999998,0.9999999999999998,0.0,0.0
2023-08,basic,SPXC,0.14285714285714285,0.0,0.9999999999999998,0.9999999999999998,0.0,0.0
2023-08,basic,XLI_HEDGE,0.0,-0.0,0.9999999999999998,0.9999999999999998,0.0,0.0
2023-08,inverse_vol,MOD,0.09366030015957458,0.0,0.9999999999999999,0.9999999999999999,0.02098673365278815,3.148010047918223e-05
2023-08,inverse_vol,AAON,0.13761601217960812,0.0,0.9999999999999999,0.9999999999999999,0.02098673365278815,3.148010047918223e-05
2023-08,inverse_vol,VRT,0.08498287689394926,0.0,0.9999999999999999,0.9999999999999999,0.02098673365278815,3.148010047918223e-05
2023-08,inverse_vol,NVT,0.17147778817064574,0.0,0.9999999999999999,0.9999999999999999,0.02098673365278815,3.148010047918223e-05
2023-08,inverse_vol,JCI,0.16865300054549767,0.0,0.9999999999999999,0.9999999999999999,0.02098673365278815,3.148010047918223e-05
2023-08,inverse_vol,TT,0.18862723372390777,0.0,0.9999999999999999,0.9999999999999999,0.02098673365278815,3.148010047918223e-05
2023-08,inverse_vol,SPXC,0.15498278832681678,0.0,0.9999999999999999,0.9999999999999999,0.02098673365278815,3.148010047918223e-05
2023-08,inverse_vol,XLI_HEDGE,0.0,-0.0,0.9999999999999999,0.9999999999999999,0.02098673365278815,3.148010047918223e-05
2023-08,vol_target,MOD,0.06468377136617627,0.0,0.6906210129155117,0.6906210129155117,0.048270613653619295,7.240592048042895e-05
2023-08,vol_target,AAON,0.09504050972487436,0.0,0.6906210129155117,0.6906210129155117,0.048270613653619295,7.240592048042895e-05
2023-08,vol_target,VRT,0.05869096052097348,0.0,0.6906210129155117,0.6906210129155117,0.048270613653619295,7.240592048042895e-05
2023-08,vol_target,NVT,0.11842616375892293,0.0,0.6906210129155117,0.6906210129155117,0.048270613653619295,7.240592048042895e-05
2023-08,vol_target,JCI,0.11647530606797196,0.0,0.6906210129155117,0.6906210129155117,0.048270613653619295,7.240592048042895e-05
2023-08,vol_target,TT,0.13026993121785618,0.0,0.6906210129155117,0.6906210129155117,0.048270613653619295,7.240592048042895e-05
2023-08,vol_target,SPXC,0.10703437025873656,0.0,0.6906210129155117,0.6906210129155117,0.048270613653619295,7.240592048042895e-05
2023-08,vol_target,XLI_HEDGE,0.0,-0.0,0.6906210129155117,0.6906210129155117,0.048270613653619295,7.240592048042895e-05
2023-08,trend,MOD,0.09366030015957458,0.0,0.9999999999999999,0.9999999999999999,0.02098673365278815,3.148010047918223e-05
2023-08,trend,AAON,0.13761601217960812,0.0,0.9999999999999999,0.9999999999999999,0.02098673365278815,3.148010047918223e-05
2023-08,trend,VRT,0.08498287689394926,0.0,0.9999999999999999,0.9999999999999999,0.02098673365278815,3.148010047918223e-05
2023-08,trend,NVT,0.17147778817064574,0.0,0.9999999999999999,0.9999999999999999,0.02098673365278815,3.148010047918223e-05
2023-08,trend,JCI,0.16865300054549767,0.0,0.9999999999999999,0.9999999999999999,0.02098673365278815,3.148010047918223e-05
2023-08,trend,TT,0.18862723372390777,0.0,0.9999999999999999,0.9999999999999999,0.02098673365278815,3.148010047918223e-05
2023-08,trend,SPXC,0.15498278832681678,0.0,0.9999999999999999,0.9999999999999999,0.02098673365278815,3.148010047918223e-05
2023-08,trend,XLI_HEDGE,0.0,-0.0,0.9999999999999999,0.9999999999999999,0.02098673365278815,3.148010047918223e-05
2023-08,drawdown,MOD,0.09366030015957458,0.0,0.9999999999999999,0.9999999999999999,0.02098673365278815,3.148010047918223e-05
2023-08,drawdown,AAON,0.13761601217960812,0.0,0.9999999999999999,0.9999999999999999,0.02098673365278815,3.148010047918223e-05
2023-08,drawdown,VRT,0.08498287689394926,0.0,0.9999999999999999,0.9999999999999999,0.02098673365278815,3.148010047918223e-05
2023-08,drawdown,NVT,0.17147778817064574,0.0,0.9999999999999999,0.9999999999999999,0.02098673365278815,3.148010047918223e-05
2023-08,drawdown,JCI,0.16865300054549767,0.0,0.9999999999999999,0.9999999999999999,0.02098673365278815,3.148010047918223e-05
2023-08,drawdown,TT,0.18862723372390777,0.0,0.9999999999999999,0.9999999999999999,0.02098673365278815,3.148010047918223e-05
2023-08,drawdown,SPXC,0.15498278832681678,0.0,0.9999999999999999,0.9999999999999999,0.02098673365278815,3.148010047918223e-05
2023-08,drawdown,XLI_HEDGE,0.0,-0.0,0.9999999999999999,0.9999999999999999,0.02098673365278815,3.148010047918223e-05
2023-08,tail_budget,MOD,0.06762180975104834,0.0,0.7219901029127288,0.7219901029127288,0.015152213989778555,2.2728320984667834e-05
2023-08,tail_budget,AAON,0.09935739879599463,0.0,0.7219901029127288,0.7219901029127288,0.015152213989778555,2.2728320984667834e-05
2023-08,tail_budget,VRT,0.06135679603448221,0.0,0.7219901029127288,0.7219901029127288,0.015152213989778555,2.2728320984667834e-05
2023-08,tail_budget,NVT,0.12380526592857166,0.0,0.7219901029127288,0.7219901029127288,0.015152213989778555,2.2728320984667834e-05
2023-08,tail_budget,JCI,0.12176579722038441,0.0,0.7219901029127288,0.7219901029127288,0.015152213989778555,2.2728320984667834e-05
2023-08,tail_budget,TT,0.13618699588846755,0.0,0.7219901029127288,0.7219901029127288,0.015152213989778555,2.2728320984667834e-05
2023-08,tail_budget,SPXC,0.11189603929378014,0.0,0.7219901029127288,0.7219901029127288,0.015152213989778555,2.2728320984667834e-05
2023-08,tail_budget,XLI_HEDGE,0.0,-0.0,0.7219901029127288,0.7219901029127288,0.015152213989778555,2.2728320984667834e-05
2023-08,combined,MOD,0.06468377136617627,0.0,0.6906210129155117,0.4786556732605798,0.06372711906898534,9.559067860347801e-05
2023-08,combined,AAON,0.09504050972487436,0.0,0.6906210129155117,0.4786556732605798,0.06372711906898534,9.559067860347801e-05
2023-08,combined,VRT,0.05869096052097348,0.0,0.6906210129155117,0.4786556732605798,0.06372711906898534,9.559067860347801e-05
2023-08,combined,NVT,0.11842616375892293,0.0,0.6906210129155117,0.4786556732605798,0.06372711906898534,9.559067860347801e-05
2023-08,combined,JCI,0.11647530606797196,0.0,0.6906210129155117,0.4786556732605798,0.06372711906898534,9.559067860347801e-05
2023-08,combined,TT,0.13026993121785618,0.0,0.6906210129155117,0.4786556732605798,0.06372711906898534,9.559067860347801e-05
2023-08,combined,SPXC,0.10703437025873656,0.0,0.6906210129155117,0.4786556732605798,0.06372711906898534,9.559067860347801e-05
2023-08,combined,XLI_HEDGE,0.0,-0.2119653396549319,0.6906210129155117,0.4786556732605798,0.06372711906898534,9.559067860347801e-05
2023-08,confirmed,MOD,0.0,0.0,0.0,0.0,0.0,0.0
2023-08,confirmed,AAON,0.0,0.0,0.0,0.0,0.0,0.0
2023-08,confirmed,VRT,0.0,0.0,0.0,0.0,0.0,0.0
2023-08,confirmed,NVT,0.0,0.0,0.0,0.0,0.0,0.0
2023-08,confirmed,JCI,0.0,0.0,0.0,0.0,0.0,0.0
2023-08,confirmed,TT,0.0,0.0,0.0,0.0,0.0,0.0
2023-08,confirmed,SPXC,0.0,0.0,0.0,0.0,0.0,0.0
2023-08,confirmed,XLI_HEDGE,0.0,-0.0,0.0,0.0,0.0,0.0
2023-08,core_signal,MOD,0.05498120566124983,0.0,0.5870278609781849,0.40685732227149285,0.05416805120863756,8.125207681295635e-05
2023-08,core_signal,AAON,0.08078443326614321,0.0,0.5870278609781849,0.40685732227149285,0.05416805120863756,8.125207681295635e-05
2023-08,core_signal,VRT,0.049887316442827456,0.0,0.5870278609781849,0.40685732227149285,0.05416805120863756,8.125207681295635e-05
2023-08,core_signal,NVT,0.10066223919508449,0.0,0.5870278609781849,0.40685732227149285,0.05416805120863756,8.125207681295635e-05
2023-08,core_signal,JCI,0.09900401015777617,0.0,0.5870278609781849,0.40685732227149285,0.05416805120863756,8.125207681295635e-05
2023-08,core_signal,TT,0.11072944153517775,0.0,0.5870278609781849,0.40685732227149285,0.05416805120863756,8.125207681295635e-05
2023-08,core_signal,SPXC,0.09097921471992608,0.0,0.5870278609781849,0.40685732227149285,0.05416805120863756,8.125207681295635e-05
2023-08,core_signal,XLI_HEDGE,0.0,-0.1801705387066921,0.5870278609781849,0.40685732227149285,0.05416805120863756,8.125207681295635e-05
2023-09,basic,MOD,0.14285714285714285,0.0,0.9999999999999998,0.9999999999999998,0.0,0.0
2023-09,basic,AAON,0.14285714285714285,0.0,0.9999999999999998,0.9999999999999998,0.0,0.0
2023-09,basic,VRT,0.14285714285714285,0.0,0.9999999999999998,0.9999999999999998,0.0,0.0
2023-09,basic,NVT,0.14285714285714285,0.0,0.9999999999999998,0.9999999999999998,0.0,0.0
2023-09,basic,JCI,0.14285714285714285,0.0,0.9999999999999998,0.9999999999999998,0.0,0.0
2023-09,basic,TT,0.14285714285714285,0.0,0.9999999999999998,0.9999999999999998,0.0,0.0
2023-09,basic,SPXC,0.14285714285714285,0.0,0.9999999999999998,0.9999999999999998,0.0,0.0
2023-09,basic,XLI_HEDGE,0.0,-0.0,0.9999999999999998,0.9999999999999998,0.0,0.0
2023-09,inverse_vol,MOD,0.09351240128919755,0.0,1.0,1.0,0.0566289191264604,8.49433786896906e-05
2023-09,inverse_vol,AAON,0.13610641565072026,0.0,1.0,1.0,0.0566289191264604,8.49433786896906e-05
2023-09,inverse_vol,VRT,0.07378579613731445,0.0,1.0,1.0,0.0566289191264604,8.49433786896906e-05
2023-09,inverse_vol,NVT,0.190178615508027,0.0,1.0,1.0,0.0566289191264604,8.49433786896906e-05
2023-09,inverse_vol,JCI,0.15319311713816716,0.0,1.0,1.0,0.0566289191264604,8.49433786896906e-05
2023-09,inverse_vol,TT,0.19613635785176037,0.0,1.0,1.0,0.0566289191264604,8.49433786896906e-05
2023-09,inverse_vol,SPXC,0.15708729642481312,0.0,1.0,1.0,0.0566289191264604,8.49433786896906e-05
2023-09,inverse_vol,XLI_HEDGE,0.0,-0.0,1.0,1.0,0.0566289191264604,8.49433786896906e-05
2023-09,vol_target,MOD,0.06561016202463904,0.0,0.7016199040994816,0.7016199040994816,0.04282557763196481,6.423836644794721e-05
2023-09,vol_target,AAON,0.09549497029618255,0.0,0.7016199040994816,0.7016199040994816,0.04282557763196481,6.423836644794721e-05
2023-09,vol_target,VRT,0.051769583209766476,0.0,0.7016199040994816,0.7016199040994816,0.04282557763196481,6.423836644794721e-05
2023-09,vol_target,NVT,0.1334331019745141,0.0,0.7016199040994816,0.7016199040994816,0.04282557763196481,6.423836644794721e-05
2023-09,vol_target,JCI,0.10748334015518152,0.0,0.7016199040994816,0.7016199040994816,0.04282557763196481,6.423836644794721e-05
2023-09,vol_target,TT,0.13761317258637373,0.0,0.7016199040994816,0.7016199040994816,0.04282557763196481,6.423836644794721e-05
2023-09,vol_target,SPXC,0.11021557385282424,0.0,0.7016199040994816,0.7016199040994816,0.04282557763196481,6.423836644794721e-05
2023-09,vol_target,XLI_HEDGE,0.0,-0.0,0.7016199040994816,0.7016199040994816,0.04282557763196481,6.423836644794721e-05
2023-09,trend,MOD,0.09351240128919755,0.0,1.0,1.0,0.0566289191264604,8.49433786896906e-05
2023-09,trend,AAON,0.13610641565072026,0.0,1.0,1.0,0.0566289191264604,8.49433786896906e-05
2023-09,trend,VRT,0.07378579613731445,0.0,1.0,1.0,0.0566289191264604,8.49433786896906e-05
2023-09,trend,NVT,0.190178615508027,0.0,1.0,1.0,0.0566289191264604,8.49433786896906e-05
2023-09,trend,JCI,0.15319311713816716,0.0,1.0,1.0,0.0566289191264604,8.49433786896906e-05
2023-09,trend,TT,0.19613635785176037,0.0,1.0,1.0,0.0566289191264604,8.49433786896906e-05
2023-09,trend,SPXC,0.15708729642481312,0.0,1.0,1.0,0.0566289191264604,8.49433786896906e-05
2023-09,trend,XLI_HEDGE,0.0,-0.0,1.0,1.0,0.0566289191264604,8.49433786896906e-05
2023-09,drawdown,MOD,0.09351240128919755,0.0,1.0,1.0,0.0566289191264604,8.49433786896906e-05
2023-09,drawdown,AAON,0.13610641565072026,0.0,1.0,1.0,0.0566289191264604,8.49433786896906e-05
2023-09,drawdown,VRT,0.07378579613731445,0.0,1.0,1.0,0.0566289191264604,8.49433786896906e-05
2023-09,drawdown,NVT,0.190178615508027,0.0,1.0,1.0,0.0566289191264604,8.49433786896906e-05
2023-09,drawdown,JCI,0.15319311713816716,0.0,1.0,1.0,0.0566289191264604,8.49433786896906e-05
2023-09,drawdown,TT,0.19613635785176037,0.0,1.0,1.0,0.0566289191264604,8.49433786896906e-05
2023-09,drawdown,SPXC,0.15708729642481312,0.0,1.0,1.0,0.0566289191264604,8.49433786896906e-05
2023-09,drawdown,XLI_HEDGE,0.0,-0.0,1.0,1.0,0.0566289191264604,8.49433786896906e-05
2023-09,tail_budget,MOD,0.06751502823040416,0.0,0.7219901029127289,0.7219901029127289,0.040885519147949745,6.132827872192462e-05
2023-09,tail_budget,AAON,0.0982674850427462,0.0,0.7219901029127289,0.7219901029127289,0.040885519147949745,6.132827872192462e-05
2023-09,tail_budget,VRT,0.053272614546677304,0.0,0.7219901029127289,0.7219901029127289,0.040885519147949745,6.132827872192462e-05
2023-09,tail_budget,NVT,0.13730707818244073,0.0,0.7219901029127289,0.7219901029127289,0.040885519147949745,6.132827872192462e-05
2023-09,tail_budget,JCI,0.11060391440810706,0.0,0.7219901029127289,0.7219901029127289,0.040885519147949745,6.132827872192462e-05
2023-09,tail_budget,TT,0.1416085091903203,0.0,0.7219901029127289,0.7219901029127289,0.040885519147949745,6.132827872192462e-05
2023-09,tail_budget,SPXC,0.1134154733120332,0.0,0.7219901029127289,0.7219901029127289,0.040885519147949745,6.132827872192462e-05
2023-09,tail_budget,XLI_HEDGE,0.0,-0.0,0.7219901029127289,0.7219901029127289,0.040885519147949745,6.132827872192462e-05
2023-09,combined,MOD,0.06561016202463904,0.0,0.7016199040994816,0.4887507775221365,0.043729364554378,6.559404683156701e-05
2023-09,combined,AAON,0.09549497029618255,0.0,0.7016199040994816,0.4887507775221365,0.043729364554378,6.559404683156701e-05
2023-09,combined,VRT,0.051769583209766476,0.0,0.7016199040994816,0.4887507775221365,0.043729364554378,6.559404683156701e-05
2023-09,combined,NVT,0.1334331019745141,0.0,0.7016199040994816,0.4887507775221365,0.043729364554378,6.559404683156701e-05
2023-09,combined,JCI,0.10748334015518152,0.0,0.7016199040994816,0.4887507775221365,0.043729364554378,6.559404683156701e-05
2023-09,combined,TT,0.13761317258637373,0.0,0.7016199040994816,0.4887507775221365,0.043729364554378,6.559404683156701e-05
2023-09,combined,SPXC,0.11021557385282424,0.0,0.7016199040994816,0.4887507775221365,0.043729364554378,6.559404683156701e-05
2023-09,combined,XLI_HEDGE,0.0,-0.21286912657734508,0.7016199040994816,0.4887507775221365,0.043729364554378,6.559404683156701e-05
2023-09,confirmed,MOD,0.5771037710703806,0.0,1.0,0.14171323815251546,1.8582867618474845,0.0027874301427712267
2023-09,confirmed,AAON,0.0,0.0,1.0,0.14171323815251546,1.8582867618474845,0.0027874301427712267
2023-09,confirmed,VRT,0.4228962289296194,0.0,1.0,0.14171323815251546,1.8582867618474845,0.0027874301427712267
2023-09,confirmed,NVT,0.0,0.0,1.0,0.14171323815251546,1.8582867618474845,0.0027874301427712267
2023-09,confirmed,JCI,0.0,0.0,1.0,0.14171323815251546,1.8582867618474845,0.0027874301427712267
2023-09,confirmed,TT,0.0,0.0,1.0,0.14171323815251546,1.8582867618474845,0.0027874301427712267
2023-09,confirmed,SPXC,0.0,0.0,1.0,0.14171323815251546,1.8582867618474845,0.0027874301427712267
2023-09,confirmed,XLI_HEDGE,0.0,-0.8582867618474845,1.0,0.14171323815251546,1.8582867618474845,0.0027874301427712267
2023-09,core_signal,MOD,0.14233420338150027,0.0,0.7463769184845594,0.4366951466166934,0.3041466327192921,0.00045621994907893816
2023-09,core_signal,AAON,0.08117072475175516,0.0,0.7463769184845594,0.4366951466166934,0.3041466327192921,0.00045621994907893816
2023-09,core_signal,VRT,0.10743858006774443,0.0,0.7463769184845594,0.4366951466166934,0.3041466327192921,0.00045621994907893816
2023-09,core_signal,NVT,0.11341813667833699,0.0,0.7463769184845594,0.4366951466166934,0.3041466327192921,0.00045621994907893816
2023-09,core_signal,JCI,0.09136083913190429,0.0,0.7463769184845594,0.4366951466166934,0.3041466327192921,0.00045621994907893816
2023-09,core_signal,TT,0.11697119669841767,0.0,0.7463769184845594,0.4366951466166934,0.3041466327192921,0.00045621994907893816
2023-09,core_signal,SPXC,0.0936832377749006,0.0,0.7463769184845594,0.4366951466166934,0.3041466327192921,0.00045621994907893816
2023-09,core_signal,XLI_HEDGE,0.0,-0.309681771867866,0.7463769184845594,0.4366951466166934,0.3041466327192921,0.00045621994907893816
2023-10,basic,MOD,0.14285714285714285,0.0,0.9999999999999998,0.9999999999999998,0.0,0.0
2023-10,basic,AAON,0.14285714285714285,0.0,0.9999999999999998,0.9999999999999998,0.0,0.0
2023-10,basic,VRT,0.14285714285714285,0.0,0.9999999999999998,0.9999999999999998,0.0,0.0
2023-10,basic,NVT,0.14285714285714285,0.0,0.9999999999999998,0.9999999999999998,0.0,0.0
2023-10,basic,JCI,0.14285714285714285,0.0,0.9999999999999998,0.9999999999999998,0.0,0.0
2023-10,basic,TT,0.14285714285714285,0.0,0.9999999999999998,0.9999999999999998,0.0,0.0
2023-10,basic,SPXC,0.14285714285714285,0.0,0.9999999999999998,0.9999999999999998,0.0,0.0
2023-10,basic,XLI_HEDGE,0.0,-0.0,0.9999999999999998,0.9999999999999998,0.0,0.0
2023-10,inverse_vol,MOD,0.09859793712937706,0.0,1.0000000000000002,1.0000000000000002,0.03085885379719701,4.628828069579551e-05
2023-10,inverse_vol,AAON,0.1307459662923994,0.0,1.0000000000000002,1.0000000000000002,0.03085885379719701,4.628828069579551e-05
2023-10,inverse_vol,VRT,0.07647539918897382,0.0,1.0000000000000002,1.0000000000000002,0.03085885379719701,4.628828069579551e-05
2023-10,inverse_vol,NVT,0.1829819393609857,0.0,1.0000000000000002,1.0000000000000002,0.03085885379719701,4.628828069579551e-05
2023-10,inverse_vol,JCI,0.15032081574493095,0.0,1.0000000000000002,1.0000000000000002,0.03085885379719701,4.628828069579551e-05
2023-10,inverse_vol,TT,0.20258655218389302,0.0,1.0000000000000002,1.0000000000000002,0.03085885379719701,4.628828069579551e-05
2023-10,inverse_vol,SPXC,0.1582913900994402,0.0,1.0000000000000002,1.0000000000000002,0.03085885379719701,4.628828069579551e-05
2023-10,inverse_vol,XLI_HEDGE,0.0,-0.0,1.0000000000000002,1.0000000000000002,0.03085885379719701,4.628828069579551e-05
2023-10,vol_target,MOD,0.07197201248587404,0.0,0.7299545465280343,0.7299545465280343,0.02844735795024153,4.2671036925362296e-05
2023-10,vol_target,AAON,0.09543861253533803,0.0,0.7299545465280343,0.7299545465280343,0.02844735795024153,4.2671036925362296e-05
2023-10,vol_target,VRT,0.05582356533553777,0.0,0.7299545465280343,0.7299545465280343,0.02844735795024153,4.2671036925362296e-05
2023-10,vol_target,NVT,0.13356849856906855,0.0,0.7299545465280343,0.7299545465280343,0.02844735795024153,4.2671036925362296e-05
2023-10,vol_target,JCI,0.10972736289081524,0.0,0.7299545465280343,0.7299545465280343,0.02844735795024153,4.2671036925362296e-05
2023-10,vol_target,TT,0.14787897483207152,0.0,0.7299545465280343,0.7299545465280343,0.02844735795024153,4.2671036925362296e-05
2023-10,vol_target,SPXC,0.11554551987932901,0.0,0.7299545465280343,0.7299545465280343,0.02844735795024153,4.2671036925362296e-05
2023-10,vol_target,XLI_HEDGE,0.0,-0.0,0.7299545465280343,0.7299545465280343,0.02844735795024153,4.2671036925362296e-05
2023-10,trend,MOD,0.04929896856468853,0.0,0.5000000000000001,0.5000000000000001,0.4999999999999998,0.0007499999999999997
2023-10,trend,AAON,0.0653729831461997,0.0,0.5000000000000001,0.5000000000000001,0.4999999999999998,0.0007499999999999997
2023-10,trend,VRT,0.03823769959448691,0.0,0.5000000000000001,0.5000000000000001,0.4999999999999998,0.0007499999999999997
2023-10,trend,NVT,0.09149096968049285,0.0,0.5000000000000001,0.5000000000000001,0.4999999999999998,0.0007499999999999997
2023-10,trend,JCI,0.07516040787246547,0.0,0.5000000000000001,0.5000000000000001,0.4999999999999998,0.0007499999999999997
2023-10,trend,TT,0.10129327609194651,0.0,0.5000000000000001,0.5000000000000001,0.4999999999999998,0.0007499999999999997
2023-10,trend,SPXC,0.0791456950497201,0.0,0.5000000000000001,0.5000000000000001,0.4999999999999998,0.0007499999999999997
2023-10,trend,XLI_HEDGE,0.0,-0.0,0.5000000000000001,0.5000000000000001,0.4999999999999998,0.0007499999999999997
2023-10,drawdown,MOD,0.09859793712937706,0.0,1.0000000000000002,1.0000000000000002,0.03085885379719701,4.628828069579551e-05
2023-10,drawdown,AAON,0.1307459662923994,0.0,1.0000000000000002,1.0000000000000002,0.03085885379719701,4.628828069579551e-05
2023-10,drawdown,VRT,0.07647539918897382,0.0,1.0000000000000002,1.0000000000000002,0.03085885379719701,4.628828069579551e-05
2023-10,drawdown,NVT,0.1829819393609857,0.0,1.0000000000000002,1.0000000000000002,0.03085885379719701,4.628828069579551e-05
2023-10,drawdown,JCI,0.15032081574493095,0.0,1.0000000000000002,1.0000000000000002,0.03085885379719701,4.628828069579551e-05
2023-10,drawdown,TT,0.20258655218389302,0.0,1.0000000000000002,1.0000000000000002,0.03085885379719701,4.628828069579551e-05
2023-10,drawdown,SPXC,0.1582913900994402,0.0,1.0000000000000002,1.0000000000000002,0.03085885379719701,4.628828069579551e-05
2023-10,drawdown,XLI_HEDGE,0.0,-0.0,1.0000000000000002,1.0000000000000002,0.03085885379719701,4.628828069579551e-05
2023-10,tail_budget,MOD,0.0743312511830173,0.0,0.7538824172911673,0.7538824172911673,0.0318923143784383,4.783847156765745e-05
2023-10,tail_budget,AAON,0.09856708511958352,0.0,0.7538824172911673,0.7538824172911673,0.0318923143784383,4.783847156765745e-05
2023-10,tail_budget,VRT,0.05765345880389055,0.0,0.7538824172911673,0.7538824172911673,0.0318923143784383,4.783847156765745e-05
2023-10,tail_budget,NVT,0.13794686676608567,0.0,0.7538824172911673,0.7538824172911673,0.0318923143784383,4.783847156765745e-05
2023-10,tail_budget,JCI,0.11332421994296868,0.0,0.7538824172911673,0.7538824172911673,0.0318923143784383,4.783847156765745e-05
2023-10,tail_budget,TT,0.15272643967107644,0.0,0.7538824172911673,0.7538824172911673,0.0318923143784383,4.783847156765745e-05
2023-10,tail_budget,SPXC,0.1193330958045451,0.0,0.7538824172911673,0.7538824172911673,0.0318923143784383,4.783847156765745e-05
2023-10,tail_budget,XLI_HEDGE,0.0,-0.0,0.7538824172911673,0.7538824172911673,0.0318923143784383,4.783847156765745e-05
2023-10,combined,MOD,0.04929896856468853,0.0,0.5000000000000001,0.2054622631645609,0.28328851435757574,0.0004249327715363636
2023-10,combined,AAON,0.0653729831461997,0.0,0.5000000000000001,0.2054622631645609,0.28328851435757574,0.0004249327715363636
2023-10,combined,VRT,0.03823769959448691,0.0,0.5000000000000001,0.2054622631645609,0.28328851435757574,0.0004249327715363636
2023-10,combined,NVT,0.09149096968049285,0.0,0.5000000000000001,0.2054622631645609,0.28328851435757574,0.0004249327715363636
2023-10,combined,JCI,0.07516040787246547,0.0,0.5000000000000001,0.2054622631645609,0.28328851435757574,0.0004249327715363636
2023-10,combined,TT,0.10129327609194651,0.0,0.5000000000000001,0.2054622631645609,0.28328851435757574,0.0004249327715363636
2023-10,combined,SPXC,0.0791456950497201,0.0,0.5000000000000001,0.2054622631645609,0.28328851435757574,0.0004249327715363636
2023-10,combined,XLI_HEDGE,0.0,-0.2945377368354392,0.5000000000000001,0.2054622631645609,0.28328851435757574,0.0004249327715363636
2023-10,confirmed,MOD,0.2119264135928719,0.0,0.3749999999999999,-0.2524218748189281,0.8558648870285567,0.001283797330542835
2023-10,confirmed,AAON,0.0,0.0,0.3749999999999999,-0.2524218748189281,0.8558648870285567,0.001283797330542835
2023-10,confirmed,VRT,0.163073586407128,0.0,0.3749999999999999,-0.2524218748189281,0.8558648870285567,0.001283797330542835
2023-10,confirmed,NVT,0.0,0.0,0.3749999999999999,-0.2524218748189281,0.8558648870285567,0.001283797330542835
2023-10,confirmed,JCI,0.0,0.0,0.3749999999999999,-0.2524218748189281,0.8558648870285567,0.001283797330542835
2023-10,confirmed,TT,0.0,0.0,0.3749999999999999,-0.2524218748189281,0.8558648870285567,0.001283797330542835
2023-10,confirmed,SPXC,0.0,0.0,0.3749999999999999,-0.2524218748189281,0.8558648870285567,0.001283797330542835
2023-10,confirmed,XLI_HEDGE,0.0,-0.627421874818928,0.3749999999999999,-0.2524218748189281,0.8558648870285567,0.001283797330542835
2023-10,core_signal,MOD,0.07369308531891604,0.0,0.48125000000000007,0.1367796424670375,0.29991550414965584,0.0004498732562244838
2023-10,core_signal,AAON,0.055567035674269745,0.0,0.48125000000000007,0.1367796424670375,0.29991550414965584,0.0004498732562244838
2023-10,core_signal,VRT,0.05696308261638307,0.0,0.48125000000000007,0.1367796424670375,0.29991550414965584,0.0004498732562244838
2023-10,core_signal,NVT,0.07776732422841892,0.0,0.48125000000000007,0.1367796424670375,0.29991550414965584,0.0004498732562244838
2023-10,core_signal,JCI,0.06388634669159565,0.0,0.48125000000000007,0.1367796424670375,0.29991550414965584,0.0004498732562244838
2023-10,core_signal,TT,0.08609928467815453,0.0,0.48125000000000007,0.1367796424670375,0.29991550414965584,0.0004498732562244838
2023-10,core_signal,SPXC,0.06727384079226209,0.0,0.48125000000000007,0.1367796424670375,0.29991550414965584,0.0004498732562244838
2023-10,core_signal,XLI_HEDGE,0.0,-0.3444703575329625,0.48125000000000007,0.1367796424670375,0.29991550414965584,0.0004498732562244838
2023-11,basic,MOD,0.14285714285714285,0.0,0.9999999999999998,0.9999999999999998,0.0,0.0
2023-11,basic,AAON,0.14285714285714285,0.0,0.9999999999999998,0.9999999999999998,0.0,0.0
2023-11,basic,VRT,0.14285714285714285,0.0,0.9999999999999998,0.9999999999999998,0.0,0.0
2023-11,basic,NVT,0.14285714285714285,0.0,0.9999999999999998,0.9999999999999998,0.0,0.0
2023-11,basic,JCI,0.14285714285714285,0.0,0.9999999999999998,0.9999999999999998,0.0,0.0
2023-11,basic,TT,0.14285714285714285,0.0,0.9999999999999998,0.9999999999999998,0.0,0.0
2023-11,basic,SPXC,0.14285714285714285,0.0,0.9999999999999998,0.9999999999999998,0.0,0.0
2023-11,basic,XLI_HEDGE,0.0,-0.0,0.9999999999999998,0.9999999999999998,0.0,0.0
2023-11,inverse_vol,MOD,0.0974788015958649,0.0,1.0,1.0,0.05424573602518393,8.136860403777589e-05
2023-11,inverse_vol,AAON,0.13179284103161057,0.0,1.0,1.0,0.05424573602518393,8.136860403777589e-05
2023-11,inverse_vol,VRT,0.08363675833527204,0.0,1.0,1.0,0.05424573602518393,8.136860403777589e-05
2023-11,inverse_vol,NVT,0.1701301791353913,0.0,1.0,1.0,0.05424573602518393,8.136860403777589e-05
2023-11,inverse_vol,JCI,0.1580428914230424,0.0,1.0,1.0,0.05424573602518393,8.136860403777589e-05
2023-11,inverse_vol,TT,0.18943457993040758,0.0,1.0,1.0,0.05424573602518393,8.136860403777589e-05
2023-11,inverse_vol,SPXC,0.1694839485484113,0.0,1.0,1.0,0.05424573602518393,8.136860403777589e-05
2023-11,inverse_vol,XLI_HEDGE,0.0,-0.0,1.0,1.0,0.05424573602518393,8.136860403777589e-05
2023-11,vol_target,MOD,0.08242526811721802,0.0,0.8455712089992964,0.8455712089992964,0.11561666247126223,0.00017342499370689334
2023-11,vol_target,AAON,0.11144023192855101,0.0,0.8455712089992964,0.8455712089992964,0.11561666247126223,0.00017342499370689334
2023-11,vol_target,VRT,0.07072083486233795,0.0,0.8455712089992964,0.8455712089992964,0.11561666247126223,0.00017342499370689334
2023-11,vol_target,NVT,0.14385718125877967,0.0,0.8455712089992964,0.8455712089992964,0.11561666247126223,0.00017342499370689334
2023-11,vol_target,JCI,0.13363651877432647,0.0,0.8455712089992964,0.8455712089992964,0.11561666247126223,0.00017342499370689334
2023-11,vol_target,TT,0.16018042677802857,0.0,0.8455712089992964,0.8455712089992964,0.11561666247126223,0.00017342499370689334
2023-11,vol_target,SPXC,0.1433107472800547,0.0,0.8455712089992964,0.8455712089992964,0.11561666247126223,0.00017342499370689334
2023-11,vol_target,XLI_HEDGE,0.0,-0.0,0.8455712089992964,0.8455712089992964,0.11561666247126223,0.00017342499370689334
2023-11,trend,MOD,0.04873940079793245,0.0,0.5,0.5,0.027122868012591964,4.0684302018887945e-05
2023-11,trend,AAON,0.06589642051580528,0.0,0.5,0.5,0.027122868012591964,4.0684302018887945e-05
2023-11,trend,VRT,0.04181837916763602,0.0,0.5,0.5,0.027122868012591964,4.0684302018887945e-05
2023-11,trend,NVT,0.08506508956769565,0.0,0.5,0.5,0.027122868012591964,4.0684302018887945e-05
2023-11,trend,JCI,0.0790214457115212,0.0,0.5,0.5,0.027122868012591964,4.0684302018887945e-05
2023-11,trend,TT,0.09471728996520379,0.0,0.5,0.5,0.027122868012591964,4.0684302018887945e-05
2023-11,trend,SPXC,0.08474197427420566,0.0,0.5,0.5,0.027122868012591964,4.0684302018887945e-05
2023-11,trend,XLI_HEDGE,0.0,-0.0,0.5,0.5,0.027122868012591964,4.0684302018887945e-05
2023-11,drawdown,MOD,0.04873940079793245,0.0,0.5,0.5,0.5000000000000001,0.0007500000000000002
2023-11,drawdown,AAON,0.06589642051580528,0.0,0.5,0.5,0.5000000000000001,0.0007500000000000002
2023-11,drawdown,VRT,0.04181837916763602,0.0,0.5,0.5,0.5000000000000001,0.0007500000000000002
2023-11,drawdown,NVT,0.08506508956769565,0.0,0.5,0.5,0.5000000000000001,0.0007500000000000002
2023-11,drawdown,JCI,0.0790214457115212,0.0,0.5,0.5,0.5000000000000001,0.0007500000000000002
2023-11,drawdown,TT,0.09471728996520379,0.0,0.5,0.5,0.5000000000000001,0.0007500000000000002
2023-11,drawdown,SPXC,0.08474197427420566,0.0,0.5,0.5,0.5000000000000001,0.0007500000000000002
2023-11,drawdown,XLI_HEDGE,0.0,-0.0,0.5,0.5,0.5000000000000001,0.0007500000000000002
2023-11,tail_budget,MOD,0.07348755458173671,0.0,0.7538824172911671,0.7538824172911671,0.04089490660240424,6.134235990360636e-05
2023-11,tail_budget,AAON,0.09935630557858109,0.0,0.7538824172911671,0.7538824172911671,0.04089490660240424,6.134235990360636e-05
2023-11,tail_budget,VRT,0.06305228154819205,0.0,0.7538824172911671,0.7538824172911671,0.04089490660240424,6.134235990360636e-05
2023-11,tail_budget,NVT,0.12825815070076807,0.0,0.7538824172911671,0.7538824172911671,0.04089490660240424,6.134235990360636e-05
2023-11,tail_budget,JCI,0.11914575702168867,0.0,0.7538824172911671,0.7538824172911671,0.04089490660240424,6.134235990360636e-05
2023-11,tail_budget,TT,0.14281139903647247,0.0,0.7538824172911671,0.7538824172911671,0.04089490660240424,6.134235990360636e-05
2023-11,tail_budget,SPXC,0.12777096882372813,0.0,0.7538824172911671,0.7538824172911671,0.04089490660240424,6.134235990360636e-05
2023-11,tail_budget,XLI_HEDGE,0.0,-0.0,0.7538824172911671,0.7538824172911671,0.04089490660240424,6.134235990360636e-05
2023-11,combined,MOD,0.04873940079793245,0.0,0.5,0.19494322064033076,0.03764191053682199,5.6462865805232985e-05
2023-11,combined,AAON,0.06589642051580528,0.0,0.5,0.19494322064033076,0.03764191053682199,5.6462865805232985e-05
2023-11,combined,VRT,0.04181837916763602,0.0,0.5,0.19494322064033076,0.03764191053682199,5.6462865805232985e-05
2023-11,combined,NVT,0.08506508956769565,0.0,0.5,0.19494322064033076,0.03764191053682199,5.6462865805232985e-05
2023-11,combined,JCI,0.0790214457115212,0.0,0.5,0.19494322064033076,0.03764191053682199,5.6462865805232985e-05
2023-11,combined,TT,0.09471728996520379,0.0,0.5,0.19494322064033076,0.03764191053682199,5.6462865805232985e-05
2023-11,combined,SPXC,0.08474197427420566,0.0,0.5,0.19494322064033076,0.03764191053682199,5.6462865805232985e-05
2023-11,combined,XLI_HEDGE,0.0,-0.30505677935966924,0.5,0.19494322064033076,0.03764191053682199,5.6462865805232985e-05
2023-11,confirmed,MOD,0.2043669926575944,0.0,0.3749999999999999,-0.30706288421865724,0.06975985127028417,0.00010463977690542625
2023-11,confirmed,AAON,0.0,0.0,0.3749999999999999,-0.30706288421865724,0.06975985127028417,0.00010463977690542625
2023-11,confirmed,VRT,0.1706330073424055,0.0,0.3749999999999999,-0.30706288421865724,0.06975985127028417,0.00010463977690542625
2023-11,confirmed,NVT,0.0,0.0,0.3749999999999999,-0.30706288421865724,0.06975985127028417,0.00010463977690542625
2023-11,confirmed,JCI,0.0,0.0,0.3749999999999999,-0.30706288421865724,0.06975985127028417,0.00010463977690542625
2023-11,confirmed,TT,0.0,0.0,0.3749999999999999,-0.30706288421865724,0.06975985127028417,0.00010463977690542625
2023-11,confirmed,SPXC,0.0,0.0,0.3749999999999999,-0.30706288421865724,0.06975985127028417,0.00010463977690542625
2023-11,confirmed,XLI_HEDGE,0.0,-0.6820628842186571,0.3749999999999999,-0.30706288421865724,0.06975985127028417,0.00010463977690542625
2023-11,core_signal,MOD,0.07208353957688174,0.0,0.48125,0.11964230491148253,0.04245960164684133,6.3689402470262e-05
2023-11,core_signal,AAON,0.05601195743843449,0.0,0.48125,0.11964230491148253,0.04245960164684133,6.3689402470262e-05
2023-11,core_signal,VRT,0.06114057339385144,0.0,0.48125,0.11964230491148253,0.04245960164684133,6.3689402470262e-05
2023-11,core_signal,NVT,0.0723053261325413,0.0,0.48125,0.11964230491148253,0.04245960164684133,6.3689402470262e-05
2023-11,core_signal,JCI,0.06716822885479301,0.0,0.48125,0.11964230491148253,0.04245960164684133,6.3689402470262e-05
2023-11,core_signal,TT,0.08050969647042322,0.0,0.48125,0.11964230491148253,0.04245960164684133,6.3689402470262e-05
2023-11,core_signal,SPXC,0.0720306781330748,0.0,0.48125,0.11964230491148253,0.04245960164684133,6.3689402470262e-05
2023-11,core_signal,XLI_HEDGE,0.0,-0.3616076950885174,0.48125,0.11964230491148253,0.04245960164684133,6.3689402470262e-05
2023-12,basic,MOD,0.14285714285714285,0.0,0.9999999999999998,0.9999999999999998,0.0,0.0
2023-12,basic,AAON,0.14285714285714285,0.0,0.9999999999999998,0.9999999999999998,0.0,0.0
2023-12,basic,VRT,0.14285714285714285,0.0,0.9999999999999998,0.9999999999999998,0.0,0.0
2023-12,basic,NVT,0.14285714285714285,0.0,0.9999999999999998,0.9999999999999998,0.0,0.0
2023-12,basic,JCI,0.14285714285714285,0.0,0.9999999999999998,0.9999999999999998,0.0,0.0
2023-12,basic,TT,0.14285714285714285,0.0,0.9999999999999998,0.9999999999999998,0.0,0.0
2023-12,basic,SPXC,0.14285714285714285,0.0,0.9999999999999998,0.9999999999999998,0.0,0.0
2023-12,basic,XLI_HEDGE,0.0,-0.0,0.9999999999999998,0.9999999999999998,0.0,0.0
2023-12,inverse_vol,MOD,0.09385462808549884,0.0,1.0,1.0,0.06026899021713501,9.040348532570253e-05
2023-12,inverse_vol,AAON,0.1449821772297494,0.0,1.0,1.0,0.06026899021713501,9.040348532570253e-05
2023-12,inverse_vol,VRT,0.08538715718688815,0.0,1.0,1.0,0.06026899021713501,9.040348532570253e-05
2023-12,inverse_vol,NVT,0.1675429129059381,0.0,1.0,1.0,0.06026899021713501,9.040348532570253e-05
2023-12,inverse_vol,JCI,0.17323765148185494,0.0,1.0,1.0,0.06026899021713501,9.040348532570253e-05
2023-12,inverse_vol,TT,0.1683452254891888,0.0,1.0,1.0,0.06026899021713501,9.040348532570253e-05
2023-12,inverse_vol,SPXC,0.16665024762088185,0.0,1.0,1.0,0.06026899021713501,9.040348532570253e-05
2023-12,inverse_vol,XLI_HEDGE,0.0,-0.0,1.0,1.0,0.06026899021713501,9.040348532570253e-05
2023-12,vol_target,MOD,0.07735417032072289,0.0,0.824191325442742,0.824191325442742,0.05577442696675837,8.366164045013756e-05
2023-12,vol_target,AAON,0.11949305281656168,0.0,0.824191325442742,0.824191325442742,0.05577442696675837,8.366164045013756e-05
2023-12,vol_target,VRT,0.0703753542576491,0.0,0.824191325442742,0.824191325442742,0.05577442696675837,8.366164045013756e-05
2023-12,vol_target,NVT,0.138087415456483,0.0,0.824191325442742,0.824191325442742,0.05577442696675837,8.366164045013756e-05
2023-12,vol_target,JCI,0.1427809695914178,0.0,0.824191325442742,0.824191325442742,0.05577442696675837,8.366164045013756e-05
2023-12,vol_target,TT,0.13874867452789177,0.0,0.824191325442742,0.824191325442742,0.05577442696675837,8.366164045013756e-05
2023-12,vol_target,SPXC,0.13735168847201576,0.0,0.824191325442742,0.824191325442742,0.05577442696675837,8.366164045013756e-05
2023-12,vol_target,XLI_HEDGE,0.0,-0.0,0.824191325442742,0.824191325442742,0.05577442696675837,8.366164045013756e-05
2023-12,trend,MOD,0.04692731404274942,0.0,0.5,0.5,0.030134495108567506,4.5201742662851263e-05
2023-12,trend,AAON,0.0724910886148747,0.0,0.5,0.5,0.030134495108567506,4.5201742662851263e-05
2023-12,trend,VRT,0.042693578593444075,0.0,0.5,0.5,0.030134495108567506,4.5201742662851263e-05
2023-12,trend,NVT,0.08377145645296905,0.0,0.5,0.5,0.030134495108567506,4.5201742662851263e-05
2023-12,trend,JCI,0.08661882574092747,0.0,0.5,0.5,0.030134495108567506,4.5201742662851263e-05
2023-12,trend,TT,0.0841726127445944,0.0,0.5,0.5,0.030134495108567506,4.5201742662851263e-05
2023-12,trend,SPXC,0.08332512381044092,0.0,0.5,0.5,0.030134495108567506,4.5201742662851263e-05
2023-12,trend,XLI_HEDGE,0.0,-0.0,0.5,0.5,0.030134495108567506,4.5201742662851263e-05
2023-12,drawdown,MOD,0.09385462808549884,0.0,1.0,1.0,0.5,0.00075
2023-12,drawdown,AAON,0.1449821772297494,0.0,1.0,1.0,0.5,0.00075
2023-12,drawdown,VRT,0.08538715718688815,0.0,1.0,1.0,0.5,0.00075
2023-12,drawdown,NVT,0.1675429129059381,0.0,1.0,1.0,0.5,0.00075
2023-12,drawdown,JCI,0.17323765148185494,0.0,1.0,1.0,0.5,0.00075
2023-12,drawdown,TT,0.1683452254891888,0.0,1.0,1.0,0.5,0.00075
2023-12,drawdown,SPXC,0.16665024762088185,0.0,1.0,1.0,0.5,0.00075
2023-12,drawdown,XLI_HEDGE,0.0,-0.0,1.0,1.0,0.5,0.00075
2023-12,tail_budget,MOD,0.07075535389505933,0.0,0.7538824172911672,0.7538824172911672,0.045435732032591436,6.815359804888716e-05
2023-12,tail_budget,AAON,0.10929951423409989,0.0,0.7538824172911672,0.7538824172911672,0.045435732032591436,6.815359804888716e-05
2023-12,tail_budget,VRT,0.06437187646567209,0.0,0.7538824172911672,0.7538824172911672,0.045435732032591436,6.815359804888716e-05
2023-12,tail_budget,NVT,0.12630765618153209,0.0,0.7538824172911672,0.7538824172911672,0.045435732032591436,6.815359804888716e-05
2023-12,tail_budget,JCI,0.13060081946498553,0.0,0.7538824172911672,0.7538824172911672,0.045435732032591436,6.815359804888716e-05
2023-12,tail_budget,TT,0.12691250553121625,0.0,0.7538824172911672,0.7538824172911672,0.045435732032591436,6.815359804888716e-05
2023-12,tail_budget,SPXC,0.125634691518602,0.0,0.7538824172911672,0.7538824172911672,0.045435732032591436,6.815359804888716e-05
2023-12,tail_budget,XLI_HEDGE,0.0,-0.0,0.7538824172911672,0.7538824172911672,0.045435732032591436,6.815359804888716e-05
2023-12,combined,MOD,0.04692731404274942,0.0,0.5,0.18877348879005657,0.0363042269588417,5.445634043826256e-05
2023-12,combined,AAON,0.0724910886148747,0.0,0.5,0.18877348879005657,0.0363042269588417,5.445634043826256e-05
2023-12,combined,VRT,0.042693578593444075,0.0,0.5,0.18877348879005657,0.0363042269588417,5.445634043826256e-05
2023-12,combined,NVT,0.08377145645296905,0.0,0.5,0.18877348879005657,0.0363042269588417,5.445634043826256e-05
2023-12,combined,JCI,0.08661882574092747,0.0,0.5,0.18877348879005657,0.0363042269588417,5.445634043826256e-05
2023-12,combined,TT,0.0841726127445944,0.0,0.5,0.18877348879005657,0.0363042269588417,5.445634043826256e-05
2023-12,combined,SPXC,0.08332512381044092,0.0,0.5,0.18877348879005657,0.0363042269588417,5.445634043826256e-05
2023-12,combined,XLI_HEDGE,0.0,-0.31122651120994343,0.5,0.18877348879005657,0.0363042269588417,5.445634043826256e-05
2023-12,confirmed,MOD,0.0,0.0,0.375,-0.14847816409929737,0.6649551774398467,0.00099743276615977
2023-12,confirmed,AAON,0.0,0.0,0.375,-0.14847816409929737,0.6649551774398467,0.00099743276615977
2023-12,confirmed,VRT,0.1218147713397565,0.0,0.375,-0.14847816409929737,0.6649551774398467,0.00099743276615977
2023-12,confirmed,NVT,0.0,0.0,0.375,-0.14847816409929737,0.6649551774398467,0.00099743276615977
2023-12,confirmed,JCI,0.0,0.0,0.375,-0.14847816409929737,0.6649551774398467,0.00099743276615977
2023-12,confirmed,TT,0.2531852286602435,0.0,0.375,-0.14847816409929737,0.6649551774398467,0.00099743276615977
2023-12,confirmed,SPXC,0.0,0.0,0.375,-0.14847816409929737,0.6649551774398467,0.00099743276615977
2023-12,confirmed,XLI_HEDGE,0.0,-0.5234781640992974,0.375,-0.14847816409929737,0.6649551774398467,0.00099743276615977
2023-12,core_signal,MOD,0.039888216936337005,0.0,0.48125000000000007,0.13818574085665355,0.10069953508661666,0.000151049302629925
2023-12,core_signal,AAON,0.06161742532264349,0.0,0.48125000000000007,0.13818574085665355,0.10069953508661666,0.000151049302629925
2023-12,core_signal,VRT,0.05456175750539094,0.0,0.48125000000000007,0.13818574085665355,0.10069953508661666,0.000151049302629925
2023-12,core_signal,NVT,0.07120573798502369,0.0,0.48125000000000007,0.13818574085665355,0.10069953508661666,0.000151049302629925
2023-12,core_signal,JCI,0.07362600187978835,0.0,0.48125000000000007,0.13818574085665355,0.10069953508661666,0.000151049302629925
2023-12,core_signal,TT,0.10952450513194176,0.0,0.48125000000000007,0.13818574085665355,0.10069953508661666,0.000151049302629925
2023-12,core_signal,SPXC,0.07082635523887479,0.0,0.48125000000000007,0.13818574085665355,0.10069953508661666,0.000151049302629925
2023-12,core_signal,XLI_HEDGE,0.0,-0.3430642591433465,0.48125000000000007,0.13818574085665355,0.10069953508661666,0.000151049302629925
2024-01,basic,MOD,0.14285714285714285,0.0,0.9999999999999998,0.9999999999999998,0.0,0.0
2024-01,basic,AAON,0.14285714285714285,0.0,0.9999999999999998,0.9999999999999998,0.0,0.0
2024-01,basic,VRT,0.14285714285714285,0.0,0.9999999999999998,0.9999999999999998,0.0,0.0
2024-01,basic,NVT,0.14285714285714285,0.0,0.9999999999999998,0.9999999999999998,0.0,0.0
2024-01,basic,JCI,0.14285714285714285,0.0,0.9999999999999998,0.9999999999999998,0.0,0.0
2024-01,basic,TT,0.14285714285714285,0.0,0.9999999999999998,0.9999999999999998,0.0,0.0
2024-01,basic,SPXC,0.14285714285714285,0.0,0.9999999999999998,0.9999999999999998,0.0,0.0
2024-01,basic,XLI_HEDGE,0.0,-0.0,0.9999999999999998,0.9999999999999998,0.0,0.0
2024-01,inverse_vol,MOD,0.0983141271389533,0.0,1.0,1.0,0.04528491634351943,6.792737451527914e-05
2024-01,inverse_vol,AAON,0.13934739972546553,0.0,1.0,1.0,0.04528491634351943,6.792737451527914e-05
2024-01,inverse_vol,VRT,0.08998280923748457,0.0,1.0,1.0,0.04528491634351943,6.792737451527914e-05
2024-01,inverse_vol,NVT,0.17162064413472686,0.0,1.0,1.0,0.04528491634351943,6.792737451527914e-05
2024-01,inverse_vol,JCI,0.1683996304257905,0.0,1.0,1.0,0.04528491634351943,6.792737451527914e-05
2024-01,inverse_vol,TT,0.1778548013281088,0.0,1.0,1.0,0.04528491634351943,6.792737451527914e-05
2024-01,inverse_vol,SPXC,0.15448058800947037,0.0,1.0,1.0,0.04528491634351943,6.792737451527914e-05
2024-01,inverse_vol,XLI_HEDGE,0.0,-0.0,1.0,1.0,0.04528491634351943,6.792737451527914e-05
2024-01,vol_target,MOD,0.07853579442741133,0.0,0.7988251201824936,0.7988251201824936,0.03739221880144761,5.6088328202171416e-05
2024-01,vol_target,AAON,0.111314203332813,0.0,0.7988251201824936,0.7988251201824936,0.03739221880144761,5.6088328202171416e-05
2024-01,vol_target,VRT,0.07188052840349202,0.0,0.7988251201824936,0.7988251201824936,0.03739221880144761,5.6088328202171416e-05
2024-01,vol_target,NVT,0.13709488167672018,0.0,0.7988251201824936,0.7988251201824936,0.03739221880144761,5.6088328202171416e-05
2024-01,vol_target,JCI,0.13452185501356964,0.0,0.7988251201824936,0.7988251201824936,0.03739221880144761,5.6088328202171416e-05
2024-01,vol_target,TT,0.14207488304596005,0.0,0.7988251201824936,0.7988251201824936,0.03739221880144761,5.6088328202171416e-05
2024-01,vol_target,SPXC,0.12340297428252747,0.0,0.7988251201824936,0.7988251201824936,0.03739221880144761,5.6088328202171416e-05
2024-01,vol_target,XLI_HEDGE,0.0,-0.0,0.7988251201824936,0.7988251201824936,0.03739221880144761,5.6088328202171416e-05
2024-01,trend,MOD,0.0983141271389533,0.0,1.0,1.0,0.49999999999999994,0.0007499999999999999
2024-01,trend,AAON,0.13934739972546553,0.0,1.0,1.0,0.49999999999999994,0.0007499999999999999
2024-01,trend,VRT,0.08998280923748457,0.0,1.0,1.0,0.49999999999999994,0.0007499999999999999
2024-01,trend,NVT,0.17162064413472686,0.0,1.0,1.0,0.49999999999999994,0.0007499999999999999
2024-01,trend,JCI,0.1683996304257905,0.0,1.0,1.0,0.49999999999999994,0.0007499999999999999
2024-01,trend,TT,0.1778548013281088,0.0,1.0,1.0,0.49999999999999994,0.0007499999999999999
2024-01,trend,SPXC,0.15448058800947037,0.0,1.0,1.0,0.49999999999999994,0.0007499999999999999
2024-01,trend,XLI_HEDGE,0.0,-0.0,1.0,1.0,0.49999999999999994,0.0007499999999999999
2024-01,drawdown,MOD,0.0983141271389533,0.0,1.0,1.0,0.04528491634351943,6.792737451527914e-05
2024-01,drawdown,AAON,0.13934739972546553,0.0,1.0,1.0,0.04528491634351943,6.792737451527914e-05
2024-01,drawdown,VRT,0.08998280923748457,0.0,1.0,1.0,0.04528491634351943,6.792737451527914e-05
2024-01,drawdown,NVT,0.17162064413472686,0.0,1.0,1.0,0.04528491634351943,6.792737451527914e-05
2024-01,drawdown,JCI,0.1683996304257905,0.0,1.0,1.0,0.04528491634351943,6.792737451527914e-05
2024-01,drawdown,TT,0.1778548013281088,0.0,1.0,1.0,0.04528491634351943,6.792737451527914e-05
2024-01,drawdown,SPXC,0.15448058800947037,0.0,1.0,1.0,0.04528491634351943,6.792737451527914e-05
2024-01,drawdown,XLI_HEDGE,0.0,-0.0,1.0,1.0,0.04528491634351943,6.792737451527914e-05
2024-01,tail_budget,MOD,0.07411729182138524,0.0,0.7538824172911671,0.7538824172911671,0.034139502199880684,5.120925329982103e-05
2024-01,tail_budget,AAON,0.10505155454827247,0.0,0.7538824172911671,0.7538824172911671,0.034139502199880684,5.120925329982103e-05
2024-01,tail_budget,VRT,0.06783645774260483,0.0,0.7538824172911671,0.7538824172911671,0.034139502199880684,5.120925329982103e-05
2024-01,tail_budget,NVT,0.12938178605735504,0.0,0.7538824172911671,0.7538824172911671,0.034139502199880684,5.120925329982103e-05
2024-01,tail_budget,JCI,0.12695352045633412,0.0,0.7538824172911671,0.7538824172911671,0.034139502199880684,5.120925329982103e-05
2024-01,tail_budget,TT,0.13408160755207493,0.0,0.7538824172911671,0.7538824172911671,0.034139502199880684,5.120925329982103e-05
2024-01,tail_budget,SPXC,0.11646019911314041,0.0,0.7538824172911671,0.7538824172911671,0.034139502199880684,5.120925329982103e-05
2024-01,tail_budget,XLI_HEDGE,0.0,-0.0,0.7538824172911671,0.7538824172911671,0.034139502199880684,5.120925329982103e-05
2024-01,combined,MOD,0.07411729182138524,0.0,0.7538824172911671,0.5106552800146564,0.3218817912245998,0.00048282268683689974
2024-01,combined,AAON,0.10505155454827247,0.0,0.7538824172911671,0.5106552800146564,0.3218817912245998,0.00048282268683689974
2024-01,combined,VRT,0.06783645774260483,0.0,0.7538824172911671,0.5106552800146564,0.3218817912245998,0.00048282268683689974
2024-01,combined,NVT,0.12938178605735504,0.0,0.7538824172911671,0.5106552800146564,0.3218817912245998,0.00048282268683689974
2024-01,combined,JCI,0.12695352045633412,0.0,0.7538824172911671,0.5106552800146564,0.3218817912245998,0.00048282268683689974
2024-01,combined,TT,0.13408160755207493,0.0,0.7538824172911671,0.5106552800146564,0.3218817912245998,0.00048282268683689974
2024-01,combined,SPXC,0.11646019911314041,0.0,0.7538824172911671,0.5106552800146564,0.3218817912245998,0.00048282268683689974
2024-01,combined,XLI_HEDGE,0.0,-0.24322713727651063,0.7538824172911671,0.5106552800146564,0.3218817912245998,0.00048282268683689974
2024-01,confirmed,MOD,0.3268843970116591,0.0,0.7499999999999999,0.17257158664225014,1.1789502492584523,0.0017684253738876785
2024-01,confirmed,AAON,0.4231156029883408,0.0,0.7499999999999999,0.17257158664225014,1.1789502492584523,0.0017684253738876785
2024-01,confirmed,VRT,0.0,0.0,0.7499999999999999,0.17257158664225014,1.1789502492584523,0.0017684253738876785
2024-01,confirmed,NVT,0.0,0.0,0.7499999999999999,0.17257158664225014,1.1789502492584523,0.0017684253738876785
2024-01,confirmed,JCI,0.0,0.0,0.7499999999999999,0.17257158664225014,1.1789502492584523,0.0017684253738876785
2024-01,confirmed,TT,0.0,0.0,0.7499999999999999,0.17257158664225014,1.1789502492584523,0.0017684253738876785
2024-01,confirmed,SPXC,0.0,0.0,0.7499999999999999,0.17257158664225014,1.1789502492584523,0.0017684253738876785
2024-01,confirmed,XLI_HEDGE,0.0,-0.5774284133577497,0.7499999999999999,0.17257158664225014,1.1789502492584523,0.0017684253738876785
2024-01,core_signal,MOD,0.11203235759992633,0.0,0.753300054697492,0.4599427260087955,0.321756985152142,0.00048263547772821303
2024-01,core_signal,AAON,0.15276116181428273,0.0,0.753300054697492,0.4599427260087955,0.321756985152142,0.00048263547772821303
2024-01,core_signal,VRT,0.0576609890812141,0.0,0.753300054697492,0.4599427260087955,0.321756985152142,0.00048263547772821303
2024-01,core_signal,NVT,0.10997451814875178,0.0,0.753300054697492,0.4599427260087955,0.321756985152142,0.00048263547772821303
2024-01,core_signal,JCI,0.107910492387884,0.0,0.753300054697492,0.4599427260087955,0.321756985152142,0.00048263547772821303
2024-01,core_signal,TT,0.1139693664192637,0.0,0.753300054697492,0.4599427260087955,0.321756985152142,0.00048263547772821303
2024-01,core_signal,SPXC,0.09899116924616935,0.0,0.753300054697492,0.4599427260087955,0.321756985152142,0.00048263547772821303
2024-01,core_signal,XLI_HEDGE,0.0,-0.29335732868869646,0.753300054697492,0.4599427260087955,0.321756985152142,0.00048263547772821303
2024-02,basic,MOD,0.14285714285714285,0.0,0.9999999999999998,0.9999999999999998,0.0,0.0
2024-02,basic,AAON,0.14285714285714285,0.0,0.9999999999999998,0.9999999999999998,0.0,0.0
2024-02,basic,VRT,0.14285714285714285,0.0,0.9999999999999998,0.9999999999999998,0.0,0.0
2024-02,basic,NVT,0.14285714285714285,0.0,0.9999999999999998,0.9999999999999998,0.0,0.0
2024-02,basic,JCI,0.14285714285714285,0.0,0.9999999999999998,0.9999999999999998,0.0,0.0
2024-02,basic,TT,0.14285714285714285,0.0,0.9999999999999998,0.9999999999999998,0.0,0.0
2024-02,basic,SPXC,0.14285714285714285,0.0,0.9999999999999998,0.9999999999999998,0.0,0.0
2024-02,basic,XLI_HEDGE,0.0,-0.0,0.9999999999999998,0.9999999999999998,0.0,0.0
2024-02,inverse_vol,MOD,0.0984995869260377,0.0,1.0,1.0,0.016673746493167996,2.5010619739751995e-05
2024-02,inverse_vol,AAON,0.13444070104011663,0.0,1.0,1.0,0.016673746493167996,2.5010619739751995e-05
2024-02,inverse_vol,VRT,0.08974483100208624,0.0,1.0,1.0,0.016673746493167996,2.5010619739751995e-05
2024-02,inverse_vol,NVT,0.1692651329495953,0.0,1.0,1.0,0.016673746493167996,2.5010619739751995e-05
2024-02,inverse_vol,JCI,0.17063696155310612,0.0,1.0,1.0,0.016673746493167996,2.5010619739751995e-05
2024-02,inverse_vol,TT,0.17701811618740365,0.0,1.0,1.0,0.016673746493167996,2.5010619739751995e-05
2024-02,inverse_vol,SPXC,0.16039467034165442,0.0,1.0,1.0,0.016673746493167996,2.5010619739751995e-05
2024-02,inverse_vol,XLI_HEDGE,0.0,-0.0,1.0,1.0,0.016673746493167996,2.5010619739751995e-05
2024-02,vol_target,MOD,0.07917459598536424,0.0,0.8038063758055718,0.8038063758055718,0.013558054181586524,2.0337081272379785e-05
2024-02,vol_target,AAON,0.1080642926638165,0.0,0.8038063758055718,0.8038063758055718,0.013558054181586524,2.0337081272379785e-05
2024-02,vol_target,VRT,0.07213746735507046,0.0,0.8038063758055718,0.8038063758055718,0.013558054181586524,2.0337081272379785e-05
2024-02,vol_target,NVT,0.13605639306646244,0.0,0.8038063758055718,0.8038063758055718,0.013558054181586524,2.0337081272379785e-05
2024-02,vol_target,JCI,0.1371590776444769,0.0,0.8038063758055718,0.8038063758055718,0.013558054181586524,2.0337081272379785e-05
2024-02,vol_target,TT,0.14228829042452654,0.0,0.8038063758055718,0.8038063758055718,0.013558054181586524,2.0337081272379785e-05
2024-02,vol_target,SPXC,0.12892625866585466,0.0,0.8038063758055718,0.8038063758055718,0.013558054181586524,2.0337081272379785e-05
2024-02,vol_target,XLI_HEDGE,0.0,-0.0,0.8038063758055718,0.8038063758055718,0.013558054181586524,2.0337081272379785e-05
2024-02,trend,MOD,0.0984995869260377,0.0,1.0,1.0,0.016673746493167996,2.5010619739751995e-05
2024-02,trend,AAON,0.13444070104011663,0.0,1.0,1.0,0.016673746493167996,2.5010619739751995e-05
2024-02,trend,VRT,0.08974483100208624,0.0,1.0,1.0,0.016673746493167996,2.5010619739751995e-05
2024-02,trend,NVT,0.1692651329495953,0.0,1.0,1.0,0.016673746493167996,2.5010619739751995e-05
2024-02,trend,JCI,0.17063696155310612,0.0,1.0,1.0,0.016673746493167996,2.5010619739751995e-05
2024-02,trend,TT,0.17701811618740365,0.0,1.0,1.0,0.016673746493167996,2.5010619739751995e-05
2024-02,trend,SPXC,0.16039467034165442,0.0,1.0,1.0,0.016673746493167996,2.5010619739751995e-05
2024-02,trend,XLI_HEDGE,0.0,-0.0,1.0,1.0,0.016673746493167996,2.5010619739751995e-05
2024-02,drawdown,MOD,0.0984995869260377,0.0,1.0,1.0,0.016673746493167996,2.5010619739751995e-05
2024-02,drawdown,AAON,0.13444070104011663,0.0,1.0,1.0,0.016673746493167996,2.5010619739751995e-05
2024-02,drawdown,VRT,0.08974483100208624,0.0,1.0,1.0,0.016673746493167996,2.5010619739751995e-05
2024-02,drawdown,NVT,0.1692651329495953,0.0,1.0,1.0,0.016673746493167996,2.5010619739751995e-05
2024-02,drawdown,JCI,0.17063696155310612,0.0,1.0,1.0,0.016673746493167996,2.5010619739751995e-05
2024-02,drawdown,TT,0.17701811618740365,0.0,1.0,1.0,0.016673746493167996,2.5010619739751995e-05
2024-02,drawdown,SPXC,0.16039467034165442,0.0,1.0,1.0,0.016673746493167996,2.5010619739751995e-05
2024-02,drawdown,XLI_HEDGE,0.0,-0.0,1.0,1.0,0.016673746493167996,2.5010619739751995e-05
2024-02,tail_budget,MOD,0.08831534086166118,0.0,0.8966062053435436,0.8966062053435436,0.14272378805237654,0.0002140856820785648
2024-02,tail_budget,AAON,0.12054036680330475,0.0,0.8966062053435436,0.8966062053435436,0.14272378805237654,0.0002140856820785648
2024-02,tail_budget,VRT,0.08046577237397814,0.0,0.8966062053435436,0.8966062053435436,0.14272378805237654,0.0002140856820785648
2024-02,tail_budget,NVT,0.15176416855090705,0.0,0.8966062053435436,0.8966062053435436,0.14272378805237654,0.0002140856820785648
2024-02,tail_budget,JCI,0.1529941585894826,0.0,0.8966062053435436,0.8966062053435436,0.14272378805237654,0.0002140856820785648
2024-02,tail_budget,TT,0.1587155414318505,0.0,0.8966062053435436,0.8966062053435436,0.14272378805237654,0.0002140856820785648
2024-02,tail_budget,SPXC,0.14381085673235938,0.0,0.8966062053435436,0.8966062053435436,0.14272378805237654,0.0002140856820785648
2024-02,tail_budget,XLI_HEDGE,0.0,-0.0,0.8966062053435436,0.8966062053435436,0.14272378805237654,0.0002140856820785648
2024-02,combined,MOD,0.07917459598536424,0.0,0.8038063758055718,0.5553778569082332,0.05512534013523267,8.2688010202849e-05
2024-02,combined,AAON,0.1080642926638165,0.0,0.8038063758055718,0.5553778569082332,0.05512534013523267,8.2688010202849e-05
2024-02,combined,VRT,0.07213746735507046,0.0,0.8038063758055718,0.5553778569082332,0.05512534013523267,8.2688010202849e-05
2024-02,combined,NVT,0.13605639306646244,0.0,0.8038063758055718,0.5553778569082332,0.05512534013523267,8.2688010202849e-05
2024-02,combined,JCI,0.1371590776444769,0.0,0.8038063758055718,0.5553778569082332,0.05512534013523267,8.2688010202849e-05
2024-02,combined,TT,0.14228829042452654,0.0,0.8038063758055718,0.5553778569082332,0.05512534013523267,8.2688010202849e-05
2024-02,combined,SPXC,0.12892625866585466,0.0,0.8038063758055718,0.5553778569082332,0.05512534013523267,8.2688010202849e-05
2024-02,combined,XLI_HEDGE,0.0,-0.2484285188973386,0.8038063758055718,0.5553778569082332,0.05512534013523267,8.2688010202849e-05
2024-02,confirmed,MOD,0.4038085098436936,0.0,0.7499999999999999,0.08459645331358157,0.9342063393053502,0.0014013095089580254
2024-02,confirmed,AAON,0.0,0.0,0.7499999999999999,0.08459645331358157,0.9342063393053502,0.0014013095089580254
2024-02,confirmed,VRT,0.3461914901563063,0.0,0.7499999999999999,0.08459645331358157,0.9342063393053502,0.0014013095089580254
2024-02,confirmed,NVT,0.0,0.0,0.7499999999999999,0.08459645331358157,0.9342063393053502,0.0014013095089580254
2024-02,confirmed,JCI,0.0,0.0,0.7499999999999999,0.08459645331358157,0.9342063393053502,0.0014013095089580254
2024-02,confirmed,TT,0.0,0.0,0.7499999999999999,0.08459645331358157,0.9342063393053502,0.0014013095089580254
2024-02,confirmed,SPXC,0.0,0.0,0.7499999999999999,0.08459645331358157,0.9342063393053502,0.0014013095089580254
2024-02,confirmed,XLI_HEDGE,0.0,-0.6654035466864183,0.7499999999999999,0.08459645331358157,0.9342063393053502,0.0014013095089580254
2024-02,core_signal,MOD,0.12786968306411364,0.0,0.7957354194347359,0.48476064636903543,0.18186583521432542,0.00027279875282148813
2024-02,core_signal,AAON,0.09185464876424401,0.0,0.7957354194347359,0.48476064636903543,0.18186583521432542,0.00027279875282148813
2024-02,core_signal,VRT,0.11324557077525582,0.0,0.7957354194347359,0.48476064636903543,0.18186583521432542,0.00027279875282148813
2024-02,core_signal,NVT,0.11564793410649307,0.0,0.7957354194347359,0.48476064636903543,0.18186583521432542,0.00027279875282148813
2024-02,core_signal,JCI,0.11658521599780537,0.0,0.7957354194347359,0.48476064636903543,0.18186583521432542,0.00027279875282148813
2024-02,core_signal,TT,0.12094504686084755,0.0,0.7957354194347359,0.48476064636903543,0.18186583521432542,0.00027279875282148813
2024-02,core_signal,SPXC,0.10958731986597646,0.0,0.7957354194347359,0.48476064636903543,0.18186583521432542,0.00027279875282148813
2024-02,core_signal,XLI_HEDGE,0.0,-0.31097477306570054,0.7957354194347359,0.48476064636903543,0.18186583521432542,0.00027279875282148813
2024-03,basic,MOD,0.14285714285714285,0.0,0.9999999999999998,0.9999999999999998,0.0,0.0
2024-03,basic,AAON,0.14285714285714285,0.0,0.9999999999999998,0.9999999999999998,0.0,0.0
2024-03,basic,VRT,0.14285714285714285,0.0,0.9999999999999998,0.9999999999999998,0.0,0.0
2024-03,basic,NVT,0.14285714285714285,0.0,0.9999999999999998,0.9999999999999998,0.0,0.0
2024-03,basic,JCI,0.14285714285714285,0.0,0.9999999999999998,0.9999999999999998,0.0,0.0
2024-03,basic,TT,0.14285714285714285,0.0,0.9999999999999998,0.9999999999999998,0.0,0.0
2024-03,basic,SPXC,0.14285714285714285,0.0,0.9999999999999998,0.9999999999999998,0.0,0.0
2024-03,basic,XLI_HEDGE,0.0,-0.0,0.9999999999999998,0.9999999999999998,0.0,0.0
2024-03,inverse_vol,MOD,0.09603963495141951,0.0,1.0,1.0,0.026657240647804253,3.998586097170638e-05
2024-03,inverse_vol,AAON,0.13643804913758942,0.0,1.0,1.0,0.026657240647804253,3.998586097170638e-05
2024-03,inverse_vol,VRT,0.09101038740508229,0.0,1.0,1.0,0.026657240647804253,3.998586097170638e-05
2024-03,inverse_vol,NVT,0.17933084877302863,0.0,1.0,1.0,0.026657240647804253,3.998586097170638e-05
2024-03,inverse_vol,JCI,0.16476485194161353,0.0,1.0,1.0,0.026657240647804253,3.998586097170638e-05
2024-03,inverse_vol,TT,0.17353613310962065,0.0,1.0,1.0,0.026657240647804253,3.998586097170638e-05
2024-03,inverse_vol,SPXC,0.1588800946816461,0.0,1.0,1.0,0.026657240647804253,3.998586097170638e-05
2024-03,inverse_vol,XLI_HEDGE,0.0,-0.0,1.0,1.0,0.026657240647804253,3.998586097170638e-05
2024-03,vol_target,MOD,0.06902293051962277,0.0,0.7186921374132378,0.7186921374132378,0.08511423839233398,0.00012767135758850098
2024-03,vol_target,AAON,0.09805695315918649,0.0,0.7186921374132378,0.7186921374132378,0.08511423839233398,0.00012767135758850098
2024-03,vol_target,VRT,0.06540844985096539,0.0,0.7186921374132378,0.7186921374132378,0.08511423839233398,0.00012767135758850098
2024-03,vol_target,NVT,0.12888367100881803,0.0,0.7186921374132378,0.7186921374132378,0.08511423839233398,0.00012767135758850098
2024-03,vol_target,JCI,0.11841520361249387,0.0,0.7186921374132378,0.7186921374132378,0.08511423839233398,0.00012767135758850098
2024-03,vol_target,TT,0.1247190544229814,0.0,0.7186921374132378,0.7186921374132378,0.08511423839233398,0.00012767135758850098
2024-03,vol_target,SPXC,0.11418587483916981,0.0,0.7186921374132378,0.7186921374132378,0.08511423839233398,0.00012767135758850098
2024-03,vol_target,XLI_HEDGE,0.0,-0.0,0.7186921374132378,0.7186921374132378,0.08511423839233398,0.00012767135758850098
2024-03,trend,MOD,0.09603963495141951,0.0,1.0,1.0,0.026657240647804253,3.998586097170638e-05
2024-03,trend,AAON,0.13643804913758942,0.0,1.0,1.0,0.026657240647804253,3.998586097170638e-05
2024-03,trend,VRT,0.09101038740508229,0.0,1.0,1.0,0.026657240647804253,3.998586097170638e-05
2024-03,trend,NVT,0.17933084877302863,0.0,1.0,1.0,0.026657240647804253,3.998586097170638e-05
2024-03,trend,JCI,0.16476485194161353,0.0,1.0,1.0,0.026657240647804253,3.998586097170638e-05
2024-03,trend,TT,0.17353613310962065,0.0,1.0,1.0,0.026657240647804253,3.998586097170638e-05
2024-03,trend,SPXC,0.1588800946816461,0.0,1.0,1.0,0.026657240647804253,3.998586097170638e-05
2024-03,trend,XLI_HEDGE,0.0,-0.0,1.0,1.0,0.026657240647804253,3.998586097170638e-05
2024-03,drawdown,MOD,0.09603963495141951,0.0,1.0,1.0,0.026657240647804253,3.998586097170638e-05
2024-03,drawdown,AAON,0.13643804913758942,0.0,1.0,1.0,0.026657240647804253,3.998586097170638e-05
2024-03,drawdown,VRT,0.09101038740508229,0.0,1.0,1.0,0.026657240647804253,3.998586097170638e-05
2024-03,drawdown,NVT,0.17933084877302863,0.0,1.0,1.0,0.026657240647804253,3.998586097170638e-05
2024-03,drawdown,JCI,0.16476485194161353,0.0,1.0,1.0,0.026657240647804253,3.998586097170638e-05
2024-03,drawdown,TT,0.17353613310962065,0.0,1.0,1.0,0.026657240647804253,3.998586097170638e-05
2024-03,drawdown,SPXC,0.1588800946816461,0.0,1.0,1.0,0.026657240647804253,3.998586097170638e-05
2024-03,drawdown,XLI_HEDGE,0.0,-0.0,1.0,1.0,0.026657240647804253,3.998586097170638e-05
2024-03,tail_budget,MOD,0.09232090905385136,0.0,0.9612792583036243,0.9612792583036243,0.06467305296008058,9.700957944012088e-05
2024-03,tail_budget,AAON,0.13115506667937538,0.0,0.9612792583036243,0.9612792583036243,0.06467305296008058,9.700957944012088e-05
2024-03,tail_budget,VRT,0.08748639770268299,0.0,0.9612792583036243,0.9612792583036243,0.06467305296008058,9.700957944012088e-05
2024-03,tail_budget,NVT,0.17238702529949632,0.0,0.9612792583036243,0.9612792583036243,0.06467305296008058,9.700957944012088e-05
2024-03,tail_budget,JCI,0.1583850346689407,0.0,0.9612792583036243,0.9612792583036243,0.06467305296008058,9.700957944012088e-05
2024-03,tail_budget,TT,0.16681668532449512,0.0,0.9612792583036243,0.9612792583036243,0.06467305296008058,9.700957944012088e-05
2024-03,tail_budget,SPXC,0.15272813957478232,0.0,0.9612792583036243,0.9612792583036243,0.06467305296008058,9.700957944012088e-05
2024-03,tail_budget,XLI_HEDGE,0.0,-0.0,0.9612792583036243,0.9612792583036243,0.06467305296008058,9.700957944012088e-05
2024-03,combined,MOD,0.06902293051962277,0.0,0.7186921374132378,0.49412184410289733,0.10897246397933213,0.0001634586959689982
2024-03,combined,AAON,0.09805695315918649,0.0,0.7186921374132378,0.49412184410289733,0.10897246397933213,0.0001634586959689982
2024-03,combined,VRT,0.06540844985096539,0.0,0.7186921374132378,0.49412184410289733,0.10897246397933213,0.0001634586959689982
2024-03,combined,NVT,0.12888367100881803,0.0,0.7186921374132378,0.49412184410289733,0.10897246397933213,0.0001634586959689982
2024-03,combined,JCI,0.11841520361249387,0.0,0.7186921374132378,0.49412184410289733,0.10897246397933213,0.0001634586959689982
2024-03,combined,TT,0.1247190544229814,0.0,0.7186921374132378,0.49412184410289733,0.10897246397933213,0.0001634586959689982
2024-03,combined,SPXC,0.11418587483916981,0.0,0.7186921374132378,0.49412184410289733,0.10897246397933213,0.0001634586959689982
2024-03,combined,XLI_HEDGE,0.0,-0.22457029331034045,0.7186921374132378,0.49412184410289733,0.10897246397933213,0.0001634586959689982
2024-03,confirmed,MOD,0.2596001363579056,0.0,0.75,0.08563190491686412,0.28945219857485865,0.00043417829786228796
2024-03,confirmed,AAON,0.0,0.0,0.75,0.08563190491686412,0.28945219857485865,0.00043417829786228796
2024-03,confirmed,VRT,0.4903998636420945,0.0,0.75,0.08563190491686412,0.28945219857485865,0.00043417829786228796
2024-03,confirmed,NVT,0.0,0.0,0.75,0.08563190491686412,0.28945219857485865,0.00043417829786228796
2024-03,confirmed,JCI,0.0,0.0,0.75,0.08563190491686412,0.28945219857485865,0.00043417829786228796
2024-03,confirmed,TT,0.0,0.0,0.75,0.08563190491686412,0.28945219857485865,0.00043417829786228796
2024-03,confirmed,SPXC,0.0,0.0,0.75,0.08563190491686412,0.28945219857485865,0.00043417829786228796
2024-03,confirmed,XLI_HEDGE,0.0,-0.6643680950831359,0.75,0.08563190491686412,0.28945219857485865,0.00043417829786228796
2024-03,core_signal,MOD,0.0976095113953652,0.0,0.723388316801252,0.4328483532249924,0.12460509441168244,0.00018690764161752367
2024-03,core_signal,AAON,0.08334841018530852,0.0,0.723388316801252,0.4328483532249924,0.12460509441168244,0.00018690764161752367
2024-03,core_signal,VRT,0.12915716191963475,0.0,0.723388316801252,0.4328483532249924,0.12460509441168244,0.00018690764161752367
2024-03,core_signal,NVT,0.10955112035749533,0.0,0.723388316801252,0.4328483532249924,0.12460509441168244,0.00018690764161752367
2024-03,core_signal,JCI,0.10065292307061979,0.0,0.723388316801252,0.4328483532249924,0.12460509441168244,0.00018690764161752367
2024-03,core_signal,TT,0.10601119625953419,0.0,0.723388316801252,0.4328483532249924,0.12460509441168244,0.00018690764161752367
2024-03,core_signal,SPXC,0.09705799361329434,0.0,0.723388316801252,0.4328483532249924,0.12460509441168244,0.00018690764161752367
2024-03,core_signal,XLI_HEDGE,0.0,-0.2905399635762598,0.723388316801252,0.4328483532249924,0.12460509441168244,0.00018690764161752367
2024-04,basic,MOD,0.14285714285714285,0.0,0.9999999999999998,0.9999999999999998,0.0,0.0
2024-04,basic,AAON,0.14285714285714285,0.0,0.9999999999999998,0.9999999999999998,0.0,0.0
2024-04,basic,VRT,0.14285714285714285,0.0,0.9999999999999998,0.9999999999999998,0.0,0.0
2024-04,basic,NVT,0.14285714285714285,0.0,0.9999999999999998,0.9999999999999998,0.0,0.0
2024-04,basic,JCI,0.14285714285714285,0.0,0.9999999999999998,0.9999999999999998,0.0,0.0
2024-04,basic,TT,0.14285714285714285,0.0,0.9999999999999998,0.9999999999999998,0.0,0.0
2024-04,basic,SPXC,0.14285714285714285,0.0,0.9999999999999998,0.9999999999999998,0.0,0.0
2024-04,basic,XLI_HEDGE,0.0,-0.0,0.9999999999999998,0.9999999999999998,0.0,0.0
2024-04,inverse_vol,MOD,0.0992956259882487,0.0,1.0,1.0,0.030726679480589075,4.6090019220883614e-05
2024-04,inverse_vol,AAON,0.133862657106501,0.0,1.0,1.0,0.030726679480589075,4.6090019220883614e-05
2024-04,inverse_vol,VRT,0.1007155128547197,0.0,1.0,1.0,0.030726679480589075,4.6090019220883614e-05
2024-04,inverse_vol,NVT,0.1817330720268565,0.0,1.0,1.0,0.030726679480589075,4.6090019220883614e-05
2024-04,inverse_vol,JCI,0.1555852571252892,0.0,1.0,1.0,0.030726679480589075,4.6090019220883614e-05
2024-04,inverse_vol,TT,0.17159067785857646,0.0,1.0,1.0,0.030726679480589075,4.6090019220883614e-05
2024-04,inverse_vol,SPXC,0.15721719703980847,0.0,1.0,1.0,0.030726679480589075,4.6090019220883614e-05
2024-04,inverse_vol,XLI_HEDGE,0.0,-0.0,1.0,1.0,0.030726679480589075,4.6090019220883614e-05
2024-04,vol_target,MOD,0.07371404602285776,0.0,0.7423695181858418,0.7423695181858418,0.02950428325974941,4.425642488962411e-05
2024-04,vol_target,AAON,0.09937555625922972,0.0,0.7423695181858418,0.7423695181858418,0.02950428325974941,4.425642488962411e-05
2024-04,vol_target,VRT,0.07476812675179824,0.0,0.7423695181858418,0.7423695181858418,0.02950428325974941,4.425642488962411e-05
2024-04,vol_target,NVT,0.13491309311901037,0.0,0.7423695181858418,0.7423695181858418,0.02950428325974941,4.425642488962411e-05
2024-04,vol_target,JCI,0.11550175236892128,0.0,0.7423695181858418,0.7423695181858418,0.02950428325974941,4.425642488962411e-05
2024-04,vol_target,TT,0.12738368884705342,0.0,0.7423695181858418,0.7423695181858418,0.02950428325974941,4.425642488962411e-05
2024-04,vol_target,SPXC,0.11671325481697119,0.0,0.7423695181858418,0.7423695181858418,0.02950428325974941,4.425642488962411e-05
2024-04,vol_target,XLI_HEDGE,0.0,-0.0,0.7423695181858418,0.7423695181858418,0.02950428325974941,4.425642488962411e-05
2024-04,trend,MOD,0.0992956259882487,0.0,1.0,1.0,0.030726679480589075,4.6090019220883614e-05
2024-04,trend,AAON,0.133862657106501,0.0,1.0,1.0,0.030726679480589075,4.6090019220883614e-05
2024-04,trend,VRT,0.1007155128547197,0.0,1.0,1.0,0.030726679480589075,4.6090019220883614e-05
2024-04,trend,NVT,0.1817330720268565,0.0,1.0,1.0,0.030726679480589075,4.6090019220883614e-05
2024-04,trend,JCI,0.1555852571252892,0.0,1.0,1.0,0.030726679480589075,4.6090019220883614e-05
2024-04,trend,TT,0.17159067785857646,0.0,1.0,1.0,0.030726679480589075,4.6090019220883614e-05
2024-04,trend,SPXC,0.15721719703980847,0.0,1.0,1.0,0.030726679480589075,4.6090019220883614e-05
2024-04,trend,XLI_HEDGE,0.0,-0.0,1.0,1.0,0.030726679480589075,4.6090019220883614e-05
2024-04,drawdown,MOD,0.0992956259882487,0.0,1.0,1.0,0.030726679480589075,4.6090019220883614e-05
2024-04,drawdown,AAON,0.133862657106501,0.0,1.0,1.0,0.030726679480589075,4.6090019220883614e-05
2024-04,drawdown,VRT,0.1007155128547197,0.0,1.0,1.0,0.030726679480589075,4.6090019220883614e-05
2024-04,drawdown,NVT,0.1817330720268565,0.0,1.0,1.0,0.030726679480589075,4.6090019220883614e-05
2024-04,drawdown,JCI,0.1555852571252892,0.0,1.0,1.0,0.030726679480589075,4.6090019220883614e-05
2024-04,drawdown,TT,0.17159067785857646,0.0,1.0,1.0,0.030726679480589075,4.6090019220883614e-05
2024-04,drawdown,SPXC,0.15721719703980847,0.0,1.0,1.0,0.030726679480589075,4.6090019220883614e-05
2024-04,drawdown,XLI_HEDGE,0.0,-0.0,1.0,1.0,0.030726679480589075,4.6090019220883614e-05
2024-04,tail_budget,MOD,0.09545082570277777,0.0,0.9612792583036242,0.9612792583036242,0.029536919661233826,4.430537949185074e-05
2024-04,tail_budget,AAON,0.12867939573788964,0.0,0.9612792583036242,0.9612792583036242,0.029536919661233826,4.430537949185074e-05
2024-04,tail_budget,VRT,0.09681573349665407,0.0,0.9612792583036242,0.9612792583036242,0.029536919661233826,4.430537949185074e-05
2024-04,tail_budget,NVT,0.1746962326872157,0.0,0.9612792583036242,0.9612792583036242,0.029536919661233826,4.430537949185074e-05
2024-04,tail_budget,JCI,0.14956088057237665,0.0,0.9612792583036242,0.9612792583036242,0.029536919661233826,4.430537949185074e-05
2024-04,tail_budget,TT,0.16494655954370846,0.0,0.9612792583036242,0.9612792583036242,0.029536919661233826,4.430537949185074e-05
2024-04,tail_budget,SPXC,0.1511296305630018,0.0,0.9612792583036242,0.9612792583036242,0.029536919661233826,4.430537949185074e-05
2024-04,tail_budget,XLI_HEDGE,0.0,-0.0,0.9612792583036242,0.9612792583036242,0.029536919661233826,4.430537949185074e-05
2024-04,combined,MOD,0.07371404602285776,0.0,0.7423695181858418,0.5056557799632531,0.04164772817199777,6.247159225799667e-05
2024-04,combined,AAON,0.09937555625922972,0.0,0.7423695181858418,0.5056557799632531,0.04164772817199777,6.247159225799667e-05
2024-04,combined,VRT,0.07476812675179824,0.0,0.7423695181858418,0.5056557799632531,0.04164772817199777,6.247159225799667e-05
2024-04,combined,NVT,0.13491309311901037,0.0,0.7423695181858418,0.5056557799632531,0.04164772817199777,6.247159225799667e-05
2024-04,combined,JCI,0.11550175236892128,0.0,0.7423695181858418,0.5056557799632531,0.04164772817199777,6.247159225799667e-05
2024-04,combined,TT,0.12738368884705342,0.0,0.7423695181858418,0.5056557799632531,0.04164772817199777,6.247159225799667e-05
2024-04,combined,SPXC,0.11671325481697119,0.0,0.7423695181858418,0.5056557799632531,0.04164772817199777,6.247159225799667e-05
2024-04,combined,XLI_HEDGE,0.0,-0.23671373822258882,0.7423695181858418,0.5056557799632531,0.04164772817199777,6.247159225799667e-05
2024-04,confirmed,MOD,0.0,0.0,0.0,0.0,1.4143680950831359,0.002121552142624704
2024-04,confirmed,AAON,0.0,0.0,0.0,0.0,1.4143680950831359,0.002121552142624704
2024-04,confirmed,VRT,0.0,0.0,0.0,0.0,1.4143680950831359,0.002121552142624704
2024-04,confirmed,NVT,0.0,0.0,0.0,0.0,1.4143680950831359,0.002121552142624704
2024-04,confirmed,JCI,0.0,0.0,0.0,0.0,1.4143680950831359,0.002121552142624704
2024-04,confirmed,TT,0.0,0.0,0.0,0.0,1.4143680950831359,0.002121552142624704
2024-04,confirmed,SPXC,0.0,0.0,0.0,0.0,1.4143680950831359,0.002121552142624704
2024-04,confirmed,XLI_HEDGE,0.0,-0.0,0.0,0.0,1.4143680950831359,0.002121552142624704
2024-04,core_signal,MOD,0.0626569391194291,0.0,0.6310140904579657,0.4298074129687652,0.20302557977093094,0.0003045383696563964
2024-04,core_signal,AAON,0.08446922282034526,0.0,0.6310140904579657,0.4298074129687652,0.20302557977093094,0.0003045383696563964
2024-04,core_signal,VRT,0.0635529077390285,0.0,0.6310140904579657,0.4298074129687652,0.20302557977093094,0.0003045383696563964
2024-04,core_signal,NVT,0.11467612915115881,0.0,0.6310140904579657,0.4298074129687652,0.20302557977093094,0.0003045383696563964
2024-04,core_signal,JCI,0.09817648951358308,0.0,0.6310140904579657,0.4298074129687652,0.20302557977093094,0.0003045383696563964
2024-04,core_signal,TT,0.1082761355199954,0.0,0.6310140904579657,0.4298074129687652,0.20302557977093094,0.0003045383696563964
2024-04,core_signal,SPXC,0.09920626659442551,0.0,0.6310140904579657,0.4298074129687652,0.20302557977093094,0.0003045383696563964
2024-04,core_signal,XLI_HEDGE,0.0,-0.20120667748920049,0.6310140904579657,0.4298074129687652,0.20302557977093094,0.0003045383696563964
2024-05,basic,MOD,0.14285714285714285,0.0,0.9999999999999998,0.9999999999999998,0.0,0.0
2024-05,basic,AAON,0.14285714285714285,0.0,0.9999999999999998,0.9999999999999998,0.0,0.0
2024-05,basic,VRT,0.14285714285714285,0.0,0.9999999999999998,0.9999999999999998,0.0,0.0
2024-05,basic,NVT,0.14285714285714285,0.0,0.9999999999999998,0.9999999999999998,0.0,0.0
2024-05,basic,JCI,0.14285714285714285,0.0,0.9999999999999998,0.9999999999999998,0.0,0.0
2024-05,basic,TT,0.14285714285714285,0.0,0.9999999999999998,0.9999999999999998,0.0,0.0
2024-05,basic,SPXC,0.14285714285714285,0.0,0.9999999999999998,0.9999999999999998,0.0,0.0
2024-05,basic,XLI_HEDGE,0.0,-0.0,0.9999999999999998,0.9999999999999998,0.0,0.0
2024-05,inverse_vol,MOD,0.10241873128025503,0.0,1.0,1.0,0.03403845925301113,5.10576888795167e-05
2024-05,inverse_vol,AAON,0.13059795793193316,0.0,1.0,1.0,0.03403845925301113,5.10576888795167e-05
2024-05,inverse_vol,VRT,0.10157346194497426,0.0,1.0,1.0,0.03403845925301113,5.10576888795167e-05
2024-05,inverse_vol,NVT,0.1738683290220623,0.0,1.0,1.0,0.03403845925301113,5.10576888795167e-05
2024-05,inverse_vol,JCI,0.15221870231800375,0.0,1.0,1.0,0.03403845925301113,5.10576888795167e-05
2024-05,inverse_vol,TT,0.16906744521871836,0.0,1.0,1.0,0.03403845925301113,5.10576888795167e-05
2024-05,inverse_vol,SPXC,0.17025537228405313,0.0,1.0,1.0,0.03403845925301113,5.10576888795167e-05
2024-05,inverse_vol,XLI_HEDGE,0.0,-0.0,1.0,1.0,0.03403845925301113,5.10576888795167e-05
2024-05,vol_target,MOD,0.07887637532204723,0.0,0.7701362273880613,0.7701362273880613,0.029788297489605556,4.4682446234408335e-05
2024-05,vol_target,AAON,0.10057821862628374,0.0,0.7701362273880613,0.7701362273880613,0.029788297489605556,4.4682446234408335e-05
2024-05,vol_target,VRT,0.07822540278504729,0.0,0.7701362273880613,0.7701362273880613,0.029788297489605556,4.4682446234408335e-05
2024-05,vol_target,NVT,0.13390229897531725,0.0,0.7701362273880613,0.7701362273880613,0.029788297489605556,4.4682446234408335e-05
2024-05,vol_target,JCI,0.11722913714109374,0.0,0.7701362273880613,0.7701362273880613,0.029788297489605556,4.4682446234408335e-05
2024-05,vol_target,TT,0.13020496443488147,0.0,0.7701362273880613,0.7701362273880613,0.029788297489605556,4.4682446234408335e-05
2024-05,vol_target,SPXC,0.13111983010339057,0.0,0.7701362273880613,0.7701362273880613,0.029788297489605556,4.4682446234408335e-05
2024-05,vol_target,XLI_HEDGE,0.0,-0.0,0.7701362273880613,0.7701362273880613,0.029788297489605556,4.4682446234408335e-05
2024-05,trend,MOD,0.10241873128025503,0.0,1.0,1.0,0.03403845925301113,5.10576888795167e-05
2024-05,trend,AAON,0.13059795793193316,0.0,1.0,1.0,0.03403845925301113,5.10576888795167e-05
2024-05,trend,VRT,0.10157346194497426,0.0,1.0,1.0,0.03403845925301113,5.10576888795167e-05
2024-05,trend,NVT,0.1738683290220623,0.0,1.0,1.0,0.03403845925301113,5.10576888795167e-05
2024-05,trend,JCI,0.15221870231800375,0.0,1.0,1.0,0.03403845925301113,5.10576888795167e-05
2024-05,trend,TT,0.16906744521871836,0.0,1.0,1.0,0.03403845925301113,5.10576888795167e-05
2024-05,trend,SPXC,0.17025537228405313,0.0,1.0,1.0,0.03403845925301113,5.10576888795167e-05
2024-05,trend,XLI_HEDGE,0.0,-0.0,1.0,1.0,0.03403845925301113,5.10576888795167e-05
2024-05,drawdown,MOD,0.10241873128025503,0.0,1.0,1.0,0.03403845925301113,5.10576888795167e-05
2024-05,drawdown,AAON,0.13059795793193316,0.0,1.0,1.0,0.03403845925301113,5.10576888795167e-05
2024-05,drawdown,VRT,0.10157346194497426,0.0,1.0,1.0,0.03403845925301113,5.10576888795167e-05
2024-05,drawdown,NVT,0.1738683290220623,0.0,1.0,1.0,0.03403845925301113,5.10576888795167e-05
2024-05,drawdown,JCI,0.15221870231800375,0.0,1.0,1.0,0.03403845925301113,5.10576888795167e-05
2024-05,drawdown,TT,0.16906744521871836,0.0,1.0,1.0,0.03403845925301113,5.10576888795167e-05
2024-05,drawdown,SPXC,0.17025537228405313,0.0,1.0,1.0,0.03403845925301113,5.10576888795167e-05
2024-05,drawdown,XLI_HEDGE,0.0,-0.0,1.0,1.0,0.03403845925301113,5.10576888795167e-05
2024-05,tail_budget,MOD,0.10241873128025503,0.0,1.0,1.0,0.04037654902668268,6.056482354002402e-05
2024-05,tail_budget,AAON,0.13059795793193316,0.0,1.0,1.0,0.04037654902668268,6.056482354002402e-05
2024-05,tail_budget,VRT,0.10157346194497426,0.0,1.0,1.0,0.04037654902668268,6.056482354002402e-05
2024-05,tail_budget,NVT,0.1738683290220623,0.0,1.0,1.0,0.04037654902668268,6.056482354002402e-05
2024-05,tail_budget,JCI,0.15221870231800375,0.0,1.0,1.0,0.04037654902668268,6.056482354002402e-05
2024-05,tail_budget,TT,0.16906744521871836,0.0,1.0,1.0,0.04037654902668268,6.056482354002402e-05
2024-05,tail_budget,SPXC,0.17025537228405313,0.0,1.0,1.0,0.04037654902668268,6.056482354002402e-05
2024-05,tail_budget,XLI_HEDGE,0.0,-0.0,1.0,1.0,0.04037654902668268,6.056482354002402e-05
2024-05,combined,MOD,0.07887637532204723,0.0,0.7701362273880613,0.5344390249685196,0.030804833292652614,4.6207249938978924e-05
2024-05,combined,AAON,0.10057821862628374,0.0,0.7701362273880613,0.5344390249685196,0.030804833292652614,4.6207249938978924e-05
2024-05,combined,VRT,0.07822540278504729,0.0,0.7701362273880613,0.5344390249685196,0.030804833292652614,4.6207249938978924e-05
2024-05,combined,NVT,0.13390229897531725,0.0,0.7701362273880613,0.5344390249685196,0.030804833292652614,4.6207249938978924e-05
2024-05,combined,JCI,0.11722913714109374,0.0,0.7701362273880613,0.5344390249685196,0.030804833292652614,4.6207249938978924e-05
2024-05,combined,TT,0.13020496443488147,0.0,0.7701362273880613,0.5344390249685196,0.030804833292652614,4.6207249938978924e-05
2024-05,combined,SPXC,0.13111983010339057,0.0,0.7701362273880613,0.5344390249685196,0.030804833292652614,4.6207249938978924e-05
2024-05,combined,XLI_HEDGE,0.0,-0.23569720241954176,0.7701362273880613,0.5344390249685196,0.030804833292652614,4.6207249938978924e-05
2024-05,confirmed,MOD,0.0,0.0,0.0,0.0,0.0,0.0
2024-05,confirmed,AAON,0.0,0.0,0.0,0.0,0.0,0.0
2024-05,confirmed,VRT,0.0,0.0,0.0,0.0,0.0,0.0
2024-05,confirmed,NVT,0.0,0.0,0.0,0.0,0.0,0.0
2024-05,confirmed,JCI,0.0,0.0,0.0,0.0,0.0,0.0
2024-05,confirmed,TT,0.0,0.0,0.0,0.0,0.0,0.0
2024-05,confirmed,SPXC,0.0,0.0,0.0,0.0,0.0,0.0
2024-05,confirmed,XLI_HEDGE,0.0,-0.0,0.0,0.0,0.0,0.0
2024-05,core_signal,MOD,0.06704491902374014,0.0,0.6546157932798521,0.4542731712232416,0.026184108298754727,3.927616244813209e-05
2024-05,core_signal,AAON,0.08549148583234117,0.0,0.6546157932798521,0.4542731712232416,0.026184108298754727,3.927616244813209e-05
2024-05,core_signal,VRT,0.0664915923672902,0.0,0.6546157932798521,0.4542731712232416,0.026184108298754727,3.927616244813209e-05
2024-05,core_signal,NVT,0.11381695412901965,0.0,0.6546157932798521,0.4542731712232416,0.026184108298754727,3.927616244813209e-05
2024-05,core_signal,JCI,0.09964476656992968,0.0,0.6546157932798521,0.4542731712232416,0.026184108298754727,3.927616244813209e-05
2024-05,core_signal,TT,0.11067421976964925,0.0,0.6546157932798521,0.4542731712232416,0.026184108298754727,3.927616244813209e-05
2024-05,core_signal,SPXC,0.11145185558788198,0.0,0.6546157932798521,0.4542731712232416,0.026184108298754727,3.927616244813209e-05
2024-05,core_signal,XLI_HEDGE,0.0,-0.2003426220566105,0.6546157932798521,0.4542731712232416,0.026184108298754727,3.927616244813209e-05
2024-06,basic,MOD,0.14285714285714285,0.0,0.9999999999999998,0.9999999999999998,0.0,0.0
2024-06,basic,AAON,0.14285714285714285,0.0,0.9999999999999998,0.9999999999999998,0.0,0.0
2024-06,basic,VRT,0.14285714285714285,0.0,0.9999999999999998,0.9999999999999998,0.0,0.0
2024-06,basic,NVT,0.14285714285714285,0.0,0.9999999999999998,0.9999999999999998,0.0,0.0
2024-06,basic,JCI,0.14285714285714285,0.0,0.9999999999999998,0.9999999999999998,0.0,0.0
2024-06,basic,TT,0.14285714285714285,0.0,0.9999999999999998,0.9999999999999998,0.0,0.0
2024-06,basic,SPXC,0.14285714285714285,0.0,0.9999999999999998,0.9999999999999998,0.0,0.0
2024-06,basic,XLI_HEDGE,0.0,-0.0,0.9999999999999998,0.9999999999999998,0.0,0.0
2024-06,inverse_vol,MOD,0.10492886373005537,0.0,1.0,1.0,0.08716538641930895,0.00013074807962896342
2024-06,inverse_vol,AAON,0.11305265476748474,0.0,1.0,1.0,0.08716538641930895,0.00013074807962896342
2024-06,inverse_vol,VRT,0.09870354080093809,0.0,1.0,1.0,0.08716538641930895,0.00013074807962896342
2024-06,inverse_vol,NVT,0.16171168997212032,0.0,1.0,1.0,0.08716538641930895,0.00013074807962896342
2024-06,inverse_vol,JCI,0.1412078724667759,0.0,1.0,1.0,0.08716538641930895,0.00013074807962896342
2024-06,inverse_vol,TT,0.2030584030742033,0.0,1.0,1.0,0.08716538641930895,0.00013074807962896342
2024-06,inverse_vol,SPXC,0.17733697518842237,0.0,1.0,1.0,0.08716538641930895,0.00013074807962896342
2024-06,inverse_vol,XLI_HEDGE,0.0,-0.0,1.0,1.0,0.08716538641930895,0.00013074807962896342
2024-06,vol_target,MOD,0.08125992210742206,0.0,0.7744286864334576,0.7744286864334576,0.06700323167537602,0.00010050484751306403
2024-06,vol_target,AAON,0.08755121892939838,0.0,0.7744286864334576,0.7744286864334576,0.06700323167537602,0.00010050484751306403
2024-06,vol_target,VRT,0.07643885344880168,0.0,0.7744286864334576,0.7744286864334576,0.06700323167537602,0.00010050484751306403
2024-06,vol_target,NVT,0.1252341716460437,0.0,0.7744286864334576,0.7744286864334576,0.06700323167537602,0.00010050484751306403
2024-06,vol_target,JCI,0.10935542718850848,0.0,0.7744286864334576,0.7744286864334576,0.06700323167537602,0.00010050484751306403
2024-06,vol_target,TT,0.15725425236203083,0.0,0.7744286864334576,0.7744286864334576,0.06700323167537602,0.00010050484751306403
2024-06,vol_target,SPXC,0.1373348407512526,0.0,0.7744286864334576,0.7744286864334576,0.06700323167537602,0.00010050484751306403
2024-06,vol_target,XLI_HEDGE,0.0,-0.0,0.7744286864334576,0.7744286864334576,0.06700323167537602,0.00010050484751306403
2024-06,trend,MOD,0.10492886373005537,0.0,1.0,1.0,0.08716538641930895,0.00013074807962896342
2024-06,trend,AAON,0.11305265476748474,0.0,1.0,1.0,0.08716538641930895,0.00013074807962896342
2024-06,trend,VRT,0.09870354080093809,0.0,1.0,1.0,0.08716538641930895,0.00013074807962896342
2024-06,trend,NVT,0.16171168997212032,0.0,1.0,1.0,0.08716538641930895,0.00013074807962896342
2024-06,trend,JCI,0.1412078724667759,0.0,1.0,1.0,0.08716538641930895,0.00013074807962896342
2024-06,trend,TT,0.2030584030742033,0.0,1.0,1.0,0.08716538641930895,0.00013074807962896342
2024-06,trend,SPXC,0.17733697518842237,0.0,1.0,1.0,0.08716538641930895,0.00013074807962896342
2024-06,trend,XLI_HEDGE,0.0,-0.0,1.0,1.0,0.08716538641930895,0.00013074807962896342
2024-06,drawdown,MOD,0.10492886373005537,0.0,1.0,1.0,0.08716538641930895,0.00013074807962896342
2024-06,drawdown,AAON,0.11305265476748474,0.0,1.0,1.0,0.08716538641930895,0.00013074807962896342
2024-06,drawdown,VRT,0.09870354080093809,0.0,1.0,1.0,0.08716538641930895,0.00013074807962896342
2024-06,drawdown,NVT,0.16171168997212032,0.0,1.0,1.0,0.08716538641930895,0.00013074807962896342
2024-06,drawdown,JCI,0.1412078724667759,0.0,1.0,1.0,0.08716538641930895,0.00013074807962896342
2024-06,drawdown,TT,0.2030584030742033,0.0,1.0,1.0,0.08716538641930895,0.00013074807962896342
2024-06,drawdown,SPXC,0.17733697518842237,0.0,1.0,1.0,0.08716538641930895,0.00013074807962896342
2024-06,drawdown,XLI_HEDGE,0.0,-0.0,1.0,1.0,0.08716538641930895,0.00013074807962896342
2024-06,tail_budget,MOD,0.10492886373005537,0.0,1.0,1.0,0.08716538641930895,0.00013074807962896342
2024-06,tail_budget,AAON,0.11305265476748474,0.0,1.0,1.0,0.08716538641930895,0.00013074807962896342
2024-06,tail_budget,VRT,0.09870354080093809,0.0,1.0,1.0,0.08716538641930895,0.00013074807962896342
2024-06,tail_budget,NVT,0.16171168997212032,0.0,1.0,1.0,0.08716538641930895,0.00013074807962896342
2024-06,tail_budget,JCI,0.1412078724667759,0.0,1.0,1.0,0.08716538641930895,0.00013074807962896342
2024-06,tail_budget,TT,0.2030584030742033,0.0,1.0,1.0,0.08716538641930895,0.00013074807962896342
2024-06,tail_budget,SPXC,0.17733697518842237,0.0,1.0,1.0,0.08716538641930895,0.00013074807962896342
2024-06,tail_budget,XLI_HEDGE,0.0,-0.0,1.0,1.0,0.08716538641930895,0.00013074807962896342
2024-06,combined,MOD,0.08125992210742206,0.0,0.7744286864334576,0.537575544041818,0.06815917164747394,0.00010223875747121091
2024-06,combined,AAON,0.08755121892939838,0.0,0.7744286864334576,0.537575544041818,0.06815917164747394,0.00010223875747121091
2024-06,combined,VRT,0.07643885344880168,0.0,0.7744286864334576,0.537575544041818,0.06815917164747394,0.00010223875747121091
2024-06,combined,NVT,0.1252341716460437,0.0,0.7744286864334576,0.537575544041818,0.06815917164747394,0.00010223875747121091
2024-06,combined,JCI,0.10935542718850848,0.0,0.7744286864334576,0.537575544041818,0.06815917164747394,0.00010223875747121091
2024-06,combined,TT,0.15725425236203083,0.0,0.7744286864334576,0.537575544041818,0.06815917164747394,0.00010223875747121091
2024-06,combined,SPXC,0.1373348407512526,0.0,0.7744286864334576,0.537575544041818,0.06815917164747394,0.00010223875747121091
2024-06,combined,XLI_HEDGE,0.0,-0.23685314239163968,0.7744286864334576,0.537575544041818,0.06815917164747394,0.00010223875747121091
2024-06,confirmed,MOD,0.0,0.0,0.0,0.0,0.0,0.0
2024-06,confirmed,AAON,0.0,0.0,0.0,0.0,0.0,0.0
2024-06,confirmed,VRT,0.0,0.0,0.0,0.0,0.0,0.0
2024-06,confirmed,NVT,0.0,0.0,0.0,0.0,0.0,0.0
2024-06,confirmed,JCI,0.0,0.0,0.0,0.0,0.0,0.0
2024-06,confirmed,TT,0.0,0.0,0.0,0.0,0.0,0.0
2024-06,confirmed,SPXC,0.0,0.0,0.0,0.0,0.0,0.0
2024-06,confirmed,XLI_HEDGE,0.0,-0.0,0.0,0.0,0.0,0.0
2024-06,core_signal,MOD,0.06907093379130874,0.0,0.6582643834684391,0.4569392124355453,0.05793529590035282,8.690294385052923e-05
2024-06,core_signal,AAON,0.07441853608998862,0.0,0.6582643834684391,0.4569392124355453,0.05793529590035282,8.690294385052923e-05
2024-06,core_signal,VRT,0.06497302543148142,0.0,0.6582643834684391,0.4569392124355453,0.05793529590035282,8.690294385052923e-05
2024-06,core_signal,NVT,0.10644904589913713,0.0,0.6582643834684391,0.4569392124355453,0.05793529590035282,8.690294385052923e-05
2024-06,core_signal,JCI,0.0929521131102322,0.0,0.6582643834684391,0.4569392124355453,0.05793529590035282,8.690294385052923e-05
2024-06,core_signal,TT,0.1336661145077262,0.0,0.6582643834684391,0.4569392124355453,0.05793529590035282,8.690294385052923e-05
2024-06,core_signal,SPXC,0.1167346146385647,0.0,0.6582643834684391,0.4569392124355453,0.05793529590035282,8.690294385052923e-05
2024-06,core_signal,XLI_HEDGE,0.0,-0.2013251710328937,0.6582643834684391,0.4569392124355453,0.05793529590035282,8.690294385052923e-05
2024-07,basic,MOD,0.14285714285714285,0.0,0.9999999999999998,0.9999999999999998,0.0,0.0
2024-07,basic,AAON,0.14285714285714285,0.0,0.9999999999999998,0.9999999999999998,0.0,0.0
2024-07,basic,VRT,0.14285714285714285,0.0,0.9999999999999998,0.9999999999999998,0.0,0.0
2024-07,basic,NVT,0.14285714285714285,0.0,0.9999999999999998,0.9999999999999998,0.0,0.0
2024-07,basic,JCI,0.14285714285714285,0.0,0.9999999999999998,0.9999999999999998,0.0,0.0
2024-07,basic,TT,0.14285714285714285,0.0,0.9999999999999998,0.9999999999999998,0.0,0.0
2024-07,basic,SPXC,0.14285714285714285,0.0,0.9999999999999998,0.9999999999999998,0.0,0.0
2024-07,basic,XLI_HEDGE,0.0,-0.0,0.9999999999999998,0.9999999999999998,0.0,0.0
2024-07,inverse_vol,MOD,0.1004285817884854,0.0,1.0,1.0,0.04828700883914937,7.243051325872405e-05
2024-07,inverse_vol,AAON,0.10581128432506329,0.0,1.0,1.0,0.04828700883914937,7.243051325872405e-05
2024-07,inverse_vol,VRT,0.0879883644306013,0.0,1.0,1.0,0.04828700883914937,7.243051325872405e-05
2024-07,inverse_vol,NVT,0.16646247811676945,0.0,1.0,1.0,0.04828700883914937,7.243051325872405e-05
2024-07,inverse_vol,JCI,0.1430028215502275,0.0,1.0,1.0,0.04828700883914937,7.243051325872405e-05
2024-07,inverse_vol,TT,0.22065617026567724,0.0,1.0,1.0,0.04828700883914937,7.243051325872405e-05
2024-07,inverse_vol,SPXC,0.17565029952317587,0.0,1.0,1.0,0.04828700883914937,7.243051325872405e-05
2024-07,inverse_vol,XLI_HEDGE,0.0,-0.0,1.0,1.0,0.04828700883914937,7.243051325872405e-05
2024-07,vol_target,MOD,0.08262829105913785,0.0,0.8227567251040439,0.8227567251040439,0.05740825475393706,8.611238213090559e-05
2024-07,vol_target,AAON,0.08705694577034191,0.0,0.8227567251040439,0.8227567251040439,0.05740825475393706,8.611238213090559e-05
2024-07,vol_target,VRT,0.07239301856618266,0.0,0.8227567251040439,0.8227567251040439,0.05740825475393706,8.611238213090559e-05
2024-07,vol_target,NVT,0.1369581233480568,0.0,0.8227567251040439,0.8227567251040439,0.05740825475393706,8.611238213090559e-05
2024-07,vol_target,JCI,0.11765653313930316,0.0,0.8227567251040439,0.8227567251040439,0.05740825475393706,8.611238213090559e-05
2024-07,vol_target,TT,0.18154634802178887,0.0,0.8227567251040439,0.8227567251040439,0.05740825475393706,8.611238213090559e-05
2024-07,vol_target,SPXC,0.14451746519923256,0.0,0.8227567251040439,0.8227567251040439,0.05740825475393706,8.611238213090559e-05
2024-07,vol_target,XLI_HEDGE,0.0,-0.0,0.8227567251040439,0.8227567251040439,0.05740825475393706,8.611238213090559e-05
2024-07,trend,MOD,0.0502142908942427,0.0,0.5,0.5,0.5000000000000001,0.0007500000000000002
2024-07,trend,AAON,0.052905642162531644,0.0,0.5,0.5,0.5000000000000001,0.0007500000000000002
2024-07,trend,VRT,0.04399418221530065,0.0,0.5,0.5,0.5000000000000001,0.0007500000000000002
2024-07,trend,NVT,0.08323123905838473,0.0,0.5,0.5,0.5000000000000001,0.0007500000000000002
2024-07,trend,JCI,0.07150141077511375,0.0,0.5,0.5,0.5000000000000001,0.0007500000000000002
2024-07,trend,TT,0.11032808513283862,0.0,0.5,0.5,0.5000000000000001,0.0007500000000000002
2024-07,trend,SPXC,0.08782514976158794,0.0,0.5,0.5,0.5000000000000001,0.0007500000000000002
2024-07,trend,XLI_HEDGE,0.0,-0.0,0.5,0.5,0.5000000000000001,0.0007500000000000002
2024-07,drawdown,MOD,0.1004285817884854,0.0,1.0,1.0,0.04828700883914937,7.243051325872405e-05
2024-07,drawdown,AAON,0.10581128432506329,0.0,1.0,1.0,0.04828700883914937,7.243051325872405e-05
2024-07,drawdown,VRT,0.0879883644306013,0.0,1.0,1.0,0.04828700883914937,7.243051325872405e-05
2024-07,drawdown,NVT,0.16646247811676945,0.0,1.0,1.0,0.04828700883914937,7.243051325872405e-05
2024-07,drawdown,JCI,0.1430028215502275,0.0,1.0,1.0,0.04828700883914937,7.243051325872405e-05
2024-07,drawdown,TT,0.22065617026567724,0.0,1.0,1.0,0.04828700883914937,7.243051325872405e-05
2024-07,drawdown,SPXC,0.17565029952317587,0.0,1.0,1.0,0.04828700883914937,7.243051325872405e-05
2024-07,drawdown,XLI_HEDGE,0.0,-0.0,1.0,1.0,0.04828700883914937,7.243051325872405e-05
2024-07,tail_budget,MOD,0.1004285817884854,0.0,1.0,1.0,0.04828700883914937,7.243051325872405e-05
2024-07,tail_budget,AAON,0.10581128432506329,0.0,1.0,1.0,0.04828700883914937,7.243051325872405e-05
2024-07,tail_budget,VRT,0.0879883644306013,0.0,1.0,1.0,0.04828700883914937,7.243051325872405e-05
2024-07,tail_budget,NVT,0.16646247811676945,0.0,1.0,1.0,0.04828700883914937,7.243051325872405e-05
2024-07,tail_budget,JCI,0.1430028215502275,0.0,1.0,1.0,0.04828700883914937,7.243051325872405e-05
2024-07,tail_budget,TT,0.22065617026567724,0.0,1.0,1.0,0.04828700883914937,7.243051325872405e-05
2024-07,tail_budget,SPXC,0.17565029952317587,0.0,1.0,1.0,0.04828700883914937,7.243051325872405e-05
2024-07,tail_budget,XLI_HEDGE,0.0,-0.0,1.0,1.0,0.04828700883914937,7.243051325872405e-05
2024-07,combined,MOD,0.0502142908942427,0.0,0.5,0.19748896194390758,0.34008658209791043,0.0005101298731468657
2024-07,combined,AAON,0.052905642162531644,0.0,0.5,0.19748896194390758,0.34008658209791043,0.0005101298731468657
2024-07,combined,VRT,0.04399418221530065,0.0,0.5,0.19748896194390758,0.34008658209791043,0.0005101298731468657
2024-07,combined,NVT,0.08323123905838473,0.0,0.5,0.19748896194390758,0.34008658209791043,0.0005101298731468657
2024-07,combined,JCI,0.07150141077511375,0.0,0.5,0.19748896194390758,0.34008658209791043,0.0005101298731468657
2024-07,combined,TT,0.11032808513283862,0.0,0.5,0.19748896194390758,0.34008658209791043,0.0005101298731468657
2024-07,combined,SPXC,0.08782514976158794,0.0,0.5,0.19748896194390758,0.34008658209791043,0.0005101298731468657
2024-07,combined,XLI_HEDGE,0.0,-0.3025110380560924,0.5,0.19748896194390758,0.34008658209791043,0.0005101298731468657
2024-07,confirmed,MOD,0.0,0.0,0.0,0.0,0.0,0.0
2024-07,confirmed,AAON,0.0,0.0,0.0,0.0,0.0,0.0
2024-07,confirmed,VRT,0.0,0.0,0.0,0.0,0.0,0.0
2024-07,confirmed,NVT,0.0,0.0,0.0,0.0,0.0,0.0
2024-07,confirmed,JCI,0.0,0.0,0.0,0.0,0.0,0.0
2024-07,confirmed,TT,0.0,0.0,0.0,0.0,0.0,0.0
2024-07,confirmed,SPXC,0.0,0.0,0.0,0.0,0.0,0.0
2024-07,confirmed,XLI_HEDGE,0.0,-0.0,0.0,0.0,0.0,0.0
2024-07,core_signal,MOD,0.042682147260106294,0.0,0.42500000000000004,0.16786561765232147,0.2890735947832238,0.0004336103921748357
2024-07,core_signal,AAON,0.044969795838151895,0.0,0.42500000000000004,0.16786561765232147,0.2890735947832238,0.0004336103921748357
2024-07,core_signal,VRT,0.037395054883005555,0.0,0.42500000000000004,0.16786561765232147,0.2890735947832238,0.0004336103921748357
2024-07,core_signal,NVT,0.07074655319962701,0.0,0.42500000000000004,0.16786561765232147,0.2890735947832238,0.0004336103921748357
2024-07,core_signal,JCI,0.06077619915884669,0.0,0.42500000000000004,0.16786561765232147,0.2890735947832238,0.0004336103921748357
2024-07,core_signal,TT,0.09377887236291282,0.0,0.42500000000000004,0.16786561765232147,0.2890735947832238,0.0004336103921748357
2024-07,core_signal,SPXC,0.07465137729734975,0.0,0.42500000000000004,0.16786561765232147,0.2890735947832238,0.0004336103921748357
2024-07,core_signal,XLI_HEDGE,0.0,-0.25713438234767855,0.42500000000000004,0.16786561765232147,0.2890735947832238,0.0004336103921748357
2024-08,basic,MOD,0.14285714285714285,0.0,0.9999999999999998,0.9999999999999998,0.0,0.0
2024-08,basic,AAON,0.14285714285714285,0.0,0.9999999999999998,0.9999999999999998,0.0,0.0
2024-08,basic,VRT,0.14285714285714285,0.0,0.9999999999999998,0.9999999999999998,0.0,0.0
2024-08,basic,NVT,0.14285714285714285,0.0,0.9999999999999998,0.9999999999999998,0.0,0.0
2024-08,basic,JCI,0.14285714285714285,0.0,0.9999999999999998,0.9999999999999998,0.0,0.0
2024-08,basic,TT,0.14285714285714285,0.0,0.9999999999999998,0.9999999999999998,0.0,0.0
2024-08,basic,SPXC,0.14285714285714285,0.0,0.9999999999999998,0.9999999999999998,0.0,0.0
2024-08,basic,XLI_HEDGE,0.0,-0.0,0.9999999999999998,0.9999999999999998,0.0,0.0
2024-08,inverse_vol,MOD,0.1009842444074889,0.0,1.0,1.0,0.02127995765500297,3.1919936482504455e-05
2024-08,inverse_vol,AAON,0.1090511081504671,0.0,1.0,1.0,0.02127995765500297,3.1919936482504455e-05
2024-08,inverse_vol,VRT,0.08365296875349072,0.0,1.0,1.0,0.02127995765500297,3.1919936482504455e-05
2024-08,inverse_vol,NVT,0.16142276565644367,0.0,1.0,1.0,0.02127995765500297,3.1919936482504455e-05
2024-08,inverse_vol,JCI,0.1417379508601624,0.0,1.0,1.0,0.02127995765500297,3.1919936482504455e-05
2024-08,inverse_vol,TT,0.22146926182671625,0.0,1.0,1.0,0.02127995765500297,3.1919936482504455e-05
2024-08,inverse_vol,SPXC,0.18168170034523104,0.0,1.0,1.0,0.02127995765500297,3.1919936482504455e-05
2024-08,inverse_vol,XLI_HEDGE,0.0,-0.0,1.0,1.0,0.02127995765500297,3.1919936482504455e-05
2024-08,vol_target,MOD,0.08265912906806515,0.0,0.8185349066387154,0.8185349066387154,0.0170845770617096,2.56268655925644e-05
2024-08,vol_target,AAON,0.08926213862879105,0.0,0.8185349066387154,0.8185349066387154,0.0170845770617096,2.56268655925644e-05
2024-08,vol_target,VRT,0.06847287496868991,0.0,0.8185349066387154,0.8185349066387154,0.0170845770617096,2.56268655925644e-05
2024-08,vol_target,NVT,0.13213016841596037,0.0,0.8185349066387154,0.8185349066387154,0.0170845770617096,2.56268655925644e-05
2024-08,vol_target,JCI,0.11601746037448585,0.0,0.8185349066387154,0.8185349066387154,0.0170845770617096,2.56268655925644e-05
2024-08,vol_target,TT,0.1812803215526764,0.0,0.8185349066387154,0.8185349066387154,0.0170845770617096,2.56268655925644e-05
2024-08,vol_target,SPXC,0.14871281363004676,0.0,0.8185349066387154,0.8185349066387154,0.0170845770617096,2.56268655925644e-05
2024-08,vol_target,XLI_HEDGE,0.0,-0.0,0.8185349066387154,0.8185349066387154,0.0170845770617096,2.56268655925644e-05
2024-08,trend,MOD,0.1009842444074889,0.0,1.0,1.0,0.5000000000000001,0.0007500000000000002
2024-08,trend,AAON,0.1090511081504671,0.0,1.0,1.0,0.5000000000000001,0.0007500000000000002
2024-08,trend,VRT,0.08365296875349072,0.0,1.0,1.0,0.5000000000000001,0.0007500000000000002
2024-08,trend,NVT,0.16142276565644367,0.0,1.0,1.0,0.5000000000000001,0.0007500000000000002
2024-08,trend,JCI,0.1417379508601624,0.0,1.0,1.0,0.5000000000000001,0.0007500000000000002
2024-08,trend,TT,0.22146926182671625,0.0,1.0,1.0,0.5000000000000001,0.0007500000000000002
2024-08,trend,SPXC,0.18168170034523104,0.0,1.0,1.0,0.5000000000000001,0.0007500000000000002
2024-08,trend,XLI_HEDGE,0.0,-0.0,1.0,1.0,0.5000000000000001,0.0007500000000000002
2024-08,drawdown,MOD,0.1009842444074889,0.0,1.0,1.0,0.02127995765500297,3.1919936482504455e-05
2024-08,drawdown,AAON,0.1090511081504671,0.0,1.0,1.0,0.02127995765500297,3.1919936482504455e-05
2024-08,drawdown,VRT,0.08365296875349072,0.0,1.0,1.0,0.02127995765500297,3.1919936482504455e-05
2024-08,drawdown,NVT,0.16142276565644367,0.0,1.0,1.0,0.02127995765500297,3.1919936482504455e-05
2024-08,drawdown,JCI,0.1417379508601624,0.0,1.0,1.0,0.02127995765500297,3.1919936482504455e-05
2024-08,drawdown,TT,0.22146926182671625,0.0,1.0,1.0,0.02127995765500297,3.1919936482504455e-05
2024-08,drawdown,SPXC,0.18168170034523104,0.0,1.0,1.0,0.02127995765500297,3.1919936482504455e-05
2024-08,drawdown,XLI_HEDGE,0.0,-0.0,1.0,1.0,0.02127995765500297,3.1919936482504455e-05
2024-08,tail_budget,MOD,0.1009842444074889,0.0,1.0,1.0,0.02127995765500297,3.1919936482504455e-05
2024-08,tail_budget,AAON,0.1090511081504671,0.0,1.0,1.0,0.02127995765500297,3.1919936482504455e-05
2024-08,tail_budget,VRT,0.08365296875349072,0.0,1.0,1.0,0.02127995765500297,3.1919936482504455e-05
2024-08,tail_budget,NVT,0.16142276565644367,0.0,1.0,1.0,0.02127995765500297,3.1919936482504455e-05
2024-08,tail_budget,JCI,0.1417379508601624,0.0,1.0,1.0,0.02127995765500297,3.1919936482504455e-05
2024-08,tail_budget,TT,0.22146926182671625,0.0,1.0,1.0,0.02127995765500297,3.1919936482504455e-05
2024-08,tail_budget,SPXC,0.18168170034523104,0.0,1.0,1.0,0.02127995765500297,3.1919936482504455e-05
2024-08,tail_budget,XLI_HEDGE,0.0,-0.0,1.0,1.0,0.02127995765500297,3.1919936482504455e-05
2024-08,combined,MOD,0.08265912906806515,0.0,0.8185349066387154,0.5796939484785145,0.38220498653460694,0.0005733074798019104
2024-08,combined,AAON,0.08926213862879105,0.0,0.8185349066387154,0.5796939484785145,0.38220498653460694,0.0005733074798019104
2024-08,combined,VRT,0.06847287496868991,0.0,0.8185349066387154,0.5796939484785145,0.38220498653460694,0.0005733074798019104
2024-08,combined,NVT,0.13213016841596037,0.0,0.8185349066387154,0.5796939484785145,0.38220498653460694,0.0005733074798019104
2024-08,combined,JCI,0.11601746037448585,0.0,0.8185349066387154,0.5796939484785145,0.38220498653460694,0.0005733074798019104
2024-08,combined,TT,0.1812803215526764,0.0,0.8185349066387154,0.5796939484785145,0.38220498653460694,0.0005733074798019104
2024-08,combined,SPXC,0.14871281363004676,0.0,0.8185349066387154,0.5796939484785145,0.38220498653460694,0.0005733074798019104
2024-08,combined,XLI_HEDGE,0.0,-0.23884095816020093,0.8185349066387154,0.5796939484785145,0.38220498653460694,0.0005733074798019104
2024-08,confirmed,MOD,0.0,0.0,0.0,0.0,0.0,0.0
2024-08,confirmed,AAON,0.0,0.0,0.0,0.0,0.0,0.0
2024-08,confirmed,VRT,0.0,0.0,0.0,0.0,0.0,0.0
2024-08,confirmed,NVT,0.0,0.0,0.0,0.0,0.0,0.0
2024-08,confirmed,JCI,0.0,0.0,0.0,0.0,0.0,0.0
2024-08,confirmed,TT,0.0,0.0,0.0,0.0,0.0,0.0
2024-08,confirmed,SPXC,0.0,0.0,0.0,0.0,0.0,0.0
2024-08,confirmed,XLI_HEDGE,0.0,-0.0,0.0,0.0,0.0,0.0
2024-08,core_signal,MOD,0.07026025970785538,0.0,0.6957546706429081,0.4927398562067374,0.3248742385544159,0.00048731135783162385
2024-08,core_signal,AAON,0.07587281783447239,0.0,0.6957546706429081,0.4927398562067374,0.3248742385544159,0.00048731135783162385
2024-08,core_signal,VRT,0.05820194372338642,0.0,0.6957546706429081,0.4927398562067374,0.3248742385544159,0.00048731135783162385
2024-08,core_signal,NVT,0.11231064315356631,0.0,0.6957546706429081,0.4927398562067374,0.3248742385544159,0.00048731135783162385
2024-08,core_signal,JCI,0.09861484131831297,0.0,0.6957546706429081,0.4927398562067374,0.3248742385544159,0.00048731135783162385
2024-08,core_signal,TT,0.15408827331977493,0.0,0.6957546706429081,0.4927398562067374,0.3248742385544159,0.00048731135783162385
2024-08,core_signal,SPXC,0.12640589158553975,0.0,0.6957546706429081,0.4927398562067374,0.3248742385544159,0.00048731135783162385
2024-08,core_signal,XLI_HEDGE,0.0,-0.20301481443617078,0.6957546706429081,0.4927398562067374,0.3248742385544159,0.00048731135783162385
2024-09,basic,MOD,0.14285714285714285,0.0,0.9999999999999998,0.9999999999999998,0.0,0.0
2024-09,basic,AAON,0.14285714285714285,0.0,0.9999999999999998,0.9999999999999998,0.0,0.0
2024-09,basic,VRT,0.14285714285714285,0.0,0.9999999999999998,0.9999999999999998,0.0,0.0
2024-09,basic,NVT,0.14285714285714285,0.0,0.9999999999999998,0.9999999999999998,0.0,0.0
2024-09,basic,JCI,0.14285714285714285,0.0,0.9999999999999998,0.9999999999999998,0.0,0.0
2024-09,basic,TT,0.14285714285714285,0.0,0.9999999999999998,0.9999999999999998,0.0,0.0
2024-09,basic,SPXC,0.14285714285714285,0.0,0.9999999999999998,0.9999999999999998,0.0,0.0
2024-09,basic,XLI_HEDGE,0.0,-0.0,0.9999999999999998,0.9999999999999998,0.0,0.0
2024-09,inverse_vol,MOD,0.09820171105066801,0.0,1.0,1.0,0.09230654372892581,0.00013845981559338873
2024-09,inverse_vol,AAON,0.10470886699453617,0.0,1.0,1.0,0.09230654372892581,0.00013845981559338873
2024-09,inverse_vol,VRT,0.11799234193108181,0.0,1.0,1.0,0.09230654372892581,0.00013845981559338873
2024-09,inverse_vol,NVT,0.14285622591896013,0.0,1.0,1.0,0.09230654372892581,0.00013845981559338873
2024-09,inverse_vol,JCI,0.14989036113669033,0.0,1.0,1.0,0.09230654372892581,0.00013845981559338873
2024-09,inverse_vol,TT,0.2010073042124887,0.0,1.0,1.0,0.09230654372892581,0.00013845981559338873
2024-09,inverse_vol,SPXC,0.1853431887555749,0.0,1.0,1.0,0.09230654372892581,0.00013845981559338873
2024-09,inverse_vol,XLI_HEDGE,0.0,-0.0,1.0,1.0,0.09230654372892581,0.00013845981559338873
2024-09,vol_target,MOD,0.0804577797021181,0.0,0.8193113830837961,0.8193113830837961,0.07548349016682115,0.00011322523525023173
2024-09,vol_target,AAON,0.08578916663843068,0.0,0.8193113830837961,0.8193113830837961,0.07548349016682115,0.00011322523525023173
2024-09,vol_target,VRT,0.09667246886085083,0.0,0.8193113830837961,0.8193113830837961,0.07548349016682115,0.00011322523525023173
2024-09,vol_target,NVT,0.11704373203979447,0.0,0.8193113830837961,0.8193113830837961,0.07548349016682115,0.00011322523525023173
2024-09,vol_target,JCI,0.12280687909383144,0.0,0.8193113830837961,0.8193113830837961,0.07548349016682115,0.00011322523525023173
2024-09,vol_target,TT,0.16468757242427948,0.0,0.8193113830837961,0.8193113830837961,0.07548349016682115,0.00011322523525023173
2024-09,vol_target,SPXC,0.15185378432449118,0.0,0.8193113830837961,0.8193113830837961,0.07548349016682115,0.00011322523525023173
2024-09,vol_target,XLI_HEDGE,0.0,-0.0,0.8193113830837961,0.8193113830837961,0.07548349016682115,0.00011322523525023173
2024-09,trend,MOD,0.09820171105066801,0.0,1.0,1.0,0.09230654372892581,0.00013845981559338873
2024-09,trend,AAON,0.10470886699453617,0.0,1.0,1.0,0.09230654372892581,0.00013845981559338873
2024-09,trend,VRT,0.11799234193108181,0.0,1.0,1.0,0.09230654372892581,0.00013845981559338873
2024-09,trend,NVT,0.14285622591896013,0.0,1.0,1.0,0.09230654372892581,0.00013845981559338873
2024-09,trend,JCI,0.14989036113669033,0.0,1.0,1.0,0.09230654372892581,0.00013845981559338873
2024-09,trend,TT,0.2010073042124887,0.0,1.0,1.0,0.09230654372892581,0.00013845981559338873
2024-09,trend,SPXC,0.1853431887555749,0.0,1.0,1.0,0.09230654372892581,0.00013845981559338873
2024-09,trend,XLI_HEDGE,0.0,-0.0,1.0,1.0,0.09230654372892581,0.00013845981559338873
2024-09,drawdown,MOD,0.09820171105066801,0.0,1.0,1.0,0.09230654372892581,0.00013845981559338873
2024-09,drawdown,AAON,0.10470886699453617,0.0,1.0,1.0,0.09230654372892581,0.00013845981559338873
2024-09,drawdown,VRT,0.11799234193108181,0.0,1.0,1.0,0.09230654372892581,0.00013845981559338873
2024-09,drawdown,NVT,0.14285622591896013,0.0,1.0,1.0,0.09230654372892581,0.00013845981559338873
2024-09,drawdown,JCI,0.14989036113669033,0.0,1.0,1.0,0.09230654372892581,0.00013845981559338873
2024-09,drawdown,TT,0.2010073042124887,0.0,1.0,1.0,0.09230654372892581,0.00013845981559338873
2024-09,drawdown,SPXC,0.1853431887555749,0.0,1.0,1.0,0.09230654372892581,0.00013845981559338873
2024-09,drawdown,XLI_HEDGE,0.0,-0.0,1.0,1.0,0.09230654372892581,0.00013845981559338873
2024-09,tail_budget,MOD,0.09820171105066801,0.0,1.0,1.0,0.09230654372892581,0.00013845981559338873
2024-09,tail_budget,AAON,0.10470886699453617,0.0,1.0,1.0,0.09230654372892581,0.00013845981559338873
2024-09,tail_budget,VRT,0.11799234193108181,0.0,1.0,1.0,0.09230654372892581,0.00013845981559338873
2024-09,tail_budget,NVT,0.14285622591896013,0.0,1.0,1.0,0.09230654372892581,0.00013845981559338873
2024-09,tail_budget,JCI,0.14989036113669033,0.0,1.0,1.0,0.09230654372892581,0.00013845981559338873
2024-09,tail_budget,TT,0.2010073042124887,0.0,1.0,1.0,0.09230654372892581,0.00013845981559338873
2024-09,tail_budget,SPXC,0.1853431887555749,0.0,1.0,1.0,0.09230654372892581,0.00013845981559338873
2024-09,tail_budget,XLI_HEDGE,0.0,-0.0,1.0,1.0,0.09230654372892581,0.00013845981559338873
2024-09,combined,MOD,0.0804577797021181,0.0,0.8193113830837961,0.5792140869929077,0.07673982809750873,0.0001151097421462631
2024-09,combined,AAON,0.08578916663843068,0.0,0.8193113830837961,0.5792140869929077,0.07673982809750873,0.0001151097421462631
2024-09,combined,VRT,0.09667246886085083,0.0,0.8193113830837961,0.5792140869929077,0.07673982809750873,0.0001151097421462631
2024-09,combined,NVT,0.11704373203979447,0.0,0.8193113830837961,0.5792140869929077,0.07673982809750873,0.0001151097421462631
2024-09,combined,JCI,0.12280687909383144,0.0,0.8193113830837961,0.5792140869929077,0.07673982809750873,0.0001151097421462631
2024-09,combined,TT,0.16468757242427948,0.0,0.8193113830837961,0.5792140869929077,0.07673982809750873,0.0001151097421462631
2024-09,combined,SPXC,0.15185378432449118,0.0,0.8193113830837961,0.5792140869929077,0.07673982809750873,0.0001151097421462631
2024-09,combined,XLI_HEDGE,0.0,-0.2400972960908885,0.8193113830837961,0.5792140869929077,0.07673982809750873,0.0001151097421462631
2024-09,confirmed,MOD,0.0,0.0,0.0,0.0,0.0,0.0
2024-09,confirmed,AAON,0.0,0.0,0.0,0.0,0.0,0.0
2024-09,confirmed,VRT,0.0,0.0,0.0,0.0,0.0,0.0
2024-09,confirmed,NVT,0.0,0.0,0.0,0.0,0.0,0.0
2024-09,confirmed,JCI,0.0,0.0,0.0,0.0,0.0,0.0
2024-09,confirmed,TT,0.0,0.0,0.0,0.0,0.0,0.0
2024-09,confirmed,SPXC,0.0,0.0,0.0,0.0,0.0,0.0
2024-09,confirmed,XLI_HEDGE,0.0,-0.0,0.0,0.0,0.0,0.0
2024-09,core_signal,MOD,0.06838911274680039,0.0,0.6964146756212267,0.49233197394397143,0.06522885388288241,9.784328082432361e-05
2024-09,core_signal,AAON,0.07292079164266609,0.0,0.6964146756212267,0.49233197394397143,0.06522885388288241,9.784328082432361e-05
2024-09,core_signal,VRT,0.0821715985317232,0.0,0.6964146756212267,0.49233197394397143,0.06522885388288241,9.784328082432361e-05
2024-09,core_signal,NVT,0.09948717223382529,0.0,0.6964146756212267,0.49233197394397143,0.06522885388288241,9.784328082432361e-05
2024-09,core_signal,JCI,0.10438584722975672,0.0,0.6964146756212267,0.49233197394397143,0.06522885388288241,9.784328082432361e-05
2024-09,core_signal,TT,0.13998443656063755,0.0,0.6964146756212267,0.49233197394397143,0.06522885388288241,9.784328082432361e-05
2024-09,core_signal,SPXC,0.1290757166758175,0.0,0.6964146756212267,0.49233197394397143,0.06522885388288241,9.784328082432361e-05
2024-09,core_signal,XLI_HEDGE,0.0,-0.20408270167725523,0.6964146756212267,0.49233197394397143,0.06522885388288241,9.784328082432361e-05
2024-10,basic,MOD,0.14285714285714285,0.0,0.9999999999999998,0.9999999999999998,0.0,0.0
2024-10,basic,AAON,0.14285714285714285,0.0,0.9999999999999998,0.9999999999999998,0.0,0.0
2024-10,basic,VRT,0.14285714285714285,0.0,0.9999999999999998,0.9999999999999998,0.0,0.0
2024-10,basic,NVT,0.14285714285714285,0.0,0.9999999999999998,0.9999999999999998,0.0,0.0
2024-10,basic,JCI,0.14285714285714285,0.0,0.9999999999999998,0.9999999999999998,0.0,0.0
2024-10,basic,TT,0.14285714285714285,0.0,0.9999999999999998,0.9999999999999998,0.0,0.0
2024-10,basic,SPXC,0.14285714285714285,0.0,0.9999999999999998,0.9999999999999998,0.0,0.0
2024-10,basic,XLI_HEDGE,0.0,-0.0,0.9999999999999998,0.9999999999999998,0.0,0.0
2024-10,inverse_vol,MOD,0.09976197601421741,0.0,1.0,1.0,0.0348323630448525,5.2248544567278754e-05
2024-10,inverse_vol,AAON,0.1067110158003185,0.0,1.0,1.0,0.0348323630448525,5.2248544567278754e-05
2024-10,inverse_vol,VRT,0.11612629481108783,0.0,1.0,1.0,0.0348323630448525,5.2248544567278754e-05
2024-10,inverse_vol,NVT,0.14418804773912205,0.0,1.0,1.0,0.0348323630448525,5.2248544567278754e-05
2024-10,inverse_vol,JCI,0.16022203513551114,0.0,1.0,1.0,0.0348323630448525,5.2248544567278754e-05
2024-10,inverse_vol,TT,0.20319757614660047,0.0,1.0,1.0,0.0348323630448525,5.2248544567278754e-05
2024-10,inverse_vol,SPXC,0.16979305435314263,0.0,1.0,1.0,0.0348323630448525,5.2248544567278754e-05
2024-10,inverse_vol,XLI_HEDGE,0.0,-0.0,1.0,1.0,0.0348323630448525,5.2248544567278754e-05
2024-10,vol_target,MOD,0.08958976094358685,0.0,0.8980351484900332,0.8980351484900332,0.07872376540623693,0.0001180856481093554
2024-10,vol_target,AAON,0.09583024291976129,0.0,0.8980351484900332,0.8980351484900332,0.07872376540623693,0.0001180856481093554
2024-10,vol_target,VRT,0.10428549440427261,0.0,0.8980351484900332,0.8980351484900332,0.07872376540623693,0.0001180856481093554
2024-10,vol_target,NVT,0.12948593486189044,0.0,0.8980351484900332,0.8980351484900332,0.07872376540623693,0.0001180856481093554
2024-10,vol_target,JCI,0.14388501911429405,0.0,0.8980351484900332,0.8980351484900332,0.07872376540623693,0.0001180856481093554
2024-10,vol_target,TT,0.18247856546762717,0.0,0.8980351484900332,0.8980351484900332,0.07872376540623693,0.0001180856481093554
2024-10,vol_target,SPXC,0.1524801307786007,0.0,0.8980351484900332,0.8980351484900332,0.07872376540623693,0.0001180856481093554
2024-10,vol_target,XLI_HEDGE,0.0,-0.0,0.8980351484900332,0.8980351484900332,0.07872376540623693,0.0001180856481093554
2024-10,trend,MOD,0.09976197601421741,0.0,1.0,1.0,0.0348323630448525,5.2248544567278754e-05
2024-10,trend,AAON,0.1067110158003185,0.0,1.0,1.0,0.0348323630448525,5.2248544567278754e-05
2024-10,trend,VRT,0.11612629481108783,0.0,1.0,1.0,0.0348323630448525,5.2248544567278754e-05
2024-10,trend,NVT,0.14418804773912205,0.0,1.0,1.0,0.0348323630448525,5.2248544567278754e-05
2024-10,trend,JCI,0.16022203513551114,0.0,1.0,1.0,0.0348323630448525,5.2248544567278754e-05
2024-10,trend,TT,0.20319757614660047,0.0,1.0,1.0,0.0348323630448525,5.2248544567278754e-05
2024-10,trend,SPXC,0.16979305435314263,0.0,1.0,1.0,0.0348323630448525,5.2248544567278754e-05
2024-10,trend,XLI_HEDGE,0.0,-0.0,1.0,1.0,0.0348323630448525,5.2248544567278754e-05
2024-10,drawdown,MOD,0.09976197601421741,0.0,1.0,1.0,0.0348323630448525,5.2248544567278754e-05
2024-10,drawdown,AAON,0.1067110158003185,0.0,1.0,1.0,0.0348323630448525,5.2248544567278754e-05
2024-10,drawdown,VRT,0.11612629481108783,0.0,1.0,1.0,0.0348323630448525,5.2248544567278754e-05
2024-10,drawdown,NVT,0.14418804773912205,0.0,1.0,1.0,0.0348323630448525,5.2248544567278754e-05
2024-10,drawdown,JCI,0.16022203513551114,0.0,1.0,1.0,0.0348323630448525,5.2248544567278754e-05
2024-10,drawdown,TT,0.20319757614660047,0.0,1.0,1.0,0.0348323630448525,5.2248544567278754e-05
2024-10,drawdown,SPXC,0.16979305435314263,0.0,1.0,1.0,0.0348323630448525,5.2248544567278754e-05
2024-10,drawdown,XLI_HEDGE,0.0,-0.0,1.0,1.0,0.0348323630448525,5.2248544567278754e-05
2024-10,tail_budget,MOD,0.09976197601421741,0.0,1.0,1.0,0.0348323630448525,5.2248544567278754e-05
2024-10,tail_budget,AAON,0.1067110158003185,0.0,1.0,1.0,0.0348323630448525,5.2248544567278754e-05
2024-10,tail_budget,VRT,0.11612629481108783,0.0,1.0,1.0,0.0348323630448525,5.2248544567278754e-05
2024-10,tail_budget,NVT,0.14418804773912205,0.0,1.0,1.0,0.0348323630448525,5.2248544567278754e-05
2024-10,tail_budget,JCI,0.16022203513551114,0.0,1.0,1.0,0.0348323630448525,5.2248544567278754e-05
2024-10,tail_budget,TT,0.20319757614660047,0.0,1.0,1.0,0.0348323630448525,5.2248544567278754e-05
2024-10,tail_budget,SPXC,0.16979305435314263,0.0,1.0,1.0,0.0348323630448525,5.2248544567278754e-05
2024-10,tail_budget,XLI_HEDGE,0.0,-0.0,1.0,1.0,0.0348323630448525,5.2248544567278754e-05
2024-10,combined,MOD,0.08958976094358685,0.0,0.8980351484900332,0.6228655654805719,0.11379605232480969,0.00017069407848721455
2024-10,combined,AAON,0.09583024291976129,0.0,0.8980351484900332,0.6228655654805719,0.11379605232480969,0.00017069407848721455
2024-10,combined,VRT,0.10428549440427261,0.0,0.8980351484900332,0.6228655654805719,0.11379605232480969,0.00017069407848721455
2024-10,combined,NVT,0.12948593486189044,0.0,0.8980351484900332,0.6228655654805719,0.11379605232480969,0.00017069407848721455
2024-10,combined,JCI,0.14388501911429405,0.0,0.8980351484900332,0.6228655654805719,0.11379605232480969,0.00017069407848721455
2024-10,combined,TT,0.18247856546762717,0.0,0.8980351484900332,0.6228655654805719,0.11379605232480969,0.00017069407848721455
2024-10,combined,SPXC,0.1524801307786007,0.0,0.8980351484900332,0.6228655654805719,0.11379605232480969,0.00017069407848721455
2024-10,combined,XLI_HEDGE,0.0,-0.27516958300946126,0.8980351484900332,0.6228655654805719,0.11379605232480969,0.00017069407848721455
2024-10,confirmed,MOD,0.0,0.0,0.0,0.0,0.0,0.0
2024-10,confirmed,AAON,0.0,0.0,0.0,0.0,0.0,0.0
2024-10,confirmed,VRT,0.0,0.0,0.0,0.0,0.0,0.0
2024-10,confirmed,NVT,0.0,0.0,0.0,0.0,0.0,0.0
2024-10,confirmed,JCI,0.0,0.0,0.0,0.0,0.0,0.0
2024-10,confirmed,TT,0.0,0.0,0.0,0.0,0.0,0.0
2024-10,confirmed,SPXC,0.0,0.0,0.0,0.0,0.0,0.0
2024-10,confirmed,XLI_HEDGE,0.0,-0.0,0.0,0.0,0.0,0.0
2024-10,core_signal,MOD,0.07615129680204882,0.0,0.763329876216528,0.529435730658486,0.09672664447608821,0.00014508996671413232
2024-10,core_signal,AAON,0.08145570648179709,0.0,0.763329876216528,0.529435730658486,0.09672664447608821,0.00014508996671413232
2024-10,core_signal,VRT,0.08864267024363172,0.0,0.763329876216528,0.529435730658486,0.09672664447608821,0.00014508996671413232
2024-10,core_signal,NVT,0.11006304463260687,0.0,0.763329876216528,0.529435730658486,0.09672664447608821,0.00014508996671413232
2024-10,core_signal,JCI,0.12230226624714993,0.0,0.763329876216528,0.529435730658486,0.09672664447608821,0.00014508996671413232
2024-10,core_signal,TT,0.1551067806474831,0.0,0.763329876216528,0.529435730658486,0.09672664447608821,0.00014508996671413232
2024-10,core_signal,SPXC,0.1296081111618106,0.0,0.763329876216528,0.529435730658486,0.09672664447608821,0.00014508996671413232
2024-10,core_signal,XLI_HEDGE,0.0,-0.23389414555804205,0.763329876216528,0.529435730658486,0.09672664447608821,0.00014508996671413232
2024-11,basic,MOD,0.14285714285714285,0.0,0.9999999999999998,0.9999999999999998,0.0,0.0
2024-11,basic,AAON,0.14285714285714285,0.0,0.9999999999999998,0.9999999999999998,0.0,0.0
2024-11,basic,VRT,0.14285714285714285,0.0,0.9999999999999998,0.9999999999999998,0.0,0.0
2024-11,basic,NVT,0.14285714285714285,0.0,0.9999999999999998,0.9999999999999998,0.0,0.0
2024-11,basic,JCI,0.14285714285714285,0.0,0.9999999999999998,0.9999999999999998,0.0,0.0
2024-11,basic,TT,0.14285714285714285,0.0,0.9999999999999998,0.9999999999999998,0.0,0.0
2024-11,basic,SPXC,0.14285714285714285,0.0,0.9999999999999998,0.9999999999999998,0.0,0.0
2024-11,basic,XLI_HEDGE,0.0,-0.0,0.9999999999999998,0.9999999999999998,0.0,0.0
2024-11,inverse_vol,MOD,0.1007677014388964,0.0,1.0,1.0,0.054755527996680334,8.21332919950205e-05
2024-11,inverse_vol,AAON,0.10865032274251504,0.0,1.0,1.0,0.054755527996680334,8.21332919950205e-05
2024-11,inverse_vol,VRT,0.11421832843994682,0.0,1.0,1.0,0.054755527996680334,8.21332919950205e-05
2024-11,inverse_vol,NVT,0.15590504452040582,0.0,1.0,1.0,0.054755527996680334,8.21332919950205e-05
2024-11,inverse_vol,JCI,0.1690734079121867,0.0,1.0,1.0,0.054755527996680334,8.21332919950205e-05
2024-11,inverse_vol,TT,0.2070619382201058,0.0,1.0,1.0,0.054755527996680334,8.21332919950205e-05
2024-11,inverse_vol,SPXC,0.14432325672594348,0.0,1.0,1.0,0.054755527996680334,8.21332919950205e-05
2024-11,inverse_vol,XLI_HEDGE,0.0,-0.0,1.0,1.0,0.054755527996680334,8.21332919950205e-05
2024-11,vol_target,MOD,0.09992321300551378,0.0,0.9916194532442054,0.9916194532442054,0.11231706846136742,0.00016847560269205115
2024-11,vol_target,AAON,0.10773977363273922,0.0,0.9916194532442054,0.9916194532442054,0.11231706846136742,0.00016847560269205115
2024-11,vol_target,VRT,0.11326111639808714,0.0,0.9916194532442054,0.9916194532442054,0.11231706846136742,0.00016847560269205115
2024-11,vol_target,NVT,0.15459847500533833,0.0,0.9916194532442054,0.9916194532442054,0.11231706846136742,0.00016847560269205115
2024-11,vol_target,JCI,0.16765648031201708,0.0,0.9916194532442054,0.9916194532442054,0.11231706846136742,0.00016847560269205115
2024-11,vol_target,TT,0.20532664596550676,0.0,0.9916194532442054,0.9916194532442054,0.11231706846136742,0.00016847560269205115
2024-11,vol_target,SPXC,0.14311374892500317,0.0,0.9916194532442054,0.9916194532442054,0.11231706846136742,0.00016847560269205115
2024-11,vol_target,XLI_HEDGE,0.0,-0.0,0.9916194532442054,0.9916194532442054,0.11231706846136742,0.00016847560269205115
2024-11,trend,MOD,0.1007677014388964,0.0,1.0,1.0,0.054755527996680334,8.21332919950205e-05
2024-11,trend,AAON,0.10865032274251504,0.0,1.0,1.0,0.054755527996680334,8.21332919950205e-05
2024-11,trend,VRT,0.11421832843994682,0.0,1.0,1.0,0.054755527996680334,8.21332919950205e-05
2024-11,trend,NVT,0.15590504452040582,0.0,1.0,1.0,0.054755527996680334,8.21332919950205e-05
2024-11,trend,JCI,0.1690734079121867,0.0,1.0,1.0,0.054755527996680334,8.21332919950205e-05
2024-11,trend,TT,0.2070619382201058,0.0,1.0,1.0,0.054755527996680334,8.21332919950205e-05
2024-11,trend,SPXC,0.14432325672594348,0.0,1.0,1.0,0.054755527996680334,8.21332919950205e-05
2024-11,trend,XLI_HEDGE,0.0,-0.0,1.0,1.0,0.054755527996680334,8.21332919950205e-05
2024-11,drawdown,MOD,0.1007677014388964,0.0,1.0,1.0,0.054755527996680334,8.21332919950205e-05
2024-11,drawdown,AAON,0.10865032274251504,0.0,1.0,1.0,0.054755527996680334,8.21332919950205e-05
2024-11,drawdown,VRT,0.11421832843994682,0.0,1.0,1.0,0.054755527996680334,8.21332919950205e-05
2024-11,drawdown,NVT,0.15590504452040582,0.0,1.0,1.0,0.054755527996680334,8.21332919950205e-05
2024-11,drawdown,JCI,0.1690734079121867,0.0,1.0,1.0,0.054755527996680334,8.21332919950205e-05
2024-11,drawdown,TT,0.2070619382201058,0.0,1.0,1.0,0.054755527996680334,8.21332919950205e-05
2024-11,drawdown,SPXC,0.14432325672594348,0.0,1.0,1.0,0.054755527996680334,8.21332919950205e-05
2024-11,drawdown,XLI_HEDGE,0.0,-0.0,1.0,1.0,0.054755527996680334,8.21332919950205e-05
2024-11,tail_budget,MOD,0.1007677014388964,0.0,1.0,1.0,0.054755527996680334,8.21332919950205e-05
2024-11,tail_budget,AAON,0.10865032274251504,0.0,1.0,1.0,0.054755527996680334,8.21332919950205e-05
2024-11,tail_budget,VRT,0.11421832843994682,0.0,1.0,1.0,0.054755527996680334,8.21332919950205e-05
2024-11,tail_budget,NVT,0.15590504452040582,0.0,1.0,1.0,0.054755527996680334,8.21332919950205e-05
2024-11,tail_budget,JCI,0.1690734079121867,0.0,1.0,1.0,0.054755527996680334,8.21332919950205e-05
2024-11,tail_budget,TT,0.2070619382201058,0.0,1.0,1.0,0.054755527996680334,8.21332919950205e-05
2024-11,tail_budget,SPXC,0.14432325672594348,0.0,1.0,1.0,0.054755527996680334,8.21332919950205e-05
2024-11,tail_budget,XLI_HEDGE,0.0,-0.0,1.0,1.0,0.054755527996680334,8.21332919950205e-05
2024-11,combined,MOD,0.09992321300551378,0.0,0.9916194532442054,0.6918113631578426,0.13695557553826887,0.0002054333633074033
2024-11,combined,AAON,0.10773977363273922,0.0,0.9916194532442054,0.6918113631578426,0.13695557553826887,0.0002054333633074033
2024-11,combined,VRT,0.11326111639808714,0.0,0.9916194532442054,0.6918113631578426,0.13695557553826887,0.0002054333633074033
2024-11,combined,NVT,0.15459847500533833,0.0,0.9916194532442054,0.6918113631578426,0.13695557553826887,0.0002054333633074033
2024-11,combined,JCI,0.16765648031201708,0.0,0.9916194532442054,0.6918113631578426,0.13695557553826887,0.0002054333633074033
2024-11,combined,TT,0.20532664596550676,0.0,0.9916194532442054,0.6918113631578426,0.13695557553826887,0.0002054333633074033
2024-11,combined,SPXC,0.14311374892500317,0.0,0.9916194532442054,0.6918113631578426,0.13695557553826887,0.0002054333633074033
2024-11,combined,XLI_HEDGE,0.0,-0.2998080900863627,0.9916194532442054,0.6918113631578426,0.13695557553826887,0.0002054333633074033
2024-11,confirmed,MOD,0.0,0.0,0.0,0.0,0.0,0.0
2024-11,confirmed,AAON,0.0,0.0,0.0,0.0,0.0,0.0
2024-11,confirmed,VRT,0.0,0.0,0.0,0.0,0.0,0.0
2024-11,confirmed,NVT,0.0,0.0,0.0,0.0,0.0,0.0
2024-11,confirmed,JCI,0.0,0.0,0.0,0.0,0.0,0.0
2024-11,confirmed,TT,0.0,0.0,0.0,0.0,0.0,0.0
2024-11,confirmed,SPXC,0.0,0.0,0.0,0.0,0.0,0.0
2024-11,confirmed,XLI_HEDGE,0.0,-0.0,0.0,0.0,0.0,0.0
2024-11,core_signal,MOD,0.08493473105468671,0.0,0.8428765352575747,0.5880396586841663,0.11641223920752859,0.00017461835881129288
2024-11,core_signal,AAON,0.09157880758782834,0.0,0.8428765352575747,0.5880396586841663,0.11641223920752859,0.00017461835881129288
2024-11,core_signal,VRT,0.09627194893837407,0.0,0.8428765352575747,0.5880396586841663,0.11641223920752859,0.00017461835881129288
2024-11,core_signal,NVT,0.1314087037545376,0.0,0.8428765352575747,0.5880396586841663,0.11641223920752859,0.00017461835881129288
2024-11,core_signal,JCI,0.1425080082652145,0.0,0.8428765352575747,0.5880396586841663,0.11641223920752859,0.00017461835881129288
2024-11,core_signal,TT,0.17452764907068075,0.0,0.8428765352575747,0.5880396586841663,0.11641223920752859,0.00017461835881129288
2024-11,core_signal,SPXC,0.12164668658625269,0.0,0.8428765352575747,0.5880396586841663,0.11641223920752859,0.00017461835881129288
2024-11,core_signal,XLI_HEDGE,0.0,-0.2548368765734083,0.8428765352575747,0.5880396586841663,0.11641223920752859,0.00017461835881129288
2024-12,basic,MOD,0.14285714285714285,0.0,0.9999999999999998,0.9999999999999998,0.0,0.0
2024-12,basic,AAON,0.14285714285714285,0.0,0.9999999999999998,0.9999999999999998,0.0,0.0
2024-12,basic,VRT,0.14285714285714285,0.0,0.9999999999999998,0.9999999999999998,0.0,0.0
2024-12,basic,NVT,0.14285714285714285,0.0,0.9999999999999998,0.9999999999999998,0.0,0.0
2024-12,basic,JCI,0.14285714285714285,0.0,0.9999999999999998,0.9999999999999998,0.0,0.0
2024-12,basic,TT,0.14285714285714285,0.0,0.9999999999999998,0.9999999999999998,0.0,0.0
2024-12,basic,SPXC,0.14285714285714285,0.0,0.9999999999999998,0.9999999999999998,0.0,0.0
2024-12,basic,XLI_HEDGE,0.0,-0.0,0.9999999999999998,0.9999999999999998,0.0,0.0
2024-12,inverse_vol,MOD,0.10481929617101807,0.0,1.0,1.0,0.08501834362416497,0.00012752751543624745
2024-12,inverse_vol,AAON,0.10297129812729292,0.0,1.0,1.0,0.08501834362416497,0.00012752751543624745
2024-12,inverse_vol,VRT,0.10958944714977675,0.0,1.0,1.0,0.08501834362416497,0.00012752751543624745
2024-12,inverse_vol,NVT,0.15788132194792293,0.0,1.0,1.0,0.08501834362416497,0.00012752751543624745
2024-12,inverse_vol,JCI,0.16048556615634235,0.0,1.0,1.0,0.08501834362416497,0.00012752751543624745
2024-12,inverse_vol,TT,0.24354323787254947,0.0,1.0,1.0,0.08501834362416497,0.00012752751543624745
2024-12,inverse_vol,SPXC,0.1207098325750975,0.0,1.0,1.0,0.08501834362416497,0.00012752751543624745
2024-12,inverse_vol,XLI_HEDGE,0.0,-0.0,1.0,1.0,0.08501834362416497,0.00012752751543624745
2024-12,vol_target,MOD,0.10158791819247746,0.0,0.9691719168456499,0.9691719168456499,0.08719418820893915,0.00013079128231340874
2024-12,vol_target,AAON,0.09979689038611335,0.0,0.9691719168456499,0.9691719168456499,0.08719418820893915,0.00013079128231340874
2024-12,vol_target,VRT,0.10621101456020418,0.0,0.9691719168456499,0.9691719168456499,0.08719418820893915,0.00013079128231340874
2024-12,vol_target,NVT,0.15301414342639363,0.0,0.9691719168456499,0.9691719168456499,0.08719418820893915,0.00013079128231340874
2024-12,vol_target,JCI,0.15553810377780167,0.0,0.9691719168456499,0.9691719168456499,0.08719418820893915,0.00013079128231340874
2024-12,vol_target,TT,0.23603526668373484,0.0,0.9691719168456499,0.9691719168456499,0.08719418820893915,0.00013079128231340874
2024-12,vol_target,SPXC,0.11698857981892472,0.0,0.9691719168456499,0.9691719168456499,0.08719418820893915,0.00013079128231340874
2024-12,vol_target,XLI_HEDGE,0.0,-0.0,0.9691719168456499,0.9691719168456499,0.08719418820893915,0.00013079128231340874
2024-12,trend,MOD,0.10481929617101807,0.0,1.0,1.0,0.08501834362416497,0.00012752751543624745
2024-12,trend,AAON,0.10297129812729292,0.0,1.0,1.0,0.08501834362416497,0.00012752751543624745
2024-12,trend,VRT,0.10958944714977675,0.0,1.0,1.0,0.08501834362416497,0.00012752751543624745
2024-12,trend,NVT,0.15788132194792293,0.0,1.0,1.0,0.08501834362416497,0.00012752751543624745
2024-12,trend,JCI,0.16048556615634235,0.0,1.0,1.0,0.08501834362416497,0.00012752751543624745
2024-12,trend,TT,0.24354323787254947,0.0,1.0,1.0,0.08501834362416497,0.00012752751543624745
2024-12,trend,SPXC,0.1207098325750975,0.0,1.0,1.0,0.08501834362416497,0.00012752751543624745
2024-12,trend,XLI_HEDGE,0.0,-0.0,1.0,1.0,0.08501834362416497,0.00012752751543624745
2024-12,drawdown,MOD,0.10481929617101807,0.0,1.0,1.0,0.08501834362416497,0.00012752751543624745
2024-12,drawdown,AAON,0.10297129812729292,0.0,1.0,1.0,0.08501834362416497,0.00012752751543624745
2024-12,drawdown,VRT,0.10958944714977675,0.0,1.0,1.0,0.08501834362416497,0.00012752751543624745
2024-12,drawdown,NVT,0.15788132194792293,0.0,1.0,1.0,0.08501834362416497,0.00012752751543624745
2024-12,drawdown,JCI,0.16048556615634235,0.0,1.0,1.0,0.08501834362416497,0.00012752751543624745
2024-12,drawdown,TT,0.24354323787254947,0.0,1.0,1.0,0.08501834362416497,0.00012752751543624745
2024-12,drawdown,SPXC,0.1207098325750975,0.0,1.0,1.0,0.08501834362416497,0.00012752751543624745
2024-12,drawdown,XLI_HEDGE,0.0,-0.0,1.0,1.0,0.08501834362416497,0.00012752751543624745
2024-12,tail_budget,MOD,0.10481929617101807,0.0,1.0,1.0,0.08501834362416497,0.00012752751543624745
2024-12,tail_budget,AAON,0.10297129812729292,0.0,1.0,1.0,0.08501834362416497,0.00012752751543624745
2024-12,tail_budget,VRT,0.10958944714977675,0.0,1.0,1.0,0.08501834362416497,0.00012752751543624745
2024-12,tail_budget,NVT,0.15788132194792293,0.0,1.0,1.0,0.08501834362416497,0.00012752751543624745
2024-12,tail_budget,JCI,0.16048556615634235,0.0,1.0,1.0,0.08501834362416497,0.00012752751543624745
2024-12,tail_budget,TT,0.24354323787254947,0.0,1.0,1.0,0.08501834362416497,0.00012752751543624745
2024-12,tail_budget,SPXC,0.1207098325750975,0.0,1.0,1.0,0.08501834362416497,0.00012752751543624745
2024-12,tail_budget,XLI_HEDGE,0.0,-0.0,1.0,1.0,0.08501834362416497,0.00012752751543624745
2024-12,combined,MOD,0.10158791819247746,0.0,0.9691719168456499,0.6625892838722693,0.09396873109595694,0.0001409530966439354
2024-12,combined,AAON,0.09979689038611335,0.0,0.9691719168456499,0.6625892838722693,0.09396873109595694,0.0001409530966439354
2024-12,combined,VRT,0.10621101456020418,0.0,0.9691719168456499,0.6625892838722693,0.09396873109595694,0.0001409530966439354
2024-12,combined,NVT,0.15301414342639363,0.0,0.9691719168456499,0.6625892838722693,0.09396873109595694,0.0001409530966439354
2024-12,combined,JCI,0.15553810377780167,0.0,0.9691719168456499,0.6625892838722693,0.09396873109595694,0.0001409530966439354
2024-12,combined,TT,0.23603526668373484,0.0,0.9691719168456499,0.6625892838722693,0.09396873109595694,0.0001409530966439354
2024-12,combined,SPXC,0.11698857981892472,0.0,0.9691719168456499,0.6625892838722693,0.09396873109595694,0.0001409530966439354
2024-12,combined,XLI_HEDGE,0.0,-0.3065826329733805,0.9691719168456499,0.6625892838722693,0.09396873109595694,0.0001409530966439354
2024-12,confirmed,MOD,0.0,0.0,0.0,0.0,0.0,0.0
2024-12,confirmed,AAON,0.0,0.0,0.0,0.0,0.0,0.0
2024-12,confirmed,VRT,0.0,0.0,0.0,0.0,0.0,0.0
2024-12,confirmed,NVT,0.0,0.0,0.0,0.0,0.0,0.0
2024-12,confirmed,JCI,0.0,0.0,0.0,0.0,0.0,0.0
2024-12,confirmed,TT,0.0,0.0,0.0,0.0,0.0,0.0
2024-12,confirmed,SPXC,0.0,0.0,0.0,0.0,0.0,0.0
2024-12,confirmed,XLI_HEDGE,0.0,-0.0,0.0,0.0,0.0,0.0
2024-12,core_signal,MOD,0.08634973046360585,0.0,0.8237961293188023,0.5632008912914289,0.07987342143156342,0.00011981013214734514
2024-12,core_signal,AAON,0.08482735682819634,0.0,0.8237961293188023,0.5632008912914289,0.07987342143156342,0.00011981013214734514
2024-12,core_signal,VRT,0.09027936237617355,0.0,0.8237961293188023,0.5632008912914289,0.07987342143156342,0.00011981013214734514
2024-12,core_signal,NVT,0.13006202191243457,0.0,0.8237961293188023,0.5632008912914289,0.07987342143156342,0.00011981013214734514
2024-12,core_signal,JCI,0.13220738821113143,0.0,0.8237961293188023,0.5632008912914289,0.07987342143156342,0.00011981013214734514
2024-12,core_signal,TT,0.2006299766811746,0.0,0.8237961293188023,0.5632008912914289,0.07987342143156342,0.00011981013214734514
2024-12,core_signal,SPXC,0.099440292846086,0.0,0.8237961293188023,0.5632008912914289,0.07987342143156342,0.00011981013214734514
2024-12,core_signal,XLI_HEDGE,0.0,-0.26059523802737344,0.8237961293188023,0.5632008912914289,0.07987342143156342,0.00011981013214734514
2025-01,basic,MOD,0.14285714285714285,0.0,0.9999999999999998,0.9999999999999998,0.0,0.0
2025-01,basic,AAON,0.14285714285714285,0.0,0.9999999999999998,0.9999999999999998,0.0,0.0
2025-01,basic,VRT,0.14285714285714285,0.0,0.9999999999999998,0.9999999999999998,0.0,0.0
2025-01,basic,NVT,0.14285714285714285,0.0,0.9999999999999998,0.9999999999999998,0.0,0.0
2025-01,basic,JCI,0.14285714285714285,0.0,0.9999999999999998,0.9999999999999998,0.0,0.0
2025-01,basic,TT,0.14285714285714285,0.0,0.9999999999999998,0.9999999999999998,0.0,0.0
2025-01,basic,SPXC,0.14285714285714285,0.0,0.9999999999999998,0.9999999999999998,0.0,0.0
2025-01,basic,XLI_HEDGE,0.0,-0.0,0.9999999999999998,0.9999999999999998,0.0,0.0
2025-01,inverse_vol,MOD,0.10976555310832703,0.0,1.0000000000000002,1.0000000000000002,0.07638225681594082,0.00011457338522391124
2025-01,inverse_vol,AAON,0.11070606464551122,0.0,1.0000000000000002,1.0000000000000002,0.07638225681594082,0.00011457338522391124
2025-01,inverse_vol,VRT,0.11133240169640932,0.0,1.0000000000000002,1.0000000000000002,0.07638225681594082,0.00011457338522391124
2025-01,inverse_vol,NVT,0.16270369788048258,0.0,1.0000000000000002,1.0000000000000002,0.07638225681594082,0.00011457338522391124
2025-01,inverse_vol,JCI,0.17802088514349662,0.0,1.0000000000000002,1.0000000000000002,0.07638225681594082,0.00011457338522391124
2025-01,inverse_vol,TT,0.20535210946457913,0.0,1.0000000000000002,1.0000000000000002,0.07638225681594082,0.00011457338522391124
2025-01,inverse_vol,SPXC,0.12211928806119422,0.0,1.0000000000000002,1.0000000000000002,0.07638225681594082,0.00011457338522391124
2025-01,inverse_vol,XLI_HEDGE,0.0,-0.0,1.0000000000000002,1.0000000000000002,0.07638225681594082,0.00011457338522391124
2025-01,vol_target,MOD,0.08484452258788339,0.0,0.7729612814336279,0.7729612814336279,0.19621063541202205,0.0002943159531180331
2025-01,vol_target,AAON,0.08557150159086839,0.0,0.7729612814336279,0.7729612814336279,0.19621063541202205,0.0002943159531180331
2025-01,vol_target,VRT,0.08605563588033993,0.0,0.7729612814336279,0.7729612814336279,0.19621063541202205,0.0002943159531180331
2025-01,vol_target,NVT,0.12576365880768764,0.0,0.7729612814336279,0.7729612814336279,0.19621063541202205,0.0002943159531180331
2025-01,vol_target,JCI,0.1376032515024658,0.0,0.7729612814336279,0.7729612814336279,0.19621063541202205,0.0002943159531180331
2025-01,vol_target,TT,0.15872922967683967,0.0,0.7729612814336279,0.7729612814336279,0.19621063541202205,0.0002943159531180331
2025-01,vol_target,SPXC,0.094393481387543,0.0,0.7729612814336279,0.7729612814336279,0.19621063541202205,0.0002943159531180331
2025-01,vol_target,XLI_HEDGE,0.0,-0.0,0.7729612814336279,0.7729612814336279,0.19621063541202205,0.0002943159531180331
2025-01,trend,MOD,0.054882776554163515,0.0,0.5000000000000001,0.5000000000000001,0.49999999999999994,0.0007499999999999999
2025-01,trend,AAON,0.05535303232275561,0.0,0.5000000000000001,0.5000000000000001,0.49999999999999994,0.0007499999999999999
2025-01,trend,VRT,0.05566620084820466,0.0,0.5000000000000001,0.5000000000000001,0.49999999999999994,0.0007499999999999999
2025-01,trend,NVT,0.08135184894024129,0.0,0.5000000000000001,0.5000000000000001,0.49999999999999994,0.0007499999999999999
2025-01,trend,JCI,0.08901044257174831,0.0,0.5000000000000001,0.5000000000000001,0.49999999999999994,0.0007499999999999999
2025-01,trend,TT,0.10267605473228957,0.0,0.5000000000000001,0.5000000000000001,0.49999999999999994,0.0007499999999999999
2025-01,trend,SPXC,0.06105964403059711,0.0,0.5000000000000001,0.5000000000000001,0.49999999999999994,0.0007499999999999999
2025-01,trend,XLI_HEDGE,0.0,-0.0,0.5000000000000001,0.5000000000000001,0.49999999999999994,0.0007499999999999999
2025-01,drawdown,MOD,0.054882776554163515,0.0,0.5000000000000001,0.5000000000000001,0.49999999999999994,0.0007499999999999999
2025-01,drawdown,AAON,0.05535303232275561,0.0,0.5000000000000001,0.5000000000000001,0.49999999999999994,0.0007499999999999999
2025-01,drawdown,VRT,0.05566620084820466,0.0,0.5000000000000001,0.5000000000000001,0.49999999999999994,0.0007499999999999999
2025-01,drawdown,NVT,0.08135184894024129,0.0,0.5000000000000001,0.5000000000000001,0.49999999999999994,0.0007499999999999999
2025-01,drawdown,JCI,0.08901044257174831,0.0,0.5000000000000001,0.5000000000000001,0.49999999999999994,0.0007499999999999999
2025-01,drawdown,TT,0.10267605473228957,0.0,0.5000000000000001,0.5000000000000001,0.49999999999999994,0.0007499999999999999
2025-01,drawdown,SPXC,0.06105964403059711,0.0,0.5000000000000001,0.5000000000000001,0.49999999999999994,0.0007499999999999999
2025-01,drawdown,XLI_HEDGE,0.0,-0.0,0.5000000000000001,0.5000000000000001,0.49999999999999994,0.0007499999999999999
2025-01,tail_budget,MOD,0.10976555310832703,0.0,1.0000000000000002,1.0000000000000002,0.07638225681594082,0.00011457338522391124
2025-01,tail_budget,AAON,0.11070606464551122,0.0,1.0000000000000002,1.0000000000000002,0.07638225681594082,0.00011457338522391124
2025-01,tail_budget,VRT,0.11133240169640932,0.0,1.0000000000000002,1.0000000000000002,0.07638225681594082,0.00011457338522391124
2025-01,tail_budget,NVT,0.16270369788048258,0.0,1.0000000000000002,1.0000000000000002,0.07638225681594082,0.00011457338522391124
2025-01,tail_budget,JCI,0.17802088514349662,0.0,1.0000000000000002,1.0000000000000002,0.07638225681594082,0.00011457338522391124
2025-01,tail_budget,TT,0.20535210946457913,0.0,1.0000000000000002,1.0000000000000002,0.07638225681594082,0.00011457338522391124
2025-01,tail_budget,SPXC,0.12211928806119422,0.0,1.0000000000000002,1.0000000000000002,0.07638225681594082,0.00011457338522391124
2025-01,tail_budget,XLI_HEDGE,0.0,-0.0,1.0000000000000002,1.0000000000000002,0.07638225681594082,0.00011457338522391124
2025-01,combined,MOD,0.054882776554163515,0.0,0.5000000000000001,0.1702452978467922,0.4923439860254772,0.0007385159790382158
2025-01,combined,AAON,0.05535303232275561,0.0,0.5000000000000001,0.1702452978467922,0.4923439860254772,0.0007385159790382158
2025-01,combined,VRT,0.05566620084820466,0.0,0.5000000000000001,0.1702452978467922,0.4923439860254772,0.0007385159790382158
2025-01,combined,NVT,0.08135184894024129,0.0,0.5000000000000001,0.1702452978467922,0.4923439860254772,0.0007385159790382158
2025-01,combined,JCI,0.08901044257174831,0.0,0.5000000000000001,0.1702452978467922,0.4923439860254772,0.0007385159790382158
2025-01,combined,TT,0.10267605473228957,0.0,0.5000000000000001,0.1702452978467922,0.4923439860254772,0.0007385159790382158
2025-01,combined,SPXC,0.06105964403059711,0.0,0.5000000000000001,0.1702452978467922,0.4923439860254772,0.0007385159790382158
2025-01,combined,XLI_HEDGE,0.0,-0.3297547021532079,0.5000000000000001,0.1702452978467922,0.4923439860254772,0.0007385159790382158
2025-01,confirmed,MOD,0.0,0.0,0.0,0.0,0.0,0.0
2025-01,confirmed,AAON,0.0,0.0,0.0,0.0,0.0,0.0
2025-01,confirmed,VRT,0.0,0.0,0.0,0.0,0.0,0.0
2025-01,confirmed,NVT,0.0,0.0,0.0,0.0,0.0,0.0
2025-01,confirmed,JCI,0.0,0.0,0.0,0.0,0.0,0.0
2025-01,confirmed,TT,0.0,0.0,0.0,0.0,0.0,0.0
2025-01,confirmed,SPXC,0.0,0.0,0.0,0.0,0.0,0.0
2025-01,confirmed,XLI_HEDGE,0.0,-0.0,0.0,0.0,0.0,0.0
2025-01,core_signal,MOD,0.04665036007103899,0.0,0.42500000000000004,0.14470850316977338,0.41849238812165557,0.0006277385821824834
2025-01,core_signal,AAON,0.04705007747434227,0.0,0.42500000000000004,0.14470850316977338,0.41849238812165557,0.0006277385821824834
2025-01,core_signal,VRT,0.04731627072097396,0.0,0.42500000000000004,0.14470850316977338,0.41849238812165557,0.0006277385821824834
2025-01,core_signal,NVT,0.0691490715992051,0.0,0.42500000000000004,0.14470850316977338,0.41849238812165557,0.0006277385821824834
2025-01,core_signal,JCI,0.07565887618598606,0.0,0.42500000000000004,0.14470850316977338,0.41849238812165557,0.0006277385821824834
2025-01,core_signal,TT,0.08727464652244613,0.0,0.42500000000000004,0.14470850316977338,0.41849238812165557,0.0006277385821824834
2025-01,core_signal,SPXC,0.051900697426007544,0.0,0.42500000000000004,0.14470850316977338,0.41849238812165557,0.0006277385821824834
2025-01,core_signal,XLI_HEDGE,0.0,-0.2802914968302267,0.42500000000000004,0.14470850316977338,0.41849238812165557,0.0006277385821824834
2025-02,basic,MOD,0.14285714285714285,0.0,0.9999999999999998,0.9999999999999998,0.0,0.0
2025-02,basic,AAON,0.14285714285714285,0.0,0.9999999999999998,0.9999999999999998,0.0,0.0
2025-02,basic,VRT,0.14285714285714285,0.0,0.9999999999999998,0.9999999999999998,0.0,0.0
2025-02,basic,NVT,0.14285714285714285,0.0,0.9999999999999998,0.9999999999999998,0.0,0.0
2025-02,basic,JCI,0.14285714285714285,0.0,0.9999999999999998,0.9999999999999998,0.0,0.0
2025-02,basic,TT,0.14285714285714285,0.0,0.9999999999999998,0.9999999999999998,0.0,0.0
2025-02,basic,SPXC,0.14285714285714285,0.0,0.9999999999999998,0.9999999999999998,0.0,0.0
2025-02,basic,XLI_HEDGE,0.0,-0.0,0.9999999999999998,0.9999999999999998,0.0,0.0
2025-02,inverse_vol,MOD,0.10297873227501425,0.0,0.9999999999999998,0.9999999999999998,0.0387476037416689,5.812140561250335e-05
2025-02,inverse_vol,AAON,0.11173016564079169,0.0,0.9999999999999998,0.9999999999999998,0.0387476037416689,5.812140561250335e-05
2025-02,inverse_vol,VRT,0.1128126807813479,0.0,0.9999999999999998,0.9999999999999998,0.0387476037416689,5.812140561250335e-05
2025-02,inverse_vol,NVT,0.15796218188393332,0.0,0.9999999999999998,0.9999999999999998,0.0387476037416689,5.812140561250335e-05
2025-02,inverse_vol,JCI,0.19489030693411186,0.0,0.9999999999999998,0.9999999999999998,0.0387476037416689,5.812140561250335e-05
2025-02,inverse_vol,TT,0.1980058279481374,0.0,0.9999999999999998,0.9999999999999998,0.0387476037416689,5.812140561250335e-05
2025-02,inverse_vol,SPXC,0.12162010453666339,0.0,0.9999999999999998,0.9999999999999998,0.0387476037416689,5.812140561250335e-05
2025-02,inverse_vol,XLI_HEDGE,0.0,-0.0,0.9999999999999998,0.9999999999999998,0.0387476037416689,5.812140561250335e-05
2025-02,vol_target,MOD,0.07756711398799401,0.0,0.7532343064861571,0.7532343064861571,0.038116602311319275,5.7174903466978915e-05
2025-02,vol_target,AAON,0.0841589938300252,0.0,0.7532343064861571,0.7532343064861571,0.038116602311319275,5.7174903466978915e-05
2025-02,vol_target,VRT,0.08497438137118282,0.0,0.7532343064861571,0.7532343064861571,0.038116602311319275,5.7174903466978915e-05
2025-02,vol_target,NVT,0.11898253452238473,0.0,0.7532343064861571,0.7532343064861571,0.038116602311319275,5.7174903466978915e-05
2025-02,vol_target,JCI,0.14679806518439006,0.0,0.7532343064861571,0.7532343064861571,0.038116602311319275,5.7174903466978915e-05
2025-02,vol_target,TT,0.14914478249473265,0.0,0.7532343064861571,0.7532343064861571,0.038116602311319275,5.7174903466978915e-05
2025-02,vol_target,SPXC,0.09160843509544758,0.0,0.7532343064861571,0.7532343064861571,0.038116602311319275,5.7174903466978915e-05
2025-02,vol_target,XLI_HEDGE,0.0,-0.0,0.7532343064861571,0.7532343064861571,0.038116602311319275,5.7174903466978915e-05
2025-02,trend,MOD,0.10297873227501425,0.0,0.9999999999999998,0.9999999999999998,0.4999999999999997,0.0007499999999999996
2025-02,trend,AAON,0.11173016564079169,0.0,0.9999999999999998,0.9999999999999998,0.4999999999999997,0.0007499999999999996
2025-02,trend,VRT,0.1128126807813479,0.0,0.9999999999999998,0.9999999999999998,0.4999999999999997,0.0007499999999999996
2025-02,trend,NVT,0.15796218188393332,0.0,0.9999999999999998,0.9999999999999998,0.4999999999999997,0.0007499999999999996
2025-02,trend,JCI,0.19489030693411186,0.0,0.9999999999999998,0.9999999999999998,0.4999999999999997,0.0007499999999999996
2025-02,trend,TT,0.1980058279481374,0.0,0.9999999999999998,0.9999999999999998,0.4999999999999997,0.0007499999999999996
2025-02,trend,SPXC,0.12162010453666339,0.0,0.9999999999999998,0.9999999999999998,0.4999999999999997,0.0007499999999999996
2025-02,trend,XLI_HEDGE,0.0,-0.0,0.9999999999999998,0.9999999999999998,0.4999999999999997,0.0007499999999999996
2025-02,drawdown,MOD,0.051489366137507125,0.0,0.4999999999999999,0.4999999999999999,0.01937380187083445,2.9060702806251675e-05
2025-02,drawdown,AAON,0.055865082820395845,0.0,0.4999999999999999,0.4999999999999999,0.01937380187083445,2.9060702806251675e-05
2025-02,drawdown,VRT,0.05640634039067395,0.0,0.4999999999999999,0.4999999999999999,0.01937380187083445,2.9060702806251675e-05
2025-02,drawdown,NVT,0.07898109094196666,0.0,0.4999999999999999,0.4999999999999999,0.01937380187083445,2.9060702806251675e-05
2025-02,drawdown,JCI,0.09744515346705593,0.0,0.4999999999999999,0.4999999999999999,0.01937380187083445,2.9060702806251675e-05
2025-02,drawdown,TT,0.0990029139740687,0.0,0.4999999999999999,0.4999999999999999,0.01937380187083445,2.9060702806251675e-05
2025-02,drawdown,SPXC,0.060810052268331694,0.0,0.4999999999999999,0.4999999999999999,0.01937380187083445,2.9060702806251675e-05
2025-02,drawdown,XLI_HEDGE,0.0,-0.0,0.4999999999999999,0.4999999999999999,0.01937380187083445,2.9060702806251675e-05
2025-02,tail_budget,MOD,0.10297873227501425,0.0,0.9999999999999998,0.9999999999999998,0.0387476037416689,5.812140561250335e-05
2025-02,tail_budget,AAON,0.11173016564079169,0.0,0.9999999999999998,0.9999999999999998,0.0387476037416689,5.812140561250335e-05
2025-02,tail_budget,VRT,0.1128126807813479,0.0,0.9999999999999998,0.9999999999999998,0.0387476037416689,5.812140561250335e-05
2025-02,tail_budget,NVT,0.15796218188393332,0.0,0.9999999999999998,0.9999999999999998,0.0387476037416689,5.812140561250335e-05
2025-02,tail_budget,JCI,0.19489030693411186,0.0,0.9999999999999998,0.9999999999999998,0.0387476037416689,5.812140561250335e-05
2025-02,tail_budget,TT,0.1980058279481374,0.0,0.9999999999999998,0.9999999999999998,0.0387476037416689,5.812140561250335e-05
2025-02,tail_budget,SPXC,0.12162010453666339,0.0,0.9999999999999998,0.9999999999999998,0.0387476037416689,5.812140561250335e-05
2025-02,tail_budget,XLI_HEDGE,0.0,-0.0,0.9999999999999998,0.9999999999999998,0.0387476037416689,5.812140561250335e-05
2025-02,combined,MOD,0.051489366137507125,0.0,0.4999999999999999,0.34485596199730617,0.1939844660213486,0.00029097669903202294
2025-02,combined,AAON,0.055865082820395845,0.0,0.4999999999999999,0.34485596199730617,0.1939844660213486,0.00029097669903202294
2025-02,combined,VRT,0.05640634039067395,0.0,0.4999999999999999,0.34485596199730617,0.1939844660213486,0.00029097669903202294
2025-02,combined,NVT,0.07898109094196666,0.0,0.4999999999999999,0.34485596199730617,0.1939844660213486,0.00029097669903202294
2025-02,combined,JCI,0.09744515346705593,0.0,0.4999999999999999,0.34485596199730617,0.1939844660213486,0.00029097669903202294
2025-02,combined,TT,0.0990029139740687,0.0,0.4999999999999999,0.34485596199730617,0.1939844660213486,0.00029097669903202294
2025-02,combined,SPXC,0.060810052268331694,0.0,0.4999999999999999,0.34485596199730617,0.1939844660213486,0.00029097669903202294
2025-02,combined,XLI_HEDGE,0.0,-0.15514403800269375,0.4999999999999999,0.34485596199730617,0.1939844660213486,0.00029097669903202294
2025-02,confirmed,MOD,0.0,0.0,0.0,0.0,0.0,0.0
2025-02,confirmed,AAON,0.0,0.0,0.0,0.0,0.0,0.0
2025-02,confirmed,VRT,0.0,0.0,0.0,0.0,0.0,0.0
2025-02,confirmed,NVT,0.0,0.0,0.0,0.0,0.0,0.0
2025-02,confirmed,JCI,0.0,0.0,0.0,0.0,0.0,0.0
2025-02,confirmed,TT,0.0,0.0,0.0,0.0,0.0,0.0
2025-02,confirmed,SPXC,0.0,0.0,0.0,0.0,0.0,0.0
2025-02,confirmed,XLI_HEDGE,0.0,-0.0,0.0,0.0,0.0,0.0
2025-02,core_signal,MOD,0.043765961216881054,0.0,0.425,0.2931275676977102,0.1648867961181463,0.0002473301941772195
2025-02,core_signal,AAON,0.04748532039733647,0.0,0.425,0.2931275676977102,0.1648867961181463,0.0002473301941772195
2025-02,core_signal,VRT,0.04794538933207286,0.0,0.425,0.2931275676977102,0.1648867961181463,0.0002473301941772195
2025-02,core_signal,NVT,0.06713392730067166,0.0,0.425,0.2931275676977102,0.1648867961181463,0.0002473301941772195
2025-02,core_signal,JCI,0.08282838044699754,0.0,0.425,0.2931275676977102,0.1648867961181463,0.0002473301941772195
2025-02,core_signal,TT,0.08415247687795839,0.0,0.425,0.2931275676977102,0.1648867961181463,0.0002473301941772195
2025-02,core_signal,SPXC,0.05168854442808194,0.0,0.425,0.2931275676977102,0.1648867961181463,0.0002473301941772195
2025-02,core_signal,XLI_HEDGE,0.0,-0.13187243230228968,0.425,0.2931275676977102,0.1648867961181463,0.0002473301941772195
2025-03,basic,MOD,0.14285714285714285,0.0,0.9999999999999998,0.9999999999999998,0.0,0.0
2025-03,basic,AAON,0.14285714285714285,0.0,0.9999999999999998,0.9999999999999998,0.0,0.0
2025-03,basic,VRT,0.14285714285714285,0.0,0.9999999999999998,0.9999999999999998,0.0,0.0
2025-03,basic,NVT,0.14285714285714285,0.0,0.9999999999999998,0.9999999999999998,0.0,0.0
2025-03,basic,JCI,0.14285714285714285,0.0,0.9999999999999998,0.9999999999999998,0.0,0.0
2025-03,basic,TT,0.14285714285714285,0.0,0.9999999999999998,0.9999999999999998,0.0,0.0
2025-03,basic,SPXC,0.14285714285714285,0.0,0.9999999999999998,0.9999999999999998,0.0,0.0
2025-03,basic,XLI_HEDGE,0.0,-0.0,0.9999999999999998,0.9999999999999998,0.0,0.0
2025-03,inverse_vol,MOD,0.11464862155273897,0.0,1.0,1.0,0.07556880498115312,0.00011335320747172968
2025-03,inverse_vol,AAON,0.0860128965030299,0.0,1.0,1.0,0.07556880498115312,0.00011335320747172968
2025-03,inverse_vol,VRT,0.10074554742853326,0.0,1.0,1.0,0.07556880498115312,0.00011335320747172968
2025-03,inverse_vol,NVT,0.16458955706481115,0.0,1.0,1.0,0.07556880498115312,0.00011335320747172968
2025-03,inverse_vol,JCI,0.20000494917328043,0.0,1.0,1.0,0.07556880498115312,0.00011335320747172968
2025-03,inverse_vol,TT,0.20686817248421246,0.0,1.0,1.0,0.07556880498115312,0.00011335320747172968
2025-03,inverse_vol,SPXC,0.12713025579339388,0.0,1.0,1.0,0.07556880498115312,0.00011335320747172968
2025-03,inverse_vol,XLI_HEDGE,0.0,-0.0,1.0,1.0,0.07556880498115312,0.00011335320747172968
2025-03,vol_target,MOD,0.09220514920494007,0.0,0.8042412368867881,0.8042412368867881,0.08887599690990268,0.00013331399536485402
2025-03,vol_target,AAON,0.06917511827181205,0.0,0.8042412368867881,0.8042412368867881,0.08887599690990268,0.00013331399536485402
2025-03,vol_target,VRT,0.08102372367476016,0.0,0.8042412368867881,0.8042412368867881,0.08887599690990268,0.00013331399536485402
2025-03,vol_target,NVT,0.13236970895245231,0.0,0.8042412368867881,0.8042412368867881,0.08887599690990268,0.00013331399536485402
2025-03,vol_target,JCI,0.16085222770659824,0.0,0.8042412368867881,0.8042412368867881,0.08887599690990268,0.00013331399536485402
2025-03,vol_target,TT,0.16637191491121245,0.0,0.8042412368867881,0.8042412368867881,0.08887599690990268,0.00013331399536485402
2025-03,vol_target,SPXC,0.10224339416501284,0.0,0.8042412368867881,0.8042412368867881,0.08887599690990268,0.00013331399536485402
2025-03,vol_target,XLI_HEDGE,0.0,-0.0,0.8042412368867881,0.8042412368867881,0.08887599690990268,0.00013331399536485402
2025-03,trend,MOD,0.057324310776369486,0.0,0.5,0.5,0.4999999999999998,0.0007499999999999997
2025-03,trend,AAON,0.04300644825151495,0.0,0.5,0.5,0.4999999999999998,0.0007499999999999997
2025-03,trend,VRT,0.05037277371426663,0.0,0.5,0.5,0.4999999999999998,0.0007499999999999997
2025-03,trend,NVT,0.08229477853240558,0.0,0.5,0.5,0.4999999999999998,0.0007499999999999997
2025-03,trend,JCI,0.10000247458664022,0.0,0.5,0.5,0.4999999999999998,0.0007499999999999997
2025-03,trend,TT,0.10343408624210623,0.0,0.5,0.5,0.4999999999999998,0.0007499999999999997
2025-03,trend,SPXC,0.06356512789669694,0.0,0.5,0.5,0.4999999999999998,0.0007499999999999997
2025-03,trend,XLI_HEDGE,0.0,-0.0,0.5,0.5,0.4999999999999998,0.0007499999999999997
2025-03,drawdown,MOD,0.028662155388184743,0.0,0.25,0.25,0.2499999999999999,0.00037499999999999985
2025-03,drawdown,AAON,0.021503224125757475,0.0,0.25,0.25,0.2499999999999999,0.00037499999999999985
2025-03,drawdown,VRT,0.025186386857133314,0.0,0.25,0.25,0.2499999999999999,0.00037499999999999985
2025-03,drawdown,NVT,0.04114738926620279,0.0,0.25,0.25,0.2499999999999999,0.00037499999999999985
2025-03,drawdown,JCI,0.05000123729332011,0.0,0.25,0.25,0.2499999999999999,0.00037499999999999985
2025-03,drawdown,TT,0.051717043121053116,0.0,0.25,0.25,0.2499999999999999,0.00037499999999999985
2025-03,drawdown,SPXC,0.03178256394834847,0.0,0.25,0.25,0.2499999999999999,0.00037499999999999985
2025-03,drawdown,XLI_HEDGE,0.0,-0.0,0.25,0.25,0.2499999999999999,0.00037499999999999985
2025-03,tail_budget,MOD,0.1082447720594058,0.0,0.9441436852305516,0.9441436852305516,0.06638839433823136,9.958259150734705e-05
2025-03,tail_budget,AAON,0.08120853308172467,0.0,0.9441436852305516,0.9441436852305516,0.06638839433823136,9.958259150734705e-05
2025-03,tail_budget,VRT,0.0951182724197447,0.0,0.9441436852305516,0.9441436852305516,0.06638839433823136,9.958259150734705e-05
2025-03,tail_budget,NVT,0.15539619095763496,0.0,0.9441436852305516,0.9441436852305516,0.06638839433823136,9.958259150734705e-05
2025-03,tail_budget,JCI,0.18883340977681012,0.0,0.9441436852305516,0.9441436852305516,0.06638839433823136,9.958259150734705e-05
2025-03,tail_budget,TT,0.19531327872615373,0.0,0.9441436852305516,0.9441436852305516,0.06638839433823136,9.958259150734705e-05
2025-03,tail_budget,SPXC,0.12002922820907756,0.0,0.9441436852305516,0.9441436852305516,0.06638839433823136,9.958259150734705e-05
2025-03,tail_budget,XLI_HEDGE,0.0,-0.0,0.9441436852305516,0.9441436852305516,0.06638839433823136,9.958259150734705e-05
2025-03,combined,MOD,0.028662155388184743,0.0,0.25,0.0881687235887863,0.2566872384085198,0.00038503085761277975
2025-03,combined,AAON,0.021503224125757475,0.0,0.25,0.0881687235887863,0.2566872384085198,0.00038503085761277975
2025-03,combined,VRT,0.025186386857133314,0.0,0.25,0.0881687235887863,0.2566872384085198,0.00038503085761277975
2025-03,combined,NVT,0.04114738926620279,0.0,0.25,0.0881687235887863,0.2566872384085198,0.00038503085761277975
2025-03,combined,JCI,0.05000123729332011,0.0,0.25,0.0881687235887863,0.2566872384085198,0.00038503085761277975
2025-03,combined,TT,0.051717043121053116,0.0,0.25,0.0881687235887863,0.2566872384085198,0.00038503085761277975
2025-03,combined,SPXC,0.03178256394834847,0.0,0.25,0.0881687235887863,0.2566872384085198,0.00038503085761277975
2025-03,combined,XLI_HEDGE,0.0,-0.1618312764112137,0.25,0.0881687235887863,0.2566872384085198,0.00038503085761277975
2025-03,confirmed,MOD,0.0,0.0,0.0,0.0,0.0,0.0
2025-03,confirmed,AAON,0.0,0.0,0.0,0.0,0.0,0.0
2025-03,confirmed,VRT,0.0,0.0,0.0,0.0,0.0,0.0
2025-03,confirmed,NVT,0.0,0.0,0.0,0.0,0.0,0.0
2025-03,confirmed,JCI,0.0,0.0,0.0,0.0,0.0,0.0
2025-03,confirmed,TT,0.0,0.0,0.0,0.0,0.0,0.0
2025-03,confirmed,SPXC,0.0,0.0,0.0,0.0,0.0,0.0
2025-03,confirmed,XLI_HEDGE,0.0,-0.0,0.0,0.0,0.0,0.0
2025-03,core_signal,MOD,0.02436283207995703,0.0,0.21250000000000002,0.07494341505046838,0.2181841526472419,0.0003272762289708628
2025-03,core_signal,AAON,0.018277740506893854,0.0,0.21250000000000002,0.07494341505046838,0.2181841526472419,0.0003272762289708628
2025-03,core_signal,VRT,0.021408428828563315,0.0,0.21250000000000002,0.07494341505046838,0.2181841526472419,0.0003272762289708628
2025-03,core_signal,NVT,0.03497528087627237,0.0,0.21250000000000002,0.07494341505046838,0.2181841526472419,0.0003272762289708628
2025-03,core_signal,JCI,0.04250105169932209,0.0,0.21250000000000002,0.07494341505046838,0.2181841526472419,0.0003272762289708628
2025-03,core_signal,TT,0.04395948665289515,0.0,0.21250000000000002,0.07494341505046838,0.2181841526472419,0.0003272762289708628
2025-03,core_signal,SPXC,0.027015179356096198,0.0,0.21250000000000002,0.07494341505046838,0.2181841526472419,0.0003272762289708628
2025-03,core_signal,XLI_HEDGE,0.0,-0.13755658494953163,0.21250000000000002,0.07494341505046838,0.2181841526472419,0.0003272762289708628
2025-04,basic,MOD,0.14285714285714285,0.0,0.9999999999999998,0.9999999999999998,0.0,0.0
2025-04,basic,AAON,0.14285714285714285,0.0,0.9999999999999998,0.9999999999999998,0.0,0.0
2025-04,basic,VRT,0.14285714285714285,0.0,0.9999999999999998,0.9999999999999998,0.0,0.0
2025-04,basic,NVT,0.14285714285714285,0.0,0.9999999999999998,0.9999999999999998,0.0,0.0
2025-04,basic,JCI,0.14285714285714285,0.0,0.9999999999999998,0.9999999999999998,0.0,0.0
2025-04,basic,TT,0.14285714285714285,0.0,0.9999999999999998,0.9999999999999998,0.0,0.0
2025-04,basic,SPXC,0.14285714285714285,0.0,0.9999999999999998,0.9999999999999998,0.0,0.0
2025-04,basic,XLI_HEDGE,0.0,-0.0,0.9999999999999998,0.9999999999999998,0.0,0.0
2025-04,inverse_vol,MOD,0.11549496964204714,0.0,1.0000000000000002,1.0000000000000002,0.024418362455449635,3.6627543683174456e-05
2025-04,inverse_vol,AAON,0.08787663126248497,0.0,1.0000000000000002,1.0000000000000002,0.024418362455449635,3.6627543683174456e-05
2025-04,inverse_vol,VRT,0.09527394545846614,0.0,1.0000000000000002,1.0000000000000002,0.024418362455449635,3.6627543683174456e-05
2025-04,inverse_vol,NVT,0.17408865544377278,0.0,1.0000000000000002,1.0000000000000002,0.024418362455449635,3.6627543683174456e-05
2025-04,inverse_vol,JCI,0.19868804751983535,0.0,1.0000000000000002,1.0000000000000002,0.024418362455449635,3.6627543683174456e-05
2025-04,inverse_vol,TT,0.2068518199382626,0.0,1.0000000000000002,1.0000000000000002,0.024418362455449635,3.6627543683174456e-05
2025-04,inverse_vol,SPXC,0.12172593073513117,0.0,1.0000000000000002,1.0000000000000002,0.024418362455449635,3.6627543683174456e-05
2025-04,inverse_vol,XLI_HEDGE,0.0,-0.0,1.0000000000000002,1.0000000000000002,0.024418362455449635,3.6627543683174456e-05
2025-04,vol_target,MOD,0.08972630836215163,0.0,0.7768849902315214,0.7768849902315214,0.03311055551807028,4.9665833277105424e-05
2025-04,vol_target,AAON,0.06827003581993464,0.0,0.7768849902315214,0.7768849902315214,0.03311055551807028,4.9665833277105424e-05
2025-04,vol_target,VRT,0.07401689818681896,0.0,0.7768849902315214,0.7768849902315214,0.03311055551807028,4.9665833277105424e-05
2025-04,vol_target,NVT,0.13524686338385408,0.0,0.7768849902315214,0.7768849902315214,0.03311055551807028,4.9665833277105424e-05
2025-04,vol_target,JCI,0.1543577618565673,0.0,0.7768849902315214,0.7768849902315214,0.03311055551807028,4.9665833277105424e-05
2025-04,vol_target,TT,0.16070007411210954,0.0,0.7768849902315214,0.7768849902315214,0.03311055551807028,4.9665833277105424e-05
2025-04,vol_target,SPXC,0.09456704851008521,0.0,0.7768849902315214,0.7768849902315214,0.03311055551807028,4.9665833277105424e-05
2025-04,vol_target,XLI_HEDGE,0.0,-0.0,0.7768849902315214,0.7768849902315214,0.03311055551807028,4.9665833277105424e-05
2025-04,trend,MOD,0.05774748482102357,0.0,0.5000000000000001,0.5000000000000001,0.012209181227724818,1.8313771841587228e-05
2025-04,trend,AAON,0.04393831563124249,0.0,0.5000000000000001,0.5000000000000001,0.012209181227724818,1.8313771841587228e-05
2025-04,trend,VRT,0.04763697272923307,0.0,0.5000000000000001,0.5000000000000001,0.012209181227724818,1.8313771841587228e-05
2025-04,trend,NVT,0.08704432772188639,0.0,0.5000000000000001,0.5000000000000001,0.012209181227724818,1.8313771841587228e-05
2025-04,trend,JCI,0.09934402375991767,0.0,0.5000000000000001,0.5000000000000001,0.012209181227724818,1.8313771841587228e-05
2025-04,trend,TT,0.1034259099691313,0.0,0.5000000000000001,0.5000000000000001,0.012209181227724818,1.8313771841587228e-05
2025-04,trend,SPXC,0.06086296536756559,0.0,0.5000000000000001,0.5000000000000001,0.012209181227724818,1.8313771841587228e-05
2025-04,trend,XLI_HEDGE,0.0,-0.0,0.5000000000000001,0.5000000000000001,0.012209181227724818,1.8313771841587228e-05
2025-04,drawdown,MOD,0.028873742410511785,0.0,0.25000000000000006,0.25000000000000006,0.006104590613862409,9.156885920793614e-06
2025-04,drawdown,AAON,0.021969157815621244,0.0,0.25000000000000006,0.25000000000000006,0.006104590613862409,9.156885920793614e-06
2025-04,drawdown,VRT,0.023818486364616535,0.0,0.25000000000000006,0.25000000000000006,0.006104590613862409,9.156885920793614e-06
2025-04,drawdown,NVT,0.043522163860943194,0.0,0.25000000000000006,0.25000000000000006,0.006104590613862409,9.156885920793614e-06
2025-04,drawdown,JCI,0.04967201187995884,0.0,0.25000000000000006,0.25000000000000006,0.006104590613862409,9.156885920793614e-06
2025-04,drawdown,TT,0.05171295498456565,0.0,0.25000000000000006,0.25000000000000006,0.006104590613862409,9.156885920793614e-06
2025-04,drawdown,SPXC,0.030431482683782794,0.0,0.25000000000000006,0.25000000000000006,0.006104590613862409,9.156885920793614e-06
2025-04,drawdown,XLI_HEDGE,0.0,-0.0,0.25000000000000006,0.25000000000000006,0.006104590613862409,9.156885920793614e-06
2025-04,tail_budget,MOD,0.09613978009470639,0.0,0.8324153025250524,0.8324153025250524,0.11172838270549917,0.00016759257405824876
2025-04,tail_budget,AAON,0.0731498525972439,0.0,0.8324153025250524,0.8324153025250524,0.11172838270549917,0.00016759257405824876
2025-04,tail_budget,VRT,0.07930749013156442,0.0,0.8324153025250524,0.8324153025250524,0.11172838270549917,0.00016759257405824876
2025-04,tail_budget,NVT,0.1449140607874077,0.0,0.8324153025250524,0.8324153025250524,0.11172838270549917,0.00016759257405824876
2025-04,tail_budget,JCI,0.1653909711843357,0.0,0.8324153025250524,0.8324153025250524,0.11172838270549917,0.00016759257405824876
2025-04,tail_budget,TT,0.17218662027176648,0.0,0.8324153025250524,0.8324153025250524,0.11172838270549917,0.00016759257405824876
2025-04,tail_budget,SPXC,0.10132652745802777,0.0,0.8324153025250524,0.8324153025250524,0.11172838270549917,0.00016759257405824876
2025-04,tail_budget,XLI_HEDGE,0.0,-0.0,0.8324153025250524,0.8324153025250524,0.11172838270549917,0.00016759257405824876
2025-04,combined,MOD,0.028873742410511785,0.0,0.25000000000000006,0.08260997198934977,0.011663342213298993,1.749501331994849e-05
2025-04,combined,AAON,0.021969157815621244,0.0,0.25000000000000006,0.08260997198934977,0.011663342213298993,1.749501331994849e-05
2025-04,combined,VRT,0.023818486364616535,0.0,0.25000000000000006,0.08260997198934977,0.011663342213298993,1.749501331994849e-05
2025-04,combined,NVT,0.043522163860943194,0.0,0.25000000000000006,0.08260997198934977,0.011663342213298993,1.749501331994849e-05
2025-04,combined,JCI,0.04967201187995884,0.0,0.25000000000000006,0.08260997198934977,0.011663342213298993,1.749501331994849e-05
2025-04,combined,TT,0.05171295498456565,0.0,0.25000000000000006,0.08260997198934977,0.011663342213298993,1.749501331994849e-05
2025-04,combined,SPXC,0.030431482683782794,0.0,0.25000000000000006,0.08260997198934977,0.011663342213298993,1.749501331994849e-05
2025-04,combined,XLI_HEDGE,0.0,-0.16739002801065028,0.25000000000000006,0.08260997198934977,0.011663342213298993,1.749501331994849e-05
2025-04,confirmed,MOD,0.0,0.0,0.0,0.0,0.0,0.0
2025-04,confirmed,AAON,0.0,0.0,0.0,0.0,0.0,0.0
2025-04,confirmed,VRT,0.0,0.0,0.0,0.0,0.0,0.0
2025-04,confirmed,NVT,0.0,0.0,0.0,0.0,0.0,0.0
2025-04,confirmed,JCI,0.0,0.0,0.0,0.0,0.0,0.0
2025-04,confirmed,TT,0.0,0.0,0.0,0.0,0.0,0.0
2025-04,confirmed,SPXC,0.0,0.0,0.0,0.0,0.0,0.0
2025-04,confirmed,XLI_HEDGE,0.0,-0.0,0.0,0.0,0.0,0.0
2025-04,core_signal,MOD,0.024542681048935016,0.0,0.21250000000000002,0.0702184761909473,0.009913840881304144,1.4870761321956217e-05
2025-04,core_signal,AAON,0.01867378414327806,0.0,0.21250000000000002,0.0702184761909473,0.009913840881304144,1.4870761321956217e-05
2025-04,core_signal,VRT,0.020245713409924055,0.0,0.21250000000000002,0.0702184761909473,0.009913840881304144,1.4870761321956217e-05
2025-04,core_signal,NVT,0.036993839281801714,0.0,0.21250000000000002,0.0702184761909473,0.009913840881304144,1.4870761321956217e-05
2025-04,core_signal,JCI,0.04222121009796501,0.0,0.21250000000000002,0.0702184761909473,0.009913840881304144,1.4870761321956217e-05
2025-04,core_signal,TT,0.0439560117368808,0.0,0.21250000000000002,0.0702184761909473,0.009913840881304144,1.4870761321956217e-05
2025-04,core_signal,SPXC,0.025866760281215373,0.0,0.21250000000000002,0.0702184761909473,0.009913840881304144,1.4870761321956217e-05
2025-04,core_signal,XLI_HEDGE,0.0,-0.14228152380905273,0.21250000000000002,0.0702184761909473,0.009913840881304144,1.4870761321956217e-05
2025-05,basic,MOD,0.14285714285714285,0.0,0.9999999999999998,0.9999999999999998,0.0,0.0
2025-05,basic,AAON,0.14285714285714285,0.0,0.9999999999999998,0.9999999999999998,0.0,0.0
2025-05,basic,VRT,0.14285714285714285,0.0,0.9999999999999998,0.9999999999999998,0.0,0.0
2025-05,basic,NVT,0.14285714285714285,0.0,0.9999999999999998,0.9999999999999998,0.0,0.0
2025-05,basic,JCI,0.14285714285714285,0.0,0.9999999999999998,0.9999999999999998,0.0,0.0
2025-05,basic,TT,0.14285714285714285,0.0,0.9999999999999998,0.9999999999999998,0.0,0.0
2025-05,basic,SPXC,0.14285714285714285,0.0,0.9999999999999998,0.9999999999999998,0.0,0.0
2025-05,basic,XLI_HEDGE,0.0,-0.0,0.9999999999999998,0.9999999999999998,0.0,0.0
2025-05,inverse_vol,MOD,0.11817361288592824,0.0,1.0,1.0,0.03307656252544952,4.9614843788174284e-05
2025-05,inverse_vol,AAON,0.08771280059030373,0.0,1.0,1.0,0.03307656252544952,4.9614843788174284e-05
2025-05,inverse_vol,VRT,0.09606615356982687,0.0,1.0,1.0,0.03307656252544952,4.9614843788174284e-05
2025-05,inverse_vol,NVT,0.17509360196864912,0.0,1.0,1.0,0.03307656252544952,4.9614843788174284e-05
2025-05,inverse_vol,JCI,0.2062561021182455,0.0,1.0,1.0,0.03307656252544952,4.9614843788174284e-05
2025-05,inverse_vol,TT,0.190477369347719,0.0,1.0,1.0,0.03307656252544952,4.9614843788174284e-05
2025-05,inverse_vol,SPXC,0.12622035951932753,0.0,1.0,1.0,0.03307656252544952,4.9614843788174284e-05
2025-05,inverse_vol,XLI_HEDGE,0.0,-0.0,1.0,1.0,0.03307656252544952,4.9614843788174284e-05
2025-05,vol_target,MOD,0.08683752705143982,0.0,0.7348300938828297,0.7348300938828297,0.04205489634869165,6.308234452303748e-05
2025-05,vol_target,AAON,0.06445400549249881,0.0,0.7348300938828297,0.7348300938828297,0.04205489634869165,6.308234452303748e-05
2025-05,vol_target,VRT,0.07059230064667821,0.0,0.7348300938828297,0.7348300938828297,0.04205489634869165,6.308234452303748e-05
2025-05,vol_target,NVT,0.12866404797290526,0.0,0.7348300938828297,0.7348300938828297,0.04205489634869165,6.308234452303748e-05
2025-05,vol_target,JCI,0.15156319088345685,0.0,0.7348300938828297,0.7348300938828297,0.04205489634869165,6.308234452303748e-05
2025-05,vol_target,TT,0.1399685032003388,0.0,0.7348300938828297,0.7348300938828297,0.04205489634869165,6.308234452303748e-05
2025-05,vol_target,SPXC,0.09275051863551197,0.0,0.7348300938828297,0.7348300938828297,0.04205489634869165,6.308234452303748e-05
2025-05,vol_target,XLI_HEDGE,0.0,-0.0,0.7348300938828297,0.7348300938828297,0.04205489634869165,6.308234452303748e-05
2025-05,trend,MOD,0.05908680644296412,0.0,0.5,0.5,0.01653828126272476,2.4807421894087142e-05
2025-05,trend,AAON,0.043856400295151865,0.0,0.5,0.5,0.01653828126272476,2.4807421894087142e-05
2025-05,trend,VRT,0.048033076784913434,0.0,0.5,0.5,0.01653828126272476,2.4807421894087142e-05
2025-05,trend,NVT,0.08754680098432456,0.0,0.5,0.5,0.01653828126272476,2.4807421894087142e-05
2025-05,trend,JCI,0.10312805105912275,0.0,0.5,0.5,0.01653828126272476,2.4807421894087142e-05
2025-05,trend,TT,0.0952386846738595,0.0,0.5,0.5,0.01653828126272476,2.4807421894087142e-05
2025-05,trend,SPXC,0.06311017975966376,0.0,0.5,0.5,0.01653828126272476,2.4807421894087142e-05
2025-05,trend,XLI_HEDGE,0.0,-0.0,0.5,0.5,0.01653828126272476,2.4807421894087142e-05
2025-05,drawdown,MOD,0.02954340322148206,0.0,0.25,0.25,0.00826914063136238,1.2403710947043571e-05
2025-05,drawdown,AAON,0.021928200147575932,0.0,0.25,0.25,0.00826914063136238,1.2403710947043571e-05
2025-05,drawdown,VRT,0.024016538392456717,0.0,0.25,0.25,0.00826914063136238,1.2403710947043571e-05
2025-05,drawdown,NVT,0.04377340049216228,0.0,0.25,0.25,0.00826914063136238,1.2403710947043571e-05
2025-05,drawdown,JCI,0.05156402552956137,0.0,0.25,0.25,0.00826914063136238,1.2403710947043571e-05
2025-05,drawdown,TT,0.04761934233692975,0.0,0.25,0.25,0.00826914063136238,1.2403710947043571e-05
2025-05,drawdown,SPXC,0.03155508987983188,0.0,0.25,0.25,0.00826914063136238,1.2403710947043571e-05
2025-05,drawdown,XLI_HEDGE,0.0,-0.0,0.25,0.25,0.00826914063136238,1.2403710947043571e-05
2025-05,tail_budget,MOD,0.09836952372091837,0.0,0.8324153025250522,0.8324153025250522,0.027533436801110825,4.130015520166624e-05
2025-05,tail_budget,AAON,0.07301347743869727,0.0,0.8324153025250522,0.8324153025250522,0.027533436801110825,4.130015520166624e-05
2025-05,tail_budget,VRT,0.07996693628624556,0.0,0.8324153025250522,0.8324153025250522,0.027533436801110825,4.130015520166624e-05
2025-05,tail_budget,NVT,0.14575059365293414,0.0,0.8324153025250522,0.8324153025250522,0.027533436801110825,4.130015520166624e-05
2025-05,tail_budget,JCI,0.1716907356423974,0.0,0.8324153025250522,0.8324153025250522,0.027533436801110825,4.130015520166624e-05
2025-05,tail_budget,TT,0.15855627702975764,0.0,0.8324153025250522,0.8324153025250522,0.027533436801110825,4.130015520166624e-05
2025-05,tail_budget,SPXC,0.10506775875410189,0.0,0.8324153025250522,0.8324153025250522,0.027533436801110825,4.130015520166624e-05
2025-05,tail_budget,XLI_HEDGE,0.0,-0.0,0.8324153025250522,0.8324153025250522,0.027533436801110825,4.130015520166624e-05
2025-05,combined,MOD,0.02954340322148206,0.0,0.25,0.0854447192661607,0.01110388790817337,1.6655831862260054e-05
2025-05,combined,AAON,0.021928200147575932,0.0,0.25,0.0854447192661607,0.01110388790817337,1.6655831862260054e-05
2025-05,combined,VRT,0.024016538392456717,0.0,0.25,0.0854447192661607,0.01110388790817337,1.6655831862260054e-05
2025-05,combined,NVT,0.04377340049216228,0.0,0.25,0.0854447192661607,0.01110388790817337,1.6655831862260054e-05
2025-05,combined,JCI,0.05156402552956137,0.0,0.25,0.0854447192661607,0.01110388790817337,1.6655831862260054e-05
2025-05,combined,TT,0.04761934233692975,0.0,0.25,0.0854447192661607,0.01110388790817337,1.6655831862260054e-05
2025-05,combined,SPXC,0.03155508987983188,0.0,0.25,0.0854447192661607,0.01110388790817337,1.6655831862260054e-05
2025-05,combined,XLI_HEDGE,0.0,-0.1645552807338393,0.25,0.0854447192661607,0.01110388790817337,1.6655831862260054e-05
2025-05,confirmed,MOD,0.0,0.0,0.0,0.0,0.0,0.0
2025-05,confirmed,AAON,0.0,0.0,0.0,0.0,0.0,0.0
2025-05,confirmed,VRT,0.0,0.0,0.0,0.0,0.0,0.0
2025-05,confirmed,NVT,0.0,0.0,0.0,0.0,0.0,0.0
2025-05,confirmed,JCI,0.0,0.0,0.0,0.0,0.0,0.0
2025-05,confirmed,TT,0.0,0.0,0.0,0.0,0.0,0.0
2025-05,confirmed,SPXC,0.0,0.0,0.0,0.0,0.0,0.0
2025-05,confirmed,XLI_HEDGE,0.0,-0.0,0.0,0.0,0.0,0.0
2025-05,core_signal,MOD,0.025111892738259752,0.0,0.2125,0.07262801137623659,0.009438304721947358,1.4157457082921036e-05
2025-05,core_signal,AAON,0.018638970125439542,0.0,0.2125,0.07262801137623659,0.009438304721947358,1.4157457082921036e-05
2025-05,core_signal,VRT,0.02041405763358821,0.0,0.2125,0.07262801137623659,0.009438304721947358,1.4157457082921036e-05
2025-05,core_signal,NVT,0.03720739041833794,0.0,0.2125,0.07262801137623659,0.009438304721947358,1.4157457082921036e-05
2025-05,core_signal,JCI,0.043829421700127165,0.0,0.2125,0.07262801137623659,0.009438304721947358,1.4157457082921036e-05
2025-05,core_signal,TT,0.040476440986390284,0.0,0.2125,0.07262801137623659,0.009438304721947358,1.4157457082921036e-05
2025-05,core_signal,SPXC,0.026821826397857098,0.0,0.2125,0.07262801137623659,0.009438304721947358,1.4157457082921036e-05
2025-05,core_signal,XLI_HEDGE,0.0,-0.1398719886237634,0.2125,0.07262801137623659,0.009438304721947358,1.4157457082921036e-05
2025-06,basic,MOD,0.14285714285714285,0.0,0.9999999999999998,0.9999999999999998,0.0,0.0
2025-06,basic,AAON,0.14285714285714285,0.0,0.9999999999999998,0.9999999999999998,0.0,0.0
2025-06,basic,VRT,0.14285714285714285,0.0,0.9999999999999998,0.9999999999999998,0.0,0.0
2025-06,basic,NVT,0.14285714285714285,0.0,0.9999999999999998,0.9999999999999998,0.0,0.0
2025-06,basic,JCI,0.14285714285714285,0.0,0.9999999999999998,0.9999999999999998,0.0,0.0
2025-06,basic,TT,0.14285714285714285,0.0,0.9999999999999998,0.9999999999999998,0.0,0.0
2025-06,basic,SPXC,0.14285714285714285,0.0,0.9999999999999998,0.9999999999999998,0.0,0.0
2025-06,basic,XLI_HEDGE,0.0,-0.0,0.9999999999999998,0.9999999999999998,0.0,0.0
2025-06,inverse_vol,MOD,0.12628722844279888,0.0,1.0,1.0,0.07560263605628711,0.00011340395408443068
2025-06,inverse_vol,AAON,0.10423268541420883,0.0,1.0,1.0,0.07560263605628711,0.00011340395408443068
2025-06,inverse_vol,VRT,0.09305555787200846,0.0,1.0,1.0,0.07560263605628711,0.00011340395408443068
2025-06,inverse_vol,NVT,0.16405364239180018,0.0,1.0,1.0,0.07560263605628711,0.00011340395408443068
2025-06,inverse_vol,JCI,0.18250533936476931,0.0,1.0,1.0,0.07560263605628711,0.00011340395408443068
2025-06,inverse_vol,TT,0.19169154691375945,0.0,1.0,1.0,0.07560263605628711,0.00011340395408443068
2025-06,inverse_vol,SPXC,0.13817399960065493,0.0,1.0,1.0,0.07560263605628711,0.00011340395408443068
2025-06,inverse_vol,XLI_HEDGE,0.0,-0.0,1.0,1.0,0.07560263605628711,0.00011340395408443068
2025-06,vol_target,MOD,0.08143890943618125,0.0,0.6448705101883565,0.6448705101883565,0.0954847427522022,0.0001432271141283033
2025-06,vol_target,AAON,0.06721658502136331,0.0,0.6448705101883565,0.6448705101883565,0.0954847427522022,0.0001432271141283033
2025-06,vol_target,VRT,0.06000878508078423,0.0,0.6448705101883565,0.6448705101883565,0.0954847427522022,0.0001432271141283033
2025-06,vol_target,NVT,0.10579335606745836,0.0,0.6448705101883565,0.6448705101883565,0.0954847427522022,0.0001432271141283033
2025-06,vol_target,JCI,0.11769231130825793,0.0,0.6448705101883565,0.6448705101883565,0.0954847427522022,0.0001432271141283033
2025-06,vol_target,TT,0.12361622565707132,0.0,0.6448705101883565,0.6448705101883565,0.0954847427522022,0.0001432271141283033
2025-06,vol_target,SPXC,0.08910433761724011,0.0,0.6448705101883565,0.6448705101883565,0.0954847427522022,0.0001432271141283033
2025-06,vol_target,XLI_HEDGE,0.0,-0.0,0.6448705101883565,0.6448705101883565,0.0954847427522022,0.0001432271141283033
2025-06,trend,MOD,0.12628722844279888,0.0,1.0,1.0,0.5,0.00075
2025-06,trend,AAON,0.10423268541420883,0.0,1.0,1.0,0.5,0.00075
2025-06,trend,VRT,0.09305555787200846,0.0,1.0,1.0,0.5,0.00075
2025-06,trend,NVT,0.16405364239180018,0.0,1.0,1.0,0.5,0.00075
2025-06,trend,JCI,0.18250533936476931,0.0,1.0,1.0,0.5,0.00075
2025-06,trend,TT,0.19169154691375945,0.0,1.0,1.0,0.5,0.00075
2025-06,trend,SPXC,0.13817399960065493,0.0,1.0,1.0,0.5,0.00075
2025-06,trend,XLI_HEDGE,0.0,-0.0,1.0,1.0,0.5,0.00075
2025-06,drawdown,MOD,0.12628722844279888,0.0,1.0,1.0,0.75,0.0011250000000000001
2025-06,drawdown,AAON,0.10423268541420883,0.0,1.0,1.0,0.75,0.0011250000000000001
2025-06,drawdown,VRT,0.09305555787200846,0.0,1.0,1.0,0.75,0.0011250000000000001
2025-06,drawdown,NVT,0.16405364239180018,0.0,1.0,1.0,0.75,0.0011250000000000001
2025-06,drawdown,JCI,0.18250533936476931,0.0,1.0,1.0,0.75,0.0011250000000000001
2025-06,drawdown,TT,0.19169154691375945,0.0,1.0,1.0,0.75,0.0011250000000000001
2025-06,drawdown,SPXC,0.13817399960065493,0.0,1.0,1.0,0.75,0.0011250000000000001
2025-06,drawdown,XLI_HEDGE,0.0,-0.0,1.0,1.0,0.75,0.0011250000000000001
2025-06,tail_budget,MOD,0.10512342146926282,0.0,0.8324153025250522,0.8324153025250522,0.06293279116448564,9.439918674672845e-05
2025-06,tail_budget,AAON,0.08676488236206724,0.0,0.8324153025250522,0.8324153025250522,0.06293279116448564,9.439918674672845e-05
2025-06,tail_budget,VRT,0.07746087035766543,0.0,0.8324153025250522,0.8324153025250522,0.06293279116448564,9.439918674672845e-05
2025-06,tail_budget,NVT,0.1365607623619071,0.0,0.8324153025250522,0.8324153025250522,0.06293279116448564,9.439918674672845e-05
2025-06,tail_budget,JCI,0.15192023727976178,0.0,0.8324153025250522,0.8324153025250522,0.06293279116448564,9.439918674672845e-05
2025-06,tail_budget,TT,0.15956697701571232,0.0,0.8324153025250522,0.8324153025250522,0.06293279116448564,9.439918674672845e-05
2025-06,tail_budget,SPXC,0.11501815167867563,0.0,0.8324153025250522,0.8324153025250522,0.06293279116448564,9.439918674672845e-05
2025-06,tail_budget,XLI_HEDGE,0.0,-0.0,0.8324153025250522,0.8324153025250522,0.06293279116448564,9.439918674672845e-05
2025-06,combined,MOD,0.08143890943618125,0.0,0.6448705101883565,0.41620972883198426,0.4589760108108894,0.0006884640162163341
2025-06,combined,AAON,0.06721658502136331,0.0,0.6448705101883565,0.41620972883198426,0.4589760108108894,0.0006884640162163341
2025-06,combined,VRT,0.06000878508078423,0.0,0.6448705101883565,0.41620972883198426,0.4589760108108894,0.0006884640162163341
2025-06,combined,NVT,0.10579335606745836,0.0,0.6448705101883565,0.41620972883198426,0.4589760108108894,0.0006884640162163341
2025-06,combined,JCI,0.11769231130825793,0.0,0.6448705101883565,0.41620972883198426,0.4589760108108894,0.0006884640162163341
2025-06,combined,TT,0.12361622565707132,0.0,0.6448705101883565,0.41620972883198426,0.4589760108108894,0.0006884640162163341
2025-06,combined,SPXC,0.08910433761724011,0.0,0.6448705101883565,0.41620972883198426,0.4589760108108894,0.0006884640162163341
2025-06,combined,XLI_HEDGE,0.0,-0.22866078135637222,0.6448705101883565,0.41620972883198426,0.4589760108108894,0.0006884640162163341
2025-06,confirmed,MOD,0.0,0.0,0.0,0.0,0.0,0.0
2025-06,confirmed,AAON,0.0,0.0,0.0,0.0,0.0,0.0
2025-06,confirmed,VRT,0.0,0.0,0.0,0.0,0.0,0.0
2025-06,confirmed,NVT,0.0,0.0,0.0,0.0,0.0,0.0
2025-06,confirmed,JCI,0.0,0.0,0.0,0.0,0.0,0.0
2025-06,confirmed,TT,0.0,0.0,0.0,0.0,0.0,0.0
2025-06,confirmed,SPXC,0.0,0.0,0.0,0.0,0.0,0.0
2025-06,confirmed,XLI_HEDGE,0.0,-0.0,0.0,0.0,0.0,0.0
2025-06,core_signal,MOD,0.06922307302075406,0.0,0.548139933660103,0.3537782695071866,0.390129609189256,0.000585194413783884
2025-06,core_signal,AAON,0.05713409726815881,0.0,0.548139933660103,0.3537782695071866,0.390129609189256,0.000585194413783884
2025-06,core_signal,VRT,0.051007467318666594,0.0,0.548139933660103,0.3537782695071866,0.390129609189256,0.000585194413783884
2025-06,core_signal,NVT,0.08992435265733961,0.0,0.548139933660103,0.3537782695071866,0.390129609189256,0.000585194413783884
2025-06,core_signal,JCI,0.10003846461201923,0.0,0.548139933660103,0.3537782695071866,0.390129609189256,0.000585194413783884
2025-06,core_signal,TT,0.10507379180851062,0.0,0.548139933660103,0.3537782695071866,0.390129609189256,0.000585194413783884
2025-06,core_signal,SPXC,0.07573868697465409,0.0,0.548139933660103,0.3537782695071866,0.390129609189256,0.000585194413783884
2025-06,core_signal,XLI_HEDGE,0.0,-0.1943616641529164,0.548139933660103,0.3537782695071866,0.390129609189256,0.000585194413783884
2025-07,basic,MOD,0.14285714285714285,0.0,0.9999999999999998,0.9999999999999998,0.0,0.0
2025-07,basic,AAON,0.14285714285714285,0.0,0.9999999999999998,0.9999999999999998,0.0,0.0
2025-07,basic,VRT,0.14285714285714285,0.0,0.9999999999999998,0.9999999999999998,0.0,0.0
2025-07,basic,NVT,0.14285714285714285,0.0,0.9999999999999998,0.9999999999999998,0.0,0.0
2025-07,basic,JCI,0.14285714285714285,0.0,0.9999999999999998,0.9999999999999998,0.0,0.0
2025-07,basic,TT,0.14285714285714285,0.0,0.9999999999999998,0.9999999999999998,0.0,0.0
2025-07,basic,SPXC,0.14285714285714285,0.0,0.9999999999999998,0.9999999999999998,0.0,0.0
2025-07,basic,XLI_HEDGE,0.0,-0.0,0.9999999999999998,0.9999999999999998,0.0,0.0
2025-07,inverse_vol,MOD,0.12452638921329703,0.0,1.0,1.0,0.03939100270884824,5.908650406327236e-05
2025-07,inverse_vol,AAON,0.09699330238060638,0.0,1.0,1.0,0.03939100270884824,5.908650406327236e-05
2025-07,inverse_vol,VRT,0.09336260177204052,0.0,1.0,1.0,0.03939100270884824,5.908650406327236e-05
2025-07,inverse_vol,NVT,0.15610177373065778,0.0,1.0,1.0,0.03939100270884824,5.908650406327236e-05
2025-07,inverse_vol,JCI,0.2002405805384258,0.0,1.0,1.0,0.03939100270884824,5.908650406327236e-05
2025-07,inverse_vol,TT,0.19334476319449506,0.0,1.0,1.0,0.03939100270884824,5.908650406327236e-05
2025-07,inverse_vol,SPXC,0.13543058917047754,0.0,1.0,1.0,0.03939100270884824,5.908650406327236e-05
2025-07,inverse_vol,XLI_HEDGE,0.0,-0.0,1.0,1.0,0.03939100270884824,5.908650406327236e-05
2025-07,vol_target,MOD,0.08030464786655067,0.0,0.644880562055,0.644880562055,0.02540183361866348,3.810275042799522e-05
2025-07,vol_target,AAON,0.062549095354776,0.0,0.644880562055,0.644880562055,0.02540183361866348,3.810275042799522e-05
2025-07,vol_target,VRT,0.06020772710567062,0.0,0.644880562055,0.644880562055,0.02540183361866348,3.810275042799522e-05
2025-07,vol_target,NVT,0.100666999581209,0.0,0.644880562055,0.644880562055,0.02540183361866348,3.810275042799522e-05
2025-07,vol_target,JCI,0.1291312581238395,0.0,0.644880562055,0.644880562055,0.02540183361866348,3.810275042799522e-05
2025-07,vol_target,TT,0.12468427955925683,0.0,0.644880562055,0.644880562055,0.02540183361866348,3.810275042799522e-05
2025-07,vol_target,SPXC,0.08733655446369734,0.0,0.644880562055,0.644880562055,0.02540183361866348,3.810275042799522e-05
2025-07,vol_target,XLI_HEDGE,0.0,-0.0,0.644880562055,0.644880562055,0.02540183361866348,3.810275042799522e-05
2025-07,trend,MOD,0.12452638921329703,0.0,1.0,1.0,0.03939100270884824,5.908650406327236e-05
2025-07,trend,AAON,0.09699330238060638,0.0,1.0,1.0,0.03939100270884824,5.908650406327236e-05
2025-07,trend,VRT,0.09336260177204052,0.0,1.0,1.0,0.03939100270884824,5.908650406327236e-05
2025-07,trend,NVT,0.15610177373065778,0.0,1.0,1.0,0.03939100270884824,5.908650406327236e-05
2025-07,trend,JCI,0.2002405805384258,0.0,1.0,1.0,0.03939100270884824,5.908650406327236e-05
2025-07,trend,TT,0.19334476319449506,0.0,1.0,1.0,0.03939100270884824,5.908650406327236e-05
2025-07,trend,SPXC,0.13543058917047754,0.0,1.0,1.0,0.03939100270884824,5.908650406327236e-05
2025-07,trend,XLI_HEDGE,0.0,-0.0,1.0,1.0,0.03939100270884824,5.908650406327236e-05
2025-07,drawdown,MOD,0.12452638921329703,0.0,1.0,1.0,0.03939100270884824,5.908650406327236e-05
2025-07,drawdown,AAON,0.09699330238060638,0.0,1.0,1.0,0.03939100270884824,5.908650406327236e-05
2025-07,drawdown,VRT,0.09336260177204052,0.0,1.0,1.0,0.03939100270884824,5.908650406327236e-05
2025-07,drawdown,NVT,0.15610177373065778,0.0,1.0,1.0,0.03939100270884824,5.908650406327236e-05
2025-07,drawdown,JCI,0.2002405805384258,0.0,1.0,1.0,0.03939100270884824,5.908650406327236e-05
2025-07,drawdown,TT,0.19334476319449506,0.0,1.0,1.0,0.03939100270884824,5.908650406327236e-05
2025-07,drawdown,SPXC,0.13543058917047754,0.0,1.0,1.0,0.03939100270884824,5.908650406327236e-05
2025-07,drawdown,XLI_HEDGE,0.0,-0.0,1.0,1.0,0.03939100270884824,5.908650406327236e-05
2025-07,tail_budget,MOD,0.10365767194933906,0.0,0.8324153025250524,0.8324153025250524,0.032789673436651096,4.918451015497664e-05
2025-07,tail_budget,AAON,0.08073870914405633,0.0,0.8324153025250524,0.8324153025250524,0.032789673436651096,4.918451015497664e-05
2025-07,tail_budget,VRT,0.07771645839859909,0.0,0.8324153025250524,0.8324153025250524,0.032789673436651096,4.918451015497664e-05
2025-07,tail_budget,NVT,0.12994150520470274,0.0,0.8324153025250524,0.8324153025250524,0.032789673436651096,4.918451015497664e-05
2025-07,tail_budget,JCI,0.16668332342668582,0.0,0.8324153025250524,0.8324153025250524,0.032789673436651096,4.918451015497664e-05
2025-07,tail_budget,TT,0.1609431395461802,0.0,0.8324153025250524,0.8324153025250524,0.032789673436651096,4.918451015497664e-05
2025-07,tail_budget,SPXC,0.11273449485548913,0.0,0.8324153025250524,0.8324153025250524,0.032789673436651096,4.918451015497664e-05
2025-07,tail_budget,XLI_HEDGE,0.0,-0.0,0.8324153025250524,0.8324153025250524,0.032789673436651096,4.918451015497664e-05
2025-07,combined,MOD,0.08030464786655067,0.0,0.644880562055,0.41706958956196716,0.02625164248200286,3.937746372300429e-05
2025-07,combined,AAON,0.062549095354776,0.0,0.644880562055,0.41706958956196716,0.02625164248200286,3.937746372300429e-05
2025-07,combined,VRT,0.06020772710567062,0.0,0.644880562055,0.41706958956196716,0.02625164248200286,3.937746372300429e-05
2025-07,combined,NVT,0.100666999581209,0.0,0.644880562055,0.41706958956196716,0.02625164248200286,3.937746372300429e-05
2025-07,combined,JCI,0.1291312581238395,0.0,0.644880562055,0.41706958956196716,0.02625164248200286,3.937746372300429e-05
2025-07,combined,TT,0.12468427955925683,0.0,0.644880562055,0.41706958956196716,0.02625164248200286,3.937746372300429e-05
2025-07,combined,SPXC,0.08733655446369734,0.0,0.644880562055,0.41706958956196716,0.02625164248200286,3.937746372300429e-05
2025-07,combined,XLI_HEDGE,0.0,-0.22781097249303284,0.644880562055,0.41706958956196716,0.02625164248200286,3.937746372300429e-05
2025-07,confirmed,MOD,0.0,0.0,0.0,0.0,0.0,0.0
2025-07,confirmed,AAON,0.0,0.0,0.0,0.0,0.0,0.0
2025-07,confirmed,VRT,0.0,0.0,0.0,0.0,0.0,0.0
2025-07,confirmed,NVT,0.0,0.0,0.0,0.0,0.0,0.0
2025-07,confirmed,JCI,0.0,0.0,0.0,0.0,0.0,0.0
2025-07,confirmed,TT,0.0,0.0,0.0,0.0,0.0,0.0
2025-07,confirmed,SPXC,0.0,0.0,0.0,0.0,0.0,0.0
2025-07,confirmed,XLI_HEDGE,0.0,-0.0,0.0,0.0,0.0,0.0
2025-07,core_signal,MOD,0.06825895068656807,0.0,0.54814847774675,0.35450915112767206,0.022313896109702455,3.3470844164553685e-05
2025-07,core_signal,AAON,0.0531667310515596,0.0,0.54814847774675,0.35450915112767206,0.022313896109702455,3.3470844164553685e-05
2025-07,core_signal,VRT,0.05117656803982003,0.0,0.54814847774675,0.35450915112767206,0.022313896109702455,3.3470844164553685e-05
2025-07,core_signal,NVT,0.08556694964402765,0.0,0.54814847774675,0.35450915112767206,0.022313896109702455,3.3470844164553685e-05
2025-07,core_signal,JCI,0.10976156940526356,0.0,0.54814847774675,0.35450915112767206,0.022313896109702455,3.3470844164553685e-05
2025-07,core_signal,TT,0.1059816376253683,0.0,0.54814847774675,0.35450915112767206,0.022313896109702455,3.3470844164553685e-05
2025-07,core_signal,SPXC,0.07423607129414274,0.0,0.54814847774675,0.35450915112767206,0.022313896109702455,3.3470844164553685e-05
2025-07,core_signal,XLI_HEDGE,0.0,-0.1936393266190779,0.54814847774675,0.35450915112767206,0.022313896109702455,3.3470844164553685e-05
2025-08,basic,MOD,0.14285714285714285,0.0,0.9999999999999998,0.9999999999999998,0.0,0.0
2025-08,basic,AAON,0.14285714285714285,0.0,0.9999999999999998,0.9999999999999998,0.0,0.0
2025-08,basic,VRT,0.14285714285714285,0.0,0.9999999999999998,0.9999999999999998,0.0,0.0
2025-08,basic,NVT,0.14285714285714285,0.0,0.9999999999999998,0.9999999999999998,0.0,0.0
2025-08,basic,JCI,0.14285714285714285,0.0,0.9999999999999998,0.9999999999999998,0.0,0.0
2025-08,basic,TT,0.14285714285714285,0.0,0.9999999999999998,0.9999999999999998,0.0,0.0
2025-08,basic,SPXC,0.14285714285714285,0.0,0.9999999999999998,0.9999999999999998,0.0,0.0
2025-08,basic,XLI_HEDGE,0.0,-0.0,0.9999999999999998,0.9999999999999998,0.0,0.0
2025-08,inverse_vol,MOD,0.10242778720908802,0.0,1.0,1.0,0.044197204008417895,6.629580601262684e-05
2025-08,inverse_vol,AAON,0.09718829338610174,0.0,1.0,1.0,0.044197204008417895,6.629580601262684e-05
2025-08,inverse_vol,VRT,0.09868252088387537,0.0,1.0,1.0,0.044197204008417895,6.629580601262684e-05
2025-08,inverse_vol,NVT,0.16019476333626148,0.0,1.0,1.0,0.044197204008417895,6.629580601262684e-05
2025-08,inverse_vol,JCI,0.20543289719401314,0.0,1.0,1.0,0.044197204008417895,6.629580601262684e-05
2025-08,inverse_vol,TT,0.19846210205859605,0.0,1.0,1.0,0.044197204008417895,6.629580601262684e-05
2025-08,inverse_vol,SPXC,0.13761163593206419,0.0,1.0,1.0,0.044197204008417895,6.629580601262684e-05
2025-08,inverse_vol,XLI_HEDGE,0.0,-0.0,1.0,1.0,0.044197204008417895,6.629580601262684e-05
2025-08,vol_target,MOD,0.06435195120663771,0.0,0.6282665374316317,0.6282665374316317,0.02020205803850196,3.030308705775294e-05
2025-08,vol_target,AAON,0.0610601525645757,0.0,0.6282665374316317,0.6282665374316317,0.02020205803850196,3.030308705775294e-05
2025-08,vol_target,VRT,0.06199892570073707,0.0,0.6282665374316317,0.6282665374316317,0.02020205803850196,3.030308705775294e-05
2025-08,vol_target,NVT,0.10064500927595271,0.0,0.6282665374316317,0.6282665374316317,0.02020205803850196,3.030308705775294e-05
2025-08,vol_target,JCI,0.129066614994631,0.0,0.6282665374316317,0.6282665374316317,0.02020205803850196,3.030308705775294e-05
2025-08,vol_target,TT,0.12468709767175726,0.0,0.6282665374316317,0.6282665374316317,0.02020205803850196,3.030308705775294e-05
2025-08,vol_target,SPXC,0.08645678601734029,0.0,0.6282665374316317,0.6282665374316317,0.02020205803850196,3.030308705775294e-05
2025-08,vol_target,XLI_HEDGE,0.0,-0.0,0.6282665374316317,0.6282665374316317,0.02020205803850196,3.030308705775294e-05
2025-08,trend,MOD,0.10242778720908802,0.0,1.0,1.0,0.044197204008417895,6.629580601262684e-05
2025-08,trend,AAON,0.09718829338610174,0.0,1.0,1.0,0.044197204008417895,6.629580601262684e-05
2025-08,trend,VRT,0.09868252088387537,0.0,1.0,1.0,0.044197204008417895,6.629580601262684e-05
2025-08,trend,NVT,0.16019476333626148,0.0,1.0,1.0,0.044197204008417895,6.629580601262684e-05
2025-08,trend,JCI,0.20543289719401314,0.0,1.0,1.0,0.044197204008417895,6.629580601262684e-05
2025-08,trend,TT,0.19846210205859605,0.0,1.0,1.0,0.044197204008417895,6.629580601262684e-05
2025-08,trend,SPXC,0.13761163593206419,0.0,1.0,1.0,0.044197204008417895,6.629580601262684e-05
2025-08,trend,XLI_HEDGE,0.0,-0.0,1.0,1.0,0.044197204008417895,6.629580601262684e-05
2025-08,drawdown,MOD,0.10242778720908802,0.0,1.0,1.0,0.044197204008417895,6.629580601262684e-05
2025-08,drawdown,AAON,0.09718829338610174,0.0,1.0,1.0,0.044197204008417895,6.629580601262684e-05
2025-08,drawdown,VRT,0.09868252088387537,0.0,1.0,1.0,0.044197204008417895,6.629580601262684e-05
2025-08,drawdown,NVT,0.16019476333626148,0.0,1.0,1.0,0.044197204008417895,6.629580601262684e-05
2025-08,drawdown,JCI,0.20543289719401314,0.0,1.0,1.0,0.044197204008417895,6.629580601262684e-05
2025-08,drawdown,TT,0.19846210205859605,0.0,1.0,1.0,0.044197204008417895,6.629580601262684e-05
2025-08,drawdown,SPXC,0.13761163593206419,0.0,1.0,1.0,0.044197204008417895,6.629580601262684e-05
2025-08,drawdown,XLI_HEDGE,0.0,-0.0,1.0,1.0,0.044197204008417895,6.629580601262684e-05
2025-08,tail_budget,MOD,0.08526245747662468,0.0,0.8324153025250522,0.8324153025250522,0.036790428945428624,5.518564341814294e-05
2025-08,tail_budget,AAON,0.08090102264088542,0.0,0.8324153025250522,0.8324153025250522,0.036790428945428624,5.518564341814294e-05
2025-08,tail_budget,VRT,0.0821448404754859,0.0,0.8324153025250522,0.8324153025250522,0.036790428945428624,5.518564341814294e-05
2025-08,tail_budget,NVT,0.13334857238548325,0.0,0.8324153025250522,0.8324153025250522,0.036790428945428624,5.518564341814294e-05
2025-08,tail_budget,JCI,0.1710054872663524,0.0,0.8324153025250522,0.8324153025250522,0.036790428945428624,5.518564341814294e-05
2025-08,tail_budget,TT,0.16520289072486402,0.0,0.8324153025250522,0.8324153025250522,0.036790428945428624,5.518564341814294e-05
2025-08,tail_budget,SPXC,0.11455003155535656,0.0,0.8324153025250522,0.8324153025250522,0.036790428945428624,5.518564341814294e-05
2025-08,tail_budget,XLI_HEDGE,0.0,-0.0,0.8324153025250522,0.8324153025250522,0.036790428945428624,5.518564341814294e-05
2025-08,combined,MOD,0.06435195120663771,0.0,0.6282665374316317,0.40638965963428075,0.026136152734183807,3.920422910127571e-05
2025-08,combined,AAON,0.0610601525645757,0.0,0.6282665374316317,0.40638965963428075,0.026136152734183807,3.920422910127571e-05
2025-08,combined,VRT,0.06199892570073707,0.0,0.6282665374316317,0.40638965963428075,0.026136152734183807,3.920422910127571e-05
2025-08,combined,NVT,0.10064500927595271,0.0,0.6282665374316317,0.40638965963428075,0.026136152734183807,3.920422910127571e-05
2025-08,combined,JCI,0.129066614994631,0.0,0.6282665374316317,0.40638965963428075,0.026136152734183807,3.920422910127571e-05
2025-08,combined,TT,0.12468709767175726,0.0,0.6282665374316317,0.40638965963428075,0.026136152734183807,3.920422910127571e-05
2025-08,combined,SPXC,0.08645678601734029,0.0,0.6282665374316317,0.40638965963428075,0.026136152734183807,3.920422910127571e-05
2025-08,combined,XLI_HEDGE,0.0,-0.221876877797351,0.6282665374316317,0.40638965963428075,0.026136152734183807,3.920422910127571e-05
2025-08,confirmed,MOD,0.0,0.0,0.0,0.0,0.0,0.0
2025-08,confirmed,AAON,0.0,0.0,0.0,0.0,0.0,0.0
2025-08,confirmed,VRT,0.0,0.0,0.0,0.0,0.0,0.0
2025-08,confirmed,NVT,0.0,0.0,0.0,0.0,0.0,0.0
2025-08,confirmed,JCI,0.0,0.0,0.0,0.0,0.0,0.0
2025-08,confirmed,TT,0.0,0.0,0.0,0.0,0.0,0.0
2025-08,confirmed,SPXC,0.0,0.0,0.0,0.0,0.0,0.0
2025-08,confirmed,XLI_HEDGE,0.0,-0.0,0.0,0.0,0.0,0.0
2025-08,core_signal,MOD,0.054699158525642055,0.0,0.5340265568168869,0.3454312106891386,0.02221572982405623,3.332359473608435e-05
2025-08,core_signal,AAON,0.05190112967988934,0.0,0.5340265568168869,0.3454312106891386,0.02221572982405623,3.332359473608435e-05
2025-08,core_signal,VRT,0.052699086845626505,0.0,0.5340265568168869,0.3454312106891386,0.02221572982405623,3.332359473608435e-05
2025-08,core_signal,NVT,0.0855482578845598,0.0,0.5340265568168869,0.3454312106891386,0.02221572982405623,3.332359473608435e-05
2025-08,core_signal,JCI,0.10970662274543636,0.0,0.5340265568168869,0.3454312106891386,0.02221572982405623,3.332359473608435e-05
2025-08,core_signal,TT,0.10598403302099367,0.0,0.5340265568168869,0.3454312106891386,0.02221572982405623,3.332359473608435e-05
2025-08,core_signal,SPXC,0.07348826811473924,0.0,0.5340265568168869,0.3454312106891386,0.02221572982405623,3.332359473608435e-05
2025-08,core_signal,XLI_HEDGE,0.0,-0.18859534612774834,0.5340265568168869,0.3454312106891386,0.02221572982405623,3.332359473608435e-05
2025-09,basic,MOD,0.14285714285714285,0.0,0.9999999999999998,0.9999999999999998,0.0,0.0
2025-09,basic,AAON,0.14285714285714285,0.0,0.9999999999999998,0.9999999999999998,0.0,0.0
2025-09,basic,VRT,0.14285714285714285,0.0,0.9999999999999998,0.9999999999999998,0.0,0.0
2025-09,basic,NVT,0.14285714285714285,0.0,0.9999999999999998,0.9999999999999998,0.0,0.0
2025-09,basic,JCI,0.14285714285714285,0.0,0.9999999999999998,0.9999999999999998,0.0,0.0
2025-09,basic,TT,0.14285714285714285,0.0,0.9999999999999998,0.9999999999999998,0.0,0.0
2025-09,basic,SPXC,0.14285714285714285,0.0,0.9999999999999998,0.9999999999999998,0.0,0.0
2025-09,basic,XLI_HEDGE,0.0,-0.0,0.9999999999999998,0.9999999999999998,0.0,0.0
2025-09,inverse_vol,MOD,0.10344390545544373,0.0,1.0,1.0,0.019584669866746326,2.937700480011949e-05
2025-09,inverse_vol,AAON,0.09899891971857507,0.0,1.0,1.0,0.019584669866746326,2.937700480011949e-05
2025-09,inverse_vol,VRT,0.09445970195717504,0.0,1.0,1.0,0.019584669866746326,2.937700480011949e-05
2025-09,inverse_vol,NVT,0.15462524732958868,0.0,1.0,1.0,0.019584669866746326,2.937700480011949e-05
2025-09,inverse_vol,JCI,0.20743165049705745,0.0,1.0,1.0,0.019584669866746326,2.937700480011949e-05
2025-09,inverse_vol,TT,0.19862472984512256,0.0,1.0,1.0,0.019584669866746326,2.937700480011949e-05
2025-09,inverse_vol,SPXC,0.14241584519703754,0.0,1.0,1.0,0.019584669866746326,2.937700480011949e-05
2025-09,inverse_vol,XLI_HEDGE,0.0,-0.0,1.0,1.0,0.019584669866746326,2.937700480011949e-05
2025-09,vol_target,MOD,0.06505155357431662,0.0,0.6288582520923498,0.6288582520923498,0.012601332952125913,1.890199942818887e-05
2025-09,vol_target,AAON,0.06225628761325397,0.0,0.6288582520923498,0.6288582520923498,0.012601332952125913,1.890199942818887e-05
2025-09,vol_target,VRT,0.0594017630659534,0.0,0.6288582520923498,0.6288582520923498,0.012601332952125913,1.890199942818887e-05
2025-09,vol_target,NVT,0.0972373627650324,0.0,0.6288582520923498,0.6288582520923498,0.012601332952125913,1.890199942818887e-05
2025-09,vol_target,JCI,0.1304451051602107,0.0,0.6288582520923498,0.6288582520923498,0.012601332952125913,1.890199942818887e-05
2025-09,vol_target,TT,0.12490680043271893,0.0,0.6288582520923498,0.6288582520923498,0.012601332952125913,1.890199942818887e-05
2025-09,vol_target,SPXC,0.08955937948086368,0.0,0.6288582520923498,0.6288582520923498,0.012601332952125913,1.890199942818887e-05
2025-09,vol_target,XLI_HEDGE,0.0,-0.0,0.6288582520923498,0.6288582520923498,0.012601332952125913,1.890199942818887e-05
2025-09,trend,MOD,0.10344390545544373,0.0,1.0,1.0,0.019584669866746326,2.937700480011949e-05
2025-09,trend,AAON,0.09899891971857507,0.0,1.0,1.0,0.019584669866746326,2.937700480011949e-05
2025-09,trend,VRT,0.09445970195717504,0.0,1.0,1.0,0.019584669866746326,2.937700480011949e-05
2025-09,trend,NVT,0.15462524732958868,0.0,1.0,1.0,0.019584669866746326,2.937700480011949e-05
2025-09,trend,JCI,0.20743165049705745,0.0,1.0,1.0,0.019584669866746326,2.937700480011949e-05
2025-09,trend,TT,0.19862472984512256,0.0,1.0,1.0,0.019584669866746326,2.937700480011949e-05
2025-09,trend,SPXC,0.14241584519703754,0.0,1.0,1.0,0.019584669866746326,2.937700480011949e-05
2025-09,trend,XLI_HEDGE,0.0,-0.0,1.0,1.0,0.019584669866746326,2.937700480011949e-05
2025-09,drawdown,MOD,0.10344390545544373,0.0,1.0,1.0,0.019584669866746326,2.937700480011949e-05
2025-09,drawdown,AAON,0.09899891971857507,0.0,1.0,1.0,0.019584669866746326,2.937700480011949e-05
2025-09,drawdown,VRT,0.09445970195717504,0.0,1.0,1.0,0.019584669866746326,2.937700480011949e-05
2025-09,drawdown,NVT,0.15462524732958868,0.0,1.0,1.0,0.019584669866746326,2.937700480011949e-05
2025-09,drawdown,JCI,0.20743165049705745,0.0,1.0,1.0,0.019584669866746326,2.937700480011949e-05
2025-09,drawdown,TT,0.19862472984512256,0.0,1.0,1.0,0.019584669866746326,2.937700480011949e-05
2025-09,drawdown,SPXC,0.14241584519703754,0.0,1.0,1.0,0.019584669866746326,2.937700480011949e-05
2025-09,drawdown,XLI_HEDGE,0.0,-0.0,1.0,1.0,0.019584669866746326,2.937700480011949e-05
2025-09,tail_budget,MOD,0.08610828985406609,0.0,0.8324153025250522,0.8324153025250522,0.01630257889198093,2.4453868337971396e-05
2025-09,tail_budget,AAON,0.08240821570719102,0.0,0.8324153025250522,0.8324153025250522,0.01630257889198093,2.4453868337971396e-05
2025-09,tail_budget,VRT,0.07862970138110813,0.0,0.8324153025250522,0.8324153025250522,0.01630257889198093,2.4453868337971396e-05
2025-09,tail_budget,NVT,0.1287124220338706,0.0,0.8324153025250522,0.8324153025250522,0.01630257889198093,2.4453868337971396e-05
2025-09,tail_budget,JCI,0.17266928010177898,0.0,0.8324153025250522,0.8324153025250522,0.01630257889198093,2.4453868337971396e-05
2025-09,tail_budget,TT,0.16533826458298448,0.0,0.8324153025250522,0.8324153025250522,0.01630257889198093,2.4453868337971396e-05
2025-09,tail_budget,SPXC,0.11854912886405301,0.0,0.8324153025250522,0.8324153025250522,0.01630257889198093,2.4453868337971396e-05
2025-09,tail_budget,XLI_HEDGE,0.0,-0.0,0.8324153025250522,0.8324153025250522,0.01630257889198093,2.4453868337971396e-05
2025-09,combined,MOD,0.06505155357431662,0.0,0.6288582520923498,0.4022361219243351,0.017346585322789584,2.6019877984184378e-05
2025-09,combined,AAON,0.06225628761325397,0.0,0.6288582520923498,0.4022361219243351,0.017346585322789584,2.6019877984184378e-05
2025-09,combined,VRT,0.0594017630659534,0.0,0.6288582520923498,0.4022361219243351,0.017346585322789584,2.6019877984184378e-05
2025-09,combined,NVT,0.0972373627650324,0.0,0.6288582520923498,0.4022361219243351,0.017346585322789584,2.6019877984184378e-05
2025-09,combined,JCI,0.1304451051602107,0.0,0.6288582520923498,0.4022361219243351,0.017346585322789584,2.6019877984184378e-05
2025-09,combined,TT,0.12490680043271893,0.0,0.6288582520923498,0.4022361219243351,0.017346585322789584,2.6019877984184378e-05
2025-09,combined,SPXC,0.08955937948086368,0.0,0.6288582520923498,0.4022361219243351,0.017346585322789584,2.6019877984184378e-05
2025-09,combined,XLI_HEDGE,0.0,-0.22662213016801466,0.6288582520923498,0.4022361219243351,0.017346585322789584,2.6019877984184378e-05
2025-09,confirmed,MOD,0.0,0.0,0.0,0.0,0.0,0.0
2025-09,confirmed,AAON,0.0,0.0,0.0,0.0,0.0,0.0
2025-09,confirmed,VRT,0.0,0.0,0.0,0.0,0.0,0.0
2025-09,confirmed,NVT,0.0,0.0,0.0,0.0,0.0,0.0
2025-09,confirmed,JCI,0.0,0.0,0.0,0.0,0.0,0.0
2025-09,confirmed,TT,0.0,0.0,0.0,0.0,0.0,0.0
2025-09,confirmed,SPXC,0.0,0.0,0.0,0.0,0.0,0.0
2025-09,confirmed,XLI_HEDGE,0.0,-0.0,0.0,0.0,0.0,0.0
2025-09,core_signal,MOD,0.05529382053816913,0.0,0.5345295142784973,0.3419007036356848,0.014744597524371142,2.2116896286556712e-05
2025-09,core_signal,AAON,0.05291784447126587,0.0,0.5345295142784973,0.3419007036356848,0.014744597524371142,2.2116896286556712e-05
2025-09,core_signal,VRT,0.050491498606060385,0.0,0.5345295142784973,0.3419007036356848,0.014744597524371142,2.2116896286556712e-05
2025-09,core_signal,NVT,0.08265175835027755,0.0,0.5345295142784973,0.3419007036356848,0.014744597524371142,2.2116896286556712e-05
2025-09,core_signal,JCI,0.1108783393861791,0.0,0.5345295142784973,0.3419007036356848,0.014744597524371142,2.2116896286556712e-05
2025-09,core_signal,TT,0.1061707803678111,0.0,0.5345295142784973,0.3419007036356848,0.014744597524371142,2.2116896286556712e-05
2025-09,core_signal,SPXC,0.07612547255873413,0.0,0.5345295142784973,0.3419007036356848,0.014744597524371142,2.2116896286556712e-05
2025-09,core_signal,XLI_HEDGE,0.0,-0.19262881064281245,0.5345295142784973,0.3419007036356848,0.014744597524371142,2.2116896286556712e-05
2025-10,basic,MOD,0.14285714285714285,0.0,0.9999999999999998,0.9999999999999998,0.0,0.0
2025-10,basic,AAON,0.14285714285714285,0.0,0.9999999999999998,0.9999999999999998,0.0,0.0
2025-10,basic,VRT,0.14285714285714285,0.0,0.9999999999999998,0.9999999999999998,0.0,0.0
2025-10,basic,NVT,0.14285714285714285,0.0,0.9999999999999998,0.9999999999999998,0.0,0.0
2025-10,basic,JCI,0.14285714285714285,0.0,0.9999999999999998,0.9999999999999998,0.0,0.0
2025-10,basic,TT,0.14285714285714285,0.0,0.9999999999999998,0.9999999999999998,0.0,0.0
2025-10,basic,SPXC,0.14285714285714285,0.0,0.9999999999999998,0.9999999999999998,0.0,0.0
2025-10,basic,XLI_HEDGE,0.0,-0.0,0.9999999999999998,0.9999999999999998,0.0,0.0
2025-10,inverse_vol,MOD,0.10364107906461585,0.0,1.0,1.0,0.008628292381211808,1.2942438571817711e-05
2025-10,inverse_vol,AAON,0.0984070087492504,0.0,1.0,1.0,0.008628292381211808,1.2942438571817711e-05
2025-10,inverse_vol,VRT,0.09442568636355786,0.0,1.0,1.0,0.008628292381211808,1.2942438571817711e-05
2025-10,inverse_vol,NVT,0.15131765823336452,0.0,1.0,1.0,0.008628292381211808,1.2942438571817711e-05
2025-10,inverse_vol,JCI,0.20748103471394858,0.0,1.0,1.0,0.008628292381211808,1.2942438571817711e-05
2025-10,inverse_vol,TT,0.20269231820966518,0.0,1.0,1.0,0.008628292381211808,1.2942438571817711e-05
2025-10,inverse_vol,SPXC,0.14203521466559763,0.0,1.0,1.0,0.008628292381211808,1.2942438571817711e-05
2025-10,inverse_vol,XLI_HEDGE,0.0,-0.0,1.0,1.0,0.008628292381211808,1.2942438571817711e-05
2025-10,vol_target,MOD,0.06558979116199556,0.0,0.6328551550597336,0.6328551550597336,0.006947308368345277,1.0420962552517916e-05
2025-10,vol_target,AAON,0.06227738278097141,0.0,0.6328551550597336,0.6328551550597336,0.006947308368345277,1.0420962552517916e-05
2025-10,vol_target,VRT,0.05975778238523117,0.0,0.6328551550597336,0.6328551550597336,0.006947308368345277,1.0420962552517916e-05
2025-10,vol_target,NVT,0.09576216006455165,0.0,0.6328551550597336,0.6328551550597336,0.006947308368345277,1.0420962552517916e-05
2025-10,vol_target,JCI,0.13130544239584988,0.0,0.6328551550597336,0.6328551550597336,0.006947308368345277,1.0420962552517916e-05
2025-10,vol_target,TT,0.1282748784699945,0.0,0.6328551550597336,0.6328551550597336,0.006947308368345277,1.0420962552517916e-05
2025-10,vol_target,SPXC,0.08988771780113931,0.0,0.6328551550597336,0.6328551550597336,0.006947308368345277,1.0420962552517916e-05
2025-10,vol_target,XLI_HEDGE,0.0,-0.0,0.6328551550597336,0.6328551550597336,0.006947308368345277,1.0420962552517916e-05
2025-10,trend,MOD,0.10364107906461585,0.0,1.0,1.0,0.008628292381211808,1.2942438571817711e-05
2025-10,trend,AAON,0.0984070087492504,0.0,1.0,1.0,0.008628292381211808,1.2942438571817711e-05
2025-10,trend,VRT,0.09442568636355786,0.0,1.0,1.0,0.008628292381211808,1.2942438571817711e-05
2025-10,trend,NVT,0.15131765823336452,0.0,1.0,1.0,0.008628292381211808,1.2942438571817711e-05
2025-10,trend,JCI,0.20748103471394858,0.0,1.0,1.0,0.008628292381211808,1.2942438571817711e-05
2025-10,trend,TT,0.20269231820966518,0.0,1.0,1.0,0.008628292381211808,1.2942438571817711e-05
2025-10,trend,SPXC,0.14203521466559763,0.0,1.0,1.0,0.008628292381211808,1.2942438571817711e-05
2025-10,trend,XLI_HEDGE,0.0,-0.0,1.0,1.0,0.008628292381211808,1.2942438571817711e-05
2025-10,drawdown,MOD,0.10364107906461585,0.0,1.0,1.0,0.008628292381211808,1.2942438571817711e-05
2025-10,drawdown,AAON,0.0984070087492504,0.0,1.0,1.0,0.008628292381211808,1.2942438571817711e-05
2025-10,drawdown,VRT,0.09442568636355786,0.0,1.0,1.0,0.008628292381211808,1.2942438571817711e-05
2025-10,drawdown,NVT,0.15131765823336452,0.0,1.0,1.0,0.008628292381211808,1.2942438571817711e-05
2025-10,drawdown,JCI,0.20748103471394858,0.0,1.0,1.0,0.008628292381211808,1.2942438571817711e-05
2025-10,drawdown,TT,0.20269231820966518,0.0,1.0,1.0,0.008628292381211808,1.2942438571817711e-05
2025-10,drawdown,SPXC,0.14203521466559763,0.0,1.0,1.0,0.008628292381211808,1.2942438571817711e-05
2025-10,drawdown,XLI_HEDGE,0.0,-0.0,1.0,1.0,0.008628292381211808,1.2942438571817711e-05
2025-10,tail_budget,MOD,0.08627242018359506,0.0,0.8324153025250522,0.8324153025250522,0.0071823226127809975,1.0773483919171497e-05
2025-10,tail_budget,AAON,0.08191549995859274,0.0,0.8324153025250522,0.8324153025250522,0.0071823226127809975,1.0773483919171497e-05
2025-10,tail_budget,VRT,0.07860138628045672,0.0,0.8324153025250522,0.8324153025250522,0.0071823226127809975,1.0773483919171497e-05
2025-10,tail_budget,NVT,0.1259591342557086,0.0,0.8324153025250522,0.8324153025250522,0.0071823226127809975,1.0773483919171497e-05
2025-10,tail_budget,JCI,0.17271038827962237,0.0,0.8324153025250522,0.8324153025250522,0.0071823226127809975,1.0773483919171497e-05
2025-10,tail_budget,TT,0.1687241873820026,0.0,0.8324153025250522,0.8324153025250522,0.0071823226127809975,1.0773483919171497e-05
2025-10,tail_budget,SPXC,0.11823228618507418,0.0,0.8324153025250522,0.8324153025250522,0.0071823226127809975,1.0773483919171497e-05
2025-10,tail_budget,XLI_HEDGE,0.0,-0.0,0.8324153025250522,0.8324153025250522,0.0071823226127809975,1.0773483919171497e-05
2025-10,combined,MOD,0.06558979116199556,0.0,0.6328551550597336,0.39822325702609973,0.014957076233964466,2.24356143509467e-05
2025-10,combined,AAON,0.06227738278097141,0.0,0.6328551550597336,0.39822325702609973,0.014957076233964466,2.24356143509467e-05
2025-10,combined,VRT,0.05975778238523117,0.0,0.6328551550597336,0.39822325702609973,0.014957076233964466,2.24356143509467e-05
2025-10,combined,NVT,0.09576216006455165,0.0,0.6328551550597336,0.39822325702609973,0.014957076233964466,2.24356143509467e-05
2025-10,combined,JCI,0.13130544239584988,0.0,0.6328551550597336,0.39822325702609973,0.014957076233964466,2.24356143509467e-05
2025-10,combined,TT,0.1282748784699945,0.0,0.6328551550597336,0.39822325702609973,0.014957076233964466,2.24356143509467e-05
2025-10,combined,SPXC,0.08988771780113931,0.0,0.6328551550597336,0.39822325702609973,0.014957076233964466,2.24356143509467e-05
2025-10,combined,XLI_HEDGE,0.0,-0.23463189803363385,0.6328551550597336,0.39822325702609973,0.014957076233964466,2.24356143509467e-05
2025-10,confirmed,MOD,0.0,0.0,0.0,0.0,0.0,0.0
2025-10,confirmed,AAON,0.0,0.0,0.0,0.0,0.0,0.0
2025-10,confirmed,VRT,0.0,0.0,0.0,0.0,0.0,0.0
2025-10,confirmed,NVT,0.0,0.0,0.0,0.0,0.0,0.0
2025-10,confirmed,JCI,0.0,0.0,0.0,0.0,0.0,0.0
2025-10,confirmed,TT,0.0,0.0,0.0,0.0,0.0,0.0
2025-10,confirmed,SPXC,0.0,0.0,0.0,0.0,0.0,0.0
2025-10,confirmed,XLI_HEDGE,0.0,-0.0,0.0,0.0,0.0,0.0
2025-10,core_signal,MOD,0.05575132248769623,0.0,0.5379268818007734,0.3384897684721847,0.012713514798869792,1.907027219830469e-05
2025-10,core_signal,AAON,0.052935775363825696,0.0,0.5379268818007734,0.3384897684721847,0.012713514798869792,1.907027219830469e-05
2025-10,core_signal,VRT,0.05079411502744649,0.0,0.5379268818007734,0.3384897684721847,0.012713514798869792,1.907027219830469e-05
2025-10,core_signal,NVT,0.0813978360548689,0.0,0.5379268818007734,0.3384897684721847,0.012713514798869792,1.907027219830469e-05
2025-10,core_signal,JCI,0.11160962603647238,0.0,0.5379268818007734,0.3384897684721847,0.012713514798869792,1.907027219830469e-05
2025-10,core_signal,TT,0.10903364669949532,0.0,0.5379268818007734,0.3384897684721847,0.012713514798869792,1.907027219830469e-05
2025-10,core_signal,SPXC,0.07640456013096841,0.0,0.5379268818007734,0.3384897684721847,0.012713514798869792,1.907027219830469e-05
2025-10,core_signal,XLI_HEDGE,0.0,-0.19943711332858877,0.5379268818007734,0.3384897684721847,0.012713514798869792,1.907027219830469e-05
2025-11,basic,MOD,0.14285714285714285,0.0,0.9999999999999998,0.9999999999999998,0.0,0.0
2025-11,basic,AAON,0.14285714285714285,0.0,0.9999999999999998,0.9999999999999998,0.0,0.0
2025-11,basic,VRT,0.14285714285714285,0.0,0.9999999999999998,0.9999999999999998,0.0,0.0
2025-11,basic,NVT,0.14285714285714285,0.0,0.9999999999999998,0.9999999999999998,0.0,0.0
2025-11,basic,JCI,0.14285714285714285,0.0,0.9999999999999998,0.9999999999999998,0.0,0.0
2025-11,basic,TT,0.14285714285714285,0.0,0.9999999999999998,0.9999999999999998,0.0,0.0
2025-11,basic,SPXC,0.14285714285714285,0.0,0.9999999999999998,0.9999999999999998,0.0,0.0
2025-11,basic,XLI_HEDGE,0.0,-0.0,0.9999999999999998,0.9999999999999998,0.0,0.0
2025-11,inverse_vol,MOD,0.10770602316197231,0.0,1.0,1.0,0.03279499860610209,4.9192497909153136e-05
2025-11,inverse_vol,AAON,0.09927692662015411,0.0,1.0,1.0,0.03279499860610209,4.9192497909153136e-05
2025-11,inverse_vol,VRT,0.08880517152388709,0.0,1.0,1.0,0.03279499860610209,4.9192497909153136e-05
2025-11,inverse_vol,NVT,0.14450376519329583,0.0,1.0,1.0,0.03279499860610209,4.9192497909153136e-05
2025-11,inverse_vol,JCI,0.21521397556316751,0.0,1.0,1.0,0.03279499860610209,4.9192497909153136e-05
2025-11,inverse_vol,TT,0.20642201469523713,0.0,1.0,1.0,0.03279499860610209,4.9192497909153136e-05
2025-11,inverse_vol,SPXC,0.13807212324228604,0.0,1.0,1.0,0.03279499860610209,4.9192497909153136e-05
2025-11,inverse_vol,XLI_HEDGE,0.0,-0.0,1.0,1.0,0.03279499860610209,4.9192497909153136e-05
2025-11,vol_target,MOD,0.06628019059285258,0.0,0.6153805390547005,0.6153805390547005,0.021121514663381566,3.168227199507235e-05
2025-11,vol_target,AAON,0.06109308861920438,0.0,0.6153805390547005,0.6153805390547005,0.021121514663381566,3.168227199507235e-05
2025-11,vol_target,VRT,0.05464897432321477,0.0,0.6153805390547005,0.6153805390547005,0.021121514663381566,3.168227199507235e-05
2025-11,vol_target,NVT,0.08892480492008425,0.0,0.6153805390547005,0.6153805390547005,0.021121514663381566,3.168227199507235e-05
2025-11,vol_target,JCI,0.13243849229416715,0.0,0.6153805390547005,0.6153805390547005,0.021121514663381566,3.168227199507235e-05
2025-11,vol_target,TT,0.12702809067591234,0.0,0.6153805390547005,0.6153805390547005,0.021121514663381566,3.168227199507235e-05
2025-11,vol_target,SPXC,0.08496689762926503,0.0,0.6153805390547005,0.6153805390547005,0.021121514663381566,3.168227199507235e-05
2025-11,vol_target,XLI_HEDGE,0.0,-0.0,0.6153805390547005,0.6153805390547005,0.021121514663381566,3.168227199507235e-05
2025-11,trend,MOD,0.10770602316197231,0.0,1.0,1.0,0.03279499860610209,4.9192497909153136e-05
2025-11,trend,AAON,0.09927692662015411,0.0,1.0,1.0,0.03279499860610209,4.9192497909153136e-05
2025-11,trend,VRT,0.08880517152388709,0.0,1.0,1.0,0.03279499860610209,4.9192497909153136e-05
2025-11,trend,NVT,0.14450376519329583,0.0,1.0,1.0,0.03279499860610209,4.9192497909153136e-05
2025-11,trend,JCI,0.21521397556316751,0.0,1.0,1.0,0.03279499860610209,4.9192497909153136e-05
2025-11,trend,TT,0.20642201469523713,0.0,1.0,1.0,0.03279499860610209,4.9192497909153136e-05
2025-11,trend,SPXC,0.13807212324228604,0.0,1.0,1.0,0.03279499860610209,4.9192497909153136e-05
2025-11,trend,XLI_HEDGE,0.0,-0.0,1.0,1.0,0.03279499860610209,4.9192497909153136e-05
2025-11,drawdown,MOD,0.10770602316197231,0.0,1.0,1.0,0.03279499860610209,4.9192497909153136e-05
2025-11,drawdown,AAON,0.09927692662015411,0.0,1.0,1.0,0.03279499860610209,4.9192497909153136e-05
2025-11,drawdown,VRT,0.08880517152388709,0.0,1.0,1.0,0.03279499860610209,4.9192497909153136e-05
2025-11,drawdown,NVT,0.14450376519329583,0.0,1.0,1.0,0.03279499860610209,4.9192497909153136e-05
2025-11,drawdown,JCI,0.21521397556316751,0.0,1.0,1.0,0.03279499860610209,4.9192497909153136e-05
2025-11,drawdown,TT,0.20642201469523713,0.0,1.0,1.0,0.03279499860610209,4.9192497909153136e-05
2025-11,drawdown,SPXC,0.13807212324228604,0.0,1.0,1.0,0.03279499860610209,4.9192497909153136e-05
2025-11,drawdown,XLI_HEDGE,0.0,-0.0,1.0,1.0,0.03279499860610209,4.9192497909153136e-05
2025-11,tail_budget,MOD,0.08965614185414346,0.0,0.8324153025250522,0.8324153025250522,0.02729905868600714,4.094858802901071e-05
2025-11,tail_budget,AAON,0.08263963290627299,0.0,0.8324153025250522,0.8324153025250522,0.02729905868600714,4.094858802901071e-05
2025-11,tail_budget,VRT,0.07392278371984562,0.0,0.8324153025250522,0.8324153025250522,0.02729905868600714,4.094858802901071e-05
2025-11,tail_budget,NVT,0.12028714541938647,0.0,0.8324153025250522,0.8324153025250522,0.02729905868600714,4.094858802901071e-05
2025-11,tail_budget,JCI,0.17914740657603329,0.0,0.8324153025250522,0.8324153025250522,0.02729905868600714,4.094858802901071e-05
2025-11,tail_budget,TT,0.1718288438103666,0.0,0.8324153025250522,0.8324153025250522,0.02729905868600714,4.094858802901071e-05
2025-11,tail_budget,SPXC,0.11493334823900384,0.0,0.8324153025250522,0.8324153025250522,0.02729905868600714,4.094858802901071e-05
2025-11,tail_budget,XLI_HEDGE,0.0,-0.0,0.8324153025250522,0.8324153025250522,0.02729905868600714,4.094858802901071e-05
2025-11,combined,MOD,0.06628019059285258,0.0,0.6153805390547005,0.39508257486995757,0.035455448512272544,5.318317276840882e-05
2025-11,combined,AAON,0.06109308861920438,0.0,0.6153805390547005,0.39508257486995757,0.035455448512272544,5.318317276840882e-05
2025-11,combined,VRT,0.05464897432321477,0.0,0.6153805390547005,0.39508257486995757,0.035455448512272544,5.318317276840882e-05
2025-11,combined,NVT,0.08892480492008425,0.0,0.6153805390547005,0.39508257486995757,0.035455448512272544,5.318317276840882e-05
2025-11,combined,JCI,0.13243849229416715,0.0,0.6153805390547005,0.39508257486995757,0.035455448512272544,5.318317276840882e-05
2025-11,combined,TT,0.12702809067591234,0.0,0.6153805390547005,0.39508257486995757,0.035455448512272544,5.318317276840882e-05
2025-11,combined,SPXC,0.08496689762926503,0.0,0.6153805390547005,0.39508257486995757,0.035455448512272544,5.318317276840882e-05
2025-11,combined,XLI_HEDGE,0.0,-0.22029796418474287,0.6153805390547005,0.39508257486995757,0.035455448512272544,5.318317276840882e-05
2025-11,confirmed,MOD,0.0,0.0,0.0,0.0,0.0,0.0
2025-11,confirmed,AAON,0.0,0.0,0.0,0.0,0.0,0.0
2025-11,confirmed,VRT,0.0,0.0,0.0,0.0,0.0,0.0
2025-11,confirmed,NVT,0.0,0.0,0.0,0.0,0.0,0.0
2025-11,confirmed,JCI,0.0,0.0,0.0,0.0,0.0,0.0
2025-11,confirmed,TT,0.0,0.0,0.0,0.0,0.0,0.0
2025-11,confirmed,SPXC,0.0,0.0,0.0,0.0,0.0,0.0
2025-11,confirmed,XLI_HEDGE,0.0,-0.0,0.0,0.0,0.0,0.0
2025-11,core_signal,MOD,0.056338162003924684,0.0,0.5230734581964954,0.335820188639464,0.030137131235431637,4.520569685314746e-05
2025-11,core_signal,AAON,0.05192912532632372,0.0,0.5230734581964954,0.335820188639464,0.030137131235431637,4.520569685314746e-05
2025-11,core_signal,VRT,0.04645162817473256,0.0,0.5230734581964954,0.335820188639464,0.030137131235431637,4.520569685314746e-05
2025-11,core_signal,NVT,0.07558608418207162,0.0,0.5230734581964954,0.335820188639464,0.030137131235431637,4.520569685314746e-05
2025-11,core_signal,JCI,0.11257271845004208,0.0,0.5230734581964954,0.335820188639464,0.030137131235431637,4.520569685314746e-05
2025-11,core_signal,TT,0.10797387707452548,0.0,0.5230734581964954,0.335820188639464,0.030137131235431637,4.520569685314746e-05
2025-11,core_signal,SPXC,0.07222186298487528,0.0,0.5230734581964954,0.335820188639464,0.030137131235431637,4.520569685314746e-05
2025-11,core_signal,XLI_HEDGE,0.0,-0.18725326955703145,0.5230734581964954,0.335820188639464,0.030137131235431637,4.520569685314746e-05
2025-12,basic,MOD,0.14285714285714285,0.0,0.9999999999999998,0.9999999999999998,0.0,0.0
2025-12,basic,AAON,0.14285714285714285,0.0,0.9999999999999998,0.9999999999999998,0.0,0.0
2025-12,basic,VRT,0.14285714285714285,0.0,0.9999999999999998,0.9999999999999998,0.0,0.0
2025-12,basic,NVT,0.14285714285714285,0.0,0.9999999999999998,0.9999999999999998,0.0,0.0
2025-12,basic,JCI,0.14285714285714285,0.0,0.9999999999999998,0.9999999999999998,0.0,0.0
2025-12,basic,TT,0.14285714285714285,0.0,0.9999999999999998,0.9999999999999998,0.0,0.0
2025-12,basic,SPXC,0.14285714285714285,0.0,0.9999999999999998,0.9999999999999998,0.0,0.0
2025-12,basic,XLI_HEDGE,0.0,-0.0,0.9999999999999998,0.9999999999999998,0.0,0.0
2025-12,inverse_vol,MOD,0.10606002464374371,0.0,1.0,1.0,0.033739961177441935,5.06099417661629e-05
2025-12,inverse_vol,AAON,0.10187237296894588,0.0,1.0,1.0,0.033739961177441935,5.06099417661629e-05
2025-12,inverse_vol,VRT,0.08460244561579676,0.0,1.0,1.0,0.033739961177441935,5.06099417661629e-05
2025-12,inverse_vol,NVT,0.13348250903089373,0.0,1.0,1.0,0.033739961177441935,5.06099417661629e-05
2025-12,inverse_vol,JCI,0.2153127748470058,0.0,1.0,1.0,0.033739961177441935,5.06099417661629e-05
2025-12,inverse_vol,TT,0.2093240977176742,0.0,1.0,1.0,0.033739961177441935,5.06099417661629e-05
2025-12,inverse_vol,SPXC,0.1493457751759398,0.0,1.0,1.0,0.033739961177441935,5.06099417661629e-05
2025-12,inverse_vol,XLI_HEDGE,0.0,-0.0,1.0,1.0,0.033739961177441935,5.06099417661629e-05
2025-12,vol_target,MOD,0.06896332329942528,0.0,0.6502291841914379,0.6502291841914379,0.03910980907493739,5.866471361240609e-05
2025-12,vol_target,AAON,0.06624038996724359,0.0,0.6502291841914379,0.6502291841914379,0.03910980907493739,5.866471361240609e-05
2025-12,vol_target,VRT,0.05501097919336003,0.0,0.6502291841914379,0.6502291841914379,0.03910980907493739,5.866471361240609e-05
2025-12,vol_target,NVT,0.0867942229509843,0.0,0.6502291841914379,0.6502291841914379,0.03910980907493739,5.866471361240609e-05
2025-12,vol_target,JCI,0.14000264993476336,0.0,0.6502291841914379,0.6502291841914379,0.03910980907493739,5.866471361240609e-05
2025-12,vol_target,TT,0.13610863729057215,0.0,0.6502291841914379,0.6502291841914379,0.03910980907493739,5.866471361240609e-05
2025-12,vol_target,SPXC,0.09710898155508926,0.0,0.6502291841914379,0.6502291841914379,0.03910980907493739,5.866471361240609e-05
2025-12,vol_target,XLI_HEDGE,0.0,-0.0,0.6502291841914379,0.6502291841914379,0.03910980907493739,5.866471361240609e-05
2025-12,trend,MOD,0.10606002464374371,0.0,1.0,1.0,0.033739961177441935,5.06099417661629e-05
2025-12,trend,AAON,0.10187237296894588,0.0,1.0,1.0,0.033739961177441935,5.06099417661629e-05
2025-12,trend,VRT,0.08460244561579676,0.0,1.0,1.0,0.033739961177441935,5.06099417661629e-05
2025-12,trend,NVT,0.13348250903089373,0.0,1.0,1.0,0.033739961177441935,5.06099417661629e-05
2025-12,trend,JCI,0.2153127748470058,0.0,1.0,1.0,0.033739961177441935,5.06099417661629e-05
2025-12,trend,TT,0.2093240977176742,0.0,1.0,1.0,0.033739961177441935,5.06099417661629e-05
2025-12,trend,SPXC,0.1493457751759398,0.0,1.0,1.0,0.033739961177441935,5.06099417661629e-05
2025-12,trend,XLI_HEDGE,0.0,-0.0,1.0,1.0,0.033739961177441935,5.06099417661629e-05
2025-12,drawdown,MOD,0.10606002464374371,0.0,1.0,1.0,0.033739961177441935,5.06099417661629e-05
2025-12,drawdown,AAON,0.10187237296894588,0.0,1.0,1.0,0.033739961177441935,5.06099417661629e-05
2025-12,drawdown,VRT,0.08460244561579676,0.0,1.0,1.0,0.033739961177441935,5.06099417661629e-05
2025-12,drawdown,NVT,0.13348250903089373,0.0,1.0,1.0,0.033739961177441935,5.06099417661629e-05
2025-12,drawdown,JCI,0.2153127748470058,0.0,1.0,1.0,0.033739961177441935,5.06099417661629e-05
2025-12,drawdown,TT,0.2093240977176742,0.0,1.0,1.0,0.033739961177441935,5.06099417661629e-05
2025-12,drawdown,SPXC,0.1493457751759398,0.0,1.0,1.0,0.033739961177441935,5.06099417661629e-05
2025-12,drawdown,XLI_HEDGE,0.0,-0.0,1.0,1.0,0.033739961177441935,5.06099417661629e-05
2025-12,tail_budget,MOD,0.08828598749963643,0.0,0.8324153025250521,0.8324153025250521,0.028085659990703865,4.21284899860558e-05
2025-12,tail_budget,AAON,0.08480012216389005,0.0,0.8324153025250521,0.8324153025250521,0.028085659990703865,4.21284899860558e-05
2025-12,tail_budget,VRT,0.07042437036163274,0.0,0.8324153025250521,0.8324153025250521,0.028085659990703865,4.21284899860558e-05
2025-12,tail_budget,NVT,0.11111288313675442,0.0,0.8324153025250521,0.8324153025250521,0.028085659990703865,4.21284899860558e-05
2025-12,tail_budget,JCI,0.1792296486117788,0.0,0.8324153025250521,0.8324153025250521,0.028085659990703865,4.21284899860558e-05
2025-12,tail_budget,TT,0.17424458212744137,0.0,0.8324153025250521,0.8324153025250521,0.028085659990703865,4.21284899860558e-05
2025-12,tail_budget,SPXC,0.12431770862391837,0.0,0.8324153025250521,0.8324153025250521,0.028085659990703865,4.21284899860558e-05
2025-12,tail_budget,XLI_HEDGE,0.0,-0.0,0.8324153025250521,0.8324153025250521,0.028085659990703865,4.21284899860558e-05
2025-12,combined,MOD,0.06896332329942528,0.0,0.6502291841914379,0.4072925707063586,0.061748458375273825,9.262268756291074e-05
2025-12,combined,AAON,0.06624038996724359,0.0,0.6502291841914379,0.4072925707063586,0.061748458375273825,9.262268756291074e-05
2025-12,combined,VRT,0.05501097919336003,0.0,0.6502291841914379,0.4072925707063586,0.061748458375273825,9.262268756291074e-05
2025-12,combined,NVT,0.0867942229509843,0.0,0.6502291841914379,0.4072925707063586,0.061748458375273825,9.262268756291074e-05
2025-12,combined,JCI,0.14000264993476336,0.0,0.6502291841914379,0.4072925707063586,0.061748458375273825,9.262268756291074e-05
2025-12,combined,TT,0.13610863729057215,0.0,0.6502291841914379,0.4072925707063586,0.061748458375273825,9.262268756291074e-05
2025-12,combined,SPXC,0.09710898155508926,0.0,0.6502291841914379,0.4072925707063586,0.061748458375273825,9.262268756291074e-05
2025-12,combined,XLI_HEDGE,0.0,-0.2429366134850793,0.6502291841914379,0.4072925707063586,0.061748458375273825,9.262268756291074e-05
2025-12,confirmed,MOD,0.0,0.0,0.0,0.0,0.0,0.0
2025-12,confirmed,AAON,0.0,0.0,0.0,0.0,0.0,0.0
2025-12,confirmed,VRT,0.0,0.0,0.0,0.0,0.0,0.0
2025-12,confirmed,NVT,0.0,0.0,0.0,0.0,0.0,0.0
2025-12,confirmed,JCI,0.0,0.0,0.0,0.0,0.0,0.0
2025-12,confirmed,TT,0.0,0.0,0.0,0.0,0.0,0.0
2025-12,confirmed,SPXC,0.0,0.0,0.0,0.0,0.0,0.0
2025-12,confirmed,XLI_HEDGE,0.0,-0.0,0.0,0.0,0.0,0.0
2025-12,core_signal,MOD,0.05861882480451149,0.0,0.5526948065627223,0.34619868510040486,0.05248618961898276,7.872928442847415e-05
2025-12,core_signal,AAON,0.05630433147215705,0.0,0.5526948065627223,0.34619868510040486,0.05248618961898276,7.872928442847415e-05
2025-12,core_signal,VRT,0.04675933231435603,0.0,0.5526948065627223,0.34619868510040486,0.05248618961898276,7.872928442847415e-05
2025-12,core_signal,NVT,0.07377508950833665,0.0,0.5526948065627223,0.34619868510040486,0.05248618961898276,7.872928442847415e-05
2025-12,core_signal,JCI,0.11900225244454884,0.0,0.5526948065627223,0.34619868510040486,0.05248618961898276,7.872928442847415e-05
2025-12,core_signal,TT,0.11569234169698633,0.0,0.5526948065627223,0.34619868510040486,0.05248618961898276,7.872928442847415e-05
2025-12,core_signal,SPXC,0.08254263432182588,0.0,0.5526948065627223,0.34619868510040486,0.05248618961898276,7.872928442847415e-05
2025-12,core_signal,XLI_HEDGE,0.0,-0.2064961214623174,0.5526948065627223,0.34619868510040486,0.05248618961898276,7.872928442847415e-05
2026-01,basic,MOD,0.14285714285714285,0.0,0.9999999999999998,0.9999999999999998,0.0,0.0
2026-01,basic,AAON,0.14285714285714285,0.0,0.9999999999999998,0.9999999999999998,0.0,0.0
2026-01,basic,VRT,0.14285714285714285,0.0,0.9999999999999998,0.9999999999999998,0.0,0.0
2026-01,basic,NVT,0.14285714285714285,0.0,0.9999999999999998,0.9999999999999998,0.0,0.0
2026-01,basic,JCI,0.14285714285714285,0.0,0.9999999999999998,0.9999999999999998,0.0,0.0
2026-01,basic,TT,0.14285714285714285,0.0,0.9999999999999998,0.9999999999999998,0.0,0.0
2026-01,basic,SPXC,0.14285714285714285,0.0,0.9999999999999998,0.9999999999999998,0.0,0.0
2026-01,basic,XLI_HEDGE,0.0,-0.0,0.9999999999999998,0.9999999999999998,0.0,0.0
2026-01,inverse_vol,MOD,0.09759785109498414,0.0,1.0,1.0,0.04273852750323624,6.410779125485436e-05
2026-01,inverse_vol,AAON,0.09353888869572764,0.0,1.0,1.0,0.04273852750323624,6.410779125485436e-05
2026-01,inverse_vol,VRT,0.08002883968615651,0.0,1.0,1.0,0.04273852750323624,6.410779125485436e-05
2026-01,inverse_vol,NVT,0.1351831793165154,0.0,1.0,1.0,0.04273852750323624,6.410779125485436e-05
2026-01,inverse_vol,JCI,0.21977248125222706,0.0,1.0,1.0,0.04273852750323624,6.410779125485436e-05
2026-01,inverse_vol,TT,0.20997143223611223,0.0,1.0,1.0,0.04273852750323624,6.410779125485436e-05
2026-01,inverse_vol,SPXC,0.16390732771827704,0.0,1.0,1.0,0.04273852750323624,6.410779125485436e-05
2026-01,inverse_vol,XLI_HEDGE,0.0,-0.0,1.0,1.0,0.04273852750323624,6.410779125485436e-05
2026-01,vol_target,MOD,0.06798640033794207,0.0,0.6965973079855659,0.6965973079855659,0.05048487353677081,7.572731030515622e-05
2026-01,vol_target,AAON,0.06515893805740536,0.0,0.6965973079855659,0.6965973079855659,0.05048487353677081,7.572731030515622e-05
2026-01,vol_target,VRT,0.05574787428658504,0.0,0.6965973079855659,0.6965973079855659,0.05048487353677081,7.572731030515622e-05
2026-01,vol_target,NVT,0.09416823879681466,0.0,0.6965973079855659,0.6965973079855659,0.05048487353677081,7.572731030515622e-05
2026-01,vol_target,JCI,0.15309291880960962,0.0,0.6965973079855659,0.6965973079855659,0.05048487353677081,7.572731030515622e-05
2026-01,vol_target,TT,0.14626553444954943,0.0,0.6965973079855659,0.6965973079855659,0.05048487353677081,7.572731030515622e-05
2026-01,vol_target,SPXC,0.11417740324765971,0.0,0.6965973079855659,0.6965973079855659,0.05048487353677081,7.572731030515622e-05
2026-01,vol_target,XLI_HEDGE,0.0,-0.0,0.6965973079855659,0.6965973079855659,0.05048487353677081,7.572731030515622e-05
2026-01,trend,MOD,0.09759785109498414,0.0,1.0,1.0,0.04273852750323624,6.410779125485436e-05
2026-01,trend,AAON,0.09353888869572764,0.0,1.0,1.0,0.04273852750323624,6.410779125485436e-05
2026-01,trend,VRT,0.08002883968615651,0.0,1.0,1.0,0.04273852750323624,6.410779125485436e-05
2026-01,trend,NVT,0.1351831793165154,0.0,1.0,1.0,0.04273852750323624,6.410779125485436e-05
2026-01,trend,JCI,0.21977248125222706,0.0,1.0,1.0,0.04273852750323624,6.410779125485436e-05
2026-01,trend,TT,0.20997143223611223,0.0,1.0,1.0,0.04273852750323624,6.410779125485436e-05
2026-01,trend,SPXC,0.16390732771827704,0.0,1.0,1.0,0.04273852750323624,6.410779125485436e-05
2026-01,trend,XLI_HEDGE,0.0,-0.0,1.0,1.0,0.04273852750323624,6.410779125485436e-05
2026-01,drawdown,MOD,0.09759785109498414,0.0,1.0,1.0,0.04273852750323624,6.410779125485436e-05
2026-01,drawdown,AAON,0.09353888869572764,0.0,1.0,1.0,0.04273852750323624,6.410779125485436e-05
2026-01,drawdown,VRT,0.08002883968615651,0.0,1.0,1.0,0.04273852750323624,6.410779125485436e-05
2026-01,drawdown,NVT,0.1351831793165154,0.0,1.0,1.0,0.04273852750323624,6.410779125485436e-05
2026-01,drawdown,JCI,0.21977248125222706,0.0,1.0,1.0,0.04273852750323624,6.410779125485436e-05
2026-01,drawdown,TT,0.20997143223611223,0.0,1.0,1.0,0.04273852750323624,6.410779125485436e-05
2026-01,drawdown,SPXC,0.16390732771827704,0.0,1.0,1.0,0.04273852750323624,6.410779125485436e-05
2026-01,drawdown,XLI_HEDGE,0.0,-0.0,1.0,1.0,0.04273852750323624,6.410779125485436e-05
2026-01,tail_budget,MOD,0.08124194474502623,0.0,0.8324153025250522,0.8324153025250522,0.035576204301081674,5.3364306451622514e-05
2026-01,tail_budget,AAON,0.07786320233151131,0.0,0.8324153025250522,0.8324153025250522,0.035576204301081674,5.3364306451622514e-05
2026-01,tail_budget,VRT,0.06661723079808088,0.0,0.8324153025250522,0.8324153025250522,0.035576204301081674,5.3364306451622514e-05
2026-01,tail_budget,NVT,0.11252854710705557,0.0,0.8324153025250522,0.8324153025250522,0.035576204301081674,5.3364306451622514e-05
2026-01,tail_budget,JCI,0.18294197646825397,0.0,0.8324153025250522,0.8324153025250522,0.035576204301081674,5.3364306451622514e-05
2026-01,tail_budget,TT,0.17478343328644186,0.0,0.8324153025250522,0.8324153025250522,0.035576204301081674,5.3364306451622514e-05
2026-01,tail_budget,SPXC,0.13643896778868247,0.0,0.8324153025250522,0.8324153025250522,0.035576204301081674,5.3364306451622514e-05
2026-01,tail_budget,XLI_HEDGE,0.0,-0.0,0.8324153025250522,0.8324153025250522,0.035576204301081674,5.3364306451622514e-05
2026-01,combined,MOD,0.06798640033794207,0.0,0.6965973079855659,0.4378882810869504,0.06625728695030697,9.938593042546046e-05
2026-01,combined,AAON,0.06515893805740536,0.0,0.6965973079855659,0.4378882810869504,0.06625728695030697,9.938593042546046e-05
2026-01,combined,VRT,0.05574787428658504,0.0,0.6965973079855659,0.4378882810869504,0.06625728695030697,9.938593042546046e-05
2026-01,combined,NVT,0.09416823879681466,0.0,0.6965973079855659,0.4378882810869504,0.06625728695030697,9.938593042546046e-05
2026-01,combined,JCI,0.15309291880960962,0.0,0.6965973079855659,0.4378882810869504,0.06625728695030697,9.938593042546046e-05
2026-01,combined,TT,0.14626553444954943,0.0,0.6965973079855659,0.4378882810869504,0.06625728695030697,9.938593042546046e-05
2026-01,combined,SPXC,0.11417740324765971,0.0,0.6965973079855659,0.4378882810869504,0.06625728695030697,9.938593042546046e-05
2026-01,combined,XLI_HEDGE,0.0,-0.25870902689861547,0.6965973079855659,0.4378882810869504,0.06625728695030697,9.938593042546046e-05
2026-01,confirmed,MOD,0.0,0.0,0.0,0.0,0.0,0.0
2026-01,confirmed,AAON,0.0,0.0,0.0,0.0,0.0,0.0
2026-01,confirmed,VRT,0.0,0.0,0.0,0.0,0.0,0.0
2026-01,confirmed,NVT,0.0,0.0,0.0,0.0,0.0,0.0
2026-01,confirmed,JCI,0.0,0.0,0.0,0.0,0.0,0.0
2026-01,confirmed,TT,0.0,0.0,0.0,0.0,0.0,0.0
2026-01,confirmed,SPXC,0.0,0.0,0.0,0.0,0.0,0.0
2026-01,confirmed,XLI_HEDGE,0.0,-0.0,0.0,0.0,0.0,0.0
2026-01,core_signal,MOD,0.057788440287250754,0.0,0.592107711787731,0.3722050389239078,0.0563186939077609,8.447804086164134e-05
2026-01,core_signal,AAON,0.05538509734879455,0.0,0.592107711787731,0.3722050389239078,0.0563186939077609,8.447804086164134e-05
2026-01,core_signal,VRT,0.047385693143597286,0.0,0.592107711787731,0.3722050389239078,0.0563186939077609,8.447804086164134e-05
2026-01,core_signal,NVT,0.08004300297729246,0.0,0.592107711787731,0.3722050389239078,0.0563186939077609,8.447804086164134e-05
2026-01,core_signal,JCI,0.13012898098816816,0.0,0.592107711787731,0.3722050389239078,0.0563186939077609,8.447804086164134e-05
2026-01,core_signal,TT,0.124325704282117,0.0,0.592107711787731,0.3722050389239078,0.0563186939077609,8.447804086164134e-05
2026-01,core_signal,SPXC,0.09705079276051075,0.0,0.592107711787731,0.3722050389239078,0.0563186939077609,8.447804086164134e-05
2026-01,core_signal,XLI_HEDGE,0.0,-0.21990267286382315,0.592107711787731,0.3722050389239078,0.0563186939077609,8.447804086164134e-05
2026-02,basic,MOD,0.14285714285714285,0.0,0.9999999999999998,0.9999999999999998,0.0,0.0
2026-02,basic,AAON,0.14285714285714285,0.0,0.9999999999999998,0.9999999999999998,0.0,0.0
2026-02,basic,VRT,0.14285714285714285,0.0,0.9999999999999998,0.9999999999999998,0.0,0.0
2026-02,basic,NVT,0.14285714285714285,0.0,0.9999999999999998,0.9999999999999998,0.0,0.0
2026-02,basic,JCI,0.14285714285714285,0.0,0.9999999999999998,0.9999999999999998,0.0,0.0
2026-02,basic,TT,0.14285714285714285,0.0,0.9999999999999998,0.9999999999999998,0.0,0.0
2026-02,basic,SPXC,0.14285714285714285,0.0,0.9999999999999998,0.9999999999999998,0.0,0.0
2026-02,basic,XLI_HEDGE,0.0,-0.0,0.9999999999999998,0.9999999999999998,0.0,0.0
2026-02,inverse_vol,MOD,0.08595376428859945,0.0,1.0,1.0,0.037333917598853156,5.600087639827973e-05
2026-02,inverse_vol,AAON,0.08898930329826003,0.0,1.0,1.0,0.037333917598853156,5.600087639827973e-05
2026-02,inverse_vol,VRT,0.08103260206623127,0.0,1.0,1.0,0.037333917598853156,5.600087639827973e-05
2026-02,inverse_vol,NVT,0.14145480676959665,0.0,1.0,1.0,0.037333917598853156,5.600087639827973e-05
2026-02,inverse_vol,JCI,0.22699450760155387,0.0,1.0,1.0,0.037333917598853156,5.600087639827973e-05
2026-02,inverse_vol,TT,0.2074981456405379,0.0,1.0,1.0,0.037333917598853156,5.600087639827973e-05
2026-02,inverse_vol,SPXC,0.16807687033522076,0.0,1.0,1.0,0.037333917598853156,5.600087639827973e-05
2026-02,inverse_vol,XLI_HEDGE,0.0,-0.0,1.0,1.0,0.037333917598853156,5.600087639827973e-05
2026-02,vol_target,MOD,0.058691681986253894,0.0,0.6828285238234588,0.6828285238234588,0.023602427845306945,3.5403641767960416e-05
2026-02,vol_target,AAON,0.060764434607228954,0.0,0.6828285238234588,0.6828285238234588,0.023602427845306945,3.5403641767960416e-05
2026-02,vol_target,VRT,0.055331372050458454,0.0,0.6828285238234588,0.6828285238234588,0.023602427845306945,3.5403641767960416e-05
2026-02,vol_target,NVT,0.09658937689421629,0.0,0.6828285238234588,0.6828285238234588,0.023602427845306945,3.5403641767960416e-05
2026-02,vol_target,JCI,0.15499832454160192,0.0,0.6828285238234588,0.6828285238234588,0.023602427845306945,3.5403641767960416e-05
2026-02,vol_target,TT,0.14168565248383355,0.0,0.6828285238234588,0.6828285238234588,0.023602427845306945,3.5403641767960416e-05
2026-02,vol_target,SPXC,0.11476768125986568,0.0,0.6828285238234588,0.6828285238234588,0.023602427845306945,3.5403641767960416e-05
2026-02,vol_target,XLI_HEDGE,0.0,-0.0,0.6828285238234588,0.6828285238234588,0.023602427845306945,3.5403641767960416e-05
2026-02,trend,MOD,0.08595376428859945,0.0,1.0,1.0,0.037333917598853156,5.600087639827973e-05
2026-02,trend,AAON,0.08898930329826003,0.0,1.0,1.0,0.037333917598853156,5.600087639827973e-05
2026-02,trend,VRT,0.08103260206623127,0.0,1.0,1.0,0.037333917598853156,5.600087639827973e-05
2026-02,trend,NVT,0.14145480676959665,0.0,1.0,1.0,0.037333917598853156,5.600087639827973e-05
2026-02,trend,JCI,0.22699450760155387,0.0,1.0,1.0,0.037333917598853156,5.600087639827973e-05
2026-02,trend,TT,0.2074981456405379,0.0,1.0,1.0,0.037333917598853156,5.600087639827973e-05
2026-02,trend,SPXC,0.16807687033522076,0.0,1.0,1.0,0.037333917598853156,5.600087639827973e-05
2026-02,trend,XLI_HEDGE,0.0,-0.0,1.0,1.0,0.037333917598853156,5.600087639827973e-05
2026-02,drawdown,MOD,0.08595376428859945,0.0,1.0,1.0,0.037333917598853156,5.600087639827973e-05
2026-02,drawdown,AAON,0.08898930329826003,0.0,1.0,1.0,0.037333917598853156,5.600087639827973e-05
2026-02,drawdown,VRT,0.08103260206623127,0.0,1.0,1.0,0.037333917598853156,5.600087639827973e-05
2026-02,drawdown,NVT,0.14145480676959665,0.0,1.0,1.0,0.037333917598853156,5.600087639827973e-05
2026-02,drawdown,JCI,0.22699450760155387,0.0,1.0,1.0,0.037333917598853156,5.600087639827973e-05
2026-02,drawdown,TT,0.2074981456405379,0.0,1.0,1.0,0.037333917598853156,5.600087639827973e-05
2026-02,drawdown,SPXC,0.16807687033522076,0.0,1.0,1.0,0.037333917598853156,5.600087639827973e-05
2026-02,drawdown,XLI_HEDGE,0.0,-0.0,1.0,1.0,0.037333917598853156,5.600087639827973e-05
2026-02,tail_budget,MOD,0.07154922870346155,0.0,0.8324153025250521,0.8324153025250521,0.031077324312494714,4.6615986468742074e-05
2026-02,tail_budget,AAON,0.07407605782651476,0.0,0.8324153025250521,0.8324153025250521,0.031077324312494714,4.6615986468742074e-05
2026-02,tail_budget,VRT,0.06745277796335407,0.0,0.8324153025250521,0.8324153025250521,0.031077324312494714,4.6615986468742074e-05
2026-02,tail_budget,NVT,0.11774914577073661,0.0,0.8324153025250521,0.8324153025250521,0.031077324312494714,4.6615986468742074e-05
2026-02,tail_budget,JCI,0.18895370171667275,0.0,0.8324153025250521,0.8324153025250521,0.031077324312494714,4.6615986468742074e-05
2026-02,tail_budget,TT,0.1727246316767557,0.0,0.8324153025250521,0.8324153025250521,0.031077324312494714,4.6615986468742074e-05
2026-02,tail_budget,SPXC,0.13990975886755677,0.0,0.8324153025250521,0.8324153025250521,0.031077324312494714,4.6615986468742074e-05
2026-02,tail_budget,XLI_HEDGE,0.0,-0.0,0.8324153025250521,0.8324153025250521,0.031077324312494714,4.6615986468742074e-05
2026-02,combined,MOD,0.058691681986253894,0.0,0.6828285238234588,0.4375074828070343,0.03699041372749787,5.54856205912468e-05
2026-02,combined,AAON,0.060764434607228954,0.0,0.6828285238234588,0.4375074828070343,0.03699041372749787,5.54856205912468e-05
2026-02,combined,VRT,0.055331372050458454,0.0,0.6828285238234588,0.4375074828070343,0.03699041372749787,5.54856205912468e-05
2026-02,combined,NVT,0.09658937689421629,0.0,0.6828285238234588,0.4375074828070343,0.03699041372749787,5.54856205912468e-05
2026-02,combined,JCI,0.15499832454160192,0.0,0.6828285238234588,0.4375074828070343,0.03699041372749787,5.54856205912468e-05
2026-02,combined,TT,0.14168565248383355,0.0,0.6828285238234588,0.4375074828070343,0.03699041372749787,5.54856205912468e-05
2026-02,combined,SPXC,0.11476768125986568,0.0,0.6828285238234588,0.4375074828070343,0.03699041372749787,5.54856205912468e-05
2026-02,combined,XLI_HEDGE,0.0,-0.24532104101642455,0.6828285238234588,0.4375074828070343,0.03699041372749787,5.54856205912468e-05
2026-02,confirmed,MOD,0.0,0.0,0.0,0.0,0.0,0.0
2026-02,confirmed,AAON,0.0,0.0,0.0,0.0,0.0,0.0
2026-02,confirmed,VRT,0.0,0.0,0.0,0.0,0.0,0.0
2026-02,confirmed,NVT,0.0,0.0,0.0,0.0,0.0,0.0
2026-02,confirmed,JCI,0.0,0.0,0.0,0.0,0.0,0.0
2026-02,confirmed,TT,0.0,0.0,0.0,0.0,0.0,0.0
2026-02,confirmed,SPXC,0.0,0.0,0.0,0.0,0.0,0.0
2026-02,confirmed,XLI_HEDGE,0.0,-0.0,0.0,0.0,0.0,0.0
2026-02,core_signal,MOD,0.04988792968831581,0.0,0.5804042452499399,0.3718813603859791,0.03144185166837317,4.716277750255976e-05
2026-02,core_signal,AAON,0.05164976941614461,0.0,0.5804042452499399,0.3718813603859791,0.03144185166837317,4.716277750255976e-05
2026-02,core_signal,VRT,0.04703166624288969,0.0,0.5804042452499399,0.3718813603859791,0.03144185166837317,4.716277750255976e-05
2026-02,core_signal,NVT,0.08210097036008385,0.0,0.5804042452499399,0.3718813603859791,0.03144185166837317,4.716277750255976e-05
2026-02,core_signal,JCI,0.13174857586036162,0.0,0.5804042452499399,0.3718813603859791,0.03144185166837317,4.716277750255976e-05
2026-02,core_signal,TT,0.12043280461125852,0.0,0.5804042452499399,0.3718813603859791,0.03144185166837317,4.716277750255976e-05
2026-02,core_signal,SPXC,0.09755252907088582,0.0,0.5804042452499399,0.3718813603859791,0.03144185166837317,4.716277750255976e-05
2026-02,core_signal,XLI_HEDGE,0.0,-0.20852288486396087,0.5804042452499399,0.3718813603859791,0.03144185166837317,4.716277750255976e-05
2026-03,basic,MOD,0.14285714285714285,0.0,0.9999999999999998,0.9999999999999998,0.0,0.0
2026-03,basic,AAON,0.14285714285714285,0.0,0.9999999999999998,0.9999999999999998,0.0,0.0
2026-03,basic,VRT,0.14285714285714285,0.0,0.9999999999999998,0.9999999999999998,0.0,0.0
2026-03,basic,NVT,0.14285714285714285,0.0,0.9999999999999998,0.9999999999999998,0.0,0.0
2026-03,basic,JCI,0.14285714285714285,0.0,0.9999999999999998,0.9999999999999998,0.0,0.0
2026-03,basic,TT,0.14285714285714285,0.0,0.9999999999999998,0.9999999999999998,0.0,0.0
2026-03,basic,SPXC,0.14285714285714285,0.0,0.9999999999999998,0.9999999999999998,0.0,0.0
2026-03,basic,XLI_HEDGE,0.0,-0.0,0.9999999999999998,0.9999999999999998,0.0,0.0
2026-03,inverse_vol,MOD,0.09247736243960562,0.0,1.0,1.0,0.09198111113473305,0.00013797166670209959
2026-03,inverse_vol,AAON,0.11337179507741856,0.0,1.0,1.0,0.09198111113473305,0.00013797166670209959
2026-03,inverse_vol,VRT,0.08051555891967987,0.0,1.0,1.0,0.09198111113473305,0.00013797166670209959
2026-03,inverse_vol,NVT,0.1540784023418245,0.0,1.0,1.0,0.09198111113473305,0.00013797166670209959
2026-03,inverse_vol,JCI,0.18639527080110632,0.0,1.0,1.0,0.09198111113473305,0.00013797166670209959
2026-03,inverse_vol,TT,0.20262387002017038,0.0,1.0,1.0,0.09198111113473305,0.00013797166670209959
2026-03,inverse_vol,SPXC,0.17053774040019481,0.0,1.0,1.0,0.09198111113473305,0.00013797166670209959
2026-03,inverse_vol,XLI_HEDGE,0.0,-0.0,1.0,1.0,0.09198111113473305,0.00013797166670209959
2026-03,vol_target,MOD,0.06428469222809342,0.0,0.6951397675304154,0.6951397675304154,0.06483384752705923,9.725077129058884e-05
2026-03,vol_target,AAON,0.07880924327462263,0.0,0.6951397675304154,0.6951397675304154,0.06483384752705923,9.725077129058884e-05
2026-03,vol_target,VRT,0.055969566910007734,0.0,0.6951397675304154,0.6951397675304154,0.06483384752705923,9.725077129058884e-05
2026-03,vol_target,NVT,0.10710602478535369,0.0,0.6951397675304154,0.6951397675304154,0.06483384752705923,9.725077129058884e-05
2026-03,vol_target,JCI,0.12957076521344987,0.0,0.6951397675304154,0.6951397675304154,0.06483384752705923,9.725077129058884e-05
2026-03,vol_target,TT,0.14085190990193433,0.0,0.6951397675304154,0.6951397675304154,0.06483384752705923,9.725077129058884e-05
2026-03,vol_target,SPXC,0.11854756521695375,0.0,0.6951397675304154,0.6951397675304154,0.06483384752705923,9.725077129058884e-05
2026-03,vol_target,XLI_HEDGE,0.0,-0.0,0.6951397675304154,0.6951397675304154,0.06483384752705923,9.725077129058884e-05
2026-03,trend,MOD,0.09247736243960562,0.0,1.0,1.0,0.09198111113473305,0.00013797166670209959
2026-03,trend,AAON,0.11337179507741856,0.0,1.0,1.0,0.09198111113473305,0.00013797166670209959
2026-03,trend,VRT,0.08051555891967987,0.0,1.0,1.0,0.09198111113473305,0.00013797166670209959
2026-03,trend,NVT,0.1540784023418245,0.0,1.0,1.0,0.09198111113473305,0.00013797166670209959
2026-03,trend,JCI,0.18639527080110632,0.0,1.0,1.0,0.09198111113473305,0.00013797166670209959
2026-03,trend,TT,0.20262387002017038,0.0,1.0,1.0,0.09198111113473305,0.00013797166670209959
2026-03,trend,SPXC,0.17053774040019481,0.0,1.0,1.0,0.09198111113473305,0.00013797166670209959
2026-03,trend,XLI_HEDGE,0.0,-0.0,1.0,1.0,0.09198111113473305,0.00013797166670209959
2026-03,drawdown,MOD,0.09247736243960562,0.0,1.0,1.0,0.09198111113473305,0.00013797166670209959
2026-03,drawdown,AAON,0.11337179507741856,0.0,1.0,1.0,0.09198111113473305,0.00013797166670209959
2026-03,drawdown,VRT,0.08051555891967987,0.0,1.0,1.0,0.09198111113473305,0.00013797166670209959
2026-03,drawdown,NVT,0.1540784023418245,0.0,1.0,1.0,0.09198111113473305,0.00013797166670209959
2026-03,drawdown,JCI,0.18639527080110632,0.0,1.0,1.0,0.09198111113473305,0.00013797166670209959
2026-03,drawdown,TT,0.20262387002017038,0.0,1.0,1.0,0.09198111113473305,0.00013797166670209959
2026-03,drawdown,SPXC,0.17053774040019481,0.0,1.0,1.0,0.09198111113473305,0.00013797166670209959
2026-03,drawdown,XLI_HEDGE,0.0,-0.0,1.0,1.0,0.09198111113473305,0.00013797166670209959
2026-03,tail_budget,MOD,0.07697957163188322,0.0,0.8324153025250522,0.8324153025250522,0.07656648445180927,0.00011484972667771392
2026-03,tail_budget,AAON,0.0943724170971776,0.0,0.8324153025250522,0.8324153025250522,0.07656648445180927,0.00011484972667771392
2026-03,tail_budget,VRT,0.06702238333609899,0.0,0.8324153025250522,0.8324153025250522,0.07656648445180927,0.00011484972667771392
2026-03,tail_budget,NVT,0.12825721989794656,0.0,0.8324153025250522,0.8324153025250522,0.07656648445180927,0.00011484972667771392
2026-03,tail_budget,JCI,0.15515827573314195,0.0,0.8324153025250522,0.8324153025250522,0.07656648445180927,0.00011484972667771392
2026-03,tail_budget,TT,0.16866721006163699,0.0,0.8324153025250522,0.8324153025250522,0.07656648445180927,0.00011484972667771392
2026-03,tail_budget,SPXC,0.141958224767167,0.0,0.8324153025250522,0.8324153025250522,0.07656648445180927,0.00011484972667771392
2026-03,tail_budget,XLI_HEDGE,0.0,-0.0,0.8324153025250522,0.8324153025250522,0.07656648445180927,0.00011484972667771392
2026-03,combined,MOD,0.06428469222809342,0.0,0.6951397675304154,0.44764132156857517,0.06701125247247494,0.00010051687870871241
2026-03,combined,AAON,0.07880924327462263,0.0,0.6951397675304154,0.44764132156857517,0.06701125247247494,0.00010051687870871241
2026-03,combined,VRT,0.055969566910007734,0.0,0.6951397675304154,0.44764132156857517,0.06701125247247494,0.00010051687870871241
2026-03,combined,NVT,0.10710602478535369,0.0,0.6951397675304154,0.44764132156857517,0.06701125247247494,0.00010051687870871241
2026-03,combined,JCI,0.12957076521344987,0.0,0.6951397675304154,0.44764132156857517,0.06701125247247494,0.00010051687870871241
2026-03,combined,TT,0.14085190990193433,0.0,0.6951397675304154,0.44764132156857517,0.06701125247247494,0.00010051687870871241
2026-03,combined,SPXC,0.11854756521695375,0.0,0.6951397675304154,0.44764132156857517,0.06701125247247494,0.00010051687870871241
2026-03,combined,XLI_HEDGE,0.0,-0.24749844596184026,0.6951397675304154,0.44764132156857517,0.06701125247247494,0.00010051687870871241
2026-03,confirmed,MOD,0.0,0.0,0.0,0.0,0.0,0.0
2026-03,confirmed,AAON,0.0,0.0,0.0,0.0,0.0,0.0
2026-03,confirmed,VRT,0.0,0.0,0.0,0.0,0.0,0.0
2026-03,confirmed,NVT,0.0,0.0,0.0,0.0,0.0,0.0
2026-03,confirmed,JCI,0.0,0.0,0.0,0.0,0.0,0.0
2026-03,confirmed,TT,0.0,0.0,0.0,0.0,0.0,0.0
2026-03,confirmed,SPXC,0.0,0.0,0.0,0.0,0.0,0.0
2026-03,confirmed,XLI_HEDGE,0.0,-0.0,0.0,0.0,0.0,0.0
2026-03,core_signal,MOD,0.05464198839387941,0.0,0.5908688024008532,0.38049512333328894,0.05695956460160368,8.543934690240552e-05
2026-03,core_signal,AAON,0.06698785678342924,0.0,0.5908688024008532,0.38049512333328894,0.05695956460160368,8.543934690240552e-05
2026-03,core_signal,VRT,0.04757413187350657,0.0,0.5908688024008532,0.38049512333328894,0.05695956460160368,8.543934690240552e-05
2026-03,core_signal,NVT,0.09104012106755063,0.0,0.5908688024008532,0.38049512333328894,0.05695956460160368,8.543934690240552e-05
2026-03,core_signal,JCI,0.11013515043143239,0.0,0.5908688024008532,0.38049512333328894,0.05695956460160368,8.543934690240552e-05
2026-03,core_signal,TT,0.11972412341664418,0.0,0.5908688024008532,0.38049512333328894,0.05695956460160368,8.543934690240552e-05
2026-03,core_signal,SPXC,0.10076543043441069,0.0,0.5908688024008532,0.38049512333328894,0.05695956460160368,8.543934690240552e-05
2026-03,core_signal,XLI_HEDGE,0.0,-0.2103736790675642,0.5908688024008532,0.38049512333328894,0.05695956460160368,8.543934690240552e-05
2026-04,basic,MOD,0.14285714285714285,0.0,0.9999999999999998,0.9999999999999998,0.0,0.0
2026-04,basic,AAON,0.14285714285714285,0.0,0.9999999999999998,0.9999999999999998,0.0,0.0
2026-04,basic,VRT,0.14285714285714285,0.0,0.9999999999999998,0.9999999999999998,0.0,0.0
2026-04,basic,NVT,0.14285714285714285,0.0,0.9999999999999998,0.9999999999999998,0.0,0.0
2026-04,basic,JCI,0.14285714285714285,0.0,0.9999999999999998,0.9999999999999998,0.0,0.0
2026-04,basic,TT,0.14285714285714285,0.0,0.9999999999999998,0.9999999999999998,0.0,0.0
2026-04,basic,SPXC,0.14285714285714285,0.0,0.9999999999999998,0.9999999999999998,0.0,0.0
2026-04,basic,XLI_HEDGE,0.0,-0.0,0.9999999999999998,0.9999999999999998,0.0,0.0
2026-04,inverse_vol,MOD,0.09348099240636876,0.0,1.0,1.0,0.08861968006825245,0.00013292952010237867
2026-04,inverse_vol,AAON,0.10122228438065732,0.0,1.0,1.0,0.08861968006825245,0.00013292952010237867
2026-04,inverse_vol,VRT,0.09309835895447074,0.0,1.0,1.0,0.08861968006825245,0.00013292952010237867
2026-04,inverse_vol,NVT,0.1848018123743967,0.0,1.0,1.0,0.08861968006825245,0.00013292952010237867
2026-04,inverse_vol,JCI,0.17530971056980274,0.0,1.0,1.0,0.08861968006825245,0.00013292952010237867
2026-04,inverse_vol,TT,0.18521368969213167,0.0,1.0,1.0,0.08861968006825245,0.00013292952010237867
2026-04,inverse_vol,SPXC,0.1668731516221721,0.0,1.0,1.0,0.08861968006825245,0.00013292952010237867
2026-04,inverse_vol,XLI_HEDGE,0.0,-0.0,1.0,1.0,0.08861968006825245,0.00013292952010237867
2026-04,vol_target,MOD,0.06604738165555742,0.0,0.7065327394947263,0.7065327394947263,0.058672362209971296,8.800854331495695e-05
2026-04,vol_target,AAON,0.07151685788138006,0.0,0.7065327394947263,0.7065327394947263,0.058672362209971296,8.800854331495695e-05
2026-04,vol_target,VRT,0.0657770385945656,0.0,0.7065327394947263,0.7065327394947263,0.058672362209971296,8.800854331495695e-05
2026-04,vol_target,NVT,0.1305685307604729,0.0,0.7065327394947263,0.7065327394947263,0.058672362209971296,8.800854331495695e-05
2026-04,vol_target,JCI,0.1238620500689103,0.0,0.7065327394947263,0.7065327394947263,0.058672362209971296,8.800854331495695e-05
2026-04,vol_target,TT,0.13085953557010793,0.0,0.7065327394947263,0.7065327394947263,0.058672362209971296,8.800854331495695e-05
2026-04,vol_target,SPXC,0.11790134496373207,0.0,0.7065327394947263,0.7065327394947263,0.058672362209971296,8.800854331495695e-05
2026-04,vol_target,XLI_HEDGE,0.0,-0.0,0.7065327394947263,0.7065327394947263,0.058672362209971296,8.800854331495695e-05
2026-04,trend,MOD,0.09348099240636876,0.0,1.0,1.0,0.08861968006825245,0.00013292952010237867
2026-04,trend,AAON,0.10122228438065732,0.0,1.0,1.0,0.08861968006825245,0.00013292952010237867
2026-04,trend,VRT,0.09309835895447074,0.0,1.0,1.0,0.08861968006825245,0.00013292952010237867
2026-04,trend,NVT,0.1848018123743967,0.0,1.0,1.0,0.08861968006825245,0.00013292952010237867
2026-04,trend,JCI,0.17530971056980274,0.0,1.0,1.0,0.08861968006825245,0.00013292952010237867
2026-04,trend,TT,0.18521368969213167,0.0,1.0,1.0,0.08861968006825245,0.00013292952010237867
2026-04,trend,SPXC,0.1668731516221721,0.0,1.0,1.0,0.08861968006825245,0.00013292952010237867
2026-04,trend,XLI_HEDGE,0.0,-0.0,1.0,1.0,0.08861968006825245,0.00013292952010237867
2026-04,drawdown,MOD,0.09348099240636876,0.0,1.0,1.0,0.08861968006825245,0.00013292952010237867
2026-04,drawdown,AAON,0.10122228438065732,0.0,1.0,1.0,0.08861968006825245,0.00013292952010237867
2026-04,drawdown,VRT,0.09309835895447074,0.0,1.0,1.0,0.08861968006825245,0.00013292952010237867
2026-04,drawdown,NVT,0.1848018123743967,0.0,1.0,1.0,0.08861968006825245,0.00013292952010237867
2026-04,drawdown,JCI,0.17530971056980274,0.0,1.0,1.0,0.08861968006825245,0.00013292952010237867
2026-04,drawdown,TT,0.18521368969213167,0.0,1.0,1.0,0.08861968006825245,0.00013292952010237867
2026-04,drawdown,SPXC,0.1668731516221721,0.0,1.0,1.0,0.08861968006825245,0.00013292952010237867
2026-04,drawdown,XLI_HEDGE,0.0,-0.0,1.0,1.0,0.08861968006825245,0.00013292952010237867
2026-04,tail_budget,MOD,0.07570172077219968,0.0,0.8098086982551354,0.8098086982551354,0.08213934977924424,0.00012320902466886636
2026-04,tail_budget,AAON,0.08197068634871124,0.0,0.8098086982551354,0.8098086982551354,0.08213934977924424,0.00012320902466886636
2026-04,tail_budget,VRT,0.07539186087460929,0.0,0.8098086982551354,0.8098086982551354,0.08213934977924424,0.00012320902466886636
2026-04,tail_budget,NVT,0.14965411511409996,0.0,0.8098086982551354,0.8098086982551354,0.08213934977924424,0.00012320902466886636
2026-04,tail_budget,JCI,0.14196732850801652,0.0,0.8098086982551354,0.8098086982551354,0.08213934977924424,0.00012320902466886636
2026-04,tail_budget,TT,0.14998765694861574,0.0,0.8098086982551354,0.8098086982551354,0.08213934977924424,0.00012320902466886636
2026-04,tail_budget,SPXC,0.13513532968888303,0.0,0.8098086982551354,0.8098086982551354,0.08213934977924424,0.00012320902466886636
2026-04,tail_budget,XLI_HEDGE,0.0,-0.0,0.8098086982551354,0.8098086982551354,0.08213934977924424,0.00012320902466886636
2026-04,combined,MOD,0.06604738165555742,0.0,0.7065327394947263,0.45972273617534454,0.05936080485242981,8.904120727864472e-05
2026-04,combined,AAON,0.07151685788138006,0.0,0.7065327394947263,0.45972273617534454,0.05936080485242981,8.904120727864472e-05
2026-04,combined,VRT,0.0657770385945656,0.0,0.7065327394947263,0.45972273617534454,0.05936080485242981,8.904120727864472e-05
2026-04,combined,NVT,0.1305685307604729,0.0,0.7065327394947263,0.45972273617534454,0.05936080485242981,8.904120727864472e-05
2026-04,combined,JCI,0.1238620500689103,0.0,0.7065327394947263,0.45972273617534454,0.05936080485242981,8.904120727864472e-05
2026-04,combined,TT,0.13085953557010793,0.0,0.7065327394947263,0.45972273617534454,0.05936080485242981,8.904120727864472e-05
2026-04,combined,SPXC,0.11790134496373207,0.0,0.7065327394947263,0.45972273617534454,0.05936080485242981,8.904120727864472e-05
2026-04,combined,XLI_HEDGE,0.0,-0.24681000331938174,0.7065327394947263,0.45972273617534454,0.05936080485242981,8.904120727864472e-05
2026-04,confirmed,MOD,0.0,0.0,0.0,0.0,0.0,0.0
2026-04,confirmed,AAON,0.0,0.0,0.0,0.0,0.0,0.0
2026-04,confirmed,VRT,0.0,0.0,0.0,0.0,0.0,0.0
2026-04,confirmed,NVT,0.0,0.0,0.0,0.0,0.0,0.0
2026-04,confirmed,JCI,0.0,0.0,0.0,0.0,0.0,0.0
2026-04,confirmed,TT,0.0,0.0,0.0,0.0,0.0,0.0
2026-04,confirmed,SPXC,0.0,0.0,0.0,0.0,0.0,0.0
2026-04,confirmed,XLI_HEDGE,0.0,-0.0,0.0,0.0,0.0,0.0
2026-04,core_signal,MOD,0.0561402744072238,0.0,0.6005528285705173,0.39076432574904285,0.05045668412456532,7.568502618684798e-05
2026-04,core_signal,AAON,0.06078932919917304,0.0,0.6005528285705173,0.39076432574904285,0.05045668412456532,7.568502618684798e-05
2026-04,core_signal,VRT,0.05591048280538076,0.0,0.6005528285705173,0.39076432574904285,0.05045668412456532,7.568502618684798e-05
2026-04,core_signal,NVT,0.11098325114640195,0.0,0.6005528285705173,0.39076432574904285,0.05045668412456532,7.568502618684798e-05
2026-04,core_signal,JCI,0.10528274255857376,0.0,0.6005528285705173,0.39076432574904285,0.05045668412456532,7.568502618684798e-05
2026-04,core_signal,TT,0.11123060523459175,0.0,0.6005528285705173,0.39076432574904285,0.05045668412456532,7.568502618684798e-05
2026-04,core_signal,SPXC,0.10021614321917226,0.0,0.6005528285705173,0.39076432574904285,0.05045668412456532,7.568502618684798e-05
2026-04,core_signal,XLI_HEDGE,0.0,-0.2097885028214745,0.6005528285705173,0.39076432574904285,0.05045668412456532,7.568502618684798e-05
2026-05,basic,MOD,0.14285714285714285,0.0,0.9999999999999998,0.9999999999999998,0.0,0.0
2026-05,basic,AAON,0.14285714285714285,0.0,0.9999999999999998,0.9999999999999998,0.0,0.0
2026-05,basic,VRT,0.14285714285714285,0.0,0.9999999999999998,0.9999999999999998,0.0,0.0
2026-05,basic,NVT,0.14285714285714285,0.0,0.9999999999999998,0.9999999999999998,0.0,0.0
2026-05,basic,JCI,0.14285714285714285,0.0,0.9999999999999998,0.9999999999999998,0.0,0.0
2026-05,basic,TT,0.14285714285714285,0.0,0.9999999999999998,0.9999999999999998,0.0,0.0
2026-05,basic,SPXC,0.14285714285714285,0.0,0.9999999999999998,0.9999999999999998,0.0,0.0
2026-05,basic,XLI_HEDGE,0.0,-0.0,0.9999999999999998,0.9999999999999998,0.0,0.0
2026-05,inverse_vol,MOD,0.09696870963640909,0.0,1.0,1.0,0.03492519482999763,5.238779224499645e-05
2026-05,inverse_vol,AAON,0.10806396681046711,0.0,1.0,1.0,0.03492519482999763,5.238779224499645e-05
2026-05,inverse_vol,VRT,0.09216866591811534,0.0,1.0,1.0,0.03492519482999763,5.238779224499645e-05
2026-05,inverse_vol,NVT,0.1748493130457369,0.0,1.0,1.0,0.03492519482999763,5.238779224499645e-05
2026-05,inverse_vol,JCI,0.17784968832184297,0.0,1.0,1.0,0.03492519482999763,5.238779224499645e-05
2026-05,inverse_vol,TT,0.17863328464214803,0.0,1.0,1.0,0.03492519482999763,5.238779224499645e-05
2026-05,inverse_vol,SPXC,0.17146637162528053,0.0,1.0,1.0,0.03492519482999763,5.238779224499645e-05
2026-05,inverse_vol,XLI_HEDGE,0.0,-0.0,1.0,1.0,0.03492519482999763,5.238779224499645e-05
2026-05,vol_target,MOD,0.0639429523336723,0.0,0.6594184100565104,0.6594184100565104,0.047114329438215925,7.06714941573239e-05
2026-05,vol_target,AAON,0.07125936917855773,0.0,0.6594184100565104,0.6594184100565104,0.047114329438215925,7.06714941573239e-05
2026-05,vol_target,VRT,0.06077771513675329,0.0,0.6594184100565104,0.6594184100565104,0.047114329438215925,7.06714941573239e-05
2026-05,vol_target,NVT,0.11529885600809288,0.0,0.6594184100565104,0.6594184100565104,0.047114329438215925,7.06714941573239e-05
2026-05,vol_target,JCI,0.11727735870223562,0.0,0.6594184100565104,0.6594184100565104,0.047114329438215925,7.06714941573239e-05
2026-05,vol_target,TT,0.1177940765418973,0.0,0.6594184100565104,0.6594184100565104,0.047114329438215925,7.06714941573239e-05
2026-05,vol_target,SPXC,0.11306808215530123,0.0,0.6594184100565104,0.6594184100565104,0.047114329438215925,7.06714941573239e-05
2026-05,vol_target,XLI_HEDGE,0.0,-0.0,0.6594184100565104,0.6594184100565104,0.047114329438215925,7.06714941573239e-05
2026-05,trend,MOD,0.09696870963640909,0.0,1.0,1.0,0.03492519482999763,5.238779224499645e-05
2026-05,trend,AAON,0.10806396681046711,0.0,1.0,1.0,0.03492519482999763,5.238779224499645e-05
2026-05,trend,VRT,0.09216866591811534,0.0,1.0,1.0,0.03492519482999763,5.238779224499645e-05
2026-05,trend,NVT,0.1748493130457369,0.0,1.0,1.0,0.03492519482999763,5.238779224499645e-05
2026-05,trend,JCI,0.17784968832184297,0.0,1.0,1.0,0.03492519482999763,5.238779224499645e-05
2026-05,trend,TT,0.17863328464214803,0.0,1.0,1.0,0.03492519482999763,5.238779224499645e-05
2026-05,trend,SPXC,0.17146637162528053,0.0,1.0,1.0,0.03492519482999763,5.238779224499645e-05
2026-05,trend,XLI_HEDGE,0.0,-0.0,1.0,1.0,0.03492519482999763,5.238779224499645e-05
2026-05,drawdown,MOD,0.09696870963640909,0.0,1.0,1.0,0.03492519482999763,5.238779224499645e-05
2026-05,drawdown,AAON,0.10806396681046711,0.0,1.0,1.0,0.03492519482999763,5.238779224499645e-05
2026-05,drawdown,VRT,0.09216866591811534,0.0,1.0,1.0,0.03492519482999763,5.238779224499645e-05
2026-05,drawdown,NVT,0.1748493130457369,0.0,1.0,1.0,0.03492519482999763,5.238779224499645e-05
2026-05,drawdown,JCI,0.17784968832184297,0.0,1.0,1.0,0.03492519482999763,5.238779224499645e-05
2026-05,drawdown,TT,0.17863328464214803,0.0,1.0,1.0,0.03492519482999763,5.238779224499645e-05
2026-05,drawdown,SPXC,0.17146637162528053,0.0,1.0,1.0,0.03492519482999763,5.238779224499645e-05
2026-05,drawdown,XLI_HEDGE,0.0,-0.0,1.0,1.0,0.03492519482999763,5.238779224499645e-05
2026-05,tail_budget,MOD,0.07852610452214066,0.0,0.8098086982551354,0.8098086982551354,0.028282726561587368,4.242408984238105e-05
2026-05,tail_budget,AAON,0.08751114029107053,0.0,0.8098086982551354,0.8098086982551354,0.028282726561587368,4.242408984238105e-05
2026-05,tail_budget,VRT,0.07463898736706145,0.0,0.8098086982551354,0.8098086982551354,0.028282726561587368,4.242408984238105e-05
2026-05,tail_budget,NVT,0.14159449458837287,0.0,0.8098086982551354,0.8098086982551354,0.028282726561587368,4.242408984238105e-05
2026-05,tail_budget,JCI,0.14402422458499323,0.0,0.8098086982551354,0.8098086982551354,0.028282726561587368,4.242408984238105e-05
2026-05,tail_budget,TT,0.14465878770109697,0.0,0.8098086982551354,0.8098086982551354,0.028282726561587368,4.242408984238105e-05
2026-05,tail_budget,SPXC,0.13885495920039972,0.0,0.8098086982551354,0.8098086982551354,0.028282726561587368,4.242408984238105e-05
2026-05,tail_budget,XLI_HEDGE,0.0,-0.0,0.8098086982551354,0.8098086982551354,0.028282726561587368,4.242408984238105e-05
2026-05,combined,MOD,0.0639429523336723,0.0,0.6594184100565104,0.4144800087301488,0.04898593143123609,7.347889714685414e-05
2026-05,combined,AAON,0.07125936917855773,0.0,0.6594184100565104,0.4144800087301488,0.04898593143123609,7.347889714685414e-05
2026-05,combined,VRT,0.06077771513675329,0.0,0.6594184100565104,0.4144800087301488,0.04898593143123609,7.347889714685414e-05
2026-05,combined,NVT,0.11529885600809288,0.0,0.6594184100565104,0.4144800087301488,0.04898593143123609,7.347889714685414e-05
2026-05,combined,JCI,0.11727735870223562,0.0,0.6594184100565104,0.4144800087301488,0.04898593143123609,7.347889714685414e-05
2026-05,combined,TT,0.1177940765418973,0.0,0.6594184100565104,0.4144800087301488,0.04898593143123609,7.347889714685414e-05
2026-05,combined,SPXC,0.11306808215530123,0.0,0.6594184100565104,0.4144800087301488,0.04898593143123609,7.347889714685414e-05
2026-05,combined,XLI_HEDGE,0.0,-0.24493840132636158,0.6594184100565104,0.4144800087301488,0.04898593143123609,7.347889714685414e-05
2026-05,confirmed,MOD,0.0,0.0,0.0,0.0,0.0,0.0
2026-05,confirmed,AAON,0.0,0.0,0.0,0.0,0.0,0.0
2026-05,confirmed,VRT,0.0,0.0,0.0,0.0,0.0,0.0
2026-05,confirmed,NVT,0.0,0.0,0.0,0.0,0.0,0.0
2026-05,confirmed,JCI,0.0,0.0,0.0,0.0,0.0,0.0
2026-05,confirmed,TT,0.0,0.0,0.0,0.0,0.0,0.0
2026-05,confirmed,SPXC,0.0,0.0,0.0,0.0,0.0,0.0
2026-05,confirmed,XLI_HEDGE,0.0,-0.0,0.0,0.0,0.0,0.0
2026-05,core_signal,MOD,0.05435150948362145,0.0,0.5605056485480338,0.35230800742062646,0.0416380417165507,6.245706257482606e-05
2026-05,core_signal,AAON,0.06057046380177407,0.0,0.5605056485480338,0.35230800742062646,0.0416380417165507,6.245706257482606e-05
2026-05,core_signal,VRT,0.0516610578662403,0.0,0.5605056485480338,0.35230800742062646,0.0416380417165507,6.245706257482606e-05
2026-05,core_signal,NVT,0.09800402760687894,0.0,0.5605056485480338,0.35230800742062646,0.0416380417165507,6.245706257482606e-05
2026-05,core_signal,JCI,0.09968575489690026,0.0,0.5605056485480338,0.35230800742062646,0.0416380417165507,6.245706257482606e-05
2026-05,core_signal,TT,0.1001249650606127,0.0,0.5605056485480338,0.35230800742062646,0.0416380417165507,6.245706257482606e-05
2026-05,core_signal,SPXC,0.09610786983200605,0.0,0.5605056485480338,0.35230800742062646,0.0416380417165507,6.245706257482606e-05
2026-05,core_signal,XLI_HEDGE,0.0,-0.20819764112740732,0.5605056485480338,0.35230800742062646,0.0416380417165507,6.245706257482606e-05
2026-06,basic,MOD,0.14285714285714285,0.0,0.9999999999999998,0.9999999999999998,0.0,0.0
2026-06,basic,AAON,0.14285714285714285,0.0,0.9999999999999998,0.9999999999999998,0.0,0.0
2026-06,basic,VRT,0.14285714285714285,0.0,0.9999999999999998,0.9999999999999998,0.0,0.0
2026-06,basic,NVT,0.14285714285714285,0.0,0.9999999999999998,0.9999999999999998,0.0,0.0
2026-06,basic,JCI,0.14285714285714285,0.0,0.9999999999999998,0.9999999999999998,0.0,0.0
2026-06,basic,TT,0.14285714285714285,0.0,0.9999999999999998,0.9999999999999998,0.0,0.0
2026-06,basic,SPXC,0.14285714285714285,0.0,0.9999999999999998,0.9999999999999998,0.0,0.0
2026-06,basic,XLI_HEDGE,0.0,-0.0,0.9999999999999998,0.9999999999999998,0.0,0.0
2026-06,inverse_vol,MOD,0.09694873438982649,0.0,1.0,1.0,0.06321677524934205,9.482516287401308e-05
2026-06,inverse_vol,AAON,0.0769617567448053,0.0,1.0,1.0,0.06321677524934205,9.482516287401308e-05
2026-06,inverse_vol,VRT,0.09168246360568873,0.0,1.0,1.0,0.06321677524934205,9.482516287401308e-05
2026-06,inverse_vol,NVT,0.18103971628204935,0.0,1.0,1.0,0.06321677524934205,9.482516287401308e-05
2026-06,inverse_vol,JCI,0.19523105675072644,0.0,1.0,1.0,0.06321677524934205,9.482516287401308e-05
2026-06,inverse_vol,TT,0.1802145874408493,0.0,1.0,1.0,0.06321677524934205,9.482516287401308e-05
2026-06,inverse_vol,SPXC,0.17792168478605436,0.0,1.0,1.0,0.06321677524934205,9.482516287401308e-05
2026-06,inverse_vol,XLI_HEDGE,0.0,-0.0,1.0,1.0,0.06321677524934205,9.482516287401308e-05
2026-06,vol_target,MOD,0.06864289567758121,0.0,0.7080329218282647,0.7080329218282647,0.08215033513474848,0.0001232255027021227
2026-06,vol_target,AAON,0.054491457497060664,0.0,0.7080329218282647,0.7080329218282647,0.08215033513474848,0.0001232255027021227
2026-06,vol_target,VRT,0.06491420258714933,0.0,0.7080329218282647,0.7080329218282647,0.08215033513474848,0.0001232255027021227
2026-06,vol_target,NVT,0.12818207928613948,0.0,0.7080329218282647,0.7080329218282647,0.08215033513474848,0.0001232255027021227
2026-06,vol_target,JCI,0.1382300155428366,0.0,0.7080329218282647,0.7080329218282647,0.08215033513474848,0.0001232255027021227
2026-06,vol_target,TT,0.12759786090181985,0.0,0.7080329218282647,0.7080329218282647,0.08215033513474848,0.0001232255027021227
2026-06,vol_target,SPXC,0.12597441033567758,0.0,0.7080329218282647,0.7080329218282647,0.08215033513474848,0.0001232255027021227
2026-06,vol_target,XLI_HEDGE,0.0,-0.0,0.7080329218282647,0.7080329218282647,0.08215033513474848,0.0001232255027021227
2026-06,trend,MOD,0.04847436719491324,0.0,0.5,0.5,0.5,0.00075
2026-06,trend,AAON,0.03848087837240265,0.0,0.5,0.5,0.5,0.00075
2026-06,trend,VRT,0.045841231802844364,0.0,0.5,0.5,0.5,0.00075
2026-06,trend,NVT,0.09051985814102467,0.0,0.5,0.5,0.5,0.00075
2026-06,trend,JCI,0.09761552837536322,0.0,0.5,0.5,0.5,0.00075
2026-06,trend,TT,0.09010729372042466,0.0,0.5,0.5,0.5,0.00075
2026-06,trend,SPXC,0.08896084239302718,0.0,0.5,0.5,0.5,0.00075
2026-06,trend,XLI_HEDGE,0.0,-0.0,0.5,0.5,0.5,0.00075
2026-06,drawdown,MOD,0.09694873438982649,0.0,1.0,1.0,0.06321677524934205,9.482516287401308e-05
2026-06,drawdown,AAON,0.0769617567448053,0.0,1.0,1.0,0.06321677524934205,9.482516287401308e-05
2026-06,drawdown,VRT,0.09168246360568873,0.0,1.0,1.0,0.06321677524934205,9.482516287401308e-05
2026-06,drawdown,NVT,0.18103971628204935,0.0,1.0,1.0,0.06321677524934205,9.482516287401308e-05
2026-06,drawdown,JCI,0.19523105675072644,0.0,1.0,1.0,0.06321677524934205,9.482516287401308e-05
2026-06,drawdown,TT,0.1802145874408493,0.0,1.0,1.0,0.06321677524934205,9.482516287401308e-05
2026-06,drawdown,SPXC,0.17792168478605436,0.0,1.0,1.0,0.06321677524934205,9.482516287401308e-05
2026-06,drawdown,XLI_HEDGE,0.0,-0.0,1.0,1.0,0.06321677524934205,9.482516287401308e-05
2026-06,tail_budget,MOD,0.07850992839370827,0.0,0.8098086982551356,0.8098086982551356,0.051193494472557194,7.67902417088358e-05
2026-06,tail_budget,AAON,0.062324300044939177,0.0,0.8098086982551356,0.8098086982551356,0.051193494472557194,7.67902417088358e-05
2026-06,tail_budget,VRT,0.07424525650534662,0.0,0.8098086982551356,0.8098086982551356,0.051193494472557194,7.67902417088358e-05
2026-06,tail_budget,NVT,0.14660753697484544,0.0,0.8098086982551356,0.8098086982551356,0.051193494472557194,7.67902417088358e-05
2026-06,tail_budget,JCI,0.15809980792628026,0.0,0.8098086982551356,0.8098086982551356,0.051193494472557194,7.67902417088358e-05
2026-06,tail_budget,TT,0.14593934046206047,0.0,0.8098086982551356,0.8098086982551356,0.051193494472557194,7.67902417088358e-05
2026-06,tail_budget,SPXC,0.14408252794795523,0.0,0.8098086982551356,0.8098086982551356,0.051193494472557194,7.67902417088358e-05
2026-06,tail_budget,XLI_HEDGE,0.0,-0.0,0.8098086982551356,0.8098086982551356,0.051193494472557194,7.67902417088358e-05
2026-06,combined,MOD,0.04847436719491324,0.0,0.5,0.13533471815676335,0.27914529057338544,0.00041871793586007816
2026-06,combined,AAON,0.03848087837240265,0.0,0.5,0.13533471815676335,0.27914529057338544,0.00041871793586007816
2026-06,combined,VRT,0.045841231802844364,0.0,0.5,0.13533471815676335,0.27914529057338544,0.00041871793586007816
2026-06,combined,NVT,0.09051985814102467,0.0,0.5,0.13533471815676335,0.27914529057338544,0.00041871793586007816
2026-06,combined,JCI,0.09761552837536322,0.0,0.5,0.13533471815676335,0.27914529057338544,0.00041871793586007816
2026-06,combined,TT,0.09010729372042466,0.0,0.5,0.13533471815676335,0.27914529057338544,0.00041871793586007816
2026-06,combined,SPXC,0.08896084239302718,0.0,0.5,0.13533471815676335,0.27914529057338544,0.00041871793586007816
2026-06,combined,XLI_HEDGE,0.0,-0.36466528184323665,0.5,0.13533471815676335,0.27914529057338544,0.00041871793586007816
2026-06,confirmed,MOD,0.0,0.0,0.0,0.0,0.0,0.0
2026-06,confirmed,AAON,0.0,0.0,0.0,0.0,0.0,0.0
2026-06,confirmed,VRT,0.0,0.0,0.0,0.0,0.0,0.0
2026-06,confirmed,NVT,0.0,0.0,0.0,0.0,0.0,0.0
2026-06,confirmed,JCI,0.0,0.0,0.0,0.0,0.0,0.0
2026-06,confirmed,TT,0.0,0.0,0.0,0.0,0.0,0.0
2026-06,confirmed,SPXC,0.0,0.0,0.0,0.0,0.0,0.0
2026-06,confirmed,XLI_HEDGE,0.0,-0.0,0.0,0.0,0.0,0.0
2026-06,core_signal,MOD,0.041203212115676256,0.0,0.425,0.11503451043324886,0.2372734969873776,0.0003559102454810664
2026-06,core_signal,AAON,0.03270874661654225,0.0,0.425,0.11503451043324886,0.2372734969873776,0.0003559102454810664
2026-06,core_signal,VRT,0.03896504703241771,0.0,0.425,0.11503451043324886,0.2372734969873776,0.0003559102454810664
2026-06,core_signal,NVT,0.07694187941987098,0.0,0.425,0.11503451043324886,0.2372734969873776,0.0003559102454810664
2026-06,core_signal,JCI,0.08297319911905873,0.0,0.425,0.11503451043324886,0.2372734969873776,0.0003559102454810664
2026-06,core_signal,TT,0.07659119966236096,0.0,0.425,0.11503451043324886,0.2372734969873776,0.0003559102454810664
2026-06,core_signal,SPXC,0.0756167160340731,0.0,0.425,0.11503451043324886,0.2372734969873776,0.0003559102454810664
2026-06,core_signal,XLI_HEDGE,0.0,-0.30996548956675113,0.425,0.11503451043324886,0.2372734969873776,0.0003559102454810664
2026-07,basic,MOD,0.14285714285714285,0.0,0.9999999999999998,0.9999999999999998,0.0,0.0
2026-07,basic,AAON,0.14285714285714285,0.0,0.9999999999999998,0.9999999999999998,0.0,0.0
2026-07,basic,VRT,0.14285714285714285,0.0,0.9999999999999998,0.9999999999999998,0.0,0.0
2026-07,basic,NVT,0.14285714285714285,0.0,0.9999999999999998,0.9999999999999998,0.0,0.0
2026-07,basic,JCI,0.14285714285714285,0.0,0.9999999999999998,0.9999999999999998,0.0,0.0
2026-07,basic,TT,0.14285714285714285,0.0,0.9999999999999998,0.9999999999999998,0.0,0.0
2026-07,basic,SPXC,0.14285714285714285,0.0,0.9999999999999998,0.9999999999999998,0.0,0.0
2026-07,basic,XLI_HEDGE,0.0,-0.0,0.9999999999999998,0.9999999999999998,0.0,0.0
2026-07,inverse_vol,MOD,0.09506554724887657,0.0,1.0,1.0,0.019154326042545952,2.873148906381893e-05
2026-07,inverse_vol,AAON,0.08410214775469944,0.0,1.0,1.0,0.019154326042545952,2.873148906381893e-05
2026-07,inverse_vol,VRT,0.09411923561706763,0.0,1.0,1.0,0.019154326042545952,2.873148906381893e-05
2026-07,inverse_vol,NVT,0.18065901033104684,0.0,1.0,1.0,0.019154326042545952,2.873148906381893e-05
2026-07,inverse_vol,JCI,0.19346378352345953,0.0,1.0,1.0,0.019154326042545952,2.873148906381893e-05
2026-07,inverse_vol,TT,0.17673337107768214,0.0,1.0,1.0,0.019154326042545952,2.873148906381893e-05
2026-07,inverse_vol,SPXC,0.17585690444716795,0.0,1.0,1.0,0.019154326042545952,2.873148906381893e-05
2026-07,inverse_vol,XLI_HEDGE,0.0,-0.0,1.0,1.0,0.019154326042545952,2.873148906381893e-05
2026-07,vol_target,MOD,0.06731446656390228,0.0,0.7080847742629258,0.7080847742629258,0.013528523424166897,2.0292785136250344e-05
2026-07,vol_target,AAON,0.05955145030791359,0.0,0.7080847742629258,0.7080847742629258,0.013528523424166897,2.0292785136250344e-05
2026-07,vol_target,VRT,0.06664439770571046,0.0,0.7080847742629258,0.7080847742629258,0.013528523424166897,2.0292785136250344e-05
2026-07,vol_target,NVT,0.12792189454882288,0.0,0.7080847742629258,0.7080847742629258,0.013528523424166897,2.0292785136250344e-05
2026-07,vol_target,JCI,0.1369887594842604,0.0,0.7080847742629258,0.7080847742629258,0.013528523424166897,2.0292785136250344e-05
2026-07,vol_target,TT,0.12514220916426647,0.0,0.7080847742629258,0.7080847742629258,0.013528523424166897,2.0292785136250344e-05
2026-07,vol_target,SPXC,0.12452159648804983,0.0,0.7080847742629258,0.7080847742629258,0.013528523424166897,2.0292785136250344e-05
2026-07,vol_target,XLI_HEDGE,0.0,-0.0,0.7080847742629258,0.7080847742629258,0.013528523424166897,2.0292785136250344e-05
2026-07,trend,MOD,0.09506554724887657,0.0,1.0,1.0,0.5,0.00075
2026-07,trend,AAON,0.08410214775469944,0.0,1.0,1.0,0.5,0.00075
2026-07,trend,VRT,0.09411923561706763,0.0,1.0,1.0,0.5,0.00075
2026-07,trend,NVT,0.18065901033104684,0.0,1.0,1.0,0.5,0.00075
2026-07,trend,JCI,0.19346378352345953,0.0,1.0,1.0,0.5,0.00075
2026-07,trend,TT,0.17673337107768214,0.0,1.0,1.0,0.5,0.00075
2026-07,trend,SPXC,0.17585690444716795,0.0,1.0,1.0,0.5,0.00075
2026-07,trend,XLI_HEDGE,0.0,-0.0,1.0,1.0,0.5,0.00075
2026-07,drawdown,MOD,0.09506554724887657,0.0,1.0,1.0,0.019154326042545952,2.873148906381893e-05
2026-07,drawdown,AAON,0.08410214775469944,0.0,1.0,1.0,0.019154326042545952,2.873148906381893e-05
2026-07,drawdown,VRT,0.09411923561706763,0.0,1.0,1.0,0.019154326042545952,2.873148906381893e-05
2026-07,drawdown,NVT,0.18065901033104684,0.0,1.0,1.0,0.019154326042545952,2.873148906381893e-05
2026-07,drawdown,JCI,0.19346378352345953,0.0,1.0,1.0,0.019154326042545952,2.873148906381893e-05
2026-07,drawdown,TT,0.17673337107768214,0.0,1.0,1.0,0.019154326042545952,2.873148906381893e-05
2026-07,drawdown,SPXC,0.17585690444716795,0.0,1.0,1.0,0.019154326042545952,2.873148906381893e-05
2026-07,drawdown,XLI_HEDGE,0.0,-0.0,1.0,1.0,0.019154326042545952,2.873148906381893e-05
2026-07,tail_budget,MOD,0.0769849070665248,0.0,0.8098086982551356,0.8098086982551356,0.015511339838468613,2.326700975770292e-05
2026-07,tail_budget,AAON,0.06810665079369423,0.0,0.8098086982551356,0.8098086982551356,0.015511339838468613,2.326700975770292e-05
2026-07,tail_budget,VRT,0.07621857567582592,0.0,0.8098086982551356,0.8098086982551356,0.015511339838468613,2.326700975770292e-05
2026-07,tail_budget,NVT,0.1462992379842461,0.0,0.8098086982551356,0.8098086982551356,0.015511339838468613,2.326700975770292e-05
2026-07,tail_budget,JCI,0.15666865469464608,0.0,0.8098086982551356,0.8098086982551356,0.015511339838468613,2.326700975770292e-05
2026-07,tail_budget,TT,0.1431202211706596,0.0,0.8098086982551356,0.8098086982551356,0.015511339838468613,2.326700975770292e-05
2026-07,tail_budget,SPXC,0.14241045086953882,0.0,0.8098086982551356,0.8098086982551356,0.015511339838468613,2.326700975770292e-05
2026-07,tail_budget,XLI_HEDGE,0.0,-0.0,0.8098086982551356,0.8098086982551356,0.015511339838468613,2.326700975770292e-05
2026-07,combined,MOD,0.06731446656390228,0.0,0.7080847742629258,0.45855093055305385,0.3232162123962906,0.00048482431859443595
2026-07,combined,AAON,0.05955145030791359,0.0,0.7080847742629258,0.45855093055305385,0.3232162123962906,0.00048482431859443595
2026-07,combined,VRT,0.06664439770571046,0.0,0.7080847742629258,0.45855093055305385,0.3232162123962906,0.00048482431859443595
2026-07,combined,NVT,0.12792189454882288,0.0,0.7080847742629258,0.45855093055305385,0.3232162123962906,0.00048482431859443595
2026-07,combined,JCI,0.1369887594842604,0.0,0.7080847742629258,0.45855093055305385,0.3232162123962906,0.00048482431859443595
2026-07,combined,TT,0.12514220916426647,0.0,0.7080847742629258,0.45855093055305385,0.3232162123962906,0.00048482431859443595
2026-07,combined,SPXC,0.12452159648804983,0.0,0.7080847742629258,0.45855093055305385,0.3232162123962906,0.00048482431859443595
2026-07,combined,XLI_HEDGE,0.0,-0.24953384370987197,0.7080847742629258,0.45855093055305385,0.3232162123962906,0.00048482431859443595
2026-07,confirmed,MOD,0.0,0.0,0.0,0.0,0.0,0.0
2026-07,confirmed,AAON,0.0,0.0,0.0,0.0,0.0,0.0
2026-07,confirmed,VRT,0.0,0.0,0.0,0.0,0.0,0.0
2026-07,confirmed,NVT,0.0,0.0,0.0,0.0,0.0,0.0
2026-07,confirmed,JCI,0.0,0.0,0.0,0.0,0.0,0.0
2026-07,confirmed,TT,0.0,0.0,0.0,0.0,0.0,0.0
2026-07,confirmed,SPXC,0.0,0.0,0.0,0.0,0.0,0.0
2026-07,confirmed,XLI_HEDGE,0.0,-0.0,0.0,0.0,0.0,0.0
2026-07,core_signal,MOD,0.057217296579316936,0.0,0.6018720581234871,0.3897682909700958,0.274733780536847,0.0004121006708052705
2026-07,core_signal,AAON,0.05061873276172655,0.0,0.6018720581234871,0.3897682909700958,0.274733780536847,0.0004121006708052705
2026-07,core_signal,VRT,0.05664773804985389,0.0,0.6018720581234871,0.3897682909700958,0.274733780536847,0.0004121006708052705
2026-07,core_signal,NVT,0.10873361036649945,0.0,0.6018720581234871,0.3897682909700958,0.274733780536847,0.0004121006708052705
2026-07,core_signal,JCI,0.11644044556162134,0.0,0.6018720581234871,0.3897682909700958,0.274733780536847,0.0004121006708052705
2026-07,core_signal,TT,0.10637087778962649,0.0,0.6018720581234871,0.3897682909700958,0.274733780536847,0.0004121006708052705
2026-07,core_signal,SPXC,0.10584335701484236,0.0,0.6018720581234871,0.3897682909700958,0.274733780536847,0.0004121006708052705
2026-07,core_signal,XLI_HEDGE,0.0,-0.21210376715339116,0.6018720581234871,0.3897682909700958,0.274733780536847,0.0004121006708052705
2026-08,basic,MOD,0.14285714285714285,0.0,0.9999999999999998,0.9999999999999998,0.0,0.0
2026-08,basic,AAON,0.14285714285714285,0.0,0.9999999999999998,0.9999999999999998,0.0,0.0
2026-08,basic,VRT,0.14285714285714285,0.0,0.9999999999999998,0.9999999999999998,0.0,0.0
2026-08,basic,NVT,0.14285714285714285,0.0,0.9999999999999998,0.9999999999999998,0.0,0.0
2026-08,basic,JCI,0.14285714285714285,0.0,0.9999999999999998,0.9999999999999998,0.0,0.0
2026-08,basic,TT,0.14285714285714285,0.0,0.9999999999999998,0.9999999999999998,0.0,0.0
2026-08,basic,SPXC,0.14285714285714285,0.0,0.9999999999999998,0.9999999999999998,0.0,0.0
2026-08,basic,XLI_HEDGE,0.0,-0.0,0.9999999999999998,0.9999999999999998,0.0,0.0
2026-08,inverse_vol,MOD,0.09938386000729334,0.0,1.0,1.0,0.04980571764416346,7.470857646624519e-05
2026-08,inverse_vol,AAON,0.07978993295412763,0.0,1.0,1.0,0.04980571764416346,7.470857646624519e-05
2026-08,inverse_vol,VRT,0.0853732398496364,0.0,1.0,1.0,0.04980571764416346,7.470857646624519e-05
2026-08,inverse_vol,NVT,0.16921183447332697,0.0,1.0,1.0,0.04980571764416346,7.470857646624519e-05
2026-08,inverse_vol,JCI,0.2083241862494057,0.0,1.0,1.0,0.04980571764416346,7.470857646624519e-05
2026-08,inverse_vol,TT,0.1824575144154008,0.0,1.0,1.0,0.04980571764416346,7.470857646624519e-05
2026-08,inverse_vol,SPXC,0.17545943205080902,0.0,1.0,1.0,0.04980571764416346,7.470857646624519e-05
2026-08,inverse_vol,XLI_HEDGE,0.0,-0.0,1.0,1.0,0.04980571764416346,7.470857646624519e-05
2026-08,vol_target,MOD,0.06083689210774225,0.0,0.6121405639032101,0.6121405639032101,0.09594421035971572,0.0001439163155395736
2026-08,vol_target,AAON,0.04884265455233903,0.0,0.6121405639032101,0.6121405639032101,0.09594421035971572,0.0001439163155395736
2026-08,vol_target,VRT,0.052260423183800454,0.0,0.6121405639032101,0.6121405639032101,0.09594421035971572,0.0001439163155395736
2026-08,vol_target,NVT,0.10358142777359904,0.0,0.6121405639032101,0.6121405639032101,0.09594421035971572,0.0001439163155395736
2026-08,vol_target,JCI,0.12752368484538862,0.0,0.6121405639032101,0.6121405639032101,0.09594421035971572,0.0001439163155395736
2026-08,vol_target,TT,0.11168964576262157,0.0,0.6121405639032101,0.6121405639032101,0.09594421035971572,0.0001439163155395736
2026-08,vol_target,SPXC,0.10740583567771923,0.0,0.6121405639032101,0.6121405639032101,0.09594421035971572,0.0001439163155395736
2026-08,vol_target,XLI_HEDGE,0.0,-0.0,0.6121405639032101,0.6121405639032101,0.09594421035971572,0.0001439163155395736
2026-08,trend,MOD,0.09938386000729334,0.0,1.0,1.0,0.04980571764416346,7.470857646624519e-05
2026-08,trend,AAON,0.07978993295412763,0.0,1.0,1.0,0.04980571764416346,7.470857646624519e-05
2026-08,trend,VRT,0.0853732398496364,0.0,1.0,1.0,0.04980571764416346,7.470857646624519e-05
2026-08,trend,NVT,0.16921183447332697,0.0,1.0,1.0,0.04980571764416346,7.470857646624519e-05
2026-08,trend,JCI,0.2083241862494057,0.0,1.0,1.0,0.04980571764416346,7.470857646624519e-05
2026-08,trend,TT,0.1824575144154008,0.0,1.0,1.0,0.04980571764416346,7.470857646624519e-05
2026-08,trend,SPXC,0.17545943205080902,0.0,1.0,1.0,0.04980571764416346,7.470857646624519e-05
2026-08,trend,XLI_HEDGE,0.0,-0.0,1.0,1.0,0.04980571764416346,7.470857646624519e-05
2026-08,drawdown,MOD,0.04969193000364667,0.0,0.5,0.5,0.5000000000000001,0.0007500000000000002
2026-08,drawdown,AAON,0.039894966477063816,0.0,0.5,0.5,0.5000000000000001,0.0007500000000000002
2026-08,drawdown,VRT,0.0426866199248182,0.0,0.5,0.5,0.5000000000000001,0.0007500000000000002
2026-08,drawdown,NVT,0.08460591723666348,0.0,0.5,0.5,0.5000000000000001,0.0007500000000000002
2026-08,drawdown,JCI,0.10416209312470286,0.0,0.5,0.5,0.5000000000000001,0.0007500000000000002
2026-08,drawdown,TT,0.0912287572077004,0.0,0.5,0.5,0.5000000000000001,0.0007500000000000002
2026-08,drawdown,SPXC,0.08772971602540451,0.0,0.5,0.5,0.5000000000000001,0.0007500000000000002
2026-08,drawdown,XLI_HEDGE,0.0,-0.0,0.5,0.5,0.5000000000000001,0.0007500000000000002
2026-08,tail_budget,MOD,0.07128050444677442,0.0,0.7172241492888629,0.7172241492888629,0.0925845489662726,0.0001388768234494089
2026-08,tail_budget,AAON,0.05722726678483961,0.0,0.7172241492888629,0.7172241492888629,0.0925845489662726,0.0001388768234494089
2026-08,tail_budget,VRT,0.06123174932318953,0.0,0.7172241492888629,0.7172241492888629,0.0925845489662726,0.0001388768234494089
2026-08,tail_budget,NVT,0.12136281402973984,0.0,0.7172241492888629,0.7172241492888629,0.0925845489662726,0.0001388768234494089
2026-08,tail_budget,JCI,0.14941513725902467,0.0,0.7172241492888629,0.7172241492888629,0.0925845489662726,0.0001388768234494089
2026-08,tail_budget,TT,0.1308629355579463,0.0,0.7172241492888629,0.7172241492888629,0.0925845489662726,0.0001388768234494089
2026-08,tail_budget,SPXC,0.12584374188734856,0.0,0.7172241492888629,0.7172241492888629,0.0925845489662726,0.0001388768234494089
2026-08,tail_budget,XLI_HEDGE,0.0,-0.0,0.7172241492888629,0.7172241492888629,0.0925845489662726,0.0001388768234494089
2026-08,combined,MOD,0.04969193000364667,0.0,0.5,0.3142620589355222,0.2718806769083202,0.0004078210153624803
2026-08,combined,AAON,0.039894966477063816,0.0,0.5,0.3142620589355222,0.2718806769083202,0.0004078210153624803
2026-08,combined,VRT,0.0426866199248182,0.0,0.5,0.3142620589355222,0.2718806769083202,0.0004078210153624803
2026-08,combined,NVT,0.08460591723666348,0.0,0.5,0.3142620589355222,0.2718806769083202,0.0004078210153624803
2026-08,combined,JCI,0.10416209312470286,0.0,0.5,0.3142620589355222,0.2718806769083202,0.0004078210153624803
2026-08,combined,TT,0.0912287572077004,0.0,0.5,0.3142620589355222,0.2718806769083202,0.0004078210153624803
2026-08,combined,SPXC,0.08772971602540451,0.0,0.5,0.3142620589355222,0.2718806769083202,0.0004078210153624803
2026-08,combined,XLI_HEDGE,0.0,-0.18573794106447777,0.5,0.3142620589355222,0.2718806769083202,0.0004078210153624803
2026-08,confirmed,MOD,0.0,0.0,0.7499999999999999,0.2959914979846154,1.2040085020153843,0.0018060127530230765
2026-08,confirmed,AAON,0.2114247462007088,0.0,0.7499999999999999,0.2959914979846154,1.2040085020153843,0.0018060127530230765
2026-08,confirmed,VRT,0.0,0.0,0.7499999999999999,0.2959914979846154,1.2040085020153843,0.0018060127530230765
2026-08,confirmed,NVT,0.538575253799291,0.0,0.7499999999999999,0.2959914979846154,1.2040085020153843,0.0018060127530230765
2026-08,confirmed,JCI,0.0,0.0,0.7499999999999999,0.2959914979846154,1.2040085020153843,0.0018060127530230765
2026-08,confirmed,TT,0.0,0.0,0.7499999999999999,0.2959914979846154,1.2040085020153843,0.0018060127530230765
2026-08,confirmed,SPXC,0.0,0.0,0.7499999999999999,0.2959914979846154,1.2040085020153843,0.0018060127530230765
2026-08,confirmed,XLI_HEDGE,0.0,-0.4540085020153845,0.7499999999999999,0.2959914979846154,1.2040085020153843,0.0018060127530230765
2026-08,core_signal,MOD,0.042238140503099667,0.0,0.5374999999999999,0.31152147479288606,0.19619363223409406,0.0002942904483511411
2026-08,core_signal,AAON,0.06562443343561056,0.0,0.5374999999999999,0.31152147479288606,0.19619363223409406,0.0002942904483511411
2026-08,core_signal,VRT,0.03628362693609547,0.0,0.5374999999999999,0.31152147479288606,0.19619363223409406,0.0002942904483511411
2026-08,core_signal,NVT,0.1527013177210576,0.0,0.5374999999999999,0.31152147479288606,0.19619363223409406,0.0002942904483511411
2026-08,core_signal,JCI,0.08853777915599742,0.0,0.5374999999999999,0.31152147479288606,0.19619363223409406,0.0002942904483511411
2026-08,core_signal,TT,0.07754444362654535,0.0,0.5374999999999999,0.31152147479288606,0.19619363223409406,0.0002942904483511411
2026-08,core_signal,SPXC,0.07457025862159383,0.0,0.5374999999999999,0.31152147479288606,0.19619363223409406,0.0002942904483511411
2026-08,core_signal,XLI_HEDGE,0.0,-0.22597852520711378,0.5374999999999999,0.31152147479288606,0.19619363223409406,0.0002942904483511411
